kecamatan_id,kecamatan_nama,week_start,disease,cases,population,rainfall_mm,temp_mean_c,humidity_pct,rainfall_lag1_mm,rainfall_lag2_mm,rainfall_lag3_mm,rainfall_lag4_mm,temp_mean_lag1_c,humidity_lag1_pct,temp_mean_lag2_c,humidity_lag2_pct,rainfall_cumul_3w_mm,cases_lag1,cases_lag2,cases_lag4,cases_ma_3w,cases_trend,temp_x_humidity,rain_x_humidity,month,week_of_year,is_pancaroba,week_sin,week_cos,month_sin,month_cos,cases_per_10k_lag1,kecamatan_encoded
33.74.01,Semarang Tengah,2025-02-03,ISPA,226,62540,24.4,26.6,81.7,83.1,68.4,54.5,57.0,25.7,86.0,26.2,87.9,206.0,240.0,240.0,240.0,240.0,0.0,2210.2,7146.599999999999,2,6,0,0.6631226582407952,0.7485107481711011,0.8660254037844386,0.5000000000000001,38.37543971858011,0
33.74.01,Semarang Tengah,2025-02-10,ISPA,226,62540,21.9,26.7,82.4,24.4,83.1,68.4,54.5,26.6,81.7,25.7,86.0,175.9,226.0,240.0,240.0,235.33333333333334,-14.0,2173.2200000000003,1993.48,2,7,0,0.7485107481711011,0.6631226582407953,0.8660254037844386,0.5000000000000001,36.136872401662934,0
33.74.01,Semarang Tengah,2025-02-17,ISPA,226,62540,41.2,26.4,84.6,21.9,24.4,83.1,68.4,26.7,82.4,26.6,81.7,129.39999999999998,226.0,226.0,240.0,230.66666666666666,0.0,2200.08,1804.56,2,8,0,0.8229838658936564,0.5680647467311559,0.8660254037844386,0.5000000000000001,36.136872401662934,0
33.74.01,Semarang Tengah,2025-02-24,ISPA,226,62540,78.3,26.2,87.6,41.2,21.9,24.4,83.1,26.4,84.6,26.7,82.4,87.5,226.0,226.0,240.0,226.0,0.0,2233.4399999999996,3485.52,2,9,0,0.8854560256532099,0.4647231720437686,0.8660254037844386,0.5000000000000001,36.136872401662934,0
33.74.01,Semarang Tengah,2025-03-03,ISPA,158,62540,57.7,26.8,85.0,78.3,41.2,21.9,24.4,26.2,87.6,26.4,84.6,141.4,226.0,226.0,226.0,226.0,0.0,2295.12,6859.079999999999,3,10,1,0.9350162426854148,0.35460488704253557,1.0,6.123233995736766e-17,36.136872401662934,0
33.74.01,Semarang Tengah,2025-03-10,ISPA,158,62540,37.5,26.8,84.7,57.7,78.3,41.2,21.9,26.8,85.0,26.2,87.6,177.2,158.0,226.0,226.0,203.33333333333334,-68.0,2278.0,4904.5,3,11,1,0.970941817426052,0.23931566428755804,1.0,6.123233995736766e-17,25.263831148065236,0
33.74.01,Semarang Tengah,2025-03-17,ISPA,158,62540,18.3,27.1,80.0,37.5,57.7,78.3,41.2,26.8,84.7,26.8,85.0,173.5,158.0,158.0,226.0,180.66666666666666,0.0,2269.96,3176.25,3,12,1,0.992708874098054,0.120536680255323,1.0,6.123233995736766e-17,25.263831148065236,0
33.74.01,Semarang Tengah,2025-03-24,ISPA,158,62540,20.0,27.5,80.9,18.3,37.5,57.7,78.3,27.1,80.0,26.8,84.7,113.5,158.0,158.0,226.0,158.0,0.0,2168.0,1464.0,3,13,1,1.0,-1.6081226496766366e-16,1.0,6.123233995736766e-17,25.263831148065236,0
33.74.01,Semarang Tengah,2025-03-31,ISPA,158,62540,41.7,27.0,82.1,20.0,18.3,37.5,57.7,27.5,80.9,27.1,80.0,75.8,158.0,158.0,158.0,158.0,0.0,2224.75,1618.0,3,14,1,0.992708874098054,-0.12053668025532288,1.0,6.123233995736766e-17,25.263831148065236,0
33.74.01,Semarang Tengah,2025-04-07,ISPA,192,62540,35.2,27.6,79.9,41.7,20.0,18.3,37.5,27.0,82.1,27.5,80.9,80.0,158.0,158.0,158.0,158.0,0.0,2216.7,3423.57,4,15,1,0.9709418174260521,-0.2393156642875575,0.8660254037844387,-0.4999999999999998,25.263831148065236,0
33.74.01,Semarang Tengah,2025-04-14,ISPA,192,62540,35.5,27.1,83.4,35.2,41.7,20.0,18.3,27.6,79.9,27.0,82.1,96.9,192.0,158.0,158.0,169.33333333333334,34.0,2205.2400000000002,2812.4800000000005,4,16,1,0.9350162426854148,-0.35460488704253545,0.8660254037844387,-0.4999999999999998,30.70035177486409,0
33.74.01,Semarang Tengah,2025-04-21,ISPA,192,62540,24.8,27.4,80.0,35.5,35.2,41.7,20.0,27.1,83.4,27.6,79.9,112.4,192.0,192.0,158.0,180.66666666666666,0.0,2260.1400000000003,2960.7000000000003,4,17,1,0.8854560256532099,-0.4647231720437685,0.8660254037844387,-0.4999999999999998,30.70035177486409,0
33.74.01,Semarang Tengah,2025-04-28,ISPA,192,62540,33.7,28.4,69.9,24.8,35.5,35.2,41.7,27.4,80.0,27.1,83.4,95.5,192.0,192.0,158.0,192.0,0.0,2192.0,1984.0,4,18,1,0.8229838658936565,-0.5680647467311557,0.8660254037844387,-0.4999999999999998,30.70035177486409,0
33.74.01,Semarang Tengah,2025-05-05,ISPA,159,62540,31.7,28.0,78.1,33.7,24.8,35.5,35.2,28.4,69.9,27.4,80.0,94.0,192.0,192.0,192.0,192.0,0.0,1985.16,2355.6300000000006,5,19,0,0.7485107481711013,-0.663122658240795,0.49999999999999994,-0.8660254037844387,30.70035177486409,0
33.74.01,Semarang Tengah,2025-05-12,ISPA,159,62540,73.0,26.6,86.4,31.7,33.7,24.8,35.5,28.0,78.1,28.4,69.9,90.2,159.0,192.0,192.0,181.0,-33.0,2186.7999999999997,2475.77,5,20,0,0.6631226582407952,-0.7485107481711012,0.49999999999999994,-0.8660254037844387,25.423728813559322,0
33.74.01,Semarang Tengah,2025-05-19,ISPA,159,62540,83.7,26.6,86.0,73.0,31.7,33.7,24.8,26.6,86.4,28.0,78.1,138.4,159.0,159.0,192.0,170.0,0.0,2298.2400000000002,6307.200000000001,5,21,0,0.5680647467311558,-0.8229838658936564,0.49999999999999994,-0.8660254037844387,25.423728813559322,0
33.74.01,Semarang Tengah,2025-05-26,ISPA,159,62540,23.2,27.4,81.6,83.7,73.0,31.7,33.7,26.6,86.0,26.6,86.4,188.39999999999998,159.0,159.0,192.0,159.0,0.0,2287.6,7198.2,5,22,0,0.46472317204376906,-0.8854560256532096,0.49999999999999994,-0.8660254037844387,25.423728813559322,0
33.74.01,Semarang Tengah,2025-06-02,ISPA,193,62540,6.8,28.5,70.9,23.2,83.7,73.0,31.7,27.4,81.6,26.6,86.0,179.9,159.0,159.0,159.0,159.0,0.0,2235.8399999999997,1893.12,6,23,0,0.35460488704253584,-0.9350162426854147,1.2246467991473532e-16,-1.0,25.423728813559322,0
33.74.01,Semarang Tengah,2025-06-09,ISPA,193,62540,24.0,27.5,76.7,6.8,23.2,83.7,73.0,28.5,70.9,27.4,81.6,113.7,193.0,159.0,159.0,170.33333333333334,34.0,2020.65,482.12,6,24,0,0.23931566428755768,-0.970941817426052,1.2246467991473532e-16,-1.0,30.86024944035817,0
33.74.01,Semarang Tengah,2025-06-16,ISPA,193,62540,42.4,27.1,77.3,24.0,6.8,23.2,83.7,27.5,76.7,28.5,70.9,54.0,193.0,193.0,159.0,181.66666666666666,0.0,2109.25,1840.8000000000002,6,25,0,0.12053668025532308,-0.992708874098054,1.2246467991473532e-16,-1.0,30.86024944035817,0
33.74.01,Semarang Tengah,2025-06-23,ISPA,193,62540,13.7,28.3,67.0,42.4,24.0,6.8,23.2,27.1,77.3,27.5,76.7,73.2,193.0,193.0,159.0,193.0,0.0,2094.83,3277.52,6,26,0,-3.216245299353273e-16,-1.0,1.2246467991473532e-16,-1.0,30.86024944035817,0
33.74.01,Semarang Tengah,2025-06-30,ISPA,193,62540,20.5,27.7,72.3,13.7,42.4,24.0,6.8,28.3,67.0,27.1,77.3,80.1,193.0,193.0,193.0,193.0,0.0,1896.1000000000001,917.9,6,27,0,-0.12053668025532283,-0.992708874098054,1.2246467991473532e-16,-1.0,30.86024944035817,0
33.74.01,Semarang Tengah,2025-07-07,ISPA,192,62540,3.7,28.0,62.9,20.5,13.7,42.4,24.0,27.7,72.3,28.3,67.0,76.6,193.0,193.0,193.0,193.0,0.0,2002.7099999999998,1482.1499999999999,7,28,0,-0.23931566428755743,-0.9709418174260521,-0.4999999999999997,-0.8660254037844388,30.86024944035817,0
33.74.01,Semarang Tengah,2025-07-14,ISPA,192,62540,6.4,28.1,64.9,3.7,20.5,13.7,42.4,28.0,62.9,27.7,72.3,37.9,192.0,193.0,193.0,192.66666666666666,-1.0,1761.2,232.73000000000002,7,29,0,-0.3546048870425356,-0.9350162426854148,-0.4999999999999997,-0.8660254037844388,30.70035177486409,0
33.74.01,Semarang Tengah,2025-07-21,ISPA,192,62540,2.6,28.6,62.1,6.4,3.7,20.5,13.7,28.1,64.9,28.0,62.9,30.6,192.0,192.0,193.0,192.33333333333334,0.0,1823.6900000000003,415.36000000000007,7,30,0,-0.46472317204376806,-0.8854560256532101,-0.4999999999999997,-0.8660254037844388,30.70035177486409,0
33.74.01,Semarang Tengah,2025-07-28,ISPA,192,62540,15.7,29.2,62.3,2.6,6.4,3.7,20.5,28.6,62.1,28.1,64.9,12.7,192.0,192.0,193.0,192.0,0.0,1776.0600000000002,161.46,7,31,0,-0.5680647467311556,-0.8229838658936566,-0.4999999999999997,-0.8660254037844388,30.70035177486409,0
33.74.01,Semarang Tengah,2025-08-04,ISPA,219,62540,30.0,27.6,75.6,15.7,2.6,6.4,3.7,29.2,62.3,28.6,62.1,24.700000000000003,192.0,192.0,192.0,192.0,0.0,1819.1599999999999,978.1099999999999,8,32,0,-0.663122658240795,-0.7485107481711013,-0.8660254037844385,-0.5000000000000004,30.70035177486409,0
33.74.01,Semarang Tengah,2025-08-11,ISPA,219,62540,37.1,27.4,70.3,30.0,15.7,2.6,6.4,27.6,75.6,29.2,62.3,48.300000000000004,219.0,192.0,192.0,201.0,27.0,2086.56,2268.0,8,33,0,-0.7485107481711011,-0.6631226582407952,-0.8660254037844385,-0.5000000000000004,35.01758874320435,0
33.74.01,Semarang Tengah,2025-08-18,ISPA,219,62540,52.6,27.3,74.3,37.1,30.0,15.7,2.6,27.4,70.3,27.6,75.6,82.8,219.0,219.0,192.0,210.0,0.0,1926.2199999999998,2608.13,8,34,0,-0.8229838658936564,-0.5680647467311559,-0.8660254037844385,-0.5000000000000004,35.01758874320435,0
33.74.01,Semarang Tengah,2025-08-25,ISPA,219,62540,10.4,28.2,65.3,52.6,37.1,30.0,15.7,27.3,74.3,27.4,70.3,119.7,219.0,219.0,192.0,219.0,0.0,2028.3899999999999,3908.18,8,35,0,-0.8854560256532096,-0.4647231720437691,-0.8660254037844385,-0.5000000000000004,35.01758874320435,0
33.74.01,Semarang Tengah,2025-09-01,ISPA,162,62540,1.3,29.3,58.3,10.4,52.6,37.1,30.0,28.2,65.3,27.3,74.3,100.1,219.0,219.0,219.0,219.0,0.0,1841.4599999999998,679.12,9,36,0,-0.9350162426854147,-0.3546048870425359,-1.0,-1.8369701987210297e-16,35.01758874320435,0
33.74.01,Semarang Tengah,2025-09-08,ISPA,162,62540,37.2,27.7,74.6,1.3,10.4,52.6,37.1,29.3,58.3,28.2,65.3,64.3,162.0,219.0,219.0,200.0,-57.0,1708.19,75.78999999999999,9,37,0,-0.970941817426052,-0.23931566428755774,-1.0,-1.8369701987210297e-16,25.90342181004157,0
33.74.01,Semarang Tengah,2025-09-15,ISPA,162,62540,52.0,27.6,73.1,37.2,1.3,10.4,52.6,27.7,74.6,29.3,58.3,48.9,162.0,162.0,219.0,181.0,0.0,2066.4199999999996,2775.12,9,38,0,-0.992708874098054,-0.12053668025532357,-1.0,-1.8369701987210297e-16,25.90342181004157,0
33.74.01,Semarang Tengah,2025-09-22,ISPA,162,62540,15.3,29.1,67.0,52.0,37.2,1.3,10.4,27.6,73.1,27.7,74.6,90.5,162.0,162.0,219.0,162.0,0.0,2017.56,3801.2,9,39,0,-1.0,-1.8369701987210297e-16,-1.0,-1.8369701987210297e-16,25.90342181004157,0
33.74.01,Semarang Tengah,2025-09-29,ISPA,162,62540,32.0,27.9,73.0,15.3,52.0,37.2,1.3,29.1,67.0,27.6,73.1,104.5,162.0,162.0,162.0,162.0,0.0,1949.7,1025.1000000000001,9,40,0,-0.992708874098054,0.1205366802553232,-1.0,-1.8369701987210297e-16,25.90342181004157,0
33.74.01,Semarang Tengah,2025-10-06,ISPA,246,62540,3.6,29.5,62.6,32.0,15.3,52.0,37.2,27.9,73.0,29.1,67.0,99.3,162.0,162.0,162.0,162.0,0.0,2036.6999999999998,2336.0,10,41,1,-0.9709418174260521,0.23931566428755738,-0.8660254037844386,0.5000000000000001,25.90342181004157,0
33.74.01,Semarang Tengah,2025-10-13,ISPA,246,62540,36.0,29.7,67.6,3.6,32.0,15.3,52.0,29.5,62.6,27.9,73.0,50.900000000000006,246.0,162.0,162.0,190.0,84.0,1846.7,225.36,10,42,1,-0.9350162426854148,0.35460488704253557,-0.8660254037844386,0.5000000000000001,39.33482571154461,0
33.74.01,Semarang Tengah,2025-10-20,ISPA,246,62540,150.9,26.8,85.4,36.0,3.6,32.0,15.3,29.7,67.6,29.5,62.6,71.6,246.0,246.0,162.0,218.0,0.0,2007.7199999999998,2433.6,10,43,1,-0.8854560256532101,0.464723172043768,-0.8660254037844386,0.5000000000000001,39.33482571154461,0
33.74.01,Semarang Tengah,2025-10-27,ISPA,246,62540,59.8,26.9,84.6,150.9,36.0,3.6,32.0,26.8,85.4,29.7,67.6,190.5,246.0,246.0,162.0,246.0,0.0,2288.7200000000003,12886.86,10,44,1,-0.822983865893657,0.5680647467311548,-0.8660254037844386,0.5000000000000001,39.33482571154461,0
33.74.01,Semarang Tengah,2025-11-03,ISPA,268,62540,39.2,27.1,82.9,59.8,150.9,36.0,3.6,26.9,84.6,26.8,85.4,246.7,246.0,246.0,246.0,246.0,0.0,2275.74,5059.079999999999,11,45,1,-0.7485107481711011,0.6631226582407952,-0.5000000000000004,0.8660254037844384,39.33482571154461,0
33.74.01,Semarang Tengah,2025-11-10,ISPA,268,62540,66.9,26.6,86.0,39.2,59.8,150.9,36.0,27.1,82.9,26.9,84.6,249.9,268.0,246.0,246.0,253.33333333333334,22.0,2246.59,3249.6800000000003,11,46,1,-0.6631226582407955,0.7485107481711007,-0.5000000000000004,0.8660254037844384,42.85257435241445,0
33.74.01,Semarang Tengah,2025-11-17,ISPA,268,62540,47.2,27.0,82.7,66.9,39.2,59.8,150.9,26.6,86.0,27.1,82.9,165.9,268.0,268.0,246.0,260.6666666666667,0.0,2287.6,5753.400000000001,11,47,1,-0.5680647467311559,0.8229838658936564,-0.5000000000000004,0.8660254037844384,42.85257435241445,0
33.74.01,Semarang Tengah,2025-11-24,ISPA,268,62540,8.1,28.6,68.4,47.2,66.9,39.2,59.8,27.0,82.7,26.6,86.0,153.3,268.0,268.0,246.0,268.0,0.0,2232.9,3903.4400000000005,11,48,1,-0.4647231720437684,0.88545602565321,-0.5000000000000004,0.8660254037844384,42.85257435241445,0
33.74.01,Semarang Tengah,2025-12-01,ISPA,175,62540,25.8,27.3,80.0,8.1,47.2,66.9,39.2,28.6,68.4,27.0,82.7,122.20000000000002,268.0,268.0,268.0,268.0,0.0,1956.2400000000002,554.0400000000001,12,49,0,-0.35460488704253595,0.9350162426854147,-2.4492935982947064e-16,1.0,42.85257435241445,0
33.74.01,Semarang Tengah,2025-12-08,ISPA,175,62540,47.5,26.5,86.1,25.8,8.1,47.2,66.9,27.3,80.0,28.6,68.4,81.1,175.0,268.0,268.0,237.0,-93.0,2184.0,2064.0,12,50,0,-0.2393156642875578,0.970941817426052,-2.4492935982947064e-16,1.0,27.982091461464663,0
33.74.01,Semarang Tengah,2025-12-15,ISPA,175,62540,35.2,27.2,80.4,47.5,25.8,8.1,47.2,26.5,86.1,27.3,80.0,81.39999999999999,175.0,175.0,268.0,206.0,0.0,2281.6499999999996,4089.7499999999995,12,51,0,-0.12053668025532363,0.992708874098054,-2.4492935982947064e-16,1.0,27.982091461464663,0
33.74.01,Semarang Tengah,2025-12-22,ISPA,175,62540,47.3,27.1,84.6,35.2,47.5,25.8,8.1,27.2,80.4,26.5,86.1,108.5,175.0,175.0,268.0,175.0,0.0,2186.88,2830.0800000000004,12,52,0,6.432490598706546e-16,1.0,-2.4492935982947064e-16,1.0,27.982091461464663,0
33.74.01,Semarang Tengah,2025-12-29,ISPA,175,62540,20.8,26.7,82.7,47.3,35.2,47.5,25.8,27.1,84.6,27.2,80.4,130.0,175.0,175.0,175.0,175.0,0.0,2292.66,4001.5799999999995,12,1,0,0.12053668025532305,0.992708874098054,-2.4492935982947064e-16,1.0,27.982091461464663,0
33.74.02,Semarang Utara,2025-02-03,ISPA,556,128450,24.4,26.8,81.7,83.1,68.4,54.5,57.0,25.9,86.0,26.5,87.9,206.0,453.0,453.0,453.0,453.0,0.0,2227.4,7146.599999999999,2,6,0,0.6631226582407952,0.7485107481711011,0.8660254037844386,0.5000000000000001,35.266640716232,1
33.74.02,Semarang Utara,2025-02-10,ISPA,556,128450,21.9,27.0,82.4,24.4,83.1,68.4,54.5,26.8,81.7,25.9,86.0,175.9,556.0,453.0,453.0,487.3333333333333,103.0,2189.56,1993.48,2,7,0,0.7485107481711011,0.6631226582407953,0.8660254037844386,0.5000000000000001,43.28532502919423,1
33.74.02,Semarang Utara,2025-02-17,ISPA,556,128450,41.2,26.6,84.6,21.9,24.4,83.1,68.4,27.0,82.4,26.8,81.7,129.39999999999998,556.0,556.0,453.0,521.6666666666666,0.0,2224.8,1804.56,2,8,0,0.8229838658936564,0.5680647467311559,0.8660254037844386,0.5000000000000001,43.28532502919423,1
33.74.02,Semarang Utara,2025-02-24,ISPA,556,128450,78.3,26.5,87.6,41.2,21.9,24.4,83.1,26.6,84.6,27.0,82.4,87.5,556.0,556.0,453.0,556.0,0.0,2250.36,3485.52,2,9,0,0.8854560256532099,0.4647231720437686,0.8660254037844386,0.5000000000000001,43.28532502919423,1
33.74.02,Semarang Utara,2025-03-03,ISPA,450,128450,57.7,27.1,85.0,78.3,41.2,21.9,24.4,26.5,87.6,26.6,84.6,141.4,556.0,556.0,556.0,556.0,0.0,2321.3999999999996,6859.079999999999,3,10,1,0.9350162426854148,0.35460488704253557,1.0,6.123233995736766e-17,43.28532502919423,1
33.74.02,Semarang Utara,2025-03-10,ISPA,450,128450,37.5,27.0,84.7,57.7,78.3,41.2,21.9,27.1,85.0,26.5,87.6,177.2,450.0,556.0,556.0,520.6666666666666,-106.0,2303.5,4904.5,3,11,1,0.970941817426052,0.23931566428755804,1.0,6.123233995736766e-17,35.033086804203975,1
33.74.02,Semarang Utara,2025-03-17,ISPA,450,128450,18.3,27.3,80.1,37.5,57.7,78.3,41.2,27.0,84.7,27.1,85.0,173.5,450.0,450.0,556.0,485.3333333333333,0.0,2286.9,3176.25,3,12,1,0.992708874098054,0.120536680255323,1.0,6.123233995736766e-17,35.033086804203975,1
33.74.02,Semarang Utara,2025-03-24,ISPA,450,128450,20.0,27.7,80.9,18.3,37.5,57.7,78.3,27.3,80.1,27.0,84.7,113.5,450.0,450.0,556.0,450.0,0.0,2186.73,1465.83,3,13,1,1.0,-1.6081226496766366e-16,1.0,6.123233995736766e-17,35.033086804203975,1
33.74.02,Semarang Utara,2025-03-31,ISPA,450,128450,41.7,27.3,82.1,20.0,18.3,37.5,57.7,27.7,80.9,27.3,80.1,75.8,450.0,450.0,450.0,450.0,0.0,2240.9300000000003,1618.0,3,14,1,0.992708874098054,-0.12053668025532288,1.0,6.123233995736766e-17,35.033086804203975,1
33.74.02,Semarang Utara,2025-04-07,ISPA,721,128450,35.2,27.8,79.9,41.7,20.0,18.3,37.5,27.3,82.1,27.7,80.9,80.0,450.0,450.0,450.0,450.0,0.0,2241.33,3423.57,4,15,1,0.9709418174260521,-0.2393156642875575,0.8660254037844387,-0.4999999999999998,35.033086804203975,1
33.74.02,Semarang Utara,2025-04-14,ISPA,721,128450,35.5,27.3,83.4,35.2,41.7,20.0,18.3,27.8,79.9,27.3,82.1,96.9,721.0,450.0,450.0,540.3333333333334,271.0,2221.2200000000003,2812.4800000000005,4,16,1,0.9350162426854148,-0.35460488704253545,0.8660254037844387,-0.4999999999999998,56.13079019073569,1
33.74.02,Semarang Utara,2025-04-21,ISPA,721,128450,24.8,27.7,80.0,35.5,35.2,41.7,20.0,27.3,83.4,27.8,79.9,112.4,721.0,721.0,450.0,630.6666666666666,0.0,2276.82,2960.7000000000003,4,17,1,0.8854560256532099,-0.4647231720437685,0.8660254037844387,-0.4999999999999998,56.13079019073569,1
33.74.02,Semarang Utara,2025-04-28,ISPA,721,128450,33.7,28.6,69.9,24.8,35.5,35.2,41.7,27.7,80.0,27.3,83.4,95.5,721.0,721.0,450.0,721.0,0.0,2216.0,1984.0,4,18,1,0.8229838658936565,-0.5680647467311557,0.8660254037844387,-0.4999999999999998,56.13079019073569,1
33.74.02,Semarang Utara,2025-05-05,ISPA,611,128450,31.7,28.2,78.1,33.7,24.8,35.5,35.2,28.6,69.9,27.7,80.0,94.0,721.0,721.0,721.0,721.0,0.0,1999.1400000000003,2355.6300000000006,5,19,0,0.7485107481711013,-0.663122658240795,0.49999999999999994,-0.8660254037844387,56.13079019073569,1
33.74.02,Semarang Utara,2025-05-12,ISPA,611,128450,73.0,26.8,86.4,31.7,33.7,24.8,35.5,28.2,78.1,28.6,69.9,90.2,611.0,721.0,721.0,684.3333333333334,-110.0,2202.4199999999996,2475.77,5,20,0,0.6631226582407952,-0.7485107481711012,0.49999999999999994,-0.8660254037844387,47.56714674970805,1
33.74.02,Semarang Utara,2025-05-19,ISPA,611,128450,83.7,26.8,86.0,73.0,31.7,33.7,24.8,26.8,86.4,28.2,78.1,138.4,611.0,611.0,721.0,647.6666666666666,0.0,2315.5200000000004,6307.200000000001,5,21,0,0.5680647467311558,-0.8229838658936564,0.49999999999999994,-0.8660254037844387,47.56714674970805,1
33.74.02,Semarang Utara,2025-05-26,ISPA,611,128450,23.2,27.6,81.6,83.7,73.0,31.7,33.7,26.8,86.0,26.8,86.4,188.39999999999998,611.0,611.0,721.0,611.0,0.0,2304.8,7198.2,5,22,0,0.46472317204376906,-0.8854560256532096,0.49999999999999994,-0.8660254037844387,47.56714674970805,1
33.74.02,Semarang Utara,2025-06-02,ISPA,462,128450,6.8,28.7,70.9,23.2,83.7,73.0,31.7,27.6,81.6,26.8,86.0,179.9,611.0,611.0,611.0,611.0,0.0,2252.16,1893.12,6,23,0,0.35460488704253584,-0.9350162426854147,1.2246467991473532e-16,-1.0,47.56714674970805,1
33.74.02,Semarang Utara,2025-06-09,ISPA,462,128450,24.0,27.7,76.7,6.8,23.2,83.7,73.0,28.7,70.9,27.6,81.6,113.7,462.0,611.0,611.0,561.3333333333334,-149.0,2034.8300000000002,482.12,6,24,0,0.23931566428755768,-0.970941817426052,1.2246467991473532e-16,-1.0,35.967302452316076,1
33.74.02,Semarang Utara,2025-06-16,ISPA,462,128450,42.4,27.3,77.3,24.0,6.8,23.2,83.7,27.7,76.7,28.7,70.9,54.0,462.0,462.0,611.0,511.6666666666667,0.0,2124.59,1840.8000000000002,6,25,0,0.12053668025532308,-0.992708874098054,1.2246467991473532e-16,-1.0,35.967302452316076,1
33.74.02,Semarang Utara,2025-06-23,ISPA,462,128450,13.7,28.5,67.0,42.4,24.0,6.8,23.2,27.3,77.3,27.7,76.7,73.2,462.0,462.0,611.0,462.0,0.0,2110.29,3277.52,6,26,0,-3.216245299353273e-16,-1.0,1.2246467991473532e-16,-1.0,35.967302452316076,1
33.74.02,Semarang Utara,2025-06-30,ISPA,462,128450,20.5,28.0,72.4,13.7,42.4,24.0,6.8,28.5,67.0,27.3,77.3,80.1,462.0,462.0,462.0,462.0,0.0,1909.5,917.9,6,27,0,-0.12053668025532283,-0.992708874098054,1.2246467991473532e-16,-1.0,35.967302452316076,1
33.74.02,Semarang Utara,2025-07-07,ISPA,627,128450,3.7,28.2,62.9,20.5,13.7,42.4,24.0,28.0,72.4,28.5,67.0,76.6,462.0,462.0,462.0,462.0,0.0,2027.2000000000003,1484.2,7,28,0,-0.23931566428755743,-0.9709418174260521,-0.4999999999999997,-0.8660254037844388,35.967302452316076,1
33.74.02,Semarang Utara,2025-07-14,ISPA,627,128450,6.4,28.3,64.9,3.7,20.5,13.7,42.4,28.2,62.9,28.0,72.4,37.9,627.0,462.0,462.0,517.0,165.0,1773.78,232.73000000000002,7,29,0,-0.3546048870425356,-0.9350162426854148,-0.4999999999999997,-0.8660254037844388,48.81276761385753,1
33.74.02,Semarang Utara,2025-07-21,ISPA,627,128450,2.6,28.8,62.1,6.4,3.7,20.5,13.7,28.3,64.9,28.2,62.9,30.6,627.0,627.0,462.0,572.0,0.0,1836.6700000000003,415.36000000000007,7,30,0,-0.46472317204376806,-0.8854560256532101,-0.4999999999999997,-0.8660254037844388,48.81276761385753,1
33.74.02,Semarang Utara,2025-07-28,ISPA,627,128450,15.7,29.4,62.3,2.6,6.4,3.7,20.5,28.8,62.1,28.3,64.9,12.7,627.0,627.0,462.0,627.0,0.0,1788.48,161.46,7,31,0,-0.5680647467311556,-0.8229838658936566,-0.4999999999999997,-0.8660254037844388,48.81276761385753,1
33.74.02,Semarang Utara,2025-08-04,ISPA,659,128450,30.0,27.8,75.6,15.7,2.6,6.4,3.7,29.4,62.3,28.8,62.1,24.700000000000003,627.0,627.0,627.0,627.0,0.0,1831.62,978.1099999999999,8,32,0,-0.663122658240795,-0.7485107481711013,-0.8660254037844385,-0.5000000000000004,48.81276761385753,1
33.74.02,Semarang Utara,2025-08-11,ISPA,659,128450,37.1,27.6,70.3,30.0,15.7,2.6,6.4,27.8,75.6,29.4,62.3,48.300000000000004,659.0,627.0,627.0,637.6666666666666,32.0,2101.68,2268.0,8,33,0,-0.7485107481711011,-0.6631226582407952,-0.8660254037844385,-0.5000000000000004,51.304009342156476,1
33.74.02,Semarang Utara,2025-08-18,ISPA,659,128450,52.6,27.5,74.3,37.1,30.0,15.7,2.6,27.6,70.3,27.8,75.6,82.8,659.0,659.0,627.0,648.3333333333334,0.0,1940.28,2608.13,8,34,0,-0.8229838658936564,-0.5680647467311559,-0.8660254037844385,-0.5000000000000004,51.304009342156476,1
33.74.02,Semarang Utara,2025-08-25,ISPA,659,128450,10.4,28.4,65.3,52.6,37.1,30.0,15.7,27.5,74.3,27.6,70.3,119.7,659.0,659.0,627.0,659.0,0.0,2043.25,3908.18,8,35,0,-0.8854560256532096,-0.4647231720437691,-0.8660254037844385,-0.5000000000000004,51.304009342156476,1
33.74.02,Semarang Utara,2025-09-01,ISPA,604,128450,1.3,29.5,58.3,10.4,52.6,37.1,30.0,28.4,65.3,27.5,74.3,100.1,659.0,659.0,659.0,659.0,0.0,1854.5199999999998,679.12,9,36,0,-0.9350162426854147,-0.3546048870425359,-1.0,-1.8369701987210297e-16,51.304009342156476,1
33.74.02,Semarang Utara,2025-09-08,ISPA,604,128450,37.2,28.0,74.6,1.3,10.4,52.6,37.1,29.5,58.3,28.4,65.3,64.3,604.0,659.0,659.0,640.6666666666666,-55.0,1719.85,75.78999999999999,9,37,0,-0.970941817426052,-0.23931566428755774,-1.0,-1.8369701987210297e-16,47.02218762164266,1
33.74.02,Semarang Utara,2025-09-15,ISPA,604,128450,52.0,27.9,73.3,37.2,1.3,10.4,52.6,28.0,74.6,29.5,58.3,48.9,604.0,604.0,659.0,622.3333333333334,0.0,2088.7999999999997,2775.12,9,38,0,-0.992708874098054,-0.12053668025532357,-1.0,-1.8369701987210297e-16,47.02218762164266,1
33.74.02,Semarang Utara,2025-09-22,ISPA,604,128450,15.3,29.3,67.0,52.0,37.2,1.3,10.4,27.9,73.3,28.0,74.6,90.5,604.0,604.0,659.0,604.0,0.0,2045.0699999999997,3811.6,9,39,0,-1.0,-1.8369701987210297e-16,-1.0,-1.8369701987210297e-16,47.02218762164266,1
33.74.02,Semarang Utara,2025-09-29,ISPA,604,128450,32.0,28.1,73.0,15.3,52.0,37.2,1.3,29.3,67.0,27.9,73.3,104.5,604.0,604.0,604.0,604.0,0.0,1963.1000000000001,1025.1000000000001,9,40,0,-0.992708874098054,0.1205366802553232,-1.0,-1.8369701987210297e-16,47.02218762164266,1
33.74.02,Semarang Utara,2025-10-06,ISPA,710,128450,3.6,29.7,62.9,32.0,15.3,52.0,37.2,28.1,73.0,29.3,67.0,99.3,604.0,604.0,604.0,604.0,0.0,2051.3,2336.0,10,41,1,-0.9709418174260521,0.23931566428755738,-0.8660254037844386,0.5000000000000001,47.02218762164266,1
33.74.02,Semarang Utara,2025-10-13,ISPA,710,128450,36.0,29.9,67.6,3.6,32.0,15.3,52.0,29.7,62.9,28.1,73.0,50.900000000000006,710.0,604.0,604.0,639.3333333333334,106.0,1868.1299999999999,226.44,10,42,1,-0.9350162426854148,0.35460488704253557,-0.8660254037844386,0.5000000000000001,55.27442584663293,1
33.74.02,Semarang Utara,2025-10-20,ISPA,710,128450,150.9,27.0,85.4,36.0,3.6,32.0,15.3,29.9,67.6,29.7,62.9,71.6,710.0,710.0,604.0,674.6666666666666,0.0,2021.2399999999998,2433.6,10,43,1,-0.8854560256532101,0.464723172043768,-0.8660254037844386,0.5000000000000001,55.27442584663293,1
33.74.02,Semarang Utara,2025-10-27,ISPA,710,128450,59.8,27.1,84.6,150.9,36.0,3.6,32.0,27.0,85.4,29.9,67.6,190.5,710.0,710.0,604.0,710.0,0.0,2305.8,12886.86,10,44,1,-0.822983865893657,0.5680647467311548,-0.8660254037844386,0.5000000000000001,55.27442584663293,1
33.74.02,Semarang Utara,2025-11-03,ISPA,889,128450,39.2,27.3,83.0,59.8,150.9,36.0,3.6,27.1,84.6,27.0,85.4,246.7,710.0,710.0,710.0,710.0,0.0,2292.66,5059.079999999999,11,45,1,-0.7485107481711011,0.6631226582407952,-0.5000000000000004,0.8660254037844384,55.27442584663293,1
33.74.02,Semarang Utara,2025-11-10,ISPA,889,128450,66.9,26.8,86.0,39.2,59.8,150.9,36.0,27.3,83.0,27.1,84.6,249.9,889.0,710.0,710.0,769.6666666666666,179.0,2265.9,3253.6000000000004,11,46,1,-0.6631226582407955,0.7485107481711007,-0.5000000000000004,0.8660254037844384,69.20980926430518,1
33.74.02,Semarang Utara,2025-11-17,ISPA,889,128450,47.2,27.2,82.7,66.9,39.2,59.8,150.9,26.8,86.0,27.3,83.0,165.9,889.0,889.0,710.0,829.3333333333334,0.0,2304.8,5753.400000000001,11,47,1,-0.5680647467311559,0.8229838658936564,-0.5000000000000004,0.8660254037844384,69.20980926430518,1
33.74.02,Semarang Utara,2025-11-24,ISPA,889,128450,8.1,28.8,68.6,47.2,66.9,39.2,59.8,27.2,82.7,26.8,86.0,153.3,889.0,889.0,710.0,889.0,0.0,2249.44,3903.4400000000005,11,48,1,-0.4647231720437684,0.88545602565321,-0.5000000000000004,0.8660254037844384,69.20980926430518,1
33.74.02,Semarang Utara,2025-12-01,ISPA,414,128450,25.8,27.5,80.1,8.1,47.2,66.9,39.2,28.8,68.6,27.2,82.7,122.20000000000002,889.0,889.0,889.0,889.0,0.0,1975.6799999999998,555.66,12,49,0,-0.35460488704253595,0.9350162426854147,-2.4492935982947064e-16,1.0,69.20980926430518,1
33.74.02,Semarang Utara,2025-12-08,ISPA,414,128450,47.5,26.7,86.3,25.8,8.1,47.2,66.9,27.5,80.1,28.8,68.6,81.1,414.0,889.0,889.0,730.6666666666666,-475.0,2202.75,2066.58,12,50,0,-0.2393156642875578,0.970941817426052,-2.4492935982947064e-16,1.0,32.23043985986765,1
33.74.02,Semarang Utara,2025-12-15,ISPA,414,128450,35.2,27.4,80.4,47.5,25.8,8.1,47.2,26.7,86.3,27.5,80.1,81.39999999999999,414.0,414.0,889.0,572.3333333333334,0.0,2304.21,4099.25,12,51,0,-0.12053668025532363,0.992708874098054,-2.4492935982947064e-16,1.0,32.23043985986765,1
33.74.02,Semarang Utara,2025-12-22,ISPA,414,128450,47.3,27.3,84.6,35.2,47.5,25.8,8.1,27.4,80.4,26.7,86.3,108.5,414.0,414.0,889.0,414.0,0.0,2202.96,2830.0800000000004,12,52,0,6.432490598706546e-16,1.0,-2.4492935982947064e-16,1.0,32.23043985986765,1
33.74.02,Semarang Utara,2025-12-29,ISPA,414,128450,20.8,26.9,82.7,47.3,35.2,47.5,25.8,27.3,84.6,27.4,80.4,130.0,414.0,414.0,414.0,414.0,0.0,2309.58,4001.5799999999995,12,1,0,0.12053668025532305,0.992708874098054,-2.4492935982947064e-16,1.0,32.23043985986765,1
33.74.03,Semarang Timur,2025-02-03,ISPA,356,72130,24.4,26.6,81.7,83.1,68.4,54.5,57.0,25.7,86.0,26.2,87.9,206.0,391.0,391.0,391.0,391.0,0.0,2210.2,7146.599999999999,2,6,0,0.6631226582407952,0.7485107481711011,0.8660254037844386,0.5000000000000001,54.20768057673645,2
33.74.03,Semarang Timur,2025-02-10,ISPA,356,72130,21.9,26.7,82.4,24.4,83.1,68.4,54.5,26.6,81.7,25.7,86.0,175.9,356.0,391.0,391.0,379.3333333333333,-35.0,2173.2200000000003,1993.48,2,7,0,0.7485107481711011,0.6631226582407953,0.8660254037844386,0.5000000000000001,49.35533065298766,2
33.74.03,Semarang Timur,2025-02-17,ISPA,356,72130,41.2,26.4,84.6,21.9,24.4,83.1,68.4,26.7,82.4,26.6,81.7,129.39999999999998,356.0,356.0,391.0,367.6666666666667,0.0,2200.08,1804.56,2,8,0,0.8229838658936564,0.5680647467311559,0.8660254037844386,0.5000000000000001,49.35533065298766,2
33.74.03,Semarang Timur,2025-02-24,ISPA,356,72130,78.3,26.2,87.6,41.2,21.9,24.4,83.1,26.4,84.6,26.7,82.4,87.5,356.0,356.0,391.0,356.0,0.0,2233.4399999999996,3485.52,2,9,0,0.8854560256532099,0.4647231720437686,0.8660254037844386,0.5000000000000001,49.35533065298766,2
33.74.03,Semarang Timur,2025-03-03,ISPA,275,72130,57.7,26.8,85.0,78.3,41.2,21.9,24.4,26.2,87.6,26.4,84.6,141.4,356.0,356.0,356.0,356.0,0.0,2295.12,6859.079999999999,3,10,1,0.9350162426854148,0.35460488704253557,1.0,6.123233995736766e-17,49.35533065298766,2
33.74.03,Semarang Timur,2025-03-10,ISPA,275,72130,37.5,26.8,84.7,57.7,78.3,41.2,21.9,26.8,85.0,26.2,87.6,177.2,275.0,356.0,356.0,329.0,-81.0,2278.0,4904.5,3,11,1,0.970941817426052,0.23931566428755804,1.0,6.123233995736766e-17,38.12560654374047,2
33.74.03,Semarang Timur,2025-03-17,ISPA,275,72130,18.3,27.1,80.0,37.5,57.7,78.3,41.2,26.8,84.7,26.8,85.0,173.5,275.0,275.0,356.0,302.0,0.0,2269.96,3176.25,3,12,1,0.992708874098054,0.120536680255323,1.0,6.123233995736766e-17,38.12560654374047,2
33.74.03,Semarang Timur,2025-03-24,ISPA,275,72130,20.0,27.5,80.9,18.3,37.5,57.7,78.3,27.1,80.0,26.8,84.7,113.5,275.0,275.0,356.0,275.0,0.0,2168.0,1464.0,3,13,1,1.0,-1.6081226496766366e-16,1.0,6.123233995736766e-17,38.12560654374047,2
33.74.03,Semarang Timur,2025-03-31,ISPA,275,72130,41.7,27.0,82.1,20.0,18.3,37.5,57.7,27.5,80.9,27.1,80.0,75.8,275.0,275.0,275.0,275.0,0.0,2224.75,1618.0,3,14,1,0.992708874098054,-0.12053668025532288,1.0,6.123233995736766e-17,38.12560654374047,2
33.74.03,Semarang Timur,2025-04-07,ISPA,325,72130,35.2,27.6,79.9,41.7,20.0,18.3,37.5,27.0,82.1,27.5,80.9,80.0,275.0,275.0,275.0,275.0,0.0,2216.7,3423.57,4,15,1,0.9709418174260521,-0.2393156642875575,0.8660254037844387,-0.4999999999999998,38.12560654374047,2
33.74.03,Semarang Timur,2025-04-14,ISPA,325,72130,35.5,27.1,83.4,35.2,41.7,20.0,18.3,27.6,79.9,27.0,82.1,96.9,325.0,275.0,275.0,291.6666666666667,50.0,2205.2400000000002,2812.4800000000005,4,16,1,0.9350162426854148,-0.35460488704253545,0.8660254037844387,-0.4999999999999998,45.05753500623874,2
33.74.03,Semarang Timur,2025-04-21,ISPA,325,72130,24.8,27.4,80.0,35.5,35.2,41.7,20.0,27.1,83.4,27.6,79.9,112.4,325.0,325.0,275.0,308.3333333333333,0.0,2260.1400000000003,2960.7000000000003,4,17,1,0.8854560256532099,-0.4647231720437685,0.8660254037844387,-0.4999999999999998,45.05753500623874,2
33.74.03,Semarang Timur,2025-04-28,ISPA,325,72130,33.7,28.4,69.9,24.8,35.5,35.2,41.7,27.4,80.0,27.1,83.4,95.5,325.0,325.0,275.0,325.0,0.0,2192.0,1984.0,4,18,1,0.8229838658936565,-0.5680647467311557,0.8660254037844387,-0.4999999999999998,45.05753500623874,2
33.74.03,Semarang Timur,2025-05-05,ISPA,353,72130,31.7,28.0,78.1,33.7,24.8,35.5,35.2,28.4,69.9,27.4,80.0,94.0,325.0,325.0,325.0,325.0,0.0,1985.16,2355.6300000000006,5,19,0,0.7485107481711013,-0.663122658240795,0.49999999999999994,-0.8660254037844387,45.05753500623874,2
33.74.03,Semarang Timur,2025-05-12,ISPA,353,72130,73.0,26.6,86.4,31.7,33.7,24.8,35.5,28.0,78.1,28.4,69.9,90.2,353.0,325.0,325.0,334.3333333333333,28.0,2186.7999999999997,2475.77,5,20,0,0.6631226582407952,-0.7485107481711012,0.49999999999999994,-0.8660254037844387,48.939414945237765,2
33.74.03,Semarang Timur,2025-05-19,ISPA,353,72130,83.7,26.6,86.0,73.0,31.7,33.7,24.8,26.6,86.4,28.0,78.1,138.4,353.0,353.0,325.0,343.6666666666667,0.0,2298.2400000000002,6307.200000000001,5,21,0,0.5680647467311558,-0.8229838658936564,0.49999999999999994,-0.8660254037844387,48.939414945237765,2
33.74.03,Semarang Timur,2025-05-26,ISPA,353,72130,23.2,27.4,81.6,83.7,73.0,31.7,33.7,26.6,86.0,26.6,86.4,188.39999999999998,353.0,353.0,325.0,353.0,0.0,2287.6,7198.2,5,22,0,0.46472317204376906,-0.8854560256532096,0.49999999999999994,-0.8660254037844387,48.939414945237765,2
33.74.03,Semarang Timur,2025-06-02,ISPA,219,72130,6.8,28.5,70.9,23.2,83.7,73.0,31.7,27.4,81.6,26.6,86.0,179.9,353.0,353.0,353.0,353.0,0.0,2235.8399999999997,1893.12,6,23,0,0.35460488704253584,-0.9350162426854147,1.2246467991473532e-16,-1.0,48.939414945237765,2
33.74.03,Semarang Timur,2025-06-09,ISPA,219,72130,24.0,27.5,76.7,6.8,23.2,83.7,73.0,28.5,70.9,27.4,81.6,113.7,219.0,353.0,353.0,308.3333333333333,-134.0,2020.65,482.12,6,24,0,0.23931566428755768,-0.970941817426052,1.2246467991473532e-16,-1.0,30.361846665742412,2
33.74.03,Semarang Timur,2025-06-16,ISPA,219,72130,42.4,27.1,77.3,24.0,6.8,23.2,83.7,27.5,76.7,28.5,70.9,54.0,219.0,219.0,353.0,263.6666666666667,0.0,2109.25,1840.8000000000002,6,25,0,0.12053668025532308,-0.992708874098054,1.2246467991473532e-16,-1.0,30.361846665742412,2
33.74.03,Semarang Timur,2025-06-23,ISPA,219,72130,13.7,28.3,67.0,42.4,24.0,6.8,23.2,27.1,77.3,27.5,76.7,73.2,219.0,219.0,353.0,219.0,0.0,2094.83,3277.52,6,26,0,-3.216245299353273e-16,-1.0,1.2246467991473532e-16,-1.0,30.361846665742412,2
33.74.03,Semarang Timur,2025-06-30,ISPA,219,72130,20.5,27.7,72.3,13.7,42.4,24.0,6.8,28.3,67.0,27.1,77.3,80.1,219.0,219.0,219.0,219.0,0.0,1896.1000000000001,917.9,6,27,0,-0.12053668025532283,-0.992708874098054,1.2246467991473532e-16,-1.0,30.361846665742412,2
33.74.03,Semarang Timur,2025-07-07,ISPA,261,72130,3.7,28.0,62.9,20.5,13.7,42.4,24.0,27.7,72.3,28.3,67.0,76.6,219.0,219.0,219.0,219.0,0.0,2002.7099999999998,1482.1499999999999,7,28,0,-0.23931566428755743,-0.9709418174260521,-0.4999999999999997,-0.8660254037844388,30.361846665742412,2
33.74.03,Semarang Timur,2025-07-14,ISPA,261,72130,6.4,28.1,64.9,3.7,20.5,13.7,42.4,28.0,62.9,27.7,72.3,37.9,261.0,219.0,219.0,233.0,42.0,1761.2,232.73000000000002,7,29,0,-0.3546048870425356,-0.9350162426854148,-0.4999999999999997,-0.8660254037844388,36.18466657424096,2
33.74.03,Semarang Timur,2025-07-21,ISPA,261,72130,2.6,28.6,62.1,6.4,3.7,20.5,13.7,28.1,64.9,28.0,62.9,30.6,261.0,261.0,219.0,247.0,0.0,1823.6900000000003,415.36000000000007,7,30,0,-0.46472317204376806,-0.8854560256532101,-0.4999999999999997,-0.8660254037844388,36.18466657424096,2
33.74.03,Semarang Timur,2025-07-28,ISPA,261,72130,15.7,29.2,62.3,2.6,6.4,3.7,20.5,28.6,62.1,28.1,64.9,12.7,261.0,261.0,219.0,261.0,0.0,1776.0600000000002,161.46,7,31,0,-0.5680647467311556,-0.8229838658936566,-0.4999999999999997,-0.8660254037844388,36.18466657424096,2
33.74.03,Semarang Timur,2025-08-04,ISPA,298,72130,30.0,27.6,75.6,15.7,2.6,6.4,3.7,29.2,62.3,28.6,62.1,24.700000000000003,261.0,261.0,261.0,261.0,0.0,1819.1599999999999,978.1099999999999,8,32,0,-0.663122658240795,-0.7485107481711013,-0.8660254037844385,-0.5000000000000004,36.18466657424096,2
33.74.03,Semarang Timur,2025-08-11,ISPA,298,72130,37.1,27.4,70.3,30.0,15.7,2.6,6.4,27.6,75.6,29.2,62.3,48.300000000000004,298.0,261.0,261.0,273.3333333333333,37.0,2086.56,2268.0,8,33,0,-0.7485107481711011,-0.6631226582407952,-0.8660254037844385,-0.5000000000000004,41.31429363648967,2
33.74.03,Semarang Timur,2025-08-18,ISPA,298,72130,52.6,27.3,74.3,37.1,30.0,15.7,2.6,27.4,70.3,27.6,75.6,82.8,298.0,298.0,261.0,285.6666666666667,0.0,1926.2199999999998,2608.13,8,34,0,-0.8229838658936564,-0.5680647467311559,-0.8660254037844385,-0.5000000000000004,41.31429363648967,2
33.74.03,Semarang Timur,2025-08-25,ISPA,298,72130,10.4,28.2,65.3,52.6,37.1,30.0,15.7,27.3,74.3,27.4,70.3,119.7,298.0,298.0,261.0,298.0,0.0,2028.3899999999999,3908.18,8,35,0,-0.8854560256532096,-0.4647231720437691,-0.8660254037844385,-0.5000000000000004,41.31429363648967,2
33.74.03,Semarang Timur,2025-09-01,ISPA,248,72130,1.3,29.3,58.3,10.4,52.6,37.1,30.0,28.2,65.3,27.3,74.3,100.1,298.0,298.0,298.0,298.0,0.0,1841.4599999999998,679.12,9,36,0,-0.9350162426854147,-0.3546048870425359,-1.0,-1.8369701987210297e-16,41.31429363648967,2
33.74.03,Semarang Timur,2025-09-08,ISPA,248,72130,37.2,27.7,74.6,1.3,10.4,52.6,37.1,29.3,58.3,28.2,65.3,64.3,248.0,298.0,298.0,281.3333333333333,-50.0,1708.19,75.78999999999999,9,37,0,-0.970941817426052,-0.23931566428755774,-1.0,-1.8369701987210297e-16,34.3823651739914,2
33.74.03,Semarang Timur,2025-09-15,ISPA,248,72130,52.0,27.6,73.1,37.2,1.3,10.4,52.6,27.7,74.6,29.3,58.3,48.9,248.0,248.0,298.0,264.6666666666667,0.0,2066.4199999999996,2775.12,9,38,0,-0.992708874098054,-0.12053668025532357,-1.0,-1.8369701987210297e-16,34.3823651739914,2
33.74.03,Semarang Timur,2025-09-22,ISPA,248,72130,15.3,29.1,67.0,52.0,37.2,1.3,10.4,27.6,73.1,27.7,74.6,90.5,248.0,248.0,298.0,248.0,0.0,2017.56,3801.2,9,39,0,-1.0,-1.8369701987210297e-16,-1.0,-1.8369701987210297e-16,34.3823651739914,2
33.74.03,Semarang Timur,2025-09-29,ISPA,248,72130,32.0,27.9,73.0,15.3,52.0,37.2,1.3,29.1,67.0,27.6,73.1,104.5,248.0,248.0,248.0,248.0,0.0,1949.7,1025.1000000000001,9,40,0,-0.992708874098054,0.1205366802553232,-1.0,-1.8369701987210297e-16,34.3823651739914,2
33.74.03,Semarang Timur,2025-10-06,ISPA,284,72130,3.6,29.5,62.6,32.0,15.3,52.0,37.2,27.9,73.0,29.1,67.0,99.3,248.0,248.0,248.0,248.0,0.0,2036.6999999999998,2336.0,10,41,1,-0.9709418174260521,0.23931566428755738,-0.8660254037844386,0.5000000000000001,34.3823651739914,2
33.74.03,Semarang Timur,2025-10-13,ISPA,284,72130,36.0,29.7,67.6,3.6,32.0,15.3,52.0,29.5,62.6,27.9,73.0,50.900000000000006,284.0,248.0,248.0,260.0,36.0,1846.7,225.36,10,42,1,-0.9350162426854148,0.35460488704253557,-0.8660254037844386,0.5000000000000001,39.37335366699016,2
33.74.03,Semarang Timur,2025-10-20,ISPA,284,72130,150.9,26.8,85.4,36.0,3.6,32.0,15.3,29.7,67.6,29.5,62.6,71.6,284.0,284.0,248.0,272.0,0.0,2007.7199999999998,2433.6,10,43,1,-0.8854560256532101,0.464723172043768,-0.8660254037844386,0.5000000000000001,39.37335366699016,2
33.74.03,Semarang Timur,2025-10-27,ISPA,284,72130,59.8,26.9,84.6,150.9,36.0,3.6,32.0,26.8,85.4,29.7,67.6,190.5,284.0,284.0,248.0,284.0,0.0,2288.7200000000003,12886.86,10,44,1,-0.822983865893657,0.5680647467311548,-0.8660254037844386,0.5000000000000001,39.37335366699016,2
33.74.03,Semarang Timur,2025-11-03,ISPA,293,72130,39.2,27.1,82.9,59.8,150.9,36.0,3.6,26.9,84.6,26.8,85.4,246.7,284.0,284.0,284.0,284.0,0.0,2275.74,5059.079999999999,11,45,1,-0.7485107481711011,0.6631226582407952,-0.5000000000000004,0.8660254037844384,39.37335366699016,2
33.74.03,Semarang Timur,2025-11-10,ISPA,293,72130,66.9,26.6,86.0,39.2,59.8,150.9,36.0,27.1,82.9,26.9,84.6,249.9,293.0,284.0,284.0,287.0,9.0,2246.59,3249.6800000000003,11,46,1,-0.6631226582407955,0.7485107481711007,-0.5000000000000004,0.8660254037844384,40.62110079023984,2
33.74.03,Semarang Timur,2025-11-17,ISPA,293,72130,47.2,27.0,82.7,66.9,39.2,59.8,150.9,26.6,86.0,27.1,82.9,165.9,293.0,293.0,284.0,290.0,0.0,2287.6,5753.400000000001,11,47,1,-0.5680647467311559,0.8229838658936564,-0.5000000000000004,0.8660254037844384,40.62110079023984,2
33.74.03,Semarang Timur,2025-11-24,ISPA,293,72130,8.1,28.6,68.4,47.2,66.9,39.2,59.8,27.0,82.7,26.6,86.0,153.3,293.0,293.0,284.0,293.0,0.0,2232.9,3903.4400000000005,11,48,1,-0.4647231720437684,0.88545602565321,-0.5000000000000004,0.8660254037844384,40.62110079023984,2
33.74.03,Semarang Timur,2025-12-01,ISPA,268,72130,25.8,27.3,80.0,8.1,47.2,66.9,39.2,28.6,68.4,27.0,82.7,122.20000000000002,293.0,293.0,293.0,293.0,0.0,1956.2400000000002,554.0400000000001,12,49,0,-0.35460488704253595,0.9350162426854147,-2.4492935982947064e-16,1.0,40.62110079023984,2
33.74.03,Semarang Timur,2025-12-08,ISPA,268,72130,47.5,26.5,86.1,25.8,8.1,47.2,66.9,27.3,80.0,28.6,68.4,81.1,268.0,293.0,293.0,284.6666666666667,-25.0,2184.0,2064.0,12,50,0,-0.2393156642875578,0.970941817426052,-2.4492935982947064e-16,1.0,37.15513655899071,2
33.74.03,Semarang Timur,2025-12-15,ISPA,268,72130,35.2,27.2,80.4,47.5,25.8,8.1,47.2,26.5,86.1,27.3,80.0,81.39999999999999,268.0,268.0,293.0,276.3333333333333,0.0,2281.6499999999996,4089.7499999999995,12,51,0,-0.12053668025532363,0.992708874098054,-2.4492935982947064e-16,1.0,37.15513655899071,2
33.74.03,Semarang Timur,2025-12-22,ISPA,268,72130,47.3,27.1,84.6,35.2,47.5,25.8,8.1,27.2,80.4,26.5,86.1,108.5,268.0,268.0,293.0,268.0,0.0,2186.88,2830.0800000000004,12,52,0,6.432490598706546e-16,1.0,-2.4492935982947064e-16,1.0,37.15513655899071,2
33.74.03,Semarang Timur,2025-12-29,ISPA,268,72130,20.8,26.7,82.7,47.3,35.2,47.5,25.8,27.1,84.6,27.2,80.4,130.0,268.0,268.0,268.0,268.0,0.0,2292.66,4001.5799999999995,12,1,0,0.12053668025532305,0.992708874098054,-2.4492935982947064e-16,1.0,37.15513655899071,2
33.74.04,Semarang Selatan,2025-02-03,ISPA,38,70890,24.4,26.6,81.7,83.1,68.4,54.5,57.0,25.7,86.0,26.2,87.9,206.0,111.0,111.0,111.0,111.0,0.0,2210.2,7146.599999999999,2,6,0,0.6631226582407952,0.7485107481711011,0.8660254037844386,0.5000000000000001,15.658061785865426,3
33.74.04,Semarang Selatan,2025-02-10,ISPA,38,70890,21.9,26.7,82.4,24.4,83.1,68.4,54.5,26.6,81.7,25.7,86.0,175.9,38.0,111.0,111.0,86.66666666666667,-73.0,2173.2200000000003,1993.48,2,7,0,0.7485107481711011,0.6631226582407953,0.8660254037844386,0.5000000000000001,5.360417548314289,3
33.74.04,Semarang Selatan,2025-02-17,ISPA,38,70890,41.2,26.4,84.6,21.9,24.4,83.1,68.4,26.7,82.4,26.6,81.7,129.39999999999998,38.0,38.0,111.0,62.333333333333336,0.0,2200.08,1804.56,2,8,0,0.8229838658936564,0.5680647467311559,0.8660254037844386,0.5000000000000001,5.360417548314289,3
33.74.04,Semarang Selatan,2025-02-24,ISPA,38,70890,78.3,26.2,87.6,41.2,21.9,24.4,83.1,26.4,84.6,26.7,82.4,87.5,38.0,38.0,111.0,38.0,0.0,2233.4399999999996,3485.52,2,9,0,0.8854560256532099,0.4647231720437686,0.8660254037844386,0.5000000000000001,5.360417548314289,3
33.74.04,Semarang Selatan,2025-03-03,ISPA,313,70890,57.7,26.8,85.0,78.3,41.2,21.9,24.4,26.2,87.6,26.4,84.6,141.4,38.0,38.0,38.0,38.0,0.0,2295.12,6859.079999999999,3,10,1,0.9350162426854148,0.35460488704253557,1.0,6.123233995736766e-17,5.360417548314289,3
33.74.04,Semarang Selatan,2025-03-10,ISPA,313,70890,37.5,26.8,84.7,57.7,78.3,41.2,21.9,26.8,85.0,26.2,87.6,177.2,313.0,38.0,38.0,129.66666666666666,275.0,2278.0,4904.5,3,11,1,0.970941817426052,0.23931566428755804,1.0,6.123233995736766e-17,44.15291296374665,3
33.74.04,Semarang Selatan,2025-03-17,ISPA,313,70890,18.3,27.1,80.0,37.5,57.7,78.3,41.2,26.8,84.7,26.8,85.0,173.5,313.0,313.0,38.0,221.33333333333334,0.0,2269.96,3176.25,3,12,1,0.992708874098054,0.120536680255323,1.0,6.123233995736766e-17,44.15291296374665,3
33.74.04,Semarang Selatan,2025-03-24,ISPA,313,70890,20.0,27.5,80.9,18.3,37.5,57.7,78.3,27.1,80.0,26.8,84.7,113.5,313.0,313.0,38.0,313.0,0.0,2168.0,1464.0,3,13,1,1.0,-1.6081226496766366e-16,1.0,6.123233995736766e-17,44.15291296374665,3
33.74.04,Semarang Selatan,2025-03-31,ISPA,313,70890,41.7,27.0,82.1,20.0,18.3,37.5,57.7,27.5,80.9,27.1,80.0,75.8,313.0,313.0,313.0,313.0,0.0,2224.75,1618.0,3,14,1,0.992708874098054,-0.12053668025532288,1.0,6.123233995736766e-17,44.15291296374665,3
33.74.04,Semarang Selatan,2025-04-07,ISPA,324,70890,35.2,27.6,79.9,41.7,20.0,18.3,37.5,27.0,82.1,27.5,80.9,80.0,313.0,313.0,313.0,313.0,0.0,2216.7,3423.57,4,15,1,0.9709418174260521,-0.2393156642875575,0.8660254037844387,-0.4999999999999998,44.15291296374665,3
33.74.04,Semarang Selatan,2025-04-14,ISPA,324,70890,35.5,27.1,83.4,35.2,41.7,20.0,18.3,27.6,79.9,27.0,82.1,96.9,324.0,313.0,313.0,316.6666666666667,11.0,2205.2400000000002,2812.4800000000005,4,16,1,0.9350162426854148,-0.35460488704253545,0.8660254037844387,-0.4999999999999998,45.704612780363945,3
33.74.04,Semarang Selatan,2025-04-21,ISPA,324,70890,24.8,27.4,80.0,35.5,35.2,41.7,20.0,27.1,83.4,27.6,79.9,112.4,324.0,324.0,313.0,320.3333333333333,0.0,2260.1400000000003,2960.7000000000003,4,17,1,0.8854560256532099,-0.4647231720437685,0.8660254037844387,-0.4999999999999998,45.704612780363945,3
33.74.04,Semarang Selatan,2025-04-28,ISPA,324,70890,33.7,28.4,69.9,24.8,35.5,35.2,41.7,27.4,80.0,27.1,83.4,95.5,324.0,324.0,313.0,324.0,0.0,2192.0,1984.0,4,18,1,0.8229838658936565,-0.5680647467311557,0.8660254037844387,-0.4999999999999998,45.704612780363945,3
33.74.04,Semarang Selatan,2025-05-05,ISPA,324,70890,31.7,28.0,78.1,33.7,24.8,35.5,35.2,28.4,69.9,27.4,80.0,94.0,324.0,324.0,324.0,324.0,0.0,1985.16,2355.6300000000006,5,19,0,0.7485107481711013,-0.663122658240795,0.49999999999999994,-0.8660254037844387,45.704612780363945,3
33.74.04,Semarang Selatan,2025-05-12,ISPA,324,70890,73.0,26.6,86.4,31.7,33.7,24.8,35.5,28.0,78.1,28.4,69.9,90.2,324.0,324.0,324.0,324.0,0.0,2186.7999999999997,2475.77,5,20,0,0.6631226582407952,-0.7485107481711012,0.49999999999999994,-0.8660254037844387,45.704612780363945,3
33.74.04,Semarang Selatan,2025-05-19,ISPA,324,70890,83.7,26.6,86.0,73.0,31.7,33.7,24.8,26.6,86.4,28.0,78.1,138.4,324.0,324.0,324.0,324.0,0.0,2298.2400000000002,6307.200000000001,5,21,0,0.5680647467311558,-0.8229838658936564,0.49999999999999994,-0.8660254037844387,45.704612780363945,3
33.74.04,Semarang Selatan,2025-05-26,ISPA,324,70890,23.2,27.4,81.6,83.7,73.0,31.7,33.7,26.6,86.0,26.6,86.4,188.39999999999998,324.0,324.0,324.0,324.0,0.0,2287.6,7198.2,5,22,0,0.46472317204376906,-0.8854560256532096,0.49999999999999994,-0.8660254037844387,45.704612780363945,3
33.74.04,Semarang Selatan,2025-06-02,ISPA,276,70890,6.8,28.5,70.9,23.2,83.7,73.0,31.7,27.4,81.6,26.6,86.0,179.9,324.0,324.0,324.0,324.0,0.0,2235.8399999999997,1893.12,6,23,0,0.35460488704253584,-0.9350162426854147,1.2246467991473532e-16,-1.0,45.704612780363945,3
33.74.04,Semarang Selatan,2025-06-09,ISPA,276,70890,24.0,27.5,76.7,6.8,23.2,83.7,73.0,28.5,70.9,27.4,81.6,113.7,276.0,324.0,324.0,308.0,-48.0,2020.65,482.12,6,24,0,0.23931566428755768,-0.970941817426052,1.2246467991473532e-16,-1.0,38.933559035124844,3
33.74.04,Semarang Selatan,2025-06-16,ISPA,276,70890,42.4,27.1,77.3,24.0,6.8,23.2,83.7,27.5,76.7,28.5,70.9,54.0,276.0,276.0,324.0,292.0,0.0,2109.25,1840.8000000000002,6,25,0,0.12053668025532308,-0.992708874098054,1.2246467991473532e-16,-1.0,38.933559035124844,3
33.74.04,Semarang Selatan,2025-06-23,ISPA,276,70890,13.7,28.3,67.0,42.4,24.0,6.8,23.2,27.1,77.3,27.5,76.7,73.2,276.0,276.0,324.0,276.0,0.0,2094.83,3277.52,6,26,0,-3.216245299353273e-16,-1.0,1.2246467991473532e-16,-1.0,38.933559035124844,3
33.74.04,Semarang Selatan,2025-06-30,ISPA,276,70890,20.5,27.7,72.3,13.7,42.4,24.0,6.8,28.3,67.0,27.1,77.3,80.1,276.0,276.0,276.0,276.0,0.0,1896.1000000000001,917.9,6,27,0,-0.12053668025532283,-0.992708874098054,1.2246467991473532e-16,-1.0,38.933559035124844,3
33.74.04,Semarang Selatan,2025-07-07,ISPA,387,70890,3.7,28.0,62.9,20.5,13.7,42.4,24.0,27.7,72.3,28.3,67.0,76.6,276.0,276.0,276.0,276.0,0.0,2002.7099999999998,1482.1499999999999,7,28,0,-0.23931566428755743,-0.9709418174260521,-0.4999999999999997,-0.8660254037844388,38.933559035124844,3
33.74.04,Semarang Selatan,2025-07-14,ISPA,387,70890,6.4,28.1,64.9,3.7,20.5,13.7,42.4,28.0,62.9,27.7,72.3,37.9,387.0,276.0,276.0,313.0,111.0,1761.2,232.73000000000002,7,29,0,-0.3546048870425356,-0.9350162426854148,-0.4999999999999997,-0.8660254037844388,54.591620820990265,3
33.74.04,Semarang Selatan,2025-07-21,ISPA,387,70890,2.6,28.6,62.1,6.4,3.7,20.5,13.7,28.1,64.9,28.0,62.9,30.6,387.0,387.0,276.0,350.0,0.0,1823.6900000000003,415.36000000000007,7,30,0,-0.46472317204376806,-0.8854560256532101,-0.4999999999999997,-0.8660254037844388,54.591620820990265,3
33.74.04,Semarang Selatan,2025-07-28,ISPA,387,70890,15.7,29.2,62.3,2.6,6.4,3.7,20.5,28.6,62.1,28.1,64.9,12.7,387.0,387.0,276.0,387.0,0.0,1776.0600000000002,161.46,7,31,0,-0.5680647467311556,-0.8229838658936566,-0.4999999999999997,-0.8660254037844388,54.591620820990265,3
33.74.04,Semarang Selatan,2025-08-04,ISPA,444,70890,30.0,27.6,75.6,15.7,2.6,6.4,3.7,29.2,62.3,28.6,62.1,24.700000000000003,387.0,387.0,387.0,387.0,0.0,1819.1599999999999,978.1099999999999,8,32,0,-0.663122658240795,-0.7485107481711013,-0.8660254037844385,-0.5000000000000004,54.591620820990265,3
33.74.04,Semarang Selatan,2025-08-11,ISPA,444,70890,37.1,27.4,70.3,30.0,15.7,2.6,6.4,27.6,75.6,29.2,62.3,48.300000000000004,444.0,387.0,387.0,406.0,57.0,2086.56,2268.0,8,33,0,-0.7485107481711011,-0.6631226582407952,-0.8660254037844385,-0.5000000000000004,62.632247143461704,3
33.74.04,Semarang Selatan,2025-08-18,ISPA,444,70890,52.6,27.3,74.3,37.1,30.0,15.7,2.6,27.4,70.3,27.6,75.6,82.8,444.0,444.0,387.0,425.0,0.0,1926.2199999999998,2608.13,8,34,0,-0.8229838658936564,-0.5680647467311559,-0.8660254037844385,-0.5000000000000004,62.632247143461704,3
33.74.04,Semarang Selatan,2025-08-25,ISPA,444,70890,10.4,28.2,65.3,52.6,37.1,30.0,15.7,27.3,74.3,27.4,70.3,119.7,444.0,444.0,387.0,444.0,0.0,2028.3899999999999,3908.18,8,35,0,-0.8854560256532096,-0.4647231720437691,-0.8660254037844385,-0.5000000000000004,62.632247143461704,3
33.74.04,Semarang Selatan,2025-09-01,ISPA,376,70890,1.3,29.3,58.3,10.4,52.6,37.1,30.0,28.2,65.3,27.3,74.3,100.1,444.0,444.0,444.0,444.0,0.0,1841.4599999999998,679.12,9,36,0,-0.9350162426854147,-0.3546048870425359,-1.0,-1.8369701987210297e-16,62.632247143461704,3
33.74.04,Semarang Selatan,2025-09-08,ISPA,376,70890,37.2,27.7,74.6,1.3,10.4,52.6,37.1,29.3,58.3,28.2,65.3,64.3,376.0,444.0,444.0,421.3333333333333,-68.0,1708.19,75.78999999999999,9,37,0,-0.970941817426052,-0.23931566428755774,-1.0,-1.8369701987210297e-16,53.03992100437297,3
33.74.04,Semarang Selatan,2025-09-15,ISPA,376,70890,52.0,27.6,73.1,37.2,1.3,10.4,52.6,27.7,74.6,29.3,58.3,48.9,376.0,376.0,444.0,398.6666666666667,0.0,2066.4199999999996,2775.12,9,38,0,-0.992708874098054,-0.12053668025532357,-1.0,-1.8369701987210297e-16,53.03992100437297,3
33.74.04,Semarang Selatan,2025-09-22,ISPA,376,70890,15.3,29.1,67.0,52.0,37.2,1.3,10.4,27.6,73.1,27.7,74.6,90.5,376.0,376.0,444.0,376.0,0.0,2017.56,3801.2,9,39,0,-1.0,-1.8369701987210297e-16,-1.0,-1.8369701987210297e-16,53.03992100437297,3
33.74.04,Semarang Selatan,2025-09-29,ISPA,376,70890,32.0,27.9,73.0,15.3,52.0,37.2,1.3,29.1,67.0,27.6,73.1,104.5,376.0,376.0,376.0,376.0,0.0,1949.7,1025.1000000000001,9,40,0,-0.992708874098054,0.1205366802553232,-1.0,-1.8369701987210297e-16,53.03992100437297,3
33.74.04,Semarang Selatan,2025-10-06,ISPA,427,70890,3.6,29.5,62.6,32.0,15.3,52.0,37.2,27.9,73.0,29.1,67.0,99.3,376.0,376.0,376.0,376.0,0.0,2036.6999999999998,2336.0,10,41,1,-0.9709418174260521,0.23931566428755738,-0.8660254037844386,0.5000000000000001,53.03992100437297,3
33.74.04,Semarang Selatan,2025-10-13,ISPA,427,70890,36.0,29.7,67.6,3.6,32.0,15.3,52.0,29.5,62.6,27.9,73.0,50.900000000000006,427.0,376.0,376.0,393.0,51.0,1846.7,225.36,10,42,1,-0.9350162426854148,0.35460488704253557,-0.8660254037844386,0.5000000000000001,60.23416560868952,3
33.74.04,Semarang Selatan,2025-10-20,ISPA,427,70890,150.9,26.8,85.4,36.0,3.6,32.0,15.3,29.7,67.6,29.5,62.6,71.6,427.0,427.0,376.0,410.0,0.0,2007.7199999999998,2433.6,10,43,1,-0.8854560256532101,0.464723172043768,-0.8660254037844386,0.5000000000000001,60.23416560868952,3
33.74.04,Semarang Selatan,2025-10-27,ISPA,427,70890,59.8,26.9,84.6,150.9,36.0,3.6,32.0,26.8,85.4,29.7,67.6,190.5,427.0,427.0,376.0,427.0,0.0,2288.7200000000003,12886.86,10,44,1,-0.822983865893657,0.5680647467311548,-0.8660254037844386,0.5000000000000001,60.23416560868952,3
33.74.04,Semarang Selatan,2025-11-03,ISPA,510,70890,39.2,27.1,82.9,59.8,150.9,36.0,3.6,26.9,84.6,26.8,85.4,246.7,427.0,427.0,427.0,427.0,0.0,2275.74,5059.079999999999,11,45,1,-0.7485107481711011,0.6631226582407952,-0.5000000000000004,0.8660254037844384,60.23416560868952,3
33.74.04,Semarang Selatan,2025-11-10,ISPA,510,70890,66.9,26.6,86.0,39.2,59.8,150.9,36.0,27.1,82.9,26.9,84.6,249.9,510.0,427.0,427.0,454.6666666666667,83.0,2246.59,3249.6800000000003,11,46,1,-0.6631226582407955,0.7485107481711007,-0.5000000000000004,0.8660254037844384,71.94244604316548,3
33.74.04,Semarang Selatan,2025-11-17,ISPA,510,70890,47.2,27.0,82.7,66.9,39.2,59.8,150.9,26.6,86.0,27.1,82.9,165.9,510.0,510.0,427.0,482.3333333333333,0.0,2287.6,5753.400000000001,11,47,1,-0.5680647467311559,0.8229838658936564,-0.5000000000000004,0.8660254037844384,71.94244604316548,3
33.74.04,Semarang Selatan,2025-11-24,ISPA,510,70890,8.1,28.6,68.4,47.2,66.9,39.2,59.8,27.0,82.7,26.6,86.0,153.3,510.0,510.0,427.0,510.0,0.0,2232.9,3903.4400000000005,11,48,1,-0.4647231720437684,0.88545602565321,-0.5000000000000004,0.8660254037844384,71.94244604316548,3
33.74.04,Semarang Selatan,2025-12-01,ISPA,304,70890,25.8,27.3,80.0,8.1,47.2,66.9,39.2,28.6,68.4,27.0,82.7,122.20000000000002,510.0,510.0,510.0,510.0,0.0,1956.2400000000002,554.0400000000001,12,49,0,-0.35460488704253595,0.9350162426854147,-2.4492935982947064e-16,1.0,71.94244604316548,3
33.74.04,Semarang Selatan,2025-12-08,ISPA,304,70890,47.5,26.5,86.1,25.8,8.1,47.2,66.9,27.3,80.0,28.6,68.4,81.1,304.0,510.0,510.0,441.3333333333333,-206.0,2184.0,2064.0,12,50,0,-0.2393156642875578,0.970941817426052,-2.4492935982947064e-16,1.0,42.88334038651431,3
33.74.04,Semarang Selatan,2025-12-15,ISPA,304,70890,35.2,27.2,80.4,47.5,25.8,8.1,47.2,26.5,86.1,27.3,80.0,81.39999999999999,304.0,304.0,510.0,372.6666666666667,0.0,2281.6499999999996,4089.7499999999995,12,51,0,-0.12053668025532363,0.992708874098054,-2.4492935982947064e-16,1.0,42.88334038651431,3
33.74.04,Semarang Selatan,2025-12-22,ISPA,304,70890,47.3,27.1,84.6,35.2,47.5,25.8,8.1,27.2,80.4,26.5,86.1,108.5,304.0,304.0,510.0,304.0,0.0,2186.88,2830.0800000000004,12,52,0,6.432490598706546e-16,1.0,-2.4492935982947064e-16,1.0,42.88334038651431,3
33.74.04,Semarang Selatan,2025-12-29,ISPA,304,70890,20.8,26.7,82.7,47.3,35.2,47.5,25.8,27.1,84.6,27.2,80.4,130.0,304.0,304.0,304.0,304.0,0.0,2292.66,4001.5799999999995,12,1,0,0.12053668025532305,0.992708874098054,-2.4492935982947064e-16,1.0,42.88334038651431,3
33.74.05,Semarang Barat,2025-02-03,ISPA,752,158726,24.4,26.8,81.7,83.1,68.4,54.5,57.0,25.9,86.0,26.5,87.9,206.0,726.0,726.0,726.0,726.0,0.0,2227.4,7146.599999999999,2,6,0,0.6631226582407952,0.7485107481711011,0.8660254037844386,0.5000000000000001,45.739198366997215,4
33.74.05,Semarang Barat,2025-02-10,ISPA,752,158726,21.9,27.0,82.4,24.4,83.1,68.4,54.5,26.8,81.7,25.9,86.0,175.9,752.0,726.0,726.0,734.6666666666666,26.0,2189.56,1993.48,2,7,0,0.7485107481711011,0.6631226582407953,0.8660254037844386,0.5000000000000001,47.37724128372163,4
33.74.05,Semarang Barat,2025-02-17,ISPA,752,158726,41.2,26.6,84.6,21.9,24.4,83.1,68.4,27.0,82.4,26.8,81.7,129.39999999999998,752.0,752.0,726.0,743.3333333333334,0.0,2224.8,1804.56,2,8,0,0.8229838658936564,0.5680647467311559,0.8660254037844386,0.5000000000000001,47.37724128372163,4
33.74.05,Semarang Barat,2025-02-24,ISPA,752,158726,78.3,26.5,87.6,41.2,21.9,24.4,83.1,26.6,84.6,27.0,82.4,87.5,752.0,752.0,726.0,752.0,0.0,2250.36,3485.52,2,9,0,0.8854560256532099,0.4647231720437686,0.8660254037844386,0.5000000000000001,47.37724128372163,4
33.74.05,Semarang Barat,2025-03-03,ISPA,549,158726,57.7,27.1,85.0,78.3,41.2,21.9,24.4,26.5,87.6,26.6,84.6,141.4,752.0,752.0,752.0,752.0,0.0,2321.3999999999996,6859.079999999999,3,10,1,0.9350162426854148,0.35460488704253557,1.0,6.123233995736766e-17,47.37724128372163,4
33.74.05,Semarang Barat,2025-03-10,ISPA,549,158726,37.5,27.0,84.7,57.7,78.3,41.2,21.9,27.1,85.0,26.5,87.6,177.2,549.0,752.0,752.0,684.3333333333334,-203.0,2303.5,4904.5,3,11,1,0.970941817426052,0.23931566428755804,1.0,6.123233995736766e-17,34.58790620314252,4
33.74.05,Semarang Barat,2025-03-17,ISPA,549,158726,18.3,27.3,80.1,37.5,57.7,78.3,41.2,27.0,84.7,27.1,85.0,173.5,549.0,549.0,752.0,616.6666666666666,0.0,2286.9,3176.25,3,12,1,0.992708874098054,0.120536680255323,1.0,6.123233995736766e-17,34.58790620314252,4
33.74.05,Semarang Barat,2025-03-24,ISPA,549,158726,20.0,27.7,80.9,18.3,37.5,57.7,78.3,27.3,80.1,27.0,84.7,113.5,549.0,549.0,752.0,549.0,0.0,2186.73,1465.83,3,13,1,1.0,-1.6081226496766366e-16,1.0,6.123233995736766e-17,34.58790620314252,4
33.74.05,Semarang Barat,2025-03-31,ISPA,549,158726,41.7,27.3,82.1,20.0,18.3,37.5,57.7,27.7,80.9,27.3,80.1,75.8,549.0,549.0,549.0,549.0,0.0,2240.9300000000003,1618.0,3,14,1,0.992708874098054,-0.12053668025532288,1.0,6.123233995736766e-17,34.58790620314252,4
33.74.05,Semarang Barat,2025-04-07,ISPA,547,158726,35.2,27.8,79.9,41.7,20.0,18.3,37.5,27.3,82.1,27.7,80.9,80.0,549.0,549.0,549.0,549.0,0.0,2241.33,3423.57,4,15,1,0.9709418174260521,-0.2393156642875575,0.8660254037844387,-0.4999999999999998,34.58790620314252,4
33.74.05,Semarang Barat,2025-04-14,ISPA,547,158726,35.5,27.3,83.4,35.2,41.7,20.0,18.3,27.8,79.9,27.3,82.1,96.9,547.0,549.0,549.0,548.3333333333334,-2.0,2221.2200000000003,2812.4800000000005,4,16,1,0.9350162426854148,-0.35460488704253545,0.8660254037844387,-0.4999999999999998,34.46190290185603,4
33.74.05,Semarang Barat,2025-04-21,ISPA,547,158726,24.8,27.7,80.0,35.5,35.2,41.7,20.0,27.3,83.4,27.8,79.9,112.4,547.0,547.0,549.0,547.6666666666666,0.0,2276.82,2960.7000000000003,4,17,1,0.8854560256532099,-0.4647231720437685,0.8660254037844387,-0.4999999999999998,34.46190290185603,4
33.74.05,Semarang Barat,2025-04-28,ISPA,547,158726,33.7,28.6,69.9,24.8,35.5,35.2,41.7,27.7,80.0,27.3,83.4,95.5,547.0,547.0,549.0,547.0,0.0,2216.0,1984.0,4,18,1,0.8229838658936565,-0.5680647467311557,0.8660254037844387,-0.4999999999999998,34.46190290185603,4
33.74.05,Semarang Barat,2025-05-05,ISPA,608,158726,31.7,28.2,78.1,33.7,24.8,35.5,35.2,28.6,69.9,27.7,80.0,94.0,547.0,547.0,547.0,547.0,0.0,1999.1400000000003,2355.6300000000006,5,19,0,0.7485107481711013,-0.663122658240795,0.49999999999999994,-0.8660254037844387,34.46190290185603,4
33.74.05,Semarang Barat,2025-05-12,ISPA,608,158726,73.0,26.8,86.4,31.7,33.7,24.8,35.5,28.2,78.1,28.6,69.9,90.2,608.0,547.0,547.0,567.3333333333334,61.0,2202.4199999999996,2475.77,5,20,0,0.6631226582407952,-0.7485107481711012,0.49999999999999994,-0.8660254037844387,38.305003591094085,4
33.74.05,Semarang Barat,2025-05-19,ISPA,608,158726,83.7,26.8,86.0,73.0,31.7,33.7,24.8,26.8,86.4,28.2,78.1,138.4,608.0,608.0,547.0,587.6666666666666,0.0,2315.5200000000004,6307.200000000001,5,21,0,0.5680647467311558,-0.8229838658936564,0.49999999999999994,-0.8660254037844387,38.305003591094085,4
33.74.05,Semarang Barat,2025-05-26,ISPA,608,158726,23.2,27.6,81.6,83.7,73.0,31.7,33.7,26.8,86.0,26.8,86.4,188.39999999999998,608.0,608.0,547.0,608.0,0.0,2304.8,7198.2,5,22,0,0.46472317204376906,-0.8854560256532096,0.49999999999999994,-0.8660254037844387,38.305003591094085,4
33.74.05,Semarang Barat,2025-06-02,ISPA,573,158726,6.8,28.7,70.9,23.2,83.7,73.0,31.7,27.6,81.6,26.8,86.0,179.9,608.0,608.0,608.0,608.0,0.0,2252.16,1893.12,6,23,0,0.35460488704253584,-0.9350162426854147,1.2246467991473532e-16,-1.0,38.305003591094085,4
33.74.05,Semarang Barat,2025-06-09,ISPA,573,158726,24.0,27.7,76.7,6.8,23.2,83.7,73.0,28.7,70.9,27.6,81.6,113.7,573.0,608.0,608.0,596.3333333333334,-35.0,2034.8300000000002,482.12,6,24,0,0.23931566428755768,-0.970941817426052,1.2246467991473532e-16,-1.0,36.09994581858045,4
33.74.05,Semarang Barat,2025-06-16,ISPA,573,158726,42.4,27.3,77.3,24.0,6.8,23.2,83.7,27.7,76.7,28.7,70.9,54.0,573.0,573.0,608.0,584.6666666666666,0.0,2124.59,1840.8000000000002,6,25,0,0.12053668025532308,-0.992708874098054,1.2246467991473532e-16,-1.0,36.09994581858045,4
33.74.05,Semarang Barat,2025-06-23,ISPA,573,158726,13.7,28.5,67.0,42.4,24.0,6.8,23.2,27.3,77.3,27.7,76.7,73.2,573.0,573.0,608.0,573.0,0.0,2110.29,3277.52,6,26,0,-3.216245299353273e-16,-1.0,1.2246467991473532e-16,-1.0,36.09994581858045,4
33.74.05,Semarang Barat,2025-06-30,ISPA,573,158726,20.5,28.0,72.4,13.7,42.4,24.0,6.8,28.5,67.0,27.3,77.3,80.1,573.0,573.0,573.0,573.0,0.0,1909.5,917.9,6,27,0,-0.12053668025532283,-0.992708874098054,1.2246467991473532e-16,-1.0,36.09994581858045,4
33.74.05,Semarang Barat,2025-07-07,ISPA,690,158726,3.7,28.2,62.9,20.5,13.7,42.4,24.0,28.0,72.4,28.5,67.0,76.6,573.0,573.0,573.0,573.0,0.0,2027.2000000000003,1484.2,7,28,0,-0.23931566428755743,-0.9709418174260521,-0.4999999999999997,-0.8660254037844388,36.09994581858045,4
33.74.05,Semarang Barat,2025-07-14,ISPA,690,158726,6.4,28.3,64.9,3.7,20.5,13.7,42.4,28.2,62.9,28.0,72.4,37.9,690.0,573.0,573.0,612.0,117.0,1773.78,232.73000000000002,7,29,0,-0.3546048870425356,-0.9350162426854148,-0.4999999999999997,-0.8660254037844388,43.47113894384032,4
33.74.05,Semarang Barat,2025-07-21,ISPA,690,158726,2.6,28.8,62.1,6.4,3.7,20.5,13.7,28.3,64.9,28.2,62.9,30.6,690.0,690.0,573.0,651.0,0.0,1836.6700000000003,415.36000000000007,7,30,0,-0.46472317204376806,-0.8854560256532101,-0.4999999999999997,-0.8660254037844388,43.47113894384032,4
33.74.05,Semarang Barat,2025-07-28,ISPA,690,158726,15.7,29.4,62.3,2.6,6.4,3.7,20.5,28.8,62.1,28.3,64.9,12.7,690.0,690.0,573.0,690.0,0.0,1788.48,161.46,7,31,0,-0.5680647467311556,-0.8229838658936566,-0.4999999999999997,-0.8660254037844388,43.47113894384032,4
33.74.05,Semarang Barat,2025-08-04,ISPA,843,158726,30.0,27.8,75.6,15.7,2.6,6.4,3.7,29.4,62.3,28.8,62.1,24.700000000000003,690.0,690.0,690.0,690.0,0.0,1831.62,978.1099999999999,8,32,0,-0.663122658240795,-0.7485107481711013,-0.8660254037844385,-0.5000000000000004,43.47113894384032,4
33.74.05,Semarang Barat,2025-08-11,ISPA,843,158726,37.1,27.6,70.3,30.0,15.7,2.6,6.4,27.8,75.6,29.4,62.3,48.300000000000004,843.0,690.0,690.0,741.0,153.0,2101.68,2268.0,8,33,0,-0.7485107481711011,-0.6631226582407952,-0.8660254037844385,-0.5000000000000004,53.1103914922571,4
33.74.05,Semarang Barat,2025-08-18,ISPA,843,158726,52.6,27.5,74.3,37.1,30.0,15.7,2.6,27.6,70.3,27.8,75.6,82.8,843.0,843.0,690.0,792.0,0.0,1940.28,2608.13,8,34,0,-0.8229838658936564,-0.5680647467311559,-0.8660254037844385,-0.5000000000000004,53.1103914922571,4
33.74.05,Semarang Barat,2025-08-25,ISPA,843,158726,10.4,28.4,65.3,52.6,37.1,30.0,15.7,27.5,74.3,27.6,70.3,119.7,843.0,843.0,690.0,843.0,0.0,2043.25,3908.18,8,35,0,-0.8854560256532096,-0.4647231720437691,-0.8660254037844385,-0.5000000000000004,53.1103914922571,4
33.74.05,Semarang Barat,2025-09-01,ISPA,670,158726,1.3,29.5,58.3,10.4,52.6,37.1,30.0,28.4,65.3,27.5,74.3,100.1,843.0,843.0,843.0,843.0,0.0,1854.5199999999998,679.12,9,36,0,-0.9350162426854147,-0.3546048870425359,-1.0,-1.8369701987210297e-16,53.1103914922571,4
33.74.05,Semarang Barat,2025-09-08,ISPA,670,158726,37.2,28.0,74.6,1.3,10.4,52.6,37.1,29.5,58.3,28.4,65.3,64.3,670.0,843.0,843.0,785.3333333333334,-173.0,1719.85,75.78999999999999,9,37,0,-0.970941817426052,-0.23931566428755774,-1.0,-1.8369701987210297e-16,42.21110593097539,4
33.74.05,Semarang Barat,2025-09-15,ISPA,670,158726,52.0,27.9,73.3,37.2,1.3,10.4,52.6,28.0,74.6,29.5,58.3,48.9,670.0,670.0,843.0,727.6666666666666,0.0,2088.7999999999997,2775.12,9,38,0,-0.992708874098054,-0.12053668025532357,-1.0,-1.8369701987210297e-16,42.21110593097539,4
33.74.05,Semarang Barat,2025-09-22,ISPA,670,158726,15.3,29.3,67.0,52.0,37.2,1.3,10.4,27.9,73.3,28.0,74.6,90.5,670.0,670.0,843.0,670.0,0.0,2045.0699999999997,3811.6,9,39,0,-1.0,-1.8369701987210297e-16,-1.0,-1.8369701987210297e-16,42.21110593097539,4
33.74.05,Semarang Barat,2025-09-29,ISPA,670,158726,32.0,28.1,73.0,15.3,52.0,37.2,1.3,29.3,67.0,27.9,73.3,104.5,670.0,670.0,670.0,670.0,0.0,1963.1000000000001,1025.1000000000001,9,40,0,-0.992708874098054,0.1205366802553232,-1.0,-1.8369701987210297e-16,42.21110593097539,4
33.74.05,Semarang Barat,2025-10-06,ISPA,884,158726,3.6,29.7,62.9,32.0,15.3,52.0,37.2,28.1,73.0,29.3,67.0,99.3,670.0,670.0,670.0,670.0,0.0,2051.3,2336.0,10,41,1,-0.9709418174260521,0.23931566428755738,-0.8660254037844386,0.5000000000000001,42.21110593097539,4
33.74.05,Semarang Barat,2025-10-13,ISPA,884,158726,36.0,29.9,67.6,3.6,32.0,15.3,52.0,29.7,62.9,28.1,73.0,50.900000000000006,884.0,670.0,670.0,741.3333333333334,214.0,1868.1299999999999,226.44,10,42,1,-0.9350162426854148,0.35460488704253557,-0.8660254037844386,0.5000000000000001,55.69345916863022,4
33.74.05,Semarang Barat,2025-10-20,ISPA,884,158726,150.9,27.0,85.4,36.0,3.6,32.0,15.3,29.9,67.6,29.7,62.9,71.6,884.0,884.0,670.0,812.6666666666666,0.0,2021.2399999999998,2433.6,10,43,1,-0.8854560256532101,0.464723172043768,-0.8660254037844386,0.5000000000000001,55.69345916863022,4
33.74.05,Semarang Barat,2025-10-27,ISPA,884,158726,59.8,27.1,84.6,150.9,36.0,3.6,32.0,27.0,85.4,29.9,67.6,190.5,884.0,884.0,670.0,884.0,0.0,2305.8,12886.86,10,44,1,-0.822983865893657,0.5680647467311548,-0.8660254037844386,0.5000000000000001,55.69345916863022,4
33.74.05,Semarang Barat,2025-11-03,ISPA,1036,158726,39.2,27.3,83.0,59.8,150.9,36.0,3.6,27.1,84.6,27.0,85.4,246.7,884.0,884.0,884.0,884.0,0.0,2292.66,5059.079999999999,11,45,1,-0.7485107481711011,0.6631226582407952,-0.5000000000000004,0.8660254037844384,55.69345916863022,4
33.74.05,Semarang Barat,2025-11-10,ISPA,1036,158726,66.9,26.8,86.0,39.2,59.8,150.9,36.0,27.3,83.0,27.1,84.6,249.9,1036.0,884.0,884.0,934.6666666666666,152.0,2265.9,3253.6000000000004,11,46,1,-0.6631226582407955,0.7485107481711007,-0.5000000000000004,0.8660254037844384,65.26971006640375,4
33.74.05,Semarang Barat,2025-11-17,ISPA,1036,158726,47.2,27.2,82.7,66.9,39.2,59.8,150.9,26.8,86.0,27.3,83.0,165.9,1036.0,1036.0,884.0,985.3333333333334,0.0,2304.8,5753.400000000001,11,47,1,-0.5680647467311559,0.8229838658936564,-0.5000000000000004,0.8660254037844384,65.26971006640375,4
33.74.05,Semarang Barat,2025-11-24,ISPA,1036,158726,8.1,28.8,68.6,47.2,66.9,39.2,59.8,27.2,82.7,26.8,86.0,153.3,1036.0,1036.0,884.0,1036.0,0.0,2249.44,3903.4400000000005,11,48,1,-0.4647231720437684,0.88545602565321,-0.5000000000000004,0.8660254037844384,65.26971006640375,4
33.74.05,Semarang Barat,2025-12-01,ISPA,690,158726,25.8,27.5,80.1,8.1,47.2,66.9,39.2,28.8,68.6,27.2,82.7,122.20000000000002,1036.0,1036.0,1036.0,1036.0,0.0,1975.6799999999998,555.66,12,49,0,-0.35460488704253595,0.9350162426854147,-2.4492935982947064e-16,1.0,65.26971006640375,4
33.74.05,Semarang Barat,2025-12-08,ISPA,690,158726,47.5,26.7,86.3,25.8,8.1,47.2,66.9,27.5,80.1,28.8,68.6,81.1,690.0,1036.0,1036.0,920.6666666666666,-346.0,2202.75,2066.58,12,50,0,-0.2393156642875578,0.970941817426052,-2.4492935982947064e-16,1.0,43.47113894384032,4
33.74.05,Semarang Barat,2025-12-15,ISPA,690,158726,35.2,27.4,80.4,47.5,25.8,8.1,47.2,26.7,86.3,27.5,80.1,81.39999999999999,690.0,690.0,1036.0,805.3333333333334,0.0,2304.21,4099.25,12,51,0,-0.12053668025532363,0.992708874098054,-2.4492935982947064e-16,1.0,43.47113894384032,4
33.74.05,Semarang Barat,2025-12-22,ISPA,690,158726,47.3,27.3,84.6,35.2,47.5,25.8,8.1,27.4,80.4,26.7,86.3,108.5,690.0,690.0,1036.0,690.0,0.0,2202.96,2830.0800000000004,12,52,0,6.432490598706546e-16,1.0,-2.4492935982947064e-16,1.0,43.47113894384032,4
33.74.05,Semarang Barat,2025-12-29,ISPA,690,158726,20.8,26.9,82.7,47.3,35.2,47.5,25.8,27.3,84.6,27.4,80.4,130.0,690.0,690.0,690.0,690.0,0.0,2309.58,4001.5799999999995,12,1,0,0.12053668025532305,0.992708874098054,-2.4492935982947064e-16,1.0,43.47113894384032,4
33.74.06,Gayamsari,2025-02-03,ISPA,334,68900,24.4,26.6,81.7,83.1,68.4,54.5,57.0,25.7,86.0,26.2,87.9,206.0,294.0,294.0,294.0,294.0,0.0,2210.2,7146.599999999999,2,6,0,0.6631226582407952,0.7485107481711011,0.8660254037844386,0.5000000000000001,42.670537010159656,5
33.74.06,Gayamsari,2025-02-10,ISPA,334,68900,21.9,26.7,82.4,24.4,83.1,68.4,54.5,26.6,81.7,25.7,86.0,175.9,334.0,294.0,294.0,307.3333333333333,40.0,2173.2200000000003,1993.48,2,7,0,0.7485107481711011,0.6631226582407953,0.8660254037844386,0.5000000000000001,48.476052249637156,5
33.74.06,Gayamsari,2025-02-17,ISPA,334,68900,41.2,26.4,84.6,21.9,24.4,83.1,68.4,26.7,82.4,26.6,81.7,129.39999999999998,334.0,334.0,294.0,320.6666666666667,0.0,2200.08,1804.56,2,8,0,0.8229838658936564,0.5680647467311559,0.8660254037844386,0.5000000000000001,48.476052249637156,5
33.74.06,Gayamsari,2025-02-24,ISPA,334,68900,78.3,26.2,87.6,41.2,21.9,24.4,83.1,26.4,84.6,26.7,82.4,87.5,334.0,334.0,294.0,334.0,0.0,2233.4399999999996,3485.52,2,9,0,0.8854560256532099,0.4647231720437686,0.8660254037844386,0.5000000000000001,48.476052249637156,5
33.74.06,Gayamsari,2025-03-03,ISPA,183,68900,57.7,26.8,85.0,78.3,41.2,21.9,24.4,26.2,87.6,26.4,84.6,141.4,334.0,334.0,334.0,334.0,0.0,2295.12,6859.079999999999,3,10,1,0.9350162426854148,0.35460488704253557,1.0,6.123233995736766e-17,48.476052249637156,5
33.74.06,Gayamsari,2025-03-10,ISPA,183,68900,37.5,26.8,84.7,57.7,78.3,41.2,21.9,26.8,85.0,26.2,87.6,177.2,183.0,334.0,334.0,283.6666666666667,-151.0,2278.0,4904.5,3,11,1,0.970941817426052,0.23931566428755804,1.0,6.123233995736766e-17,26.560232220609578,5
33.74.06,Gayamsari,2025-03-17,ISPA,183,68900,18.3,27.1,80.0,37.5,57.7,78.3,41.2,26.8,84.7,26.8,85.0,173.5,183.0,183.0,334.0,233.33333333333334,0.0,2269.96,3176.25,3,12,1,0.992708874098054,0.120536680255323,1.0,6.123233995736766e-17,26.560232220609578,5
33.74.06,Gayamsari,2025-03-24,ISPA,183,68900,20.0,27.5,80.9,18.3,37.5,57.7,78.3,27.1,80.0,26.8,84.7,113.5,183.0,183.0,334.0,183.0,0.0,2168.0,1464.0,3,13,1,1.0,-1.6081226496766366e-16,1.0,6.123233995736766e-17,26.560232220609578,5
33.74.06,Gayamsari,2025-03-31,ISPA,183,68900,41.7,27.0,82.1,20.0,18.3,37.5,57.7,27.5,80.9,27.1,80.0,75.8,183.0,183.0,183.0,183.0,0.0,2224.75,1618.0,3,14,1,0.992708874098054,-0.12053668025532288,1.0,6.123233995736766e-17,26.560232220609578,5
33.74.06,Gayamsari,2025-04-07,ISPA,231,68900,35.2,27.6,79.9,41.7,20.0,18.3,37.5,27.0,82.1,27.5,80.9,80.0,183.0,183.0,183.0,183.0,0.0,2216.7,3423.57,4,15,1,0.9709418174260521,-0.2393156642875575,0.8660254037844387,-0.4999999999999998,26.560232220609578,5
33.74.06,Gayamsari,2025-04-14,ISPA,231,68900,35.5,27.1,83.4,35.2,41.7,20.0,18.3,27.6,79.9,27.0,82.1,96.9,231.0,183.0,183.0,199.0,48.0,2205.2400000000002,2812.4800000000005,4,16,1,0.9350162426854148,-0.35460488704253545,0.8660254037844387,-0.4999999999999998,33.52685050798258,5
33.74.06,Gayamsari,2025-04-21,ISPA,231,68900,24.8,27.4,80.0,35.5,35.2,41.7,20.0,27.1,83.4,27.6,79.9,112.4,231.0,231.0,183.0,215.0,0.0,2260.1400000000003,2960.7000000000003,4,17,1,0.8854560256532099,-0.4647231720437685,0.8660254037844387,-0.4999999999999998,33.52685050798258,5
33.74.06,Gayamsari,2025-04-28,ISPA,231,68900,33.7,28.4,69.9,24.8,35.5,35.2,41.7,27.4,80.0,27.1,83.4,95.5,231.0,231.0,183.0,231.0,0.0,2192.0,1984.0,4,18,1,0.8229838658936565,-0.5680647467311557,0.8660254037844387,-0.4999999999999998,33.52685050798258,5
33.74.06,Gayamsari,2025-05-05,ISPA,239,68900,31.7,28.0,78.1,33.7,24.8,35.5,35.2,28.4,69.9,27.4,80.0,94.0,231.0,231.0,231.0,231.0,0.0,1985.16,2355.6300000000006,5,19,0,0.7485107481711013,-0.663122658240795,0.49999999999999994,-0.8660254037844387,33.52685050798258,5
33.74.06,Gayamsari,2025-05-12,ISPA,239,68900,73.0,26.6,86.4,31.7,33.7,24.8,35.5,28.0,78.1,28.4,69.9,90.2,239.0,231.0,231.0,233.66666666666666,8.0,2186.7999999999997,2475.77,5,20,0,0.6631226582407952,-0.7485107481711012,0.49999999999999994,-0.8660254037844387,34.68795355587809,5
33.74.06,Gayamsari,2025-05-19,ISPA,239,68900,83.7,26.6,86.0,73.0,31.7,33.7,24.8,26.6,86.4,28.0,78.1,138.4,239.0,239.0,231.0,236.33333333333334,0.0,2298.2400000000002,6307.200000000001,5,21,0,0.5680647467311558,-0.8229838658936564,0.49999999999999994,-0.8660254037844387,34.68795355587809,5
33.74.06,Gayamsari,2025-05-26,ISPA,239,68900,23.2,27.4,81.6,83.7,73.0,31.7,33.7,26.6,86.0,26.6,86.4,188.39999999999998,239.0,239.0,231.0,239.0,0.0,2287.6,7198.2,5,22,0,0.46472317204376906,-0.8854560256532096,0.49999999999999994,-0.8660254037844387,34.68795355587809,5
33.74.06,Gayamsari,2025-06-02,ISPA,243,68900,6.8,28.5,70.9,23.2,83.7,73.0,31.7,27.4,81.6,26.6,86.0,179.9,239.0,239.0,239.0,239.0,0.0,2235.8399999999997,1893.12,6,23,0,0.35460488704253584,-0.9350162426854147,1.2246467991473532e-16,-1.0,34.68795355587809,5
33.74.06,Gayamsari,2025-06-09,ISPA,243,68900,24.0,27.5,76.7,6.8,23.2,83.7,73.0,28.5,70.9,27.4,81.6,113.7,243.0,239.0,239.0,240.33333333333334,4.0,2020.65,482.12,6,24,0,0.23931566428755768,-0.970941817426052,1.2246467991473532e-16,-1.0,35.268505079825836,5
33.74.06,Gayamsari,2025-06-16,ISPA,243,68900,42.4,27.1,77.3,24.0,6.8,23.2,83.7,27.5,76.7,28.5,70.9,54.0,243.0,243.0,239.0,241.66666666666666,0.0,2109.25,1840.8000000000002,6,25,0,0.12053668025532308,-0.992708874098054,1.2246467991473532e-16,-1.0,35.268505079825836,5
33.74.06,Gayamsari,2025-06-23,ISPA,243,68900,13.7,28.3,67.0,42.4,24.0,6.8,23.2,27.1,77.3,27.5,76.7,73.2,243.0,243.0,239.0,243.0,0.0,2094.83,3277.52,6,26,0,-3.216245299353273e-16,-1.0,1.2246467991473532e-16,-1.0,35.268505079825836,5
33.74.06,Gayamsari,2025-06-30,ISPA,243,68900,20.5,27.7,72.3,13.7,42.4,24.0,6.8,28.3,67.0,27.1,77.3,80.1,243.0,243.0,243.0,243.0,0.0,1896.1000000000001,917.9,6,27,0,-0.12053668025532283,-0.992708874098054,1.2246467991473532e-16,-1.0,35.268505079825836,5
33.74.06,Gayamsari,2025-07-07,ISPA,335,68900,3.7,28.0,62.9,20.5,13.7,42.4,24.0,27.7,72.3,28.3,67.0,76.6,243.0,243.0,243.0,243.0,0.0,2002.7099999999998,1482.1499999999999,7,28,0,-0.23931566428755743,-0.9709418174260521,-0.4999999999999997,-0.8660254037844388,35.268505079825836,5
33.74.06,Gayamsari,2025-07-14,ISPA,335,68900,6.4,28.1,64.9,3.7,20.5,13.7,42.4,28.0,62.9,27.7,72.3,37.9,335.0,243.0,243.0,273.6666666666667,92.0,1761.2,232.73000000000002,7,29,0,-0.3546048870425356,-0.9350162426854148,-0.4999999999999997,-0.8660254037844388,48.62119013062409,5
33.74.06,Gayamsari,2025-07-21,ISPA,335,68900,2.6,28.6,62.1,6.4,3.7,20.5,13.7,28.1,64.9,28.0,62.9,30.6,335.0,335.0,243.0,304.3333333333333,0.0,1823.6900000000003,415.36000000000007,7,30,0,-0.46472317204376806,-0.8854560256532101,-0.4999999999999997,-0.8660254037844388,48.62119013062409,5
33.74.06,Gayamsari,2025-07-28,ISPA,335,68900,15.7,29.2,62.3,2.6,6.4,3.7,20.5,28.6,62.1,28.1,64.9,12.7,335.0,335.0,243.0,335.0,0.0,1776.0600000000002,161.46,7,31,0,-0.5680647467311556,-0.8229838658936566,-0.4999999999999997,-0.8660254037844388,48.62119013062409,5
33.74.06,Gayamsari,2025-08-04,ISPA,382,68900,30.0,27.6,75.6,15.7,2.6,6.4,3.7,29.2,62.3,28.6,62.1,24.700000000000003,335.0,335.0,335.0,335.0,0.0,1819.1599999999999,978.1099999999999,8,32,0,-0.663122658240795,-0.7485107481711013,-0.8660254037844385,-0.5000000000000004,48.62119013062409,5
33.74.06,Gayamsari,2025-08-11,ISPA,382,68900,37.1,27.4,70.3,30.0,15.7,2.6,6.4,27.6,75.6,29.2,62.3,48.300000000000004,382.0,335.0,335.0,350.6666666666667,47.0,2086.56,2268.0,8,33,0,-0.7485107481711011,-0.6631226582407952,-0.8660254037844385,-0.5000000000000004,55.44267053701016,5
33.74.06,Gayamsari,2025-08-18,ISPA,382,68900,52.6,27.3,74.3,37.1,30.0,15.7,2.6,27.4,70.3,27.6,75.6,82.8,382.0,382.0,335.0,366.3333333333333,0.0,1926.2199999999998,2608.13,8,34,0,-0.8229838658936564,-0.5680647467311559,-0.8660254037844385,-0.5000000000000004,55.44267053701016,5
33.74.06,Gayamsari,2025-08-25,ISPA,382,68900,10.4,28.2,65.3,52.6,37.1,30.0,15.7,27.3,74.3,27.4,70.3,119.7,382.0,382.0,335.0,382.0,0.0,2028.3899999999999,3908.18,8,35,0,-0.8854560256532096,-0.4647231720437691,-0.8660254037844385,-0.5000000000000004,55.44267053701016,5
33.74.06,Gayamsari,2025-09-01,ISPA,122,68900,1.3,29.3,58.3,10.4,52.6,37.1,30.0,28.2,65.3,27.3,74.3,100.1,382.0,382.0,382.0,382.0,0.0,1841.4599999999998,679.12,9,36,0,-0.9350162426854147,-0.3546048870425359,-1.0,-1.8369701987210297e-16,55.44267053701016,5
33.74.06,Gayamsari,2025-09-08,ISPA,122,68900,37.2,27.7,74.6,1.3,10.4,52.6,37.1,29.3,58.3,28.2,65.3,64.3,122.0,382.0,382.0,295.3333333333333,-260.0,1708.19,75.78999999999999,9,37,0,-0.970941817426052,-0.23931566428755774,-1.0,-1.8369701987210297e-16,17.706821480406386,5
33.74.06,Gayamsari,2025-09-15,ISPA,122,68900,52.0,27.6,73.1,37.2,1.3,10.4,52.6,27.7,74.6,29.3,58.3,48.9,122.0,122.0,382.0,208.66666666666666,0.0,2066.4199999999996,2775.12,9,38,0,-0.992708874098054,-0.12053668025532357,-1.0,-1.8369701987210297e-16,17.706821480406386,5
33.74.06,Gayamsari,2025-09-22,ISPA,122,68900,15.3,29.1,67.0,52.0,37.2,1.3,10.4,27.6,73.1,27.7,74.6,90.5,122.0,122.0,382.0,122.0,0.0,2017.56,3801.2,9,39,0,-1.0,-1.8369701987210297e-16,-1.0,-1.8369701987210297e-16,17.706821480406386,5
33.74.06,Gayamsari,2025-09-29,ISPA,122,68900,32.0,27.9,73.0,15.3,52.0,37.2,1.3,29.1,67.0,27.6,73.1,104.5,122.0,122.0,122.0,122.0,0.0,1949.7,1025.1000000000001,9,40,0,-0.992708874098054,0.1205366802553232,-1.0,-1.8369701987210297e-16,17.706821480406386,5
33.74.06,Gayamsari,2025-10-06,ISPA,232,68900,3.6,29.5,62.6,32.0,15.3,52.0,37.2,27.9,73.0,29.1,67.0,99.3,122.0,122.0,122.0,122.0,0.0,2036.6999999999998,2336.0,10,41,1,-0.9709418174260521,0.23931566428755738,-0.8660254037844386,0.5000000000000001,17.706821480406386,5
33.74.06,Gayamsari,2025-10-13,ISPA,232,68900,36.0,29.7,67.6,3.6,32.0,15.3,52.0,29.5,62.6,27.9,73.0,50.900000000000006,232.0,122.0,122.0,158.66666666666666,110.0,1846.7,225.36,10,42,1,-0.9350162426854148,0.35460488704253557,-0.8660254037844386,0.5000000000000001,33.67198838896952,5
33.74.06,Gayamsari,2025-10-20,ISPA,232,68900,150.9,26.8,85.4,36.0,3.6,32.0,15.3,29.7,67.6,29.5,62.6,71.6,232.0,232.0,122.0,195.33333333333334,0.0,2007.7199999999998,2433.6,10,43,1,-0.8854560256532101,0.464723172043768,-0.8660254037844386,0.5000000000000001,33.67198838896952,5
33.74.06,Gayamsari,2025-10-27,ISPA,232,68900,59.8,26.9,84.6,150.9,36.0,3.6,32.0,26.8,85.4,29.7,67.6,190.5,232.0,232.0,122.0,232.0,0.0,2288.7200000000003,12886.86,10,44,1,-0.822983865893657,0.5680647467311548,-0.8660254037844386,0.5000000000000001,33.67198838896952,5
33.74.06,Gayamsari,2025-11-03,ISPA,276,68900,39.2,27.1,82.9,59.8,150.9,36.0,3.6,26.9,84.6,26.8,85.4,246.7,232.0,232.0,232.0,232.0,0.0,2275.74,5059.079999999999,11,45,1,-0.7485107481711011,0.6631226582407952,-0.5000000000000004,0.8660254037844384,33.67198838896952,5
33.74.06,Gayamsari,2025-11-10,ISPA,276,68900,66.9,26.6,86.0,39.2,59.8,150.9,36.0,27.1,82.9,26.9,84.6,249.9,276.0,232.0,232.0,246.66666666666666,44.0,2246.59,3249.6800000000003,11,46,1,-0.6631226582407955,0.7485107481711007,-0.5000000000000004,0.8660254037844384,40.05805515239477,5
33.74.06,Gayamsari,2025-11-17,ISPA,276,68900,47.2,27.0,82.7,66.9,39.2,59.8,150.9,26.6,86.0,27.1,82.9,165.9,276.0,276.0,232.0,261.3333333333333,0.0,2287.6,5753.400000000001,11,47,1,-0.5680647467311559,0.8229838658936564,-0.5000000000000004,0.8660254037844384,40.05805515239477,5
33.74.06,Gayamsari,2025-11-24,ISPA,276,68900,8.1,28.6,68.4,47.2,66.9,39.2,59.8,27.0,82.7,26.6,86.0,153.3,276.0,276.0,232.0,276.0,0.0,2232.9,3903.4400000000005,11,48,1,-0.4647231720437684,0.88545602565321,-0.5000000000000004,0.8660254037844384,40.05805515239477,5
33.74.06,Gayamsari,2025-12-01,ISPA,231,68900,25.8,27.3,80.0,8.1,47.2,66.9,39.2,28.6,68.4,27.0,82.7,122.20000000000002,276.0,276.0,276.0,276.0,0.0,1956.2400000000002,554.0400000000001,12,49,0,-0.35460488704253595,0.9350162426854147,-2.4492935982947064e-16,1.0,40.05805515239477,5
33.74.06,Gayamsari,2025-12-08,ISPA,231,68900,47.5,26.5,86.1,25.8,8.1,47.2,66.9,27.3,80.0,28.6,68.4,81.1,231.0,276.0,276.0,261.0,-45.0,2184.0,2064.0,12,50,0,-0.2393156642875578,0.970941817426052,-2.4492935982947064e-16,1.0,33.52685050798258,5
33.74.06,Gayamsari,2025-12-15,ISPA,231,68900,35.2,27.2,80.4,47.5,25.8,8.1,47.2,26.5,86.1,27.3,80.0,81.39999999999999,231.0,231.0,276.0,246.0,0.0,2281.6499999999996,4089.7499999999995,12,51,0,-0.12053668025532363,0.992708874098054,-2.4492935982947064e-16,1.0,33.52685050798258,5
33.74.06,Gayamsari,2025-12-22,ISPA,231,68900,47.3,27.1,84.6,35.2,47.5,25.8,8.1,27.2,80.4,26.5,86.1,108.5,231.0,231.0,276.0,231.0,0.0,2186.88,2830.0800000000004,12,52,0,6.432490598706546e-16,1.0,-2.4492935982947064e-16,1.0,33.52685050798258,5
33.74.06,Gayamsari,2025-12-29,ISPA,231,68900,20.8,26.7,82.7,47.3,35.2,47.5,25.8,27.1,84.6,27.2,80.4,130.0,231.0,231.0,231.0,231.0,0.0,2292.66,4001.5799999999995,12,1,0,0.12053668025532305,0.992708874098054,-2.4492935982947064e-16,1.0,33.52685050798258,5
33.74.07,Candisari,2025-02-03,ISPA,398,78420,24.4,26.6,81.7,83.1,68.4,54.5,57.0,25.7,86.0,26.2,87.9,206.0,363.0,363.0,363.0,363.0,0.0,2210.2,7146.599999999999,2,6,0,0.6631226582407952,0.7485107481711011,0.8660254037844386,0.5000000000000001,46.289211935730684,6
33.74.07,Candisari,2025-02-10,ISPA,398,78420,21.9,26.7,82.4,24.4,83.1,68.4,54.5,26.6,81.7,25.7,86.0,175.9,398.0,363.0,363.0,374.6666666666667,35.0,2173.2200000000003,1993.48,2,7,0,0.7485107481711011,0.6631226582407953,0.8660254037844386,0.5000000000000001,50.752359092068346,6
33.74.07,Candisari,2025-02-17,ISPA,398,78420,41.2,26.4,84.6,21.9,24.4,83.1,68.4,26.7,82.4,26.6,81.7,129.39999999999998,398.0,398.0,363.0,386.3333333333333,0.0,2200.08,1804.56,2,8,0,0.8229838658936564,0.5680647467311559,0.8660254037844386,0.5000000000000001,50.752359092068346,6
33.74.07,Candisari,2025-02-24,ISPA,398,78420,78.3,26.2,87.6,41.2,21.9,24.4,83.1,26.4,84.6,26.7,82.4,87.5,398.0,398.0,363.0,398.0,0.0,2233.4399999999996,3485.52,2,9,0,0.8854560256532099,0.4647231720437686,0.8660254037844386,0.5000000000000001,50.752359092068346,6
33.74.07,Candisari,2025-03-03,ISPA,297,78420,57.7,26.8,85.0,78.3,41.2,21.9,24.4,26.2,87.6,26.4,84.6,141.4,398.0,398.0,398.0,398.0,0.0,2295.12,6859.079999999999,3,10,1,0.9350162426854148,0.35460488704253557,1.0,6.123233995736766e-17,50.752359092068346,6
33.74.07,Candisari,2025-03-10,ISPA,297,78420,37.5,26.8,84.7,57.7,78.3,41.2,21.9,26.8,85.0,26.2,87.6,177.2,297.0,398.0,398.0,364.3333333333333,-101.0,2278.0,4904.5,3,11,1,0.970941817426052,0.23931566428755804,1.0,6.123233995736766e-17,37.87299158377965,6
33.74.07,Candisari,2025-03-17,ISPA,297,78420,18.3,27.1,80.0,37.5,57.7,78.3,41.2,26.8,84.7,26.8,85.0,173.5,297.0,297.0,398.0,330.6666666666667,0.0,2269.96,3176.25,3,12,1,0.992708874098054,0.120536680255323,1.0,6.123233995736766e-17,37.87299158377965,6
33.74.07,Candisari,2025-03-24,ISPA,297,78420,20.0,27.5,80.9,18.3,37.5,57.7,78.3,27.1,80.0,26.8,84.7,113.5,297.0,297.0,398.0,297.0,0.0,2168.0,1464.0,3,13,1,1.0,-1.6081226496766366e-16,1.0,6.123233995736766e-17,37.87299158377965,6
33.74.07,Candisari,2025-03-31,ISPA,297,78420,41.7,27.0,82.1,20.0,18.3,37.5,57.7,27.5,80.9,27.1,80.0,75.8,297.0,297.0,297.0,297.0,0.0,2224.75,1618.0,3,14,1,0.992708874098054,-0.12053668025532288,1.0,6.123233995736766e-17,37.87299158377965,6
33.74.07,Candisari,2025-04-07,ISPA,312,78420,35.2,27.6,79.9,41.7,20.0,18.3,37.5,27.0,82.1,27.5,80.9,80.0,297.0,297.0,297.0,297.0,0.0,2216.7,3423.57,4,15,1,0.9709418174260521,-0.2393156642875575,0.8660254037844387,-0.4999999999999998,37.87299158377965,6
33.74.07,Candisari,2025-04-14,ISPA,312,78420,35.5,27.1,83.4,35.2,41.7,20.0,18.3,27.6,79.9,27.0,82.1,96.9,312.0,297.0,297.0,302.0,15.0,2205.2400000000002,2812.4800000000005,4,16,1,0.9350162426854148,-0.35460488704253545,0.8660254037844387,-0.4999999999999998,39.78576893649579,6
33.74.07,Candisari,2025-04-21,ISPA,312,78420,24.8,27.4,80.0,35.5,35.2,41.7,20.0,27.1,83.4,27.6,79.9,112.4,312.0,312.0,297.0,307.0,0.0,2260.1400000000003,2960.7000000000003,4,17,1,0.8854560256532099,-0.4647231720437685,0.8660254037844387,-0.4999999999999998,39.78576893649579,6
33.74.07,Candisari,2025-04-28,ISPA,312,78420,33.7,28.4,69.9,24.8,35.5,35.2,41.7,27.4,80.0,27.1,83.4,95.5,312.0,312.0,297.0,312.0,0.0,2192.0,1984.0,4,18,1,0.8229838658936565,-0.5680647467311557,0.8660254037844387,-0.4999999999999998,39.78576893649579,6
33.74.07,Candisari,2025-05-05,ISPA,288,78420,31.7,28.0,78.1,33.7,24.8,35.5,35.2,28.4,69.9,27.4,80.0,94.0,312.0,312.0,312.0,312.0,0.0,1985.16,2355.6300000000006,5,19,0,0.7485107481711013,-0.663122658240795,0.49999999999999994,-0.8660254037844387,39.78576893649579,6
33.74.07,Candisari,2025-05-12,ISPA,288,78420,73.0,26.6,86.4,31.7,33.7,24.8,35.5,28.0,78.1,28.4,69.9,90.2,288.0,312.0,312.0,304.0,-24.0,2186.7999999999997,2475.77,5,20,0,0.6631226582407952,-0.7485107481711012,0.49999999999999994,-0.8660254037844387,36.72532517214996,6
33.74.07,Candisari,2025-05-19,ISPA,288,78420,83.7,26.6,86.0,73.0,31.7,33.7,24.8,26.6,86.4,28.0,78.1,138.4,288.0,288.0,312.0,296.0,0.0,2298.2400000000002,6307.200000000001,5,21,0,0.5680647467311558,-0.8229838658936564,0.49999999999999994,-0.8660254037844387,36.72532517214996,6
33.74.07,Candisari,2025-05-26,ISPA,288,78420,23.2,27.4,81.6,83.7,73.0,31.7,33.7,26.6,86.0,26.6,86.4,188.39999999999998,288.0,288.0,312.0,288.0,0.0,2287.6,7198.2,5,22,0,0.46472317204376906,-0.8854560256532096,0.49999999999999994,-0.8660254037844387,36.72532517214996,6
33.74.07,Candisari,2025-06-02,ISPA,319,78420,6.8,28.5,70.9,23.2,83.7,73.0,31.7,27.4,81.6,26.6,86.0,179.9,288.0,288.0,288.0,288.0,0.0,2235.8399999999997,1893.12,6,23,0,0.35460488704253584,-0.9350162426854147,1.2246467991473532e-16,-1.0,36.72532517214996,6
33.74.07,Candisari,2025-06-09,ISPA,319,78420,24.0,27.5,76.7,6.8,23.2,83.7,73.0,28.5,70.9,27.4,81.6,113.7,319.0,288.0,288.0,298.3333333333333,31.0,2020.65,482.12,6,24,0,0.23931566428755768,-0.970941817426052,1.2246467991473532e-16,-1.0,40.67839836776332,6
33.74.07,Candisari,2025-06-16,ISPA,319,78420,42.4,27.1,77.3,24.0,6.8,23.2,83.7,27.5,76.7,28.5,70.9,54.0,319.0,319.0,288.0,308.6666666666667,0.0,2109.25,1840.8000000000002,6,25,0,0.12053668025532308,-0.992708874098054,1.2246467991473532e-16,-1.0,40.67839836776332,6
33.74.07,Candisari,2025-06-23,ISPA,319,78420,13.7,28.3,67.0,42.4,24.0,6.8,23.2,27.1,77.3,27.5,76.7,73.2,319.0,319.0,288.0,319.0,0.0,2094.83,3277.52,6,26,0,-3.216245299353273e-16,-1.0,1.2246467991473532e-16,-1.0,40.67839836776332,6
33.74.07,Candisari,2025-06-30,ISPA,319,78420,20.5,27.7,72.3,13.7,42.4,24.0,6.8,28.3,67.0,27.1,77.3,80.1,319.0,319.0,319.0,319.0,0.0,1896.1000000000001,917.9,6,27,0,-0.12053668025532283,-0.992708874098054,1.2246467991473532e-16,-1.0,40.67839836776332,6
33.74.07,Candisari,2025-07-07,ISPA,348,78420,3.7,28.0,62.9,20.5,13.7,42.4,24.0,27.7,72.3,28.3,67.0,76.6,319.0,319.0,319.0,319.0,0.0,2002.7099999999998,1482.1499999999999,7,28,0,-0.23931566428755743,-0.9709418174260521,-0.4999999999999997,-0.8660254037844388,40.67839836776332,6
33.74.07,Candisari,2025-07-14,ISPA,348,78420,6.4,28.1,64.9,3.7,20.5,13.7,42.4,28.0,62.9,27.7,72.3,37.9,348.0,319.0,319.0,328.6666666666667,29.0,1761.2,232.73000000000002,7,29,0,-0.3546048870425356,-0.9350162426854148,-0.4999999999999997,-0.8660254037844388,44.376434583014536,6
33.74.07,Candisari,2025-07-21,ISPA,348,78420,2.6,28.6,62.1,6.4,3.7,20.5,13.7,28.1,64.9,28.0,62.9,30.6,348.0,348.0,319.0,338.3333333333333,0.0,1823.6900000000003,415.36000000000007,7,30,0,-0.46472317204376806,-0.8854560256532101,-0.4999999999999997,-0.8660254037844388,44.376434583014536,6
33.74.07,Candisari,2025-07-28,ISPA,348,78420,15.7,29.2,62.3,2.6,6.4,3.7,20.5,28.6,62.1,28.1,64.9,12.7,348.0,348.0,319.0,348.0,0.0,1776.0600000000002,161.46,7,31,0,-0.5680647467311556,-0.8229838658936566,-0.4999999999999997,-0.8660254037844388,44.376434583014536,6
33.74.07,Candisari,2025-08-04,ISPA,397,78420,30.0,27.6,75.6,15.7,2.6,6.4,3.7,29.2,62.3,28.6,62.1,24.700000000000003,348.0,348.0,348.0,348.0,0.0,1819.1599999999999,978.1099999999999,8,32,0,-0.663122658240795,-0.7485107481711013,-0.8660254037844385,-0.5000000000000004,44.376434583014536,6
33.74.07,Candisari,2025-08-11,ISPA,397,78420,37.1,27.4,70.3,30.0,15.7,2.6,6.4,27.6,75.6,29.2,62.3,48.300000000000004,397.0,348.0,348.0,364.3333333333333,49.0,2086.56,2268.0,8,33,0,-0.7485107481711011,-0.6631226582407952,-0.8660254037844385,-0.5000000000000004,50.62484060188727,6
33.74.07,Candisari,2025-08-18,ISPA,397,78420,52.6,27.3,74.3,37.1,30.0,15.7,2.6,27.4,70.3,27.6,75.6,82.8,397.0,397.0,348.0,380.6666666666667,0.0,1926.2199999999998,2608.13,8,34,0,-0.8229838658936564,-0.5680647467311559,-0.8660254037844385,-0.5000000000000004,50.62484060188727,6
33.74.07,Candisari,2025-08-25,ISPA,397,78420,10.4,28.2,65.3,52.6,37.1,30.0,15.7,27.3,74.3,27.4,70.3,119.7,397.0,397.0,348.0,397.0,0.0,2028.3899999999999,3908.18,8,35,0,-0.8854560256532096,-0.4647231720437691,-0.8660254037844385,-0.5000000000000004,50.62484060188727,6
33.74.07,Candisari,2025-09-01,ISPA,311,78420,1.3,29.3,58.3,10.4,52.6,37.1,30.0,28.2,65.3,27.3,74.3,100.1,397.0,397.0,397.0,397.0,0.0,1841.4599999999998,679.12,9,36,0,-0.9350162426854147,-0.3546048870425359,-1.0,-1.8369701987210297e-16,50.62484060188727,6
33.74.07,Candisari,2025-09-08,ISPA,311,78420,37.2,27.7,74.6,1.3,10.4,52.6,37.1,29.3,58.3,28.2,65.3,64.3,311.0,397.0,397.0,368.3333333333333,-86.0,1708.19,75.78999999999999,9,37,0,-0.970941817426052,-0.23931566428755774,-1.0,-1.8369701987210297e-16,39.65825044631471,6
33.74.07,Candisari,2025-09-15,ISPA,311,78420,52.0,27.6,73.1,37.2,1.3,10.4,52.6,27.7,74.6,29.3,58.3,48.9,311.0,311.0,397.0,339.6666666666667,0.0,2066.4199999999996,2775.12,9,38,0,-0.992708874098054,-0.12053668025532357,-1.0,-1.8369701987210297e-16,39.65825044631471,6
33.74.07,Candisari,2025-09-22,ISPA,311,78420,15.3,29.1,67.0,52.0,37.2,1.3,10.4,27.6,73.1,27.7,74.6,90.5,311.0,311.0,397.0,311.0,0.0,2017.56,3801.2,9,39,0,-1.0,-1.8369701987210297e-16,-1.0,-1.8369701987210297e-16,39.65825044631471,6
33.74.07,Candisari,2025-09-29,ISPA,311,78420,32.0,27.9,73.0,15.3,52.0,37.2,1.3,29.1,67.0,27.6,73.1,104.5,311.0,311.0,311.0,311.0,0.0,1949.7,1025.1000000000001,9,40,0,-0.992708874098054,0.1205366802553232,-1.0,-1.8369701987210297e-16,39.65825044631471,6
33.74.07,Candisari,2025-10-06,ISPA,352,78420,3.6,29.5,62.6,32.0,15.3,52.0,37.2,27.9,73.0,29.1,67.0,99.3,311.0,311.0,311.0,311.0,0.0,2036.6999999999998,2336.0,10,41,1,-0.9709418174260521,0.23931566428755738,-0.8660254037844386,0.5000000000000001,39.65825044631471,6
33.74.07,Candisari,2025-10-13,ISPA,352,78420,36.0,29.7,67.6,3.6,32.0,15.3,52.0,29.5,62.6,27.9,73.0,50.900000000000006,352.0,311.0,311.0,324.6666666666667,41.0,1846.7,225.36,10,42,1,-0.9350162426854148,0.35460488704253557,-0.8660254037844386,0.5000000000000001,44.88650854373884,6
33.74.07,Candisari,2025-10-20,ISPA,352,78420,150.9,26.8,85.4,36.0,3.6,32.0,15.3,29.7,67.6,29.5,62.6,71.6,352.0,352.0,311.0,338.3333333333333,0.0,2007.7199999999998,2433.6,10,43,1,-0.8854560256532101,0.464723172043768,-0.8660254037844386,0.5000000000000001,44.88650854373884,6
33.74.07,Candisari,2025-10-27,ISPA,352,78420,59.8,26.9,84.6,150.9,36.0,3.6,32.0,26.8,85.4,29.7,67.6,190.5,352.0,352.0,311.0,352.0,0.0,2288.7200000000003,12886.86,10,44,1,-0.822983865893657,0.5680647467311548,-0.8660254037844386,0.5000000000000001,44.88650854373884,6
33.74.07,Candisari,2025-11-03,ISPA,391,78420,39.2,27.1,82.9,59.8,150.9,36.0,3.6,26.9,84.6,26.8,85.4,246.7,352.0,352.0,352.0,352.0,0.0,2275.74,5059.079999999999,11,45,1,-0.7485107481711011,0.6631226582407952,-0.5000000000000004,0.8660254037844384,44.88650854373884,6
33.74.07,Candisari,2025-11-10,ISPA,391,78420,66.9,26.6,86.0,39.2,59.8,150.9,36.0,27.1,82.9,26.9,84.6,249.9,391.0,352.0,352.0,365.0,39.0,2246.59,3249.6800000000003,11,46,1,-0.6631226582407955,0.7485107481711007,-0.5000000000000004,0.8660254037844384,49.85972966080082,6
33.74.07,Candisari,2025-11-17,ISPA,391,78420,47.2,27.0,82.7,66.9,39.2,59.8,150.9,26.6,86.0,27.1,82.9,165.9,391.0,391.0,352.0,378.0,0.0,2287.6,5753.400000000001,11,47,1,-0.5680647467311559,0.8229838658936564,-0.5000000000000004,0.8660254037844384,49.85972966080082,6
33.74.07,Candisari,2025-11-24,ISPA,391,78420,8.1,28.6,68.4,47.2,66.9,39.2,59.8,27.0,82.7,26.6,86.0,153.3,391.0,391.0,352.0,391.0,0.0,2232.9,3903.4400000000005,11,48,1,-0.4647231720437684,0.88545602565321,-0.5000000000000004,0.8660254037844384,49.85972966080082,6
33.74.07,Candisari,2025-12-01,ISPA,277,78420,25.8,27.3,80.0,8.1,47.2,66.9,39.2,28.6,68.4,27.0,82.7,122.20000000000002,391.0,391.0,391.0,391.0,0.0,1956.2400000000002,554.0400000000001,12,49,0,-0.35460488704253595,0.9350162426854147,-2.4492935982947064e-16,1.0,49.85972966080082,6
33.74.07,Candisari,2025-12-08,ISPA,277,78420,47.5,26.5,86.1,25.8,8.1,47.2,66.9,27.3,80.0,28.6,68.4,81.1,277.0,391.0,391.0,353.0,-114.0,2184.0,2064.0,12,50,0,-0.2393156642875578,0.970941817426052,-2.4492935982947064e-16,1.0,35.32262178015812,6
33.74.07,Candisari,2025-12-15,ISPA,277,78420,35.2,27.2,80.4,47.5,25.8,8.1,47.2,26.5,86.1,27.3,80.0,81.39999999999999,277.0,277.0,391.0,315.0,0.0,2281.6499999999996,4089.7499999999995,12,51,0,-0.12053668025532363,0.992708874098054,-2.4492935982947064e-16,1.0,35.32262178015812,6
33.74.07,Candisari,2025-12-22,ISPA,277,78420,47.3,27.1,84.6,35.2,47.5,25.8,8.1,27.2,80.4,26.5,86.1,108.5,277.0,277.0,391.0,277.0,0.0,2186.88,2830.0800000000004,12,52,0,6.432490598706546e-16,1.0,-2.4492935982947064e-16,1.0,35.32262178015812,6
33.74.07,Candisari,2025-12-29,ISPA,277,78420,20.8,26.7,82.7,47.3,35.2,47.5,25.8,27.1,84.6,27.2,80.4,130.0,277.0,277.0,277.0,277.0,0.0,2292.66,4001.5799999999995,12,1,0,0.12053668025532305,0.992708874098054,-2.4492935982947064e-16,1.0,35.32262178015812,6
33.74.08,Gajahmungkur,2025-02-03,ISPA,0,58310,24.4,26.6,81.7,83.1,68.4,54.5,57.0,25.7,86.0,26.2,87.9,206.0,0.0,0.0,0.0,0.0,0.0,2210.2,7146.599999999999,2,6,0,0.6631226582407952,0.7485107481711011,0.8660254037844386,0.5000000000000001,0.0,7
33.74.08,Gajahmungkur,2025-02-10,ISPA,0,58310,21.9,26.7,82.4,24.4,83.1,68.4,54.5,26.6,81.7,25.7,86.0,175.9,0.0,0.0,0.0,0.0,0.0,2173.2200000000003,1993.48,2,7,0,0.7485107481711011,0.6631226582407953,0.8660254037844386,0.5000000000000001,0.0,7
33.74.08,Gajahmungkur,2025-02-17,ISPA,0,58310,41.2,26.4,84.6,21.9,24.4,83.1,68.4,26.7,82.4,26.6,81.7,129.39999999999998,0.0,0.0,0.0,0.0,0.0,2200.08,1804.56,2,8,0,0.8229838658936564,0.5680647467311559,0.8660254037844386,0.5000000000000001,0.0,7
33.74.08,Gajahmungkur,2025-02-24,ISPA,0,58310,78.3,26.2,87.6,41.2,21.9,24.4,83.1,26.4,84.6,26.7,82.4,87.5,0.0,0.0,0.0,0.0,0.0,2233.4399999999996,3485.52,2,9,0,0.8854560256532099,0.4647231720437686,0.8660254037844386,0.5000000000000001,0.0,7
33.74.08,Gajahmungkur,2025-03-03,ISPA,103,58310,57.7,26.8,85.0,78.3,41.2,21.9,24.4,26.2,87.6,26.4,84.6,141.4,0.0,0.0,0.0,0.0,0.0,2295.12,6859.079999999999,3,10,1,0.9350162426854148,0.35460488704253557,1.0,6.123233995736766e-17,0.0,7
33.74.08,Gajahmungkur,2025-03-10,ISPA,103,58310,37.5,26.8,84.7,57.7,78.3,41.2,21.9,26.8,85.0,26.2,87.6,177.2,103.0,0.0,0.0,34.333333333333336,103.0,2278.0,4904.5,3,11,1,0.970941817426052,0.23931566428755804,1.0,6.123233995736766e-17,17.66420854055908,7
33.74.08,Gajahmungkur,2025-03-17,ISPA,103,58310,18.3,27.1,80.0,37.5,57.7,78.3,41.2,26.8,84.7,26.8,85.0,173.5,103.0,103.0,0.0,68.66666666666667,0.0,2269.96,3176.25,3,12,1,0.992708874098054,0.120536680255323,1.0,6.123233995736766e-17,17.66420854055908,7
33.74.08,Gajahmungkur,2025-03-24,ISPA,103,58310,20.0,27.5,80.9,18.3,37.5,57.7,78.3,27.1,80.0,26.8,84.7,113.5,103.0,103.0,0.0,103.0,0.0,2168.0,1464.0,3,13,1,1.0,-1.6081226496766366e-16,1.0,6.123233995736766e-17,17.66420854055908,7
33.74.08,Gajahmungkur,2025-03-31,ISPA,103,58310,41.7,27.0,82.1,20.0,18.3,37.5,57.7,27.5,80.9,27.1,80.0,75.8,103.0,103.0,103.0,103.0,0.0,2224.75,1618.0,3,14,1,0.992708874098054,-0.12053668025532288,1.0,6.123233995736766e-17,17.66420854055908,7
33.74.08,Gajahmungkur,2025-04-07,ISPA,97,58310,35.2,27.6,79.9,41.7,20.0,18.3,37.5,27.0,82.1,27.5,80.9,80.0,103.0,103.0,103.0,103.0,0.0,2216.7,3423.57,4,15,1,0.9709418174260521,-0.2393156642875575,0.8660254037844387,-0.4999999999999998,17.66420854055908,7
33.74.08,Gajahmungkur,2025-04-14,ISPA,97,58310,35.5,27.1,83.4,35.2,41.7,20.0,18.3,27.6,79.9,27.0,82.1,96.9,97.0,103.0,103.0,101.0,-6.0,2205.2400000000002,2812.4800000000005,4,16,1,0.9350162426854148,-0.35460488704253545,0.8660254037844387,-0.4999999999999998,16.63522551877894,7
33.74.08,Gajahmungkur,2025-04-21,ISPA,97,58310,24.8,27.4,80.0,35.5,35.2,41.7,20.0,27.1,83.4,27.6,79.9,112.4,97.0,97.0,103.0,99.0,0.0,2260.1400000000003,2960.7000000000003,4,17,1,0.8854560256532099,-0.4647231720437685,0.8660254037844387,-0.4999999999999998,16.63522551877894,7
33.74.08,Gajahmungkur,2025-04-28,ISPA,97,58310,33.7,28.4,69.9,24.8,35.5,35.2,41.7,27.4,80.0,27.1,83.4,95.5,97.0,97.0,103.0,97.0,0.0,2192.0,1984.0,4,18,1,0.8229838658936565,-0.5680647467311557,0.8660254037844387,-0.4999999999999998,16.63522551877894,7
33.74.08,Gajahmungkur,2025-05-05,ISPA,94,58310,31.7,28.0,78.1,33.7,24.8,35.5,35.2,28.4,69.9,27.4,80.0,94.0,97.0,97.0,97.0,97.0,0.0,1985.16,2355.6300000000006,5,19,0,0.7485107481711013,-0.663122658240795,0.49999999999999994,-0.8660254037844387,16.63522551877894,7
33.74.08,Gajahmungkur,2025-05-12,ISPA,94,58310,73.0,26.6,86.4,31.7,33.7,24.8,35.5,28.0,78.1,28.4,69.9,90.2,94.0,97.0,97.0,96.0,-3.0,2186.7999999999997,2475.77,5,20,0,0.6631226582407952,-0.7485107481711012,0.49999999999999994,-0.8660254037844387,16.12073400788887,7
33.74.08,Gajahmungkur,2025-05-19,ISPA,94,58310,83.7,26.6,86.0,73.0,31.7,33.7,24.8,26.6,86.4,28.0,78.1,138.4,94.0,94.0,97.0,95.0,0.0,2298.2400000000002,6307.200000000001,5,21,0,0.5680647467311558,-0.8229838658936564,0.49999999999999994,-0.8660254037844387,16.12073400788887,7
33.74.08,Gajahmungkur,2025-05-26,ISPA,94,58310,23.2,27.4,81.6,83.7,73.0,31.7,33.7,26.6,86.0,26.6,86.4,188.39999999999998,94.0,94.0,97.0,94.0,0.0,2287.6,7198.2,5,22,0,0.46472317204376906,-0.8854560256532096,0.49999999999999994,-0.8660254037844387,16.12073400788887,7
33.74.08,Gajahmungkur,2025-06-02,ISPA,81,58310,6.8,28.5,70.9,23.2,83.7,73.0,31.7,27.4,81.6,26.6,86.0,179.9,94.0,94.0,94.0,94.0,0.0,2235.8399999999997,1893.12,6,23,0,0.35460488704253584,-0.9350162426854147,1.2246467991473532e-16,-1.0,16.12073400788887,7
33.74.08,Gajahmungkur,2025-06-09,ISPA,81,58310,24.0,27.5,76.7,6.8,23.2,83.7,73.0,28.5,70.9,27.4,81.6,113.7,81.0,94.0,94.0,89.66666666666667,-13.0,2020.65,482.12,6,24,0,0.23931566428755768,-0.970941817426052,1.2246467991473532e-16,-1.0,13.8912707940319,7
33.74.08,Gajahmungkur,2025-06-16,ISPA,81,58310,42.4,27.1,77.3,24.0,6.8,23.2,83.7,27.5,76.7,28.5,70.9,54.0,81.0,81.0,94.0,85.33333333333333,0.0,2109.25,1840.8000000000002,6,25,0,0.12053668025532308,-0.992708874098054,1.2246467991473532e-16,-1.0,13.8912707940319,7
33.74.08,Gajahmungkur,2025-06-23,ISPA,81,58310,13.7,28.3,67.0,42.4,24.0,6.8,23.2,27.1,77.3,27.5,76.7,73.2,81.0,81.0,94.0,81.0,0.0,2094.83,3277.52,6,26,0,-3.216245299353273e-16,-1.0,1.2246467991473532e-16,-1.0,13.8912707940319,7
33.74.08,Gajahmungkur,2025-06-30,ISPA,81,58310,20.5,27.7,72.3,13.7,42.4,24.0,6.8,28.3,67.0,27.1,77.3,80.1,81.0,81.0,81.0,81.0,0.0,1896.1000000000001,917.9,6,27,0,-0.12053668025532283,-0.992708874098054,1.2246467991473532e-16,-1.0,13.8912707940319,7
33.74.08,Gajahmungkur,2025-07-07,ISPA,147,58310,3.7,28.0,62.9,20.5,13.7,42.4,24.0,27.7,72.3,28.3,67.0,76.6,81.0,81.0,81.0,81.0,0.0,2002.7099999999998,1482.1499999999999,7,28,0,-0.23931566428755743,-0.9709418174260521,-0.4999999999999997,-0.8660254037844388,13.8912707940319,7
33.74.08,Gajahmungkur,2025-07-14,ISPA,147,58310,6.4,28.1,64.9,3.7,20.5,13.7,42.4,28.0,62.9,27.7,72.3,37.9,147.0,81.0,81.0,103.0,66.0,1761.2,232.73000000000002,7,29,0,-0.3546048870425356,-0.9350162426854148,-0.4999999999999997,-0.8660254037844388,25.210084033613448,7
33.74.08,Gajahmungkur,2025-07-21,ISPA,147,58310,2.6,28.6,62.1,6.4,3.7,20.5,13.7,28.1,64.9,28.0,62.9,30.6,147.0,147.0,81.0,125.0,0.0,1823.6900000000003,415.36000000000007,7,30,0,-0.46472317204376806,-0.8854560256532101,-0.4999999999999997,-0.8660254037844388,25.210084033613448,7
33.74.08,Gajahmungkur,2025-07-28,ISPA,147,58310,15.7,29.2,62.3,2.6,6.4,3.7,20.5,28.6,62.1,28.1,64.9,12.7,147.0,147.0,81.0,147.0,0.0,1776.0600000000002,161.46,7,31,0,-0.5680647467311556,-0.8229838658936566,-0.4999999999999997,-0.8660254037844388,25.210084033613448,7
33.74.08,Gajahmungkur,2025-08-04,ISPA,126,58310,30.0,27.6,75.6,15.7,2.6,6.4,3.7,29.2,62.3,28.6,62.1,24.700000000000003,147.0,147.0,147.0,147.0,0.0,1819.1599999999999,978.1099999999999,8,32,0,-0.663122658240795,-0.7485107481711013,-0.8660254037844385,-0.5000000000000004,25.210084033613448,7
33.74.08,Gajahmungkur,2025-08-11,ISPA,126,58310,37.1,27.4,70.3,30.0,15.7,2.6,6.4,27.6,75.6,29.2,62.3,48.300000000000004,126.0,147.0,147.0,140.0,-21.0,2086.56,2268.0,8,33,0,-0.7485107481711011,-0.6631226582407952,-0.8660254037844385,-0.5000000000000004,21.608643457382954,7
33.74.08,Gajahmungkur,2025-08-18,ISPA,126,58310,52.6,27.3,74.3,37.1,30.0,15.7,2.6,27.4,70.3,27.6,75.6,82.8,126.0,126.0,147.0,133.0,0.0,1926.2199999999998,2608.13,8,34,0,-0.8229838658936564,-0.5680647467311559,-0.8660254037844385,-0.5000000000000004,21.608643457382954,7
33.74.08,Gajahmungkur,2025-08-25,ISPA,126,58310,10.4,28.2,65.3,52.6,37.1,30.0,15.7,27.3,74.3,27.4,70.3,119.7,126.0,126.0,147.0,126.0,0.0,2028.3899999999999,3908.18,8,35,0,-0.8854560256532096,-0.4647231720437691,-0.8660254037844385,-0.5000000000000004,21.608643457382954,7
33.74.08,Gajahmungkur,2025-09-01,ISPA,229,58310,1.3,29.3,58.3,10.4,52.6,37.1,30.0,28.2,65.3,27.3,74.3,100.1,126.0,126.0,126.0,126.0,0.0,1841.4599999999998,679.12,9,36,0,-0.9350162426854147,-0.3546048870425359,-1.0,-1.8369701987210297e-16,21.608643457382954,7
33.74.08,Gajahmungkur,2025-09-08,ISPA,229,58310,37.2,27.7,74.6,1.3,10.4,52.6,37.1,29.3,58.3,28.2,65.3,64.3,229.0,126.0,126.0,160.33333333333334,103.0,1708.19,75.78999999999999,9,37,0,-0.970941817426052,-0.23931566428755774,-1.0,-1.8369701987210297e-16,39.272851997942034,7
33.74.08,Gajahmungkur,2025-09-15,ISPA,229,58310,52.0,27.6,73.1,37.2,1.3,10.4,52.6,27.7,74.6,29.3,58.3,48.9,229.0,229.0,126.0,194.66666666666666,0.0,2066.4199999999996,2775.12,9,38,0,-0.992708874098054,-0.12053668025532357,-1.0,-1.8369701987210297e-16,39.272851997942034,7
33.74.08,Gajahmungkur,2025-09-22,ISPA,229,58310,15.3,29.1,67.0,52.0,37.2,1.3,10.4,27.6,73.1,27.7,74.6,90.5,229.0,229.0,126.0,229.0,0.0,2017.56,3801.2,9,39,0,-1.0,-1.8369701987210297e-16,-1.0,-1.8369701987210297e-16,39.272851997942034,7
33.74.08,Gajahmungkur,2025-09-29,ISPA,229,58310,32.0,27.9,73.0,15.3,52.0,37.2,1.3,29.1,67.0,27.6,73.1,104.5,229.0,229.0,229.0,229.0,0.0,1949.7,1025.1000000000001,9,40,0,-0.992708874098054,0.1205366802553232,-1.0,-1.8369701987210297e-16,39.272851997942034,7
33.74.08,Gajahmungkur,2025-10-06,ISPA,134,58310,3.6,29.5,62.6,32.0,15.3,52.0,37.2,27.9,73.0,29.1,67.0,99.3,229.0,229.0,229.0,229.0,0.0,2036.6999999999998,2336.0,10,41,1,-0.9709418174260521,0.23931566428755738,-0.8660254037844386,0.5000000000000001,39.272851997942034,7
33.74.08,Gajahmungkur,2025-10-13,ISPA,134,58310,36.0,29.7,67.6,3.6,32.0,15.3,52.0,29.5,62.6,27.9,73.0,50.900000000000006,134.0,229.0,229.0,197.33333333333334,-95.0,1846.7,225.36,10,42,1,-0.9350162426854148,0.35460488704253557,-0.8660254037844386,0.5000000000000001,22.98062081975647,7
33.74.08,Gajahmungkur,2025-10-20,ISPA,134,58310,150.9,26.8,85.4,36.0,3.6,32.0,15.3,29.7,67.6,29.5,62.6,71.6,134.0,134.0,229.0,165.66666666666666,0.0,2007.7199999999998,2433.6,10,43,1,-0.8854560256532101,0.464723172043768,-0.8660254037844386,0.5000000000000001,22.98062081975647,7
33.74.08,Gajahmungkur,2025-10-27,ISPA,134,58310,59.8,26.9,84.6,150.9,36.0,3.6,32.0,26.8,85.4,29.7,67.6,190.5,134.0,134.0,229.0,134.0,0.0,2288.7200000000003,12886.86,10,44,1,-0.822983865893657,0.5680647467311548,-0.8660254037844386,0.5000000000000001,22.98062081975647,7
33.74.08,Gajahmungkur,2025-11-03,ISPA,137,58310,39.2,27.1,82.9,59.8,150.9,36.0,3.6,26.9,84.6,26.8,85.4,246.7,134.0,134.0,134.0,134.0,0.0,2275.74,5059.079999999999,11,45,1,-0.7485107481711011,0.6631226582407952,-0.5000000000000004,0.8660254037844384,22.98062081975647,7
33.74.08,Gajahmungkur,2025-11-10,ISPA,137,58310,66.9,26.6,86.0,39.2,59.8,150.9,36.0,27.1,82.9,26.9,84.6,249.9,137.0,134.0,134.0,135.0,3.0,2246.59,3249.6800000000003,11,46,1,-0.6631226582407955,0.7485107481711007,-0.5000000000000004,0.8660254037844384,23.495112330646542,7
33.74.08,Gajahmungkur,2025-11-17,ISPA,137,58310,47.2,27.0,82.7,66.9,39.2,59.8,150.9,26.6,86.0,27.1,82.9,165.9,137.0,137.0,134.0,136.0,0.0,2287.6,5753.400000000001,11,47,1,-0.5680647467311559,0.8229838658936564,-0.5000000000000004,0.8660254037844384,23.495112330646542,7
33.74.08,Gajahmungkur,2025-11-24,ISPA,137,58310,8.1,28.6,68.4,47.2,66.9,39.2,59.8,27.0,82.7,26.6,86.0,153.3,137.0,137.0,134.0,137.0,0.0,2232.9,3903.4400000000005,11,48,1,-0.4647231720437684,0.88545602565321,-0.5000000000000004,0.8660254037844384,23.495112330646542,7
33.74.08,Gajahmungkur,2025-12-01,ISPA,95,58310,25.8,27.3,80.0,8.1,47.2,66.9,39.2,28.6,68.4,27.0,82.7,122.20000000000002,137.0,137.0,137.0,137.0,0.0,1956.2400000000002,554.0400000000001,12,49,0,-0.35460488704253595,0.9350162426854147,-2.4492935982947064e-16,1.0,23.495112330646542,7
33.74.08,Gajahmungkur,2025-12-08,ISPA,95,58310,47.5,26.5,86.1,25.8,8.1,47.2,66.9,27.3,80.0,28.6,68.4,81.1,95.0,137.0,137.0,123.0,-42.0,2184.0,2064.0,12,50,0,-0.2393156642875578,0.970941817426052,-2.4492935982947064e-16,1.0,16.29223117818556,7
33.74.08,Gajahmungkur,2025-12-15,ISPA,95,58310,35.2,27.2,80.4,47.5,25.8,8.1,47.2,26.5,86.1,27.3,80.0,81.39999999999999,95.0,95.0,137.0,109.0,0.0,2281.6499999999996,4089.7499999999995,12,51,0,-0.12053668025532363,0.992708874098054,-2.4492935982947064e-16,1.0,16.29223117818556,7
33.74.08,Gajahmungkur,2025-12-22,ISPA,95,58310,47.3,27.1,84.6,35.2,47.5,25.8,8.1,27.2,80.4,26.5,86.1,108.5,95.0,95.0,137.0,95.0,0.0,2186.88,2830.0800000000004,12,52,0,6.432490598706546e-16,1.0,-2.4492935982947064e-16,1.0,16.29223117818556,7
33.74.08,Gajahmungkur,2025-12-29,ISPA,95,58310,20.8,26.7,82.7,47.3,35.2,47.5,25.8,27.1,84.6,27.2,80.4,130.0,95.0,95.0,95.0,95.0,0.0,2292.66,4001.5799999999995,12,1,0,0.12053668025532305,0.992708874098054,-2.4492935982947064e-16,1.0,16.29223117818556,7
33.74.09,Genuk,2025-02-03,ISPA,359,112400,22.7,26.9,80.6,75.2,72.8,24.2,47.1,25.9,85.6,26.4,86.7,172.2,290.0,290.0,290.0,290.0,0.0,2217.0399999999995,6437.12,2,6,0,0.6631226582407952,0.7485107481711011,0.8660254037844386,0.5000000000000001,25.800711743772244,8
33.74.09,Genuk,2025-02-10,ISPA,359,112400,17.5,27.1,80.3,22.7,75.2,72.8,24.2,26.9,80.6,25.9,85.6,170.7,359.0,290.0,290.0,313.0,69.0,2168.14,1829.62,2,7,0,0.7485107481711011,0.6631226582407953,0.8660254037844386,0.5000000000000001,31.93950177935943,8
33.74.09,Genuk,2025-02-17,ISPA,359,112400,36.2,26.9,81.0,17.5,22.7,75.2,72.8,27.1,80.3,26.9,80.6,115.4,359.0,359.0,290.0,336.0,0.0,2176.13,1405.25,2,8,0,0.8229838658936564,0.5680647467311559,0.8660254037844386,0.5000000000000001,31.93950177935943,8
33.74.09,Genuk,2025-02-24,ISPA,359,112400,70.1,26.4,87.0,36.2,17.5,22.7,75.2,26.9,81.0,27.1,80.3,76.4,359.0,359.0,290.0,359.0,0.0,2178.9,2932.2000000000003,2,9,0,0.8854560256532099,0.4647231720437686,0.8660254037844386,0.5000000000000001,31.93950177935943,8
33.74.09,Genuk,2025-03-03,ISPA,274,112400,68.7,26.9,84.6,70.1,36.2,17.5,22.7,26.4,87.0,26.9,81.0,123.8,359.0,359.0,359.0,359.0,0.0,2296.7999999999997,6098.7,3,10,1,0.9350162426854148,0.35460488704253557,1.0,6.123233995736766e-17,31.93950177935943,8
33.74.09,Genuk,2025-03-10,ISPA,274,112400,57.9,26.7,85.9,68.7,70.1,36.2,17.5,26.9,84.6,26.4,87.0,175.0,274.0,359.0,359.0,330.6666666666667,-85.0,2275.74,5812.0199999999995,3,11,1,0.970941817426052,0.23931566428755804,1.0,6.123233995736766e-17,24.377224199288253,8
33.74.09,Genuk,2025-03-17,ISPA,274,112400,23.6,27.1,80.6,57.9,68.7,70.1,36.2,26.7,85.9,26.9,84.6,196.7,274.0,274.0,359.0,302.3333333333333,0.0,2293.53,4973.610000000001,3,12,1,0.992708874098054,0.120536680255323,1.0,6.123233995736766e-17,24.377224199288253,8
33.74.09,Genuk,2025-03-24,ISPA,274,112400,46.6,27.7,80.3,23.6,57.9,68.7,70.1,27.1,80.6,26.7,85.9,150.2,274.0,274.0,359.0,274.0,0.0,2184.2599999999998,1902.16,3,13,1,1.0,-1.6081226496766366e-16,1.0,6.123233995736766e-17,24.377224199288253,8
33.74.09,Genuk,2025-03-31,ISPA,274,112400,21.0,27.3,80.9,46.6,23.6,57.9,68.7,27.7,80.3,27.1,80.6,128.1,274.0,274.0,274.0,274.0,0.0,2224.31,3741.98,3,14,1,0.992708874098054,-0.12053668025532288,1.0,6.123233995736766e-17,24.377224199288253,8
33.74.09,Genuk,2025-04-07,ISPA,268,112400,51.1,27.8,79.4,21.0,46.6,23.6,57.9,27.3,80.9,27.7,80.3,91.19999999999999,274.0,274.0,274.0,274.0,0.0,2208.57,1698.9,4,15,1,0.9709418174260521,-0.2393156642875575,0.8660254037844387,-0.4999999999999998,24.377224199288253,8
33.74.09,Genuk,2025-04-14,ISPA,268,112400,46.1,27.2,83.3,51.1,21.0,46.6,23.6,27.8,79.4,27.3,80.9,118.69999999999999,268.0,274.0,274.0,272.0,-6.0,2207.32,4057.3400000000006,4,16,1,0.9350162426854148,-0.35460488704253545,0.8660254037844387,-0.4999999999999998,23.843416370106763,8
33.74.09,Genuk,2025-04-21,ISPA,268,112400,34.1,27.8,76.6,46.1,51.1,21.0,46.6,27.2,83.3,27.8,79.4,118.2,268.0,268.0,274.0,270.0,0.0,2265.7599999999998,3840.13,4,17,1,0.8854560256532099,-0.4647231720437685,0.8660254037844387,-0.4999999999999998,23.843416370106763,8
33.74.09,Genuk,2025-04-28,ISPA,268,112400,30.6,28.4,70.1,34.1,46.1,51.1,21.0,27.8,76.6,27.2,83.3,131.3,268.0,268.0,274.0,268.0,0.0,2129.48,2612.06,4,18,1,0.8229838658936565,-0.5680647467311557,0.8660254037844387,-0.4999999999999998,23.843416370106763,8
33.74.09,Genuk,2025-05-05,ISPA,294,112400,34.2,27.8,80.0,30.6,34.1,46.1,51.1,28.4,70.1,27.8,76.6,110.80000000000001,268.0,268.0,268.0,268.0,0.0,1990.8399999999997,2145.06,5,19,0,0.7485107481711013,-0.663122658240795,0.49999999999999994,-0.8660254037844387,23.843416370106763,8
33.74.09,Genuk,2025-05-12,ISPA,294,112400,73.9,26.6,87.1,34.2,30.6,34.1,46.1,27.8,80.0,28.4,70.1,98.9,294.0,268.0,268.0,276.6666666666667,26.0,2224.0,2736.0,5,20,0,0.6631226582407952,-0.7485107481711012,0.49999999999999994,-0.8660254037844387,26.156583629893237,8
33.74.09,Genuk,2025-05-19,ISPA,294,112400,108.4,26.4,87.0,73.9,34.2,30.6,34.1,26.6,87.1,27.8,80.0,138.70000000000002,294.0,294.0,268.0,285.3333333333333,0.0,2316.86,6436.6900000000005,5,21,0,0.5680647467311558,-0.8229838658936564,0.49999999999999994,-0.8660254037844387,26.156583629893237,8
33.74.09,Genuk,2025-05-26,ISPA,294,112400,25.8,27.2,82.7,108.4,73.9,34.2,30.6,26.4,87.0,26.6,87.1,216.5,294.0,294.0,268.0,294.0,0.0,2296.7999999999997,9430.800000000001,5,22,0,0.46472317204376906,-0.8854560256532096,0.49999999999999994,-0.8660254037844387,26.156583629893237,8
33.74.09,Genuk,2025-06-02,ISPA,261,112400,11.3,28.1,74.3,25.8,108.4,73.9,34.2,27.2,82.7,26.4,87.0,208.10000000000002,294.0,294.0,294.0,294.0,0.0,2249.44,2133.6600000000003,6,23,0,0.35460488704253584,-0.9350162426854147,1.2246467991473532e-16,-1.0,26.156583629893237,8
33.74.09,Genuk,2025-06-09,ISPA,261,112400,29.8,27.2,78.0,11.3,25.8,108.4,73.9,28.1,74.3,27.2,82.7,145.5,261.0,294.0,294.0,283.0,-33.0,2087.83,839.59,6,24,0,0.23931566428755768,-0.970941817426052,1.2246467991473532e-16,-1.0,23.220640569395016,8
33.74.09,Genuk,2025-06-16,ISPA,261,112400,34.2,26.8,79.0,29.8,11.3,25.8,108.4,27.2,78.0,28.1,74.3,66.9,261.0,261.0,294.0,272.0,0.0,2121.6,2324.4,6,25,0,0.12053668025532308,-0.992708874098054,1.2246467991473532e-16,-1.0,23.220640569395016,8
33.74.09,Genuk,2025-06-23,ISPA,261,112400,11.3,28.0,69.6,34.2,29.8,11.3,25.8,26.8,79.0,27.2,78.0,75.3,261.0,261.0,294.0,261.0,0.0,2117.2000000000003,2701.8,6,26,0,-3.216245299353273e-16,-1.0,1.2246467991473532e-16,-1.0,23.220640569395016,8
33.74.09,Genuk,2025-06-30,ISPA,261,112400,21.3,27.7,72.7,11.3,34.2,29.8,11.3,28.0,69.6,26.8,79.0,75.3,261.0,261.0,261.0,261.0,0.0,1948.7999999999997,786.48,6,27,0,-0.12053668025532283,-0.992708874098054,1.2246467991473532e-16,-1.0,23.220640569395016,8
33.74.09,Genuk,2025-07-07,ISPA,293,112400,7.4,27.7,63.7,21.3,11.3,34.2,29.8,27.7,72.7,28.0,69.6,66.80000000000001,261.0,261.0,261.0,261.0,0.0,2013.79,1548.5100000000002,7,28,0,-0.23931566428755743,-0.9709418174260521,-0.4999999999999997,-0.8660254037844388,23.220640569395016,8
33.74.09,Genuk,2025-07-14,ISPA,293,112400,10.5,27.9,66.1,7.4,21.3,11.3,34.2,27.7,63.7,27.7,72.7,40.0,293.0,261.0,261.0,271.6666666666667,32.0,1764.49,471.38000000000005,7,29,0,-0.3546048870425356,-0.9350162426854148,-0.4999999999999997,-0.8660254037844388,26.06761565836299,8
33.74.09,Genuk,2025-07-21,ISPA,293,112400,2.2,28.0,65.4,10.5,7.4,21.3,11.3,27.9,66.1,27.7,63.7,39.2,293.0,293.0,261.0,282.3333333333333,0.0,1844.1899999999998,694.05,7,30,0,-0.46472317204376806,-0.8854560256532101,-0.4999999999999997,-0.8660254037844388,26.06761565836299,8
33.74.09,Genuk,2025-07-28,ISPA,293,112400,6.6,28.9,63.9,2.2,10.5,7.4,21.3,28.0,65.4,27.9,66.1,20.1,293.0,293.0,261.0,293.0,0.0,1831.2000000000003,143.88000000000002,7,31,0,-0.5680647467311556,-0.8229838658936566,-0.4999999999999997,-0.8660254037844388,26.06761565836299,8
33.74.09,Genuk,2025-08-04,ISPA,320,112400,35.1,27.6,75.3,6.6,2.2,10.5,7.4,28.9,63.9,28.0,65.4,19.3,293.0,293.0,293.0,293.0,0.0,1846.7099999999998,421.73999999999995,8,32,0,-0.663122658240795,-0.7485107481711013,-0.8660254037844385,-0.5000000000000004,26.06761565836299,8
33.74.09,Genuk,2025-08-11,ISPA,320,112400,42.8,27.3,70.3,35.1,6.6,2.2,10.5,27.6,75.3,28.9,63.9,43.900000000000006,320.0,293.0,293.0,302.0,27.0,2078.28,2643.03,8,33,0,-0.7485107481711011,-0.6631226582407952,-0.8660254037844385,-0.5000000000000004,28.469750889679716,8
33.74.09,Genuk,2025-08-18,ISPA,320,112400,51.8,27.0,77.3,42.8,35.1,6.6,2.2,27.3,70.3,27.6,75.3,84.5,320.0,320.0,293.0,311.0,0.0,1919.19,3008.8399999999997,8,34,0,-0.8229838658936564,-0.5680647467311559,-0.8660254037844385,-0.5000000000000004,28.469750889679716,8
33.74.09,Genuk,2025-08-25,ISPA,320,112400,7.5,28.3,63.3,51.8,42.8,35.1,6.6,27.0,77.3,27.3,70.3,129.7,320.0,320.0,293.0,320.0,0.0,2087.1,4004.1399999999994,8,35,0,-0.8854560256532096,-0.4647231720437691,-0.8660254037844385,-0.5000000000000004,28.469750889679716,8
33.74.09,Genuk,2025-09-01,ISPA,287,112400,3.0,29.3,58.0,7.5,51.8,42.8,35.1,28.3,63.3,27.0,77.3,102.1,320.0,320.0,320.0,320.0,0.0,1791.3899999999999,474.75,9,36,0,-0.9350162426854147,-0.3546048870425359,-1.0,-1.8369701987210297e-16,28.469750889679716,8
33.74.09,Genuk,2025-09-08,ISPA,287,112400,39.5,27.8,73.3,3.0,7.5,51.8,42.8,29.3,58.0,28.3,63.3,62.3,287.0,320.0,320.0,309.0,-33.0,1699.4,174.0,9,37,0,-0.970941817426052,-0.23931566428755774,-1.0,-1.8369701987210297e-16,25.533807829181498,8
33.74.09,Genuk,2025-09-15,ISPA,287,112400,52.7,27.6,73.7,39.5,3.0,7.5,51.8,27.8,73.3,29.3,58.0,50.0,287.0,287.0,320.0,298.0,0.0,2037.74,2895.35,9,38,0,-0.992708874098054,-0.12053668025532357,-1.0,-1.8369701987210297e-16,25.533807829181498,8
33.74.09,Genuk,2025-09-22,ISPA,287,112400,24.1,28.9,67.7,52.7,39.5,3.0,7.5,27.6,73.7,27.8,73.3,95.2,287.0,287.0,320.0,287.0,0.0,2034.1200000000001,3883.9900000000002,9,39,0,-1.0,-1.8369701987210297e-16,-1.0,-1.8369701987210297e-16,25.533807829181498,8
33.74.09,Genuk,2025-09-29,ISPA,287,112400,46.6,27.8,73.0,24.1,52.7,39.5,3.0,28.9,67.7,27.6,73.7,116.30000000000001,287.0,287.0,287.0,287.0,0.0,1956.53,1631.5700000000002,9,40,0,-0.992708874098054,0.1205366802553232,-1.0,-1.8369701987210297e-16,25.533807829181498,8
33.74.09,Genuk,2025-10-06,ISPA,246,112400,3.1,29.6,62.1,46.6,24.1,52.7,39.5,27.8,73.0,28.9,67.7,123.4,287.0,287.0,287.0,287.0,0.0,2029.4,3401.8,10,41,1,-0.9709418174260521,0.23931566428755738,-0.8660254037844386,0.5000000000000001,25.533807829181498,8
33.74.09,Genuk,2025-10-13,ISPA,246,112400,32.3,29.7,67.7,3.1,46.6,24.1,52.7,29.6,62.1,27.8,73.0,73.80000000000001,246.0,287.0,287.0,273.3333333333333,-41.0,1838.16,192.51000000000002,10,42,1,-0.9350162426854148,0.35460488704253557,-0.8660254037844386,0.5000000000000001,21.886120996441278,8
33.74.09,Genuk,2025-10-20,ISPA,246,112400,167.8,26.9,85.0,32.3,3.1,46.6,24.1,29.7,67.7,29.6,62.1,82.0,246.0,246.0,287.0,259.6666666666667,0.0,2010.69,2186.71,10,43,1,-0.8854560256532101,0.464723172043768,-0.8660254037844386,0.5000000000000001,21.886120996441278,8
33.74.09,Genuk,2025-10-27,ISPA,246,112400,74.4,27.0,84.3,167.8,32.3,3.1,46.6,26.9,85.0,29.7,67.7,203.20000000000002,246.0,246.0,287.0,246.0,0.0,2286.5,14263.000000000002,10,44,1,-0.822983865893657,0.5680647467311548,-0.8660254037844386,0.5000000000000001,21.886120996441278,8
33.74.09,Genuk,2025-11-03,ISPA,307,112400,58.3,27.0,83.6,74.4,167.8,32.3,3.1,27.0,84.3,26.9,85.0,274.5,246.0,246.0,246.0,246.0,0.0,2276.1,6271.92,11,45,1,-0.7485107481711011,0.6631226582407952,-0.5000000000000004,0.8660254037844384,21.886120996441278,8
33.74.09,Genuk,2025-11-10,ISPA,307,112400,77.6,26.5,86.0,58.3,74.4,167.8,32.3,27.0,83.6,27.0,84.3,300.5,307.0,246.0,246.0,266.3333333333333,61.0,2257.2,4873.879999999999,11,46,1,-0.6631226582407955,0.7485107481711007,-0.5000000000000004,0.8660254037844384,27.313167259786475,8
33.74.09,Genuk,2025-11-17,ISPA,307,112400,76.8,27.0,83.3,77.6,58.3,74.4,167.8,26.5,86.0,27.0,83.6,210.29999999999998,307.0,307.0,246.0,286.6666666666667,0.0,2279.0,6673.599999999999,11,47,1,-0.5680647467311559,0.8229838658936564,-0.5000000000000004,0.8660254037844384,27.313167259786475,8
33.74.09,Genuk,2025-11-24,ISPA,307,112400,19.9,27.8,76.6,76.8,77.6,58.3,74.4,27.0,83.3,26.5,86.0,212.7,307.0,307.0,246.0,307.0,0.0,2249.1,6397.44,11,48,1,-0.4647231720437684,0.88545602565321,-0.5000000000000004,0.8660254037844384,27.313167259786475,8
33.74.09,Genuk,2025-12-01,ISPA,262,112400,41.1,27.0,82.1,19.9,76.8,77.6,58.3,27.8,76.6,27.0,83.3,174.29999999999998,307.0,307.0,307.0,307.0,0.0,2129.48,1524.3399999999997,12,49,0,-0.35460488704253595,0.9350162426854147,-2.4492935982947064e-16,1.0,27.313167259786475,8
33.74.09,Genuk,2025-12-08,ISPA,262,112400,44.5,26.6,85.4,41.1,19.9,76.8,77.6,27.0,82.1,27.8,76.6,137.8,262.0,307.0,307.0,292.0,-45.0,2216.7,3374.31,12,50,0,-0.2393156642875578,0.970941817426052,-2.4492935982947064e-16,1.0,23.309608540925268,8
33.74.09,Genuk,2025-12-15,ISPA,262,112400,31.3,27.0,82.1,44.5,41.1,19.9,76.8,26.6,85.4,27.0,82.1,105.5,262.0,262.0,307.0,277.0,0.0,2271.6400000000003,3800.3,12,51,0,-0.12053668025532363,0.992708874098054,-2.4492935982947064e-16,1.0,23.309608540925268,8
33.74.09,Genuk,2025-12-22,ISPA,262,112400,36.6,27.0,84.1,31.3,44.5,41.1,19.9,27.0,82.1,26.6,85.4,116.9,262.0,262.0,307.0,262.0,0.0,2216.7,2569.73,12,52,0,6.432490598706546e-16,1.0,-2.4492935982947064e-16,1.0,23.309608540925268,8
33.74.09,Genuk,2025-12-29,ISPA,262,112400,20.0,26.9,82.3,36.6,31.3,44.5,41.1,27.0,84.1,27.0,82.1,112.4,262.0,262.0,262.0,262.0,0.0,2270.7,3078.06,12,1,0,0.12053668025532305,0.992708874098054,-2.4492935982947064e-16,1.0,23.309608540925268,8
33.74.10,Pedurungan,2025-02-03,ISPA,1168,192500,22.7,27.1,80.6,75.2,72.8,24.2,47.1,26.0,85.7,26.6,86.7,172.2,1310.0,1310.0,1310.0,1310.0,0.0,2228.2000000000003,6444.64,2,6,0,0.6631226582407952,0.7485107481711011,0.8660254037844386,0.5000000000000001,68.05194805194806,9
33.74.10,Pedurungan,2025-02-10,ISPA,1168,192500,17.5,27.3,80.6,22.7,75.2,72.8,24.2,27.1,80.6,26.0,85.7,170.7,1168.0,1310.0,1310.0,1262.6666666666667,-142.0,2184.2599999999998,1829.62,2,7,0,0.7485107481711011,0.6631226582407953,0.8660254037844386,0.5000000000000001,60.675324675324674,9
33.74.10,Pedurungan,2025-02-17,ISPA,1168,192500,36.2,27.1,81.0,17.5,22.7,75.2,72.8,27.3,80.6,27.1,80.6,115.4,1168.0,1168.0,1310.0,1215.3333333333333,0.0,2200.38,1410.5,2,8,0,0.8229838658936564,0.5680647467311559,0.8660254037844386,0.5000000000000001,60.675324675324674,9
33.74.10,Pedurungan,2025-02-24,ISPA,1168,192500,70.1,26.6,87.0,36.2,17.5,22.7,75.2,27.1,81.0,27.3,80.6,76.4,1168.0,1168.0,1310.0,1168.0,0.0,2195.1,2932.2000000000003,2,9,0,0.8854560256532099,0.4647231720437686,0.8660254037844386,0.5000000000000001,60.675324675324674,9
33.74.10,Pedurungan,2025-03-03,ISPA,1137,192500,68.7,27.0,84.6,70.1,36.2,17.5,22.7,26.6,87.0,27.1,81.0,123.8,1168.0,1168.0,1168.0,1168.0,0.0,2314.2000000000003,6098.7,3,10,1,0.9350162426854148,0.35460488704253557,1.0,6.123233995736766e-17,60.675324675324674,9
33.74.10,Pedurungan,2025-03-10,ISPA,1137,192500,57.9,26.9,85.9,68.7,70.1,36.2,17.5,27.0,84.6,26.6,87.0,175.0,1137.0,1168.0,1168.0,1157.6666666666667,-31.0,2284.2,5812.0199999999995,3,11,1,0.970941817426052,0.23931566428755804,1.0,6.123233995736766e-17,59.064935064935064,9
33.74.10,Pedurungan,2025-03-17,ISPA,1137,192500,23.6,27.3,80.7,57.9,68.7,70.1,36.2,26.9,85.9,27.0,84.6,196.7,1137.0,1137.0,1168.0,1147.3333333333333,0.0,2310.71,4973.610000000001,3,12,1,0.992708874098054,0.120536680255323,1.0,6.123233995736766e-17,59.064935064935064,9
33.74.10,Pedurungan,2025-03-24,ISPA,1137,192500,46.6,27.9,80.3,23.6,57.9,68.7,70.1,27.3,80.7,26.9,85.9,150.2,1137.0,1137.0,1168.0,1137.0,0.0,2203.11,1904.5200000000002,3,13,1,1.0,-1.6081226496766366e-16,1.0,6.123233995736766e-17,59.064935064935064,9
33.74.10,Pedurungan,2025-03-31,ISPA,1137,192500,21.0,27.4,80.9,46.6,23.6,57.9,68.7,27.9,80.3,27.3,80.7,128.1,1137.0,1137.0,1137.0,1137.0,0.0,2240.37,3741.98,3,14,1,0.992708874098054,-0.12053668025532288,1.0,6.123233995736766e-17,59.064935064935064,9
33.74.10,Pedurungan,2025-04-07,ISPA,1317,192500,51.1,28.0,79.6,21.0,46.6,23.6,57.9,27.4,80.9,27.9,80.3,91.19999999999999,1137.0,1137.0,1137.0,1137.0,0.0,2216.66,1698.9,4,15,1,0.9709418174260521,-0.2393156642875575,0.8660254037844387,-0.4999999999999998,59.064935064935064,9
33.74.10,Pedurungan,2025-04-14,ISPA,1317,192500,46.1,27.4,83.4,51.1,21.0,46.6,23.6,28.0,79.6,27.4,80.9,118.69999999999999,1317.0,1137.0,1137.0,1197.0,180.0,2228.7999999999997,4067.56,4,16,1,0.9350162426854148,-0.35460488704253545,0.8660254037844387,-0.4999999999999998,68.41558441558442,9
33.74.10,Pedurungan,2025-04-21,ISPA,1317,192500,34.1,28.0,76.6,46.1,51.1,21.0,46.6,27.4,83.4,28.0,79.6,118.2,1317.0,1317.0,1137.0,1257.0,0.0,2285.16,3844.7400000000002,4,17,1,0.8854560256532099,-0.4647231720437685,0.8660254037844387,-0.4999999999999998,68.41558441558442,9
33.74.10,Pedurungan,2025-04-28,ISPA,1317,192500,30.6,28.6,70.3,34.1,46.1,51.1,21.0,28.0,76.6,27.4,83.4,131.3,1317.0,1317.0,1137.0,1317.0,0.0,2144.7999999999997,2612.06,4,18,1,0.8229838658936565,-0.5680647467311557,0.8660254037844387,-0.4999999999999998,68.41558441558442,9
33.74.10,Pedurungan,2025-05-05,ISPA,1472,192500,34.2,28.0,80.0,30.6,34.1,46.1,51.1,28.6,70.3,28.0,76.6,110.80000000000001,1317.0,1317.0,1317.0,1317.0,0.0,2010.58,2151.18,5,19,0,0.7485107481711013,-0.663122658240795,0.49999999999999994,-0.8660254037844387,68.41558441558442,9
33.74.10,Pedurungan,2025-05-12,ISPA,1472,192500,73.9,26.7,87.1,34.2,30.6,34.1,46.1,28.0,80.0,28.6,70.3,98.9,1472.0,1317.0,1317.0,1368.6666666666667,155.0,2240.0,2736.0,5,20,0,0.6631226582407952,-0.7485107481711012,0.49999999999999994,-0.8660254037844387,76.46753246753246,9
33.74.10,Pedurungan,2025-05-19,ISPA,1472,192500,108.4,26.6,87.0,73.9,34.2,30.6,34.1,26.7,87.1,28.0,80.0,138.70000000000002,1472.0,1472.0,1317.0,1420.3333333333333,0.0,2325.5699999999997,6436.6900000000005,5,21,0,0.5680647467311558,-0.8229838658936564,0.49999999999999994,-0.8660254037844387,76.46753246753246,9
33.74.10,Pedurungan,2025-05-26,ISPA,1472,192500,25.8,27.3,82.7,108.4,73.9,34.2,30.6,26.6,87.0,26.7,87.1,216.5,1472.0,1472.0,1317.0,1472.0,0.0,2314.2000000000003,9430.800000000001,5,22,0,0.46472317204376906,-0.8854560256532096,0.49999999999999994,-0.8660254037844387,76.46753246753246,9
33.74.10,Pedurungan,2025-06-02,ISPA,1315,192500,11.3,28.2,74.3,25.8,108.4,73.9,34.2,27.3,82.7,26.6,87.0,208.10000000000002,1472.0,1472.0,1472.0,1472.0,0.0,2257.71,2133.6600000000003,6,23,0,0.35460488704253584,-0.9350162426854147,1.2246467991473532e-16,-1.0,76.46753246753246,9
33.74.10,Pedurungan,2025-06-09,ISPA,1315,192500,29.8,27.4,78.0,11.3,25.8,108.4,73.9,28.2,74.3,27.3,82.7,145.5,1315.0,1472.0,1472.0,1419.6666666666667,-157.0,2095.2599999999998,839.59,6,24,0,0.23931566428755768,-0.970941817426052,1.2246467991473532e-16,-1.0,68.31168831168831,9
33.74.10,Pedurungan,2025-06-16,ISPA,1315,192500,34.2,27.0,79.0,29.8,11.3,25.8,108.4,27.4,78.0,28.2,74.3,66.9,1315.0,1315.0,1472.0,1367.3333333333333,0.0,2137.2,2324.4,6,25,0,0.12053668025532308,-0.992708874098054,1.2246467991473532e-16,-1.0,68.31168831168831,9
33.74.10,Pedurungan,2025-06-23,ISPA,1315,192500,11.3,28.2,69.6,34.2,29.8,11.3,25.8,27.0,79.0,27.4,78.0,75.3,1315.0,1315.0,1472.0,1315.0,0.0,2133.0,2701.8,6,26,0,-3.216245299353273e-16,-1.0,1.2246467991473532e-16,-1.0,68.31168831168831,9
33.74.10,Pedurungan,2025-06-30,ISPA,1315,192500,21.3,27.8,72.7,11.3,34.2,29.8,11.3,28.2,69.6,27.0,79.0,75.3,1315.0,1315.0,1315.0,1315.0,0.0,1962.7199999999998,786.48,6,27,0,-0.12053668025532283,-0.992708874098054,1.2246467991473532e-16,-1.0,68.31168831168831,9
33.74.10,Pedurungan,2025-07-07,ISPA,554,192500,7.4,27.8,63.7,21.3,11.3,34.2,29.8,27.8,72.7,28.2,69.6,66.80000000000001,1315.0,1315.0,1315.0,1315.0,0.0,2021.0600000000002,1548.5100000000002,7,28,0,-0.23931566428755743,-0.9709418174260521,-0.4999999999999997,-0.8660254037844388,68.31168831168831,9
33.74.10,Pedurungan,2025-07-14,ISPA,554,192500,10.5,28.0,66.1,7.4,21.3,11.3,34.2,27.8,63.7,27.8,72.7,40.0,554.0,1315.0,1315.0,1061.3333333333333,-761.0,1770.8600000000001,471.38000000000005,7,29,0,-0.3546048870425356,-0.9350162426854148,-0.4999999999999997,-0.8660254037844388,28.77922077922078,9
33.74.10,Pedurungan,2025-07-21,ISPA,554,192500,2.2,28.2,65.4,10.5,7.4,21.3,11.3,28.0,66.1,27.8,63.7,39.2,554.0,554.0,1315.0,807.6666666666666,0.0,1850.7999999999997,694.05,7,30,0,-0.46472317204376806,-0.8854560256532101,-0.4999999999999997,-0.8660254037844388,28.77922077922078,9
33.74.10,Pedurungan,2025-07-28,ISPA,554,192500,6.6,29.0,63.9,2.2,10.5,7.4,21.3,28.2,65.4,28.0,66.1,20.1,554.0,554.0,1315.0,554.0,0.0,1844.2800000000002,143.88000000000002,7,31,0,-0.5680647467311556,-0.8229838658936566,-0.4999999999999997,-0.8660254037844388,28.77922077922078,9
33.74.10,Pedurungan,2025-08-04,ISPA,1480,192500,35.1,27.7,75.3,6.6,2.2,10.5,7.4,29.0,63.9,28.2,65.4,19.3,554.0,554.0,554.0,554.0,0.0,1853.1,421.73999999999995,8,32,0,-0.663122658240795,-0.7485107481711013,-0.8660254037844385,-0.5000000000000004,28.77922077922078,9
33.74.10,Pedurungan,2025-08-11,ISPA,1480,192500,42.8,27.4,70.3,35.1,6.6,2.2,10.5,27.7,75.3,29.0,63.9,43.900000000000006,1480.0,554.0,554.0,862.6666666666666,926.0,2085.81,2643.03,8,33,0,-0.7485107481711011,-0.6631226582407952,-0.8660254037844385,-0.5000000000000004,76.88311688311688,9
33.74.10,Pedurungan,2025-08-18,ISPA,1480,192500,51.8,27.2,77.3,42.8,35.1,6.6,2.2,27.4,70.3,27.7,75.3,84.5,1480.0,1480.0,554.0,1171.3333333333333,0.0,1926.2199999999998,3008.8399999999997,8,34,0,-0.8229838658936564,-0.5680647467311559,-0.8660254037844385,-0.5000000000000004,76.88311688311688,9
33.74.10,Pedurungan,2025-08-25,ISPA,1480,192500,7.5,28.4,63.3,51.8,42.8,35.1,6.6,27.2,77.3,27.4,70.3,129.7,1480.0,1480.0,554.0,1480.0,0.0,2102.56,4004.1399999999994,8,35,0,-0.8854560256532096,-0.4647231720437691,-0.8660254037844385,-0.5000000000000004,76.88311688311688,9
33.74.10,Pedurungan,2025-09-01,ISPA,1364,192500,3.0,29.4,58.0,7.5,51.8,42.8,35.1,28.4,63.3,27.2,77.3,102.1,1480.0,1480.0,1480.0,1480.0,0.0,1797.7199999999998,474.75,9,36,0,-0.9350162426854147,-0.3546048870425359,-1.0,-1.8369701987210297e-16,76.88311688311688,9
33.74.10,Pedurungan,2025-09-08,ISPA,1364,192500,39.5,28.0,73.3,3.0,7.5,51.8,42.8,29.4,58.0,28.4,63.3,62.3,1364.0,1480.0,1480.0,1441.3333333333333,-116.0,1705.1999999999998,174.0,9,37,0,-0.970941817426052,-0.23931566428755774,-1.0,-1.8369701987210297e-16,70.85714285714286,9
33.74.10,Pedurungan,2025-09-15,ISPA,1364,192500,52.7,27.7,73.7,39.5,3.0,7.5,51.8,28.0,73.3,29.4,58.0,50.0,1364.0,1364.0,1480.0,1402.6666666666667,0.0,2052.4,2895.35,9,38,0,-0.992708874098054,-0.12053668025532357,-1.0,-1.8369701987210297e-16,70.85714285714286,9
33.74.10,Pedurungan,2025-09-22,ISPA,1364,192500,24.1,29.0,67.7,52.7,39.5,3.0,7.5,27.7,73.7,28.0,73.3,95.2,1364.0,1364.0,1480.0,1364.0,0.0,2041.49,3883.9900000000002,9,39,0,-1.0,-1.8369701987210297e-16,-1.0,-1.8369701987210297e-16,70.85714285714286,9
33.74.10,Pedurungan,2025-09-29,ISPA,1364,192500,46.6,28.0,73.0,24.1,52.7,39.5,3.0,29.0,67.7,27.7,73.7,116.30000000000001,1364.0,1364.0,1364.0,1364.0,0.0,1963.3000000000002,1631.5700000000002,9,40,0,-0.992708874098054,0.1205366802553232,-1.0,-1.8369701987210297e-16,70.85714285714286,9
33.74.10,Pedurungan,2025-10-06,ISPA,1777,192500,3.1,29.8,62.1,46.6,24.1,52.7,39.5,28.0,73.0,29.0,67.7,123.4,1364.0,1364.0,1364.0,1364.0,0.0,2044.0,3401.8,10,41,1,-0.9709418174260521,0.23931566428755738,-0.8660254037844386,0.5000000000000001,70.85714285714286,9
33.74.10,Pedurungan,2025-10-13,ISPA,1777,192500,32.3,29.9,67.9,3.1,46.6,24.1,52.7,29.8,62.1,28.0,73.0,73.80000000000001,1777.0,1364.0,1364.0,1501.6666666666667,413.0,1850.5800000000002,192.51000000000002,10,42,1,-0.9350162426854148,0.35460488704253557,-0.8660254037844386,0.5000000000000001,92.31168831168831,9
33.74.10,Pedurungan,2025-10-20,ISPA,1777,192500,167.8,27.1,85.0,32.3,3.1,46.6,24.1,29.9,67.9,29.8,62.1,82.0,1777.0,1777.0,1364.0,1639.3333333333333,0.0,2030.21,2193.17,10,43,1,-0.8854560256532101,0.464723172043768,-0.8660254037844386,0.5000000000000001,92.31168831168831,9
33.74.10,Pedurungan,2025-10-27,ISPA,1777,192500,74.4,27.1,84.3,167.8,32.3,3.1,46.6,27.1,85.0,29.9,67.9,203.20000000000002,1777.0,1777.0,1364.0,1777.0,0.0,2303.5,14263.000000000002,10,44,1,-0.822983865893657,0.5680647467311548,-0.8660254037844386,0.5000000000000001,92.31168831168831,9
33.74.10,Pedurungan,2025-11-03,ISPA,1227,192500,58.3,27.1,83.6,74.4,167.8,32.3,3.1,27.1,84.3,27.1,85.0,274.5,1777.0,1777.0,1777.0,1777.0,0.0,2284.53,6271.92,11,45,1,-0.7485107481711011,0.6631226582407952,-0.5000000000000004,0.8660254037844384,92.31168831168831,9
33.74.10,Pedurungan,2025-11-10,ISPA,1227,192500,77.6,26.7,86.0,58.3,74.4,167.8,32.3,27.1,83.6,27.1,84.3,300.5,1227.0,1777.0,1777.0,1593.6666666666667,-550.0,2265.56,4873.879999999999,11,46,1,-0.6631226582407955,0.7485107481711007,-0.5000000000000004,0.8660254037844384,63.74025974025974,9
33.74.10,Pedurungan,2025-11-17,ISPA,1227,192500,76.8,27.1,83.3,77.6,58.3,74.4,167.8,26.7,86.0,27.1,83.6,210.29999999999998,1227.0,1227.0,1777.0,1410.3333333333333,0.0,2296.2,6673.599999999999,11,47,1,-0.5680647467311559,0.8229838658936564,-0.5000000000000004,0.8660254037844384,63.74025974025974,9
33.74.10,Pedurungan,2025-11-24,ISPA,1227,192500,19.9,27.9,76.6,76.8,77.6,58.3,74.4,27.1,83.3,26.7,86.0,212.7,1227.0,1227.0,1777.0,1227.0,0.0,2257.43,6397.44,11,48,1,-0.4647231720437684,0.88545602565321,-0.5000000000000004,0.8660254037844384,63.74025974025974,9
33.74.10,Pedurungan,2025-12-01,ISPA,544,192500,41.1,27.2,82.1,19.9,76.8,77.6,58.3,27.9,76.6,27.1,83.3,174.29999999999998,1227.0,1227.0,1227.0,1227.0,0.0,2137.14,1524.3399999999997,12,49,0,-0.35460488704253595,0.9350162426854147,-2.4492935982947064e-16,1.0,63.74025974025974,9
33.74.10,Pedurungan,2025-12-08,ISPA,544,192500,44.5,26.7,85.4,41.1,19.9,76.8,77.6,27.2,82.1,27.9,76.6,137.8,544.0,1227.0,1227.0,999.3333333333334,-683.0,2233.12,3374.31,12,50,0,-0.2393156642875578,0.970941817426052,-2.4492935982947064e-16,1.0,28.259740259740262,9
33.74.10,Pedurungan,2025-12-15,ISPA,544,192500,31.3,27.1,82.1,44.5,41.1,19.9,76.8,26.7,85.4,27.2,82.1,105.5,544.0,544.0,1227.0,771.6666666666666,0.0,2280.1800000000003,3800.3,12,51,0,-0.12053668025532363,0.992708874098054,-2.4492935982947064e-16,1.0,28.259740259740262,9
33.74.10,Pedurungan,2025-12-22,ISPA,544,192500,36.6,27.2,84.1,31.3,44.5,41.1,19.9,27.1,82.1,26.7,85.4,116.9,544.0,544.0,1227.0,544.0,0.0,2224.91,2569.73,12,52,0,6.432490598706546e-16,1.0,-2.4492935982947064e-16,1.0,28.259740259740262,9
33.74.10,Pedurungan,2025-12-29,ISPA,544,192500,20.0,27.1,82.3,36.6,31.3,44.5,41.1,27.2,84.1,27.1,82.1,112.4,544.0,544.0,544.0,544.0,0.0,2287.52,3078.06,12,1,0,0.12053668025532305,0.992708874098054,-2.4492935982947064e-16,1.0,28.259740259740262,9
33.74.11,Tembalang,2025-02-03,ISPA,324,185400,34.1,25.9,82.1,68.5,85.2,91.4,77.7,24.9,87.0,25.4,88.7,245.1,528.0,528.0,528.0,528.0,0.0,2166.2999999999997,5959.5,2,6,0,0.6631226582407952,0.7485107481711011,0.8660254037844386,0.5000000000000001,28.478964401294498,10
33.74.11,Tembalang,2025-02-10,ISPA,324,185400,44.6,25.9,83.7,34.1,68.5,85.2,91.4,25.9,82.1,24.9,87.0,187.8,324.0,528.0,528.0,460.0,-204.0,2126.39,2799.61,2,7,0,0.7485107481711011,0.6631226582407953,0.8660254037844386,0.5000000000000001,17.475728155339805,10
33.74.11,Tembalang,2025-02-17,ISPA,324,185400,69.2,25.5,86.6,44.6,34.1,68.5,85.2,25.9,83.7,25.9,82.1,147.2,324.0,324.0,528.0,392.0,0.0,2167.83,3733.0200000000004,2,8,0,0.8229838658936564,0.5680647467311559,0.8660254037844386,0.5000000000000001,17.475728155339805,10
33.74.11,Tembalang,2025-02-24,ISPA,324,185400,111.8,25.5,88.1,69.2,44.6,34.1,68.5,25.5,86.6,25.9,83.7,147.9,324.0,324.0,528.0,324.0,0.0,2208.2999999999997,5992.72,2,9,0,0.8854560256532099,0.4647231720437686,0.8660254037844386,0.5000000000000001,17.475728155339805,10
33.74.11,Tembalang,2025-03-03,ISPA,440,185400,100.2,26.0,85.9,111.8,69.2,44.6,34.1,25.5,88.1,25.5,86.6,225.6,324.0,324.0,324.0,324.0,0.0,2246.5499999999997,9849.58,3,10,1,0.9350162426854148,0.35460488704253557,1.0,6.123233995736766e-17,17.475728155339805,10
33.74.11,Tembalang,2025-03-10,ISPA,440,185400,56.8,25.8,86.6,100.2,111.8,69.2,44.6,26.0,85.9,25.5,88.1,281.2,440.0,324.0,324.0,362.6666666666667,116.0,2233.4,8607.18,3,11,1,0.970941817426052,0.23931566428755804,1.0,6.123233995736766e-17,23.732470334412085,10
33.74.11,Tembalang,2025-03-17,ISPA,440,185400,46.8,25.9,84.1,56.8,100.2,111.8,69.2,25.8,86.6,26.0,85.9,268.8,440.0,440.0,324.0,401.3333333333333,0.0,2234.2799999999997,4918.879999999999,3,12,1,0.992708874098054,0.120536680255323,1.0,6.123233995736766e-17,23.732470334412085,10
33.74.11,Tembalang,2025-03-24,ISPA,440,185400,54.0,26.3,83.9,46.8,56.8,100.2,111.8,25.9,84.1,25.8,86.6,203.8,440.0,440.0,324.0,440.0,0.0,2178.1899999999996,3935.8799999999997,3,13,1,1.0,-1.6081226496766366e-16,1.0,6.123233995736766e-17,23.732470334412085,10
33.74.11,Tembalang,2025-03-31,ISPA,440,185400,67.4,25.8,85.1,54.0,46.8,56.8,100.2,26.3,83.9,25.9,84.1,157.6,440.0,440.0,440.0,440.0,0.0,2206.57,4530.6,3,14,1,0.992708874098054,-0.12053668025532288,1.0,6.123233995736766e-17,23.732470334412085,10
33.74.11,Tembalang,2025-04-07,ISPA,545,185400,50.0,26.5,82.4,67.4,54.0,46.8,56.8,25.8,85.1,26.3,83.9,168.2,440.0,440.0,440.0,440.0,0.0,2195.58,5735.74,4,15,1,0.9709418174260521,-0.2393156642875575,0.8660254037844387,-0.4999999999999998,23.732470334412085,10
33.74.11,Tembalang,2025-04-14,ISPA,545,185400,52.2,26.1,85.1,50.0,67.4,54.0,46.8,26.5,82.4,25.8,85.1,171.4,545.0,440.0,440.0,475.0,105.0,2183.6000000000004,4120.0,4,16,1,0.9350162426854148,-0.35460488704253545,0.8660254037844387,-0.4999999999999998,29.395900755124057,10
33.74.11,Tembalang,2025-04-21,ISPA,545,185400,50.7,26.3,82.9,52.2,50.0,67.4,54.0,26.1,85.1,26.5,82.4,169.60000000000002,545.0,545.0,440.0,510.0,0.0,2221.11,4442.22,4,17,1,0.8854560256532099,-0.4647231720437685,0.8660254037844387,-0.4999999999999998,29.395900755124057,10
33.74.11,Tembalang,2025-04-28,ISPA,545,185400,47.3,26.7,76.7,50.7,52.2,50.0,67.4,26.3,82.9,26.1,85.1,152.9,545.0,545.0,440.0,545.0,0.0,2180.27,4203.030000000001,4,18,1,0.8229838658936565,-0.5680647467311557,0.8660254037844387,-0.4999999999999998,29.395900755124057,10
33.74.11,Tembalang,2025-05-05,ISPA,501,185400,53.2,26.6,82.3,47.3,50.7,52.2,50.0,26.7,76.7,26.3,82.9,150.2,545.0,545.0,545.0,545.0,0.0,2047.89,3627.91,5,19,0,0.7485107481711013,-0.663122658240795,0.49999999999999994,-0.8660254037844387,29.395900755124057,10
33.74.11,Tembalang,2025-05-12,ISPA,501,185400,86.9,25.7,87.9,53.2,47.3,50.7,52.2,26.6,82.3,26.7,76.7,151.2,501.0,545.0,545.0,530.3333333333334,-44.0,2189.18,4378.36,5,20,0,0.6631226582407952,-0.7485107481711012,0.49999999999999994,-0.8660254037844387,27.022653721682847,10
33.74.11,Tembalang,2025-05-19,ISPA,501,185400,81.9,25.6,87.1,86.9,53.2,47.3,50.7,25.7,87.9,26.6,82.3,187.40000000000003,501.0,501.0,545.0,515.6666666666666,0.0,2259.03,7638.510000000001,5,21,0,0.5680647467311558,-0.8229838658936564,0.49999999999999994,-0.8660254037844387,27.022653721682847,10
33.74.11,Tembalang,2025-05-26,ISPA,501,185400,33.4,26.3,82.7,81.9,86.9,53.2,47.3,25.6,87.1,25.7,87.9,222.0,501.0,501.0,545.0,501.0,0.0,2229.7599999999998,7133.49,5,22,0,0.46472317204376906,-0.8854560256532096,0.49999999999999994,-0.8660254037844387,27.022653721682847,10
33.74.11,Tembalang,2025-06-02,ISPA,746,185400,5.6,26.9,77.3,33.4,81.9,86.9,53.2,26.3,82.7,25.6,87.1,202.20000000000002,501.0,501.0,501.0,501.0,0.0,2175.01,2762.18,6,23,0,0.35460488704253584,-0.9350162426854147,1.2246467991473532e-16,-1.0,27.022653721682847,10
33.74.11,Tembalang,2025-06-09,ISPA,746,185400,19.5,26.4,78.9,5.6,33.4,81.9,86.9,26.9,77.3,26.3,82.7,120.9,746.0,501.0,501.0,582.6666666666666,245.0,2079.37,432.87999999999994,6,24,0,0.23931566428755768,-0.970941817426052,1.2246467991473532e-16,-1.0,40.23732470334412,10
33.74.11,Tembalang,2025-06-16,ISPA,746,185400,41.9,25.9,80.1,19.5,5.6,33.4,81.9,26.4,78.9,26.9,77.3,58.5,746.0,746.0,501.0,664.3333333333334,0.0,2082.96,1538.5500000000002,6,25,0,0.12053668025532308,-0.992708874098054,1.2246467991473532e-16,-1.0,40.23732470334412,10
33.74.11,Tembalang,2025-06-23,ISPA,746,185400,17.8,26.7,73.1,41.9,19.5,5.6,33.4,25.9,80.1,26.4,78.9,67.0,746.0,746.0,501.0,746.0,0.0,2074.5899999999997,3356.1899999999996,6,26,0,-3.216245299353273e-16,-1.0,1.2246467991473532e-16,-1.0,40.23732470334412,10
33.74.11,Tembalang,2025-06-30,ISPA,746,185400,32.7,26.6,75.3,17.8,41.9,19.5,5.6,26.7,73.1,25.9,80.1,79.2,746.0,746.0,746.0,746.0,0.0,1951.7699999999998,1301.18,6,27,0,-0.12053668025532283,-0.992708874098054,1.2246467991473532e-16,-1.0,40.23732470334412,10
33.74.11,Tembalang,2025-07-07,ISPA,1462,185400,3.0,26.6,66.0,32.7,17.8,41.9,19.5,26.6,75.3,26.7,73.1,92.4,746.0,746.0,746.0,746.0,0.0,2002.98,2462.31,7,28,0,-0.23931566428755743,-0.9709418174260521,-0.4999999999999997,-0.8660254037844388,40.23732470334412,10
33.74.11,Tembalang,2025-07-14,ISPA,1462,185400,9.1,26.6,69.1,3.0,32.7,17.8,41.9,26.6,66.0,26.6,75.3,53.5,1462.0,746.0,746.0,984.6666666666666,716.0,1755.6000000000001,198.0,7,29,0,-0.3546048870425356,-0.9350162426854148,-0.4999999999999997,-0.8660254037844388,78.85652642934197,10
33.74.11,Tembalang,2025-07-21,ISPA,1462,185400,4.5,26.8,69.1,9.1,3.0,32.7,17.8,26.6,69.1,26.6,66.0,44.800000000000004,1462.0,1462.0,746.0,1223.3333333333333,0.0,1838.06,628.81,7,30,0,-0.46472317204376806,-0.8854560256532101,-0.4999999999999997,-0.8660254037844388,78.85652642934197,10
33.74.11,Tembalang,2025-07-28,ISPA,1462,185400,13.8,27.6,68.4,4.5,9.1,3.0,32.7,26.8,69.1,26.6,69.1,16.6,1462.0,1462.0,746.0,1462.0,0.0,1851.8799999999999,310.95,7,31,0,-0.5680647467311556,-0.8229838658936566,-0.4999999999999997,-0.8660254037844388,78.85652642934197,10
33.74.11,Tembalang,2025-08-04,ISPA,1034,185400,30.8,26.6,77.0,13.8,4.5,9.1,3.0,27.6,68.4,26.8,69.1,27.4,1462.0,1462.0,1462.0,1462.0,0.0,1887.8400000000001,943.9200000000001,8,32,0,-0.663122658240795,-0.7485107481711013,-0.8660254037844385,-0.5000000000000004,78.85652642934197,10
33.74.11,Tembalang,2025-08-11,ISPA,1034,185400,32.0,26.3,71.9,30.8,13.8,4.5,9.1,26.6,77.0,27.6,68.4,49.1,1034.0,1462.0,1462.0,1319.3333333333333,-428.0,2048.2000000000003,2371.6,8,33,0,-0.7485107481711011,-0.6631226582407952,-0.8660254037844385,-0.5000000000000004,55.771305285868394,10
33.74.11,Tembalang,2025-08-18,ISPA,1034,185400,60.9,26.2,77.1,32.0,30.8,13.8,4.5,26.3,71.9,26.6,77.0,76.6,1034.0,1034.0,1462.0,1176.6666666666667,0.0,1890.9700000000003,2300.8,8,34,0,-0.8229838658936564,-0.5680647467311559,-0.8660254037844385,-0.5000000000000004,55.771305285868394,10
33.74.11,Tembalang,2025-08-25,ISPA,1034,185400,10.6,27.0,67.1,60.9,32.0,30.8,13.8,26.2,77.1,26.3,71.9,123.7,1034.0,1034.0,1462.0,1034.0,0.0,2020.0199999999998,4695.389999999999,8,35,0,-0.8854560256532096,-0.4647231720437691,-0.8660254037844385,-0.5000000000000004,55.771305285868394,10
33.74.11,Tembalang,2025-09-01,ISPA,1037,185400,1.7,28.2,59.9,10.6,60.9,32.0,30.8,27.0,67.1,26.2,77.1,103.5,1034.0,1034.0,1034.0,1034.0,0.0,1811.6999999999998,711.2599999999999,9,36,0,-0.9350162426854147,-0.3546048870425359,-1.0,-1.8369701987210297e-16,55.771305285868394,10
33.74.11,Tembalang,2025-09-08,ISPA,1037,185400,24.3,26.9,73.6,1.7,10.6,60.9,32.0,28.2,59.9,27.0,67.1,73.2,1037.0,1034.0,1034.0,1035.0,3.0,1689.1799999999998,101.83,9,37,0,-0.970941817426052,-0.23931566428755774,-1.0,-1.8369701987210297e-16,55.933117583603014,10
33.74.11,Tembalang,2025-09-15,ISPA,1037,185400,50.2,26.6,75.6,24.3,1.7,10.6,60.9,26.9,73.6,28.2,59.9,36.6,1037.0,1037.0,1034.0,1036.0,0.0,1979.8399999999997,1788.48,9,38,0,-0.992708874098054,-0.12053668025532357,-1.0,-1.8369701987210297e-16,55.933117583603014,10
33.74.11,Tembalang,2025-09-22,ISPA,1037,185400,15.7,27.9,69.9,50.2,24.3,1.7,10.6,26.6,75.6,26.9,73.6,76.2,1037.0,1037.0,1034.0,1037.0,0.0,2010.96,3795.12,9,39,0,-1.0,-1.8369701987210297e-16,-1.0,-1.8369701987210297e-16,55.933117583603014,10
33.74.11,Tembalang,2025-09-29,ISPA,1037,185400,29.5,27.1,73.0,15.7,50.2,24.3,1.7,27.9,69.9,26.6,75.6,90.2,1037.0,1037.0,1037.0,1037.0,0.0,1950.21,1097.43,9,40,0,-0.992708874098054,0.1205366802553232,-1.0,-1.8369701987210297e-16,55.933117583603014,10
33.74.11,Tembalang,2025-10-06,ISPA,1272,185400,1.4,28.5,63.4,29.5,15.7,50.2,24.3,27.1,73.0,27.9,69.9,95.4,1037.0,1037.0,1037.0,1037.0,0.0,1978.3000000000002,2153.5,10,41,1,-0.9709418174260521,0.23931566428755738,-0.8660254037844386,0.5000000000000001,55.933117583603014,10
33.74.11,Tembalang,2025-10-13,ISPA,1272,185400,25.0,28.9,67.6,1.4,29.5,15.7,50.2,28.5,63.4,27.1,73.0,46.599999999999994,1272.0,1037.0,1037.0,1115.3333333333333,235.0,1806.8999999999999,88.75999999999999,10,42,1,-0.9350162426854148,0.35460488704253557,-0.8660254037844386,0.5000000000000001,68.6084142394822,10
33.74.11,Tembalang,2025-10-20,ISPA,1272,185400,199.9,26.0,87.1,25.0,1.4,29.5,15.7,28.9,67.6,28.5,63.4,55.9,1272.0,1272.0,1037.0,1193.6666666666667,0.0,1953.6399999999996,1689.9999999999998,10,43,1,-0.8854560256532101,0.464723172043768,-0.8660254037844386,0.5000000000000001,68.6084142394822,10
33.74.11,Tembalang,2025-10-27,ISPA,1272,185400,68.1,26.1,85.0,199.9,25.0,1.4,29.5,26.0,87.1,28.9,67.6,226.3,1272.0,1272.0,1037.0,1272.0,0.0,2264.6,17411.29,10,44,1,-0.822983865893657,0.5680647467311548,-0.8660254037844386,0.5000000000000001,68.6084142394822,10
33.74.11,Tembalang,2025-11-03,ISPA,1035,185400,61.9,26.1,84.4,68.1,199.9,25.0,1.4,26.1,85.0,26.0,87.1,293.0,1272.0,1272.0,1272.0,1272.0,0.0,2218.5,5788.499999999999,11,45,1,-0.7485107481711011,0.6631226582407952,-0.5000000000000004,0.8660254037844384,68.6084142394822,10
33.74.11,Tembalang,2025-11-10,ISPA,1035,185400,105.5,25.5,88.0,61.9,68.1,199.9,25.0,26.1,84.4,26.1,85.0,329.9,1035.0,1272.0,1272.0,1193.0,-237.0,2202.84,5224.360000000001,11,46,1,-0.6631226582407955,0.7485107481711007,-0.5000000000000004,0.8660254037844384,55.825242718446596,10
33.74.11,Tembalang,2025-11-17,ISPA,1035,185400,83.8,25.9,85.6,105.5,61.9,68.1,199.9,25.5,88.0,26.1,84.4,235.5,1035.0,1035.0,1272.0,1114.0,0.0,2244.0,9284.0,11,47,1,-0.5680647467311559,0.8229838658936564,-0.5000000000000004,0.8660254037844384,55.825242718446596,10
33.74.11,Tembalang,2025-11-24,ISPA,1035,185400,29.2,26.7,78.9,83.8,105.5,61.9,68.1,25.9,85.6,25.5,88.0,251.20000000000002,1035.0,1035.0,1272.0,1035.0,0.0,2217.0399999999995,7173.279999999999,11,48,1,-0.4647231720437684,0.88545602565321,-0.5000000000000004,0.8660254037844384,55.825242718446596,10
33.74.11,Tembalang,2025-12-01,ISPA,774,185400,60.6,26.0,84.7,29.2,83.8,105.5,61.9,26.7,78.9,25.9,85.6,218.5,1035.0,1035.0,1035.0,1035.0,0.0,2106.63,2303.88,12,49,0,-0.35460488704253595,0.9350162426854147,-2.4492935982947064e-16,1.0,55.825242718446596,10
33.74.11,Tembalang,2025-12-08,ISPA,774,185400,73.1,25.5,88.6,60.6,29.2,83.8,105.5,26.0,84.7,26.7,78.9,173.6,774.0,1035.0,1035.0,948.0,-261.0,2202.2000000000003,5132.820000000001,12,50,0,-0.2393156642875578,0.970941817426052,-2.4492935982947064e-16,1.0,41.74757281553398,10
33.74.11,Tembalang,2025-12-15,ISPA,774,185400,69.5,26.0,82.7,73.1,60.6,29.2,83.8,25.5,88.6,26.0,84.7,162.89999999999998,774.0,774.0,1035.0,861.0,0.0,2259.2999999999997,6476.659999999999,12,51,0,-0.12053668025532363,0.992708874098054,-2.4492935982947064e-16,1.0,41.74757281553398,10
33.74.11,Tembalang,2025-12-22,ISPA,774,185400,84.2,26.1,87.0,69.5,73.1,60.6,29.2,26.0,82.7,25.5,88.6,203.2,774.0,774.0,1035.0,774.0,0.0,2150.2000000000003,5747.650000000001,12,52,0,6.432490598706546e-16,1.0,-2.4492935982947064e-16,1.0,41.74757281553398,10
33.74.11,Tembalang,2025-12-29,ISPA,774,185400,32.1,25.6,85.3,84.2,69.5,73.1,60.6,26.1,87.0,26.0,82.7,226.79999999999998,774.0,774.0,774.0,774.0,0.0,2270.7000000000003,7325.400000000001,12,1,0,0.12053668025532305,0.992708874098054,-2.4492935982947064e-16,1.0,41.74757281553398,10
33.74.12,Banyumanik,2025-02-03,ISPA,630,142100,34.1,25.9,82.1,68.5,85.2,91.4,77.7,24.9,87.0,25.4,88.7,245.1,650.0,650.0,650.0,650.0,0.0,2166.2999999999997,5959.5,2,6,0,0.6631226582407952,0.7485107481711011,0.8660254037844386,0.5000000000000001,45.742434904996486,11
33.74.12,Banyumanik,2025-02-10,ISPA,630,142100,44.6,25.9,83.7,34.1,68.5,85.2,91.4,25.9,82.1,24.9,87.0,187.8,630.0,650.0,650.0,643.3333333333334,-20.0,2126.39,2799.61,2,7,0,0.7485107481711011,0.6631226582407953,0.8660254037844386,0.5000000000000001,44.33497536945813,11
33.74.12,Banyumanik,2025-02-17,ISPA,630,142100,69.2,25.5,86.6,44.6,34.1,68.5,85.2,25.9,83.7,25.9,82.1,147.2,630.0,630.0,650.0,636.6666666666666,0.0,2167.83,3733.0200000000004,2,8,0,0.8229838658936564,0.5680647467311559,0.8660254037844386,0.5000000000000001,44.33497536945813,11
33.74.12,Banyumanik,2025-02-24,ISPA,630,142100,111.8,25.5,88.1,69.2,44.6,34.1,68.5,25.5,86.6,25.9,83.7,147.9,630.0,630.0,650.0,630.0,0.0,2208.2999999999997,5992.72,2,9,0,0.8854560256532099,0.4647231720437686,0.8660254037844386,0.5000000000000001,44.33497536945813,11
33.74.12,Banyumanik,2025-03-03,ISPA,415,142100,100.2,26.0,85.9,111.8,69.2,44.6,34.1,25.5,88.1,25.5,86.6,225.6,630.0,630.0,630.0,630.0,0.0,2246.5499999999997,9849.58,3,10,1,0.9350162426854148,0.35460488704253557,1.0,6.123233995736766e-17,44.33497536945813,11
33.74.12,Banyumanik,2025-03-10,ISPA,415,142100,56.8,25.8,86.6,100.2,111.8,69.2,44.6,26.0,85.9,25.5,88.1,281.2,415.0,630.0,630.0,558.3333333333334,-215.0,2233.4,8607.18,3,11,1,0.970941817426052,0.23931566428755804,1.0,6.123233995736766e-17,29.204785362420832,11
33.74.12,Banyumanik,2025-03-17,ISPA,415,142100,46.8,25.9,84.1,56.8,100.2,111.8,69.2,25.8,86.6,26.0,85.9,268.8,415.0,415.0,630.0,486.6666666666667,0.0,2234.2799999999997,4918.879999999999,3,12,1,0.992708874098054,0.120536680255323,1.0,6.123233995736766e-17,29.204785362420832,11
33.74.12,Banyumanik,2025-03-24,ISPA,415,142100,54.0,26.3,83.9,46.8,56.8,100.2,111.8,25.9,84.1,25.8,86.6,203.8,415.0,415.0,630.0,415.0,0.0,2178.1899999999996,3935.8799999999997,3,13,1,1.0,-1.6081226496766366e-16,1.0,6.123233995736766e-17,29.204785362420832,11
33.74.12,Banyumanik,2025-03-31,ISPA,415,142100,67.4,25.8,85.1,54.0,46.8,56.8,100.2,26.3,83.9,25.9,84.1,157.6,415.0,415.0,415.0,415.0,0.0,2206.57,4530.6,3,14,1,0.992708874098054,-0.12053668025532288,1.0,6.123233995736766e-17,29.204785362420832,11
33.74.12,Banyumanik,2025-04-07,ISPA,550,142100,50.0,26.5,82.4,67.4,54.0,46.8,56.8,25.8,85.1,26.3,83.9,168.2,415.0,415.0,415.0,415.0,0.0,2195.58,5735.74,4,15,1,0.9709418174260521,-0.2393156642875575,0.8660254037844387,-0.4999999999999998,29.204785362420832,11
33.74.12,Banyumanik,2025-04-14,ISPA,550,142100,52.2,26.1,85.1,50.0,67.4,54.0,46.8,26.5,82.4,25.8,85.1,171.4,550.0,415.0,415.0,460.0,135.0,2183.6000000000004,4120.0,4,16,1,0.9350162426854148,-0.35460488704253545,0.8660254037844387,-0.4999999999999998,38.70513722730471,11
33.74.12,Banyumanik,2025-04-21,ISPA,550,142100,50.7,26.3,82.9,52.2,50.0,67.4,54.0,26.1,85.1,26.5,82.4,169.60000000000002,550.0,550.0,415.0,505.0,0.0,2221.11,4442.22,4,17,1,0.8854560256532099,-0.4647231720437685,0.8660254037844387,-0.4999999999999998,38.70513722730471,11
33.74.12,Banyumanik,2025-04-28,ISPA,550,142100,47.3,26.7,76.7,50.7,52.2,50.0,67.4,26.3,82.9,26.1,85.1,152.9,550.0,550.0,415.0,550.0,0.0,2180.27,4203.030000000001,4,18,1,0.8229838658936565,-0.5680647467311557,0.8660254037844387,-0.4999999999999998,38.70513722730471,11
33.74.12,Banyumanik,2025-05-05,ISPA,432,142100,53.2,26.6,82.3,47.3,50.7,52.2,50.0,26.7,76.7,26.3,82.9,150.2,550.0,550.0,550.0,550.0,0.0,2047.89,3627.91,5,19,0,0.7485107481711013,-0.663122658240795,0.49999999999999994,-0.8660254037844387,38.70513722730471,11
33.74.12,Banyumanik,2025-05-12,ISPA,432,142100,86.9,25.7,87.9,53.2,47.3,50.7,52.2,26.6,82.3,26.7,76.7,151.2,432.0,550.0,550.0,510.6666666666667,-118.0,2189.18,4378.36,5,20,0,0.6631226582407952,-0.7485107481711012,0.49999999999999994,-0.8660254037844387,30.401125967628428,11
33.74.12,Banyumanik,2025-05-19,ISPA,432,142100,81.9,25.6,87.1,86.9,53.2,47.3,50.7,25.7,87.9,26.6,82.3,187.40000000000003,432.0,432.0,550.0,471.3333333333333,0.0,2259.03,7638.510000000001,5,21,0,0.5680647467311558,-0.8229838658936564,0.49999999999999994,-0.8660254037844387,30.401125967628428,11
33.74.12,Banyumanik,2025-05-26,ISPA,432,142100,33.4,26.3,82.7,81.9,86.9,53.2,47.3,25.6,87.1,25.7,87.9,222.0,432.0,432.0,550.0,432.0,0.0,2229.7599999999998,7133.49,5,22,0,0.46472317204376906,-0.8854560256532096,0.49999999999999994,-0.8660254037844387,30.401125967628428,11
33.74.12,Banyumanik,2025-06-02,ISPA,398,142100,5.6,26.9,77.3,33.4,81.9,86.9,53.2,26.3,82.7,25.6,87.1,202.20000000000002,432.0,432.0,432.0,432.0,0.0,2175.01,2762.18,6,23,0,0.35460488704253584,-0.9350162426854147,1.2246467991473532e-16,-1.0,30.401125967628428,11
33.74.12,Banyumanik,2025-06-09,ISPA,398,142100,19.5,26.4,78.9,5.6,33.4,81.9,86.9,26.9,77.3,26.3,82.7,120.9,398.0,432.0,432.0,420.6666666666667,-34.0,2079.37,432.87999999999994,6,24,0,0.23931566428755768,-0.970941817426052,1.2246467991473532e-16,-1.0,28.00844475721323,11
33.74.12,Banyumanik,2025-06-16,ISPA,398,142100,41.9,25.9,80.1,19.5,5.6,33.4,81.9,26.4,78.9,26.9,77.3,58.5,398.0,398.0,432.0,409.3333333333333,0.0,2082.96,1538.5500000000002,6,25,0,0.12053668025532308,-0.992708874098054,1.2246467991473532e-16,-1.0,28.00844475721323,11
33.74.12,Banyumanik,2025-06-23,ISPA,398,142100,17.8,26.7,73.1,41.9,19.5,5.6,33.4,25.9,80.1,26.4,78.9,67.0,398.0,398.0,432.0,398.0,0.0,2074.5899999999997,3356.1899999999996,6,26,0,-3.216245299353273e-16,-1.0,1.2246467991473532e-16,-1.0,28.00844475721323,11
33.74.12,Banyumanik,2025-06-30,ISPA,398,142100,32.7,26.6,75.3,17.8,41.9,19.5,5.6,26.7,73.1,25.9,80.1,79.2,398.0,398.0,398.0,398.0,0.0,1951.7699999999998,1301.18,6,27,0,-0.12053668025532283,-0.992708874098054,1.2246467991473532e-16,-1.0,28.00844475721323,11
33.74.12,Banyumanik,2025-07-07,ISPA,690,142100,3.0,26.6,66.0,32.7,17.8,41.9,19.5,26.6,75.3,26.7,73.1,92.4,398.0,398.0,398.0,398.0,0.0,2002.98,2462.31,7,28,0,-0.23931566428755743,-0.9709418174260521,-0.4999999999999997,-0.8660254037844388,28.00844475721323,11
33.74.12,Banyumanik,2025-07-14,ISPA,690,142100,9.1,26.6,69.1,3.0,32.7,17.8,41.9,26.6,66.0,26.6,75.3,53.5,690.0,398.0,398.0,495.3333333333333,292.0,1755.6000000000001,198.0,7,29,0,-0.3546048870425356,-0.9350162426854148,-0.4999999999999997,-0.8660254037844388,48.55735397607319,11
33.74.12,Banyumanik,2025-07-21,ISPA,690,142100,4.5,26.8,69.1,9.1,3.0,32.7,17.8,26.6,69.1,26.6,66.0,44.800000000000004,690.0,690.0,398.0,592.6666666666666,0.0,1838.06,628.81,7,30,0,-0.46472317204376806,-0.8854560256532101,-0.4999999999999997,-0.8660254037844388,48.55735397607319,11
33.74.12,Banyumanik,2025-07-28,ISPA,690,142100,13.8,27.6,68.4,4.5,9.1,3.0,32.7,26.8,69.1,26.6,69.1,16.6,690.0,690.0,398.0,690.0,0.0,1851.8799999999999,310.95,7,31,0,-0.5680647467311556,-0.8229838658936566,-0.4999999999999997,-0.8660254037844388,48.55735397607319,11
33.74.12,Banyumanik,2025-08-04,ISPA,772,142100,30.8,26.6,77.0,13.8,4.5,9.1,3.0,27.6,68.4,26.8,69.1,27.4,690.0,690.0,690.0,690.0,0.0,1887.8400000000001,943.9200000000001,8,32,0,-0.663122658240795,-0.7485107481711013,-0.8660254037844385,-0.5000000000000004,48.55735397607319,11
33.74.12,Banyumanik,2025-08-11,ISPA,772,142100,32.0,26.3,71.9,30.8,13.8,4.5,9.1,26.6,77.0,27.6,68.4,49.1,772.0,690.0,690.0,717.3333333333334,82.0,2048.2000000000003,2371.6,8,33,0,-0.7485107481711011,-0.6631226582407952,-0.8660254037844385,-0.5000000000000004,54.32793807178044,11
33.74.12,Banyumanik,2025-08-18,ISPA,772,142100,60.9,26.2,77.1,32.0,30.8,13.8,4.5,26.3,71.9,26.6,77.0,76.6,772.0,772.0,690.0,744.6666666666666,0.0,1890.9700000000003,2300.8,8,34,0,-0.8229838658936564,-0.5680647467311559,-0.8660254037844385,-0.5000000000000004,54.32793807178044,11
33.74.12,Banyumanik,2025-08-25,ISPA,772,142100,10.6,27.0,67.1,60.9,32.0,30.8,13.8,26.2,77.1,26.3,71.9,123.7,772.0,772.0,690.0,772.0,0.0,2020.0199999999998,4695.389999999999,8,35,0,-0.8854560256532096,-0.4647231720437691,-0.8660254037844385,-0.5000000000000004,54.32793807178044,11
33.74.12,Banyumanik,2025-09-01,ISPA,685,142100,1.7,28.2,59.9,10.6,60.9,32.0,30.8,27.0,67.1,26.2,77.1,103.5,772.0,772.0,772.0,772.0,0.0,1811.6999999999998,711.2599999999999,9,36,0,-0.9350162426854147,-0.3546048870425359,-1.0,-1.8369701987210297e-16,54.32793807178044,11
33.74.12,Banyumanik,2025-09-08,ISPA,685,142100,24.3,26.9,73.6,1.7,10.6,60.9,32.0,28.2,59.9,27.0,67.1,73.2,685.0,772.0,772.0,743.0,-87.0,1689.1799999999998,101.83,9,37,0,-0.970941817426052,-0.23931566428755774,-1.0,-1.8369701987210297e-16,48.2054890921886,11
33.74.12,Banyumanik,2025-09-15,ISPA,685,142100,50.2,26.6,75.6,24.3,1.7,10.6,60.9,26.9,73.6,28.2,59.9,36.6,685.0,685.0,772.0,714.0,0.0,1979.8399999999997,1788.48,9,38,0,-0.992708874098054,-0.12053668025532357,-1.0,-1.8369701987210297e-16,48.2054890921886,11
33.74.12,Banyumanik,2025-09-22,ISPA,685,142100,15.7,27.9,69.9,50.2,24.3,1.7,10.6,26.6,75.6,26.9,73.6,76.2,685.0,685.0,772.0,685.0,0.0,2010.96,3795.12,9,39,0,-1.0,-1.8369701987210297e-16,-1.0,-1.8369701987210297e-16,48.2054890921886,11
33.74.12,Banyumanik,2025-09-29,ISPA,685,142100,29.5,27.1,73.0,15.7,50.2,24.3,1.7,27.9,69.9,26.6,75.6,90.2,685.0,685.0,685.0,685.0,0.0,1950.21,1097.43,9,40,0,-0.992708874098054,0.1205366802553232,-1.0,-1.8369701987210297e-16,48.2054890921886,11
33.74.12,Banyumanik,2025-10-06,ISPA,778,142100,1.4,28.5,63.4,29.5,15.7,50.2,24.3,27.1,73.0,27.9,69.9,95.4,685.0,685.0,685.0,685.0,0.0,1978.3000000000002,2153.5,10,41,1,-0.9709418174260521,0.23931566428755738,-0.8660254037844386,0.5000000000000001,48.2054890921886,11
33.74.12,Banyumanik,2025-10-13,ISPA,778,142100,25.0,28.9,67.6,1.4,29.5,15.7,50.2,28.5,63.4,27.1,73.0,46.599999999999994,778.0,685.0,685.0,716.0,93.0,1806.8999999999999,88.75999999999999,10,42,1,-0.9350162426854148,0.35460488704253557,-0.8660254037844386,0.5000000000000001,54.75017593244195,11
33.74.12,Banyumanik,2025-10-20,ISPA,778,142100,199.9,26.0,87.1,25.0,1.4,29.5,15.7,28.9,67.6,28.5,63.4,55.9,778.0,778.0,685.0,747.0,0.0,1953.6399999999996,1689.9999999999998,10,43,1,-0.8854560256532101,0.464723172043768,-0.8660254037844386,0.5000000000000001,54.75017593244195,11
33.74.12,Banyumanik,2025-10-27,ISPA,778,142100,68.1,26.1,85.0,199.9,25.0,1.4,29.5,26.0,87.1,28.9,67.6,226.3,778.0,778.0,685.0,778.0,0.0,2264.6,17411.29,10,44,1,-0.822983865893657,0.5680647467311548,-0.8660254037844386,0.5000000000000001,54.75017593244195,11
33.74.12,Banyumanik,2025-11-03,ISPA,920,142100,61.9,26.1,84.4,68.1,199.9,25.0,1.4,26.1,85.0,26.0,87.1,293.0,778.0,778.0,778.0,778.0,0.0,2218.5,5788.499999999999,11,45,1,-0.7485107481711011,0.6631226582407952,-0.5000000000000004,0.8660254037844384,54.75017593244195,11
33.74.12,Banyumanik,2025-11-10,ISPA,920,142100,105.5,25.5,88.0,61.9,68.1,199.9,25.0,26.1,84.4,26.1,85.0,329.9,920.0,778.0,778.0,825.3333333333334,142.0,2202.84,5224.360000000001,11,46,1,-0.6631226582407955,0.7485107481711007,-0.5000000000000004,0.8660254037844384,64.74313863476425,11
33.74.12,Banyumanik,2025-11-17,ISPA,920,142100,83.8,25.9,85.6,105.5,61.9,68.1,199.9,25.5,88.0,26.1,84.4,235.5,920.0,920.0,778.0,872.6666666666666,0.0,2244.0,9284.0,11,47,1,-0.5680647467311559,0.8229838658936564,-0.5000000000000004,0.8660254037844384,64.74313863476425,11
33.74.12,Banyumanik,2025-11-24,ISPA,920,142100,29.2,26.7,78.9,83.8,105.5,61.9,68.1,25.9,85.6,25.5,88.0,251.20000000000002,920.0,920.0,778.0,920.0,0.0,2217.0399999999995,7173.279999999999,11,48,1,-0.4647231720437684,0.88545602565321,-0.5000000000000004,0.8660254037844384,64.74313863476425,11
33.74.12,Banyumanik,2025-12-01,ISPA,613,142100,60.6,26.0,84.7,29.2,83.8,105.5,61.9,26.7,78.9,25.9,85.6,218.5,920.0,920.0,920.0,920.0,0.0,2106.63,2303.88,12,49,0,-0.35460488704253595,0.9350162426854147,-2.4492935982947064e-16,1.0,64.74313863476425,11
33.74.12,Banyumanik,2025-12-08,ISPA,613,142100,73.1,25.5,88.6,60.6,29.2,83.8,105.5,26.0,84.7,26.7,78.9,173.6,613.0,920.0,920.0,817.6666666666666,-307.0,2202.2000000000003,5132.820000000001,12,50,0,-0.2393156642875578,0.970941817426052,-2.4492935982947064e-16,1.0,43.138634764250526,11
33.74.12,Banyumanik,2025-12-15,ISPA,613,142100,69.5,26.0,82.7,73.1,60.6,29.2,83.8,25.5,88.6,26.0,84.7,162.89999999999998,613.0,613.0,920.0,715.3333333333334,0.0,2259.2999999999997,6476.659999999999,12,51,0,-0.12053668025532363,0.992708874098054,-2.4492935982947064e-16,1.0,43.138634764250526,11
33.74.12,Banyumanik,2025-12-22,ISPA,613,142100,84.2,26.1,87.0,69.5,73.1,60.6,29.2,26.0,82.7,25.5,88.6,203.2,613.0,613.0,920.0,613.0,0.0,2150.2000000000003,5747.650000000001,12,52,0,6.432490598706546e-16,1.0,-2.4492935982947064e-16,1.0,43.138634764250526,11
33.74.12,Banyumanik,2025-12-29,ISPA,613,142100,32.1,25.6,85.3,84.2,69.5,73.1,60.6,26.1,87.0,26.0,82.7,226.79999999999998,613.0,613.0,613.0,613.0,0.0,2270.7000000000003,7325.400000000001,12,1,0,0.12053668025532305,0.992708874098054,-2.4492935982947064e-16,1.0,43.138634764250526,11
33.74.13,Gunungpati,2025-02-03,ISPA,234,98200,69.2,24.6,86.3,113.9,149.8,141.4,111.0,23.6,90.9,24.3,90.6,405.1,224.0,224.0,224.0,224.0,0.0,2145.2400000000002,10353.510000000002,2,6,0,0.6631226582407952,0.7485107481711011,0.8660254037844386,0.5000000000000001,22.810590631364562,12
33.74.13,Gunungpati,2025-02-10,ISPA,234,98200,65.7,24.7,84.9,69.2,113.9,149.8,141.4,24.6,86.3,23.6,90.9,332.90000000000003,234.0,224.0,224.0,227.33333333333334,10.0,2122.98,5971.96,2,7,0,0.7485107481711011,0.6631226582407953,0.8660254037844386,0.5000000000000001,23.828920570264767,12
33.74.13,Gunungpati,2025-02-17,ISPA,234,98200,102.1,24.2,89.6,65.7,69.2,113.9,149.8,24.7,84.9,24.6,86.3,248.8,234.0,234.0,224.0,230.66666666666666,0.0,2097.03,5577.93,2,8,0,0.8229838658936564,0.5680647467311559,0.8660254037844386,0.5000000000000001,23.828920570264767,12
33.74.13,Gunungpati,2025-02-24,ISPA,234,98200,160.9,24.3,90.6,102.1,65.7,69.2,113.9,24.2,89.6,24.7,84.9,237.0,234.0,234.0,224.0,234.0,0.0,2168.3199999999997,9148.159999999998,2,9,0,0.8854560256532099,0.4647231720437686,0.8660254037844386,0.5000000000000001,23.828920570264767,12
33.74.13,Gunungpati,2025-03-03,ISPA,176,98200,103.9,24.9,87.7,160.9,102.1,65.7,69.2,24.3,90.6,24.2,89.6,328.7,234.0,234.0,234.0,234.0,0.0,2201.58,14577.539999999999,3,10,1,0.9350162426854148,0.35460488704253557,1.0,6.123233995736766e-17,23.828920570264767,12
33.74.13,Gunungpati,2025-03-10,ISPA,176,98200,94.6,24.7,88.3,103.9,160.9,102.1,65.7,24.9,87.7,24.3,90.6,366.9,176.0,234.0,234.0,214.66666666666666,-58.0,2183.73,9112.03,3,11,1,0.970941817426052,0.23931566428755804,1.0,6.123233995736766e-17,17.922606924643585,12
33.74.13,Gunungpati,2025-03-17,ISPA,176,98200,90.6,24.8,85.9,94.6,103.9,160.9,102.1,24.7,88.3,24.9,87.7,359.4,176.0,176.0,234.0,195.33333333333334,0.0,2181.0099999999998,8353.179999999998,3,12,1,0.992708874098054,0.120536680255323,1.0,6.123233995736766e-17,17.922606924643585,12
33.74.13,Gunungpati,2025-03-24,ISPA,176,98200,80.8,25.2,85.6,90.6,94.6,103.9,160.9,24.8,85.9,24.7,88.3,289.1,176.0,176.0,234.0,176.0,0.0,2130.32,7782.54,3,13,1,1.0,-1.6081226496766366e-16,1.0,6.123233995736766e-17,17.922606924643585,12
33.74.13,Gunungpati,2025-03-31,ISPA,176,98200,87.6,24.5,87.7,80.8,90.6,94.6,103.9,25.2,85.6,24.8,85.9,266.0,176.0,176.0,176.0,176.0,0.0,2157.12,6916.48,3,14,1,0.992708874098054,-0.12053668025532288,1.0,6.123233995736766e-17,17.922606924643585,12
33.74.13,Gunungpati,2025-04-07,ISPA,167,98200,59.4,25.2,84.7,87.6,80.8,90.6,94.6,24.5,87.7,25.2,85.6,259.0,176.0,176.0,176.0,176.0,0.0,2148.65,7682.5199999999995,4,15,1,0.9709418174260521,-0.2393156642875575,0.8660254037844387,-0.4999999999999998,17.922606924643585,12
33.74.13,Gunungpati,2025-04-14,ISPA,167,98200,98.3,24.9,87.3,59.4,87.6,80.8,90.6,25.2,84.7,24.5,87.7,227.8,167.0,176.0,176.0,173.0,-9.0,2134.44,5031.18,4,16,1,0.9350162426854148,-0.35460488704253545,0.8660254037844387,-0.4999999999999998,17.0061099796334,12
33.74.13,Gunungpati,2025-04-21,ISPA,167,98200,104.5,25.0,85.0,98.3,59.4,87.6,80.8,24.9,87.3,25.2,84.7,245.29999999999998,167.0,167.0,176.0,170.0,0.0,2173.77,8581.59,4,17,1,0.8854560256532099,-0.4647231720437685,0.8660254037844387,-0.4999999999999998,17.0061099796334,12
33.74.13,Gunungpati,2025-04-28,ISPA,167,98200,59.1,25.4,79.9,104.5,98.3,59.4,87.6,25.0,85.0,24.9,87.3,262.2,167.0,167.0,176.0,167.0,0.0,2125.0,8882.5,4,18,1,0.8229838658936565,-0.5680647467311557,0.8660254037844387,-0.4999999999999998,17.0061099796334,12
33.74.13,Gunungpati,2025-05-05,ISPA,209,98200,81.0,25.6,83.9,59.1,104.5,98.3,59.4,25.4,79.9,25.0,85.0,261.9,167.0,167.0,167.0,167.0,0.0,2029.46,4722.09,5,19,0,0.7485107481711013,-0.663122658240795,0.49999999999999994,-0.8660254037844387,17.0061099796334,12
33.74.13,Gunungpati,2025-05-12,ISPA,209,98200,145.7,24.7,89.4,81.0,59.1,104.5,98.3,25.6,83.9,25.4,79.9,244.6,209.0,167.0,167.0,181.0,42.0,2147.84,6795.900000000001,5,20,0,0.6631226582407952,-0.7485107481711012,0.49999999999999994,-0.8660254037844387,21.283095723014256,12
33.74.13,Gunungpati,2025-05-19,ISPA,209,98200,84.9,24.6,88.7,145.7,81.0,59.1,104.5,24.7,89.4,25.6,83.9,285.8,209.0,209.0,167.0,195.0,0.0,2208.1800000000003,13025.58,5,21,0,0.5680647467311558,-0.8229838658936564,0.49999999999999994,-0.8660254037844387,21.283095723014256,12
33.74.13,Gunungpati,2025-05-26,ISPA,209,98200,44.5,25.4,82.9,84.9,145.7,81.0,59.1,24.6,88.7,24.7,89.4,311.6,209.0,209.0,167.0,209.0,0.0,2182.02,7530.630000000001,5,22,0,0.46472317204376906,-0.8854560256532096,0.49999999999999994,-0.8660254037844387,21.283095723014256,12
33.74.13,Gunungpati,2025-06-02,ISPA,140,98200,11.2,25.8,78.6,44.5,84.9,145.7,81.0,25.4,82.9,24.6,88.7,275.1,209.0,209.0,209.0,209.0,0.0,2105.66,3689.05,6,23,0,0.35460488704253584,-0.9350162426854147,1.2246467991473532e-16,-1.0,21.283095723014256,12
33.74.13,Gunungpati,2025-06-09,ISPA,140,98200,32.1,25.4,80.7,11.2,44.5,84.9,145.7,25.8,78.6,25.4,82.9,140.60000000000002,140.0,209.0,209.0,186.0,-69.0,2027.8799999999999,880.3199999999999,6,24,0,0.23931566428755768,-0.970941817426052,1.2246467991473532e-16,-1.0,14.256619144602853,12
33.74.13,Gunungpati,2025-06-16,ISPA,140,98200,52.2,24.7,83.1,32.1,11.2,44.5,84.9,25.4,80.7,25.8,78.6,87.8,140.0,140.0,209.0,163.0,0.0,2049.7799999999997,2590.4700000000003,6,25,0,0.12053668025532308,-0.992708874098054,1.2246467991473532e-16,-1.0,14.256619144602853,12
33.74.13,Gunungpati,2025-06-23,ISPA,140,98200,35.5,25.4,76.7,52.2,32.1,11.2,44.5,24.7,83.1,25.4,80.7,95.50000000000001,140.0,140.0,209.0,140.0,0.0,2052.5699999999997,4337.82,6,26,0,-3.216245299353273e-16,-1.0,1.2246467991473532e-16,-1.0,14.256619144602853,12
33.74.13,Gunungpati,2025-06-30,ISPA,140,98200,41.0,25.2,79.1,35.5,52.2,32.1,11.2,25.4,76.7,24.7,83.1,119.80000000000001,140.0,140.0,140.0,140.0,0.0,1948.18,2722.85,6,27,0,-0.12053668025532283,-0.992708874098054,1.2246467991473532e-16,-1.0,14.256619144602853,12
33.74.13,Gunungpati,2025-07-07,ISPA,251,98200,7.9,25.3,69.3,41.0,35.5,52.2,32.1,25.2,79.1,25.4,76.7,128.7,140.0,140.0,140.0,140.0,0.0,1993.3199999999997,3243.1,7,28,0,-0.23931566428755743,-0.9709418174260521,-0.4999999999999997,-0.8660254037844388,14.256619144602853,12
33.74.13,Gunungpati,2025-07-14,ISPA,251,98200,8.5,25.3,71.3,7.9,41.0,35.5,52.2,25.3,69.3,25.2,79.1,84.4,251.0,140.0,140.0,177.0,111.0,1753.29,547.47,7,29,0,-0.3546048870425356,-0.9350162426854148,-0.4999999999999997,-0.8660254037844388,25.56008146639511,12
33.74.13,Gunungpati,2025-07-21,ISPA,251,98200,6.7,25.6,71.0,8.5,7.9,41.0,35.5,25.3,71.3,25.3,69.3,57.4,251.0,251.0,140.0,214.0,0.0,1803.8899999999999,606.05,7,30,0,-0.46472317204376806,-0.8854560256532101,-0.4999999999999997,-0.8660254037844388,25.56008146639511,12
33.74.13,Gunungpati,2025-07-28,ISPA,251,98200,15.5,26.2,72.4,6.7,8.5,7.9,41.0,25.6,71.0,25.3,71.3,23.1,251.0,251.0,140.0,251.0,0.0,1817.6000000000001,475.7,7,31,0,-0.5680647467311556,-0.8229838658936566,-0.4999999999999997,-0.8660254037844388,25.56008146639511,12
33.74.13,Gunungpati,2025-08-04,ISPA,236,98200,27.2,25.4,80.1,15.5,6.7,8.5,7.9,26.2,72.4,25.6,71.0,30.7,251.0,251.0,251.0,251.0,0.0,1896.88,1122.2,8,32,0,-0.663122658240795,-0.7485107481711013,-0.8660254037844385,-0.5000000000000004,25.56008146639511,12
33.74.13,Gunungpati,2025-08-11,ISPA,236,98200,24.7,25.0,74.7,27.2,15.5,6.7,8.5,25.4,80.1,26.2,72.4,49.400000000000006,236.0,251.0,251.0,246.0,-15.0,2034.5399999999997,2178.72,8,33,0,-0.7485107481711011,-0.6631226582407952,-0.8660254037844385,-0.5000000000000004,24.03258655804481,12
33.74.13,Gunungpati,2025-08-18,ISPA,236,98200,58.1,24.9,79.4,24.7,27.2,15.5,6.7,25.0,74.7,25.4,80.1,67.4,236.0,236.0,251.0,241.0,0.0,1867.5,1845.09,8,34,0,-0.8229838658936564,-0.5680647467311559,-0.8660254037844385,-0.5000000000000004,24.03258655804481,12
33.74.13,Gunungpati,2025-08-25,ISPA,236,98200,30.4,25.4,70.9,58.1,24.7,27.2,15.5,24.9,79.4,25.0,74.7,110.0,236.0,236.0,251.0,236.0,0.0,1977.06,4613.14,8,35,0,-0.8854560256532096,-0.4647231720437691,-0.8660254037844385,-0.5000000000000004,24.03258655804481,12
33.74.13,Gunungpati,2025-09-01,ISPA,298,98200,2.2,26.5,64.3,30.4,58.1,24.7,27.2,25.4,70.9,24.9,79.4,113.2,236.0,236.0,236.0,236.0,0.0,1800.8600000000001,2155.36,9,36,0,-0.9350162426854147,-0.3546048870425359,-1.0,-1.8369701987210297e-16,24.03258655804481,12
33.74.13,Gunungpati,2025-09-08,ISPA,298,98200,36.9,25.7,75.6,2.2,30.4,58.1,24.7,26.5,64.3,25.4,70.9,90.7,298.0,236.0,236.0,256.6666666666667,62.0,1703.9499999999998,141.46,9,37,0,-0.970941817426052,-0.23931566428755774,-1.0,-1.8369701987210297e-16,30.346232179226067,12
33.74.13,Gunungpati,2025-09-15,ISPA,298,98200,85.5,25.3,78.9,36.9,2.2,30.4,58.1,25.7,75.6,26.5,64.3,69.5,298.0,298.0,236.0,277.3333333333333,0.0,1942.9199999999998,2789.64,9,38,0,-0.992708874098054,-0.12053668025532357,-1.0,-1.8369701987210297e-16,30.346232179226067,12
33.74.13,Gunungpati,2025-09-22,ISPA,298,98200,8.9,26.6,72.4,85.5,36.9,2.2,30.4,25.3,78.9,25.7,75.6,124.60000000000001,298.0,298.0,236.0,298.0,0.0,1996.1700000000003,6745.950000000001,9,39,0,-1.0,-1.8369701987210297e-16,-1.0,-1.8369701987210297e-16,30.346232179226067,12
33.74.13,Gunungpati,2025-09-29,ISPA,298,98200,20.6,25.8,74.7,8.9,85.5,36.9,2.2,26.6,72.4,25.3,78.9,131.3,298.0,298.0,298.0,298.0,0.0,1925.8400000000001,644.3600000000001,9,40,0,-0.992708874098054,0.1205366802553232,-1.0,-1.8369701987210297e-16,30.346232179226067,12
33.74.13,Gunungpati,2025-10-06,ISPA,266,98200,7.4,26.9,67.0,20.6,8.9,85.5,36.9,25.8,74.7,26.6,72.4,115.0,298.0,298.0,298.0,298.0,0.0,1927.2600000000002,1538.8200000000002,10,41,1,-0.9709418174260521,0.23931566428755738,-0.8660254037844386,0.5000000000000001,30.346232179226067,12
33.74.13,Gunungpati,2025-10-13,ISPA,266,98200,24.1,27.2,72.9,7.4,20.6,8.9,85.5,26.9,67.0,25.8,74.7,36.9,266.0,298.0,298.0,287.3333333333333,-32.0,1802.3,495.8,10,42,1,-0.9350162426854148,0.35460488704253557,-0.8660254037844386,0.5000000000000001,27.08757637474542,12
33.74.13,Gunungpati,2025-10-20,ISPA,266,98200,237.5,24.9,88.1,24.1,7.4,20.6,8.9,27.2,72.9,26.9,67.0,52.1,266.0,266.0,298.0,276.6666666666667,0.0,1982.88,1756.8900000000003,10,43,1,-0.8854560256532101,0.464723172043768,-0.8660254037844386,0.5000000000000001,27.08757637474542,12
33.74.13,Gunungpati,2025-10-27,ISPA,266,98200,69.1,25.0,85.9,237.5,24.1,7.4,20.6,24.9,88.1,27.2,72.9,269.0,266.0,266.0,298.0,266.0,0.0,2193.6899999999996,20923.75,10,44,1,-0.822983865893657,0.5680647467311548,-0.8660254037844386,0.5000000000000001,27.08757637474542,12
33.74.13,Gunungpati,2025-11-03,ISPA,304,98200,69.7,25.1,84.3,69.1,237.5,24.1,7.4,25.0,85.9,24.9,88.1,330.70000000000005,266.0,266.0,266.0,266.0,0.0,2147.5,5935.69,11,45,1,-0.7485107481711011,0.6631226582407952,-0.5000000000000004,0.8660254037844384,27.08757637474542,12
33.74.13,Gunungpati,2025-11-10,ISPA,304,98200,167.8,24.6,88.4,69.7,69.1,237.5,24.1,25.1,84.3,25.0,85.9,376.3,304.0,266.0,266.0,278.6666666666667,38.0,2115.93,5875.71,11,46,1,-0.6631226582407955,0.7485107481711007,-0.5000000000000004,0.8660254037844384,30.957230142566193,12
33.74.13,Gunungpati,2025-11-17,ISPA,304,98200,125.2,24.8,86.6,167.8,69.7,69.1,237.5,24.6,88.4,25.1,84.3,306.6,304.0,304.0,266.0,291.3333333333333,0.0,2174.6400000000003,14833.520000000002,11,47,1,-0.5680647467311559,0.8229838658936564,-0.5000000000000004,0.8660254037844384,30.957230142566193,12
33.74.13,Gunungpati,2025-11-24,ISPA,304,98200,38.1,25.8,76.9,125.2,167.8,69.7,69.1,24.8,86.6,24.6,88.4,362.7,304.0,304.0,266.0,304.0,0.0,2147.68,10842.32,11,48,1,-0.4647231720437684,0.88545602565321,-0.5000000000000004,0.8660254037844384,30.957230142566193,12
33.74.13,Gunungpati,2025-12-01,ISPA,216,98200,75.6,25.0,85.3,38.1,125.2,167.8,69.7,25.8,76.9,24.8,86.6,331.1,304.0,304.0,304.0,304.0,0.0,1984.0200000000002,2929.8900000000003,12,49,0,-0.35460488704253595,0.9350162426854147,-2.4492935982947064e-16,1.0,30.957230142566193,12
33.74.13,Gunungpati,2025-12-08,ISPA,216,98200,103.3,24.6,89.0,75.6,38.1,125.2,167.8,25.0,85.3,25.8,76.9,238.89999999999998,216.0,304.0,304.0,274.6666666666667,-88.0,2132.5,6448.679999999999,12,50,0,-0.2393156642875578,0.970941817426052,-2.4492935982947064e-16,1.0,21.9959266802444,12
33.74.13,Gunungpati,2025-12-15,ISPA,216,98200,102.2,25.1,83.4,103.3,75.6,38.1,125.2,24.6,89.0,25.0,85.3,216.99999999999997,216.0,216.0,304.0,245.33333333333334,0.0,2189.4,9193.699999999999,12,51,0,-0.12053668025532363,0.992708874098054,-2.4492935982947064e-16,1.0,21.9959266802444,12
33.74.13,Gunungpati,2025-12-22,ISPA,216,98200,99.9,25.1,87.3,102.2,103.3,75.6,38.1,25.1,83.4,24.6,89.0,281.1,216.0,216.0,304.0,216.0,0.0,2093.34,8523.480000000001,12,52,0,6.432490598706546e-16,1.0,-2.4492935982947064e-16,1.0,21.9959266802444,12
33.74.13,Gunungpati,2025-12-29,ISPA,216,98200,40.8,24.4,87.3,99.9,102.2,103.3,75.6,25.1,87.3,25.1,83.4,305.40000000000003,216.0,216.0,216.0,216.0,0.0,2191.23,8721.27,12,1,0,0.12053668025532305,0.992708874098054,-2.4492935982947064e-16,1.0,21.9959266802444,12
33.74.14,Mijen,2025-02-03,ISPA,407,78900,102.3,24.9,89.1,102.2,148.8,129.0,122.0,24.1,93.1,24.8,91.1,380.0,444.0,444.0,444.0,444.0,0.0,2243.71,9514.82,2,6,0,0.6631226582407952,0.7485107481711011,0.8660254037844386,0.5000000000000001,56.27376425855513,13
33.74.14,Mijen,2025-02-10,ISPA,407,78900,70.6,25.2,86.3,102.3,102.2,148.8,129.0,24.9,89.1,24.1,93.1,353.3,407.0,444.0,444.0,431.6666666666667,-37.0,2218.5899999999997,9114.929999999998,2,7,0,0.7485107481711011,0.6631226582407953,0.8660254037844386,0.5000000000000001,51.58428390367554,13
33.74.14,Mijen,2025-02-17,ISPA,407,78900,92.8,24.7,90.4,70.6,102.3,102.2,148.8,25.2,86.3,24.9,89.1,275.09999999999997,407.0,407.0,444.0,419.3333333333333,0.0,2174.7599999999998,6092.78,2,8,0,0.8229838658936564,0.5680647467311559,0.8660254037844386,0.5000000000000001,51.58428390367554,13
33.74.14,Mijen,2025-02-24,ISPA,407,78900,177.3,24.8,92.1,92.8,70.6,102.3,102.2,24.7,90.4,25.2,86.3,265.7,407.0,407.0,444.0,407.0,0.0,2232.88,8389.12,2,9,0,0.8854560256532099,0.4647231720437686,0.8660254037844386,0.5000000000000001,51.58428390367554,13
33.74.14,Mijen,2025-03-03,ISPA,287,78900,117.6,25.4,89.1,177.3,92.8,70.6,102.3,24.8,92.1,24.7,90.4,340.70000000000005,407.0,407.0,407.0,407.0,0.0,2284.08,16329.33,3,10,1,0.9350162426854148,0.35460488704253557,1.0,6.123233995736766e-17,51.58428390367554,13
33.74.14,Mijen,2025-03-10,ISPA,287,78900,100.6,25.3,88.9,117.6,177.3,92.8,70.6,25.4,89.1,24.8,92.1,387.7,287.0,407.0,407.0,367.0,-120.0,2263.14,10478.159999999998,3,11,1,0.970941817426052,0.23931566428755804,1.0,6.123233995736766e-17,36.37515842839037,13
33.74.14,Mijen,2025-03-17,ISPA,287,78900,49.3,25.3,86.7,100.6,117.6,177.3,92.8,25.3,88.9,25.4,89.1,395.5,287.0,287.0,407.0,327.0,0.0,2249.17,8943.34,3,12,1,0.992708874098054,0.120536680255323,1.0,6.123233995736766e-17,36.37515842839037,13
33.74.14,Mijen,2025-03-24,ISPA,287,78900,73.2,25.6,87.0,49.3,100.6,117.6,177.3,25.3,86.7,25.3,88.9,267.5,287.0,287.0,407.0,287.0,0.0,2193.51,4274.3099999999995,3,13,1,1.0,-1.6081226496766366e-16,1.0,6.123233995736766e-17,36.37515842839037,13
33.74.14,Mijen,2025-03-31,ISPA,287,78900,78.6,25.0,88.9,73.2,49.3,100.6,117.6,25.6,87.0,25.3,86.7,223.1,287.0,287.0,287.0,287.0,0.0,2227.2000000000003,6368.400000000001,3,14,1,0.992708874098054,-0.12053668025532288,1.0,6.123233995736766e-17,36.37515842839037,13
33.74.14,Mijen,2025-04-07,ISPA,344,78900,78.6,25.7,86.6,78.6,73.2,49.3,100.6,25.0,88.9,25.6,87.0,201.10000000000002,287.0,287.0,287.0,287.0,0.0,2222.5,6987.54,4,15,1,0.9709418174260521,-0.2393156642875575,0.8660254037844387,-0.4999999999999998,36.37515842839037,13
33.74.14,Mijen,2025-04-14,ISPA,344,78900,84.8,25.4,88.9,78.6,78.6,73.2,49.3,25.7,86.6,25.0,88.9,230.39999999999998,344.0,287.0,287.0,306.0,57.0,2225.62,6806.759999999999,4,16,1,0.9350162426854148,-0.35460488704253545,0.8660254037844387,-0.4999999999999998,43.59949302915082,13
33.74.14,Mijen,2025-04-21,ISPA,344,78900,75.4,25.5,86.0,84.8,78.6,78.6,73.2,25.4,88.9,25.7,86.6,241.99999999999997,344.0,344.0,287.0,325.0,0.0,2258.06,7538.72,4,17,1,0.8854560256532099,-0.4647231720437685,0.8660254037844387,-0.4999999999999998,43.59949302915082,13
33.74.14,Mijen,2025-04-28,ISPA,344,78900,55.5,25.9,81.4,75.4,84.8,78.6,78.6,25.5,86.0,25.4,88.9,238.79999999999998,344.0,344.0,287.0,344.0,0.0,2193.0,6484.400000000001,4,18,1,0.8229838658936565,-0.5680647467311557,0.8660254037844387,-0.4999999999999998,43.59949302915082,13
33.74.14,Mijen,2025-05-05,ISPA,356,78900,91.4,26.0,85.9,55.5,75.4,84.8,78.6,25.9,81.4,25.5,86.0,215.7,344.0,344.0,344.0,344.0,0.0,2108.26,4517.700000000001,5,19,0,0.7485107481711013,-0.663122658240795,0.49999999999999994,-0.8660254037844387,43.59949302915082,13
33.74.14,Mijen,2025-05-12,ISPA,356,78900,113.3,25.2,90.6,91.4,55.5,75.4,84.8,26.0,85.9,25.9,81.4,222.3,356.0,344.0,344.0,348.0,12.0,2233.4,7851.260000000001,5,20,0,0.6631226582407952,-0.7485107481711012,0.49999999999999994,-0.8660254037844387,45.12040557667934,13
33.74.14,Mijen,2025-05-19,ISPA,356,78900,79.6,25.3,89.1,113.3,91.4,55.5,75.4,25.2,90.6,26.0,85.9,260.2,356.0,356.0,344.0,352.0,0.0,2283.12,10264.98,5,21,0,0.5680647467311558,-0.8229838658936564,0.49999999999999994,-0.8660254037844387,45.12040557667934,13
33.74.14,Mijen,2025-05-26,ISPA,356,78900,49.9,25.9,83.3,79.6,113.3,91.4,55.5,25.3,89.1,25.2,90.6,284.29999999999995,356.0,356.0,344.0,356.0,0.0,2254.23,7092.359999999999,5,22,0,0.46472317204376906,-0.8854560256532096,0.49999999999999994,-0.8660254037844387,45.12040557667934,13
33.74.14,Mijen,2025-06-02,ISPA,329,78900,17.2,26.5,79.6,49.9,79.6,113.3,91.4,25.9,83.3,25.3,89.1,242.8,356.0,356.0,356.0,356.0,0.0,2157.47,4156.67,6,23,0,0.35460488704253584,-0.9350162426854147,1.2246467991473532e-16,-1.0,45.12040557667934,13
33.74.14,Mijen,2025-06-09,ISPA,329,78900,64.2,26.0,82.0,17.2,49.9,79.6,113.3,26.5,79.6,25.9,83.3,146.7,329.0,356.0,356.0,347.0,-27.0,2109.3999999999996,1369.12,6,24,0,0.23931566428755768,-0.970941817426052,1.2246467991473532e-16,-1.0,41.69835234474018,13
33.74.14,Mijen,2025-06-16,ISPA,329,78900,49.0,25.3,84.1,64.2,17.2,49.9,79.6,26.0,82.0,26.5,79.6,131.3,329.0,329.0,356.0,338.0,0.0,2132.0,5264.400000000001,6,25,0,0.12053668025532308,-0.992708874098054,1.2246467991473532e-16,-1.0,41.69835234474018,13
33.74.14,Mijen,2025-06-23,ISPA,329,78900,23.6,26.0,77.6,49.0,64.2,17.2,49.9,25.3,84.1,26.0,82.0,130.4,329.0,329.0,356.0,329.0,0.0,2127.73,4120.9,6,26,0,-3.216245299353273e-16,-1.0,1.2246467991473532e-16,-1.0,41.69835234474018,13
33.74.14,Mijen,2025-06-30,ISPA,329,78900,45.1,25.7,81.9,23.6,49.0,64.2,17.2,26.0,77.6,25.3,84.1,136.8,329.0,329.0,329.0,329.0,0.0,2017.6,1831.36,6,27,0,-0.12053668025532283,-0.992708874098054,1.2246467991473532e-16,-1.0,41.69835234474018,13
33.74.14,Mijen,2025-07-07,ISPA,489,78900,3.4,25.8,71.6,45.1,23.6,49.0,64.2,25.7,81.9,26.0,77.6,117.7,329.0,329.0,329.0,329.0,0.0,2104.83,3693.6900000000005,7,28,0,-0.23931566428755743,-0.9709418174260521,-0.4999999999999997,-0.8660254037844388,41.69835234474018,13
33.74.14,Mijen,2025-07-14,ISPA,489,78900,6.1,25.9,71.3,3.4,45.1,23.6,49.0,25.8,71.6,25.7,81.9,72.1,489.0,329.0,329.0,382.3333333333333,160.0,1847.28,243.43999999999997,7,29,0,-0.3546048870425356,-0.9350162426854148,-0.4999999999999997,-0.8660254037844388,61.97718631178707,13
33.74.14,Mijen,2025-07-21,ISPA,489,78900,5.0,26.4,71.0,6.1,3.4,45.1,23.6,25.9,71.3,25.8,71.6,54.6,489.0,489.0,329.0,435.6666666666667,0.0,1846.6699999999998,434.92999999999995,7,30,0,-0.46472317204376806,-0.8854560256532101,-0.4999999999999997,-0.8660254037844388,61.97718631178707,13
33.74.14,Mijen,2025-07-28,ISPA,489,78900,10.6,26.8,72.7,5.0,6.1,3.4,45.1,26.4,71.0,25.9,71.3,14.5,489.0,489.0,329.0,489.0,0.0,1874.3999999999999,355.0,7,31,0,-0.5680647467311556,-0.8229838658936566,-0.4999999999999997,-0.8660254037844388,61.97718631178707,13
33.74.14,Mijen,2025-08-04,ISPA,546,78900,25.0,26.0,80.7,10.6,5.0,6.1,3.4,26.8,72.7,26.4,71.0,21.7,489.0,489.0,489.0,489.0,0.0,1948.3600000000001,770.62,8,32,0,-0.663122658240795,-0.7485107481711013,-0.8660254037844385,-0.5000000000000004,61.97718631178707,13
33.74.14,Mijen,2025-08-11,ISPA,546,78900,32.1,25.5,75.4,25.0,10.6,5.0,6.1,26.0,80.7,26.8,72.7,40.6,546.0,489.0,489.0,508.0,57.0,2098.2000000000003,2017.5,8,33,0,-0.7485107481711011,-0.6631226582407952,-0.8660254037844385,-0.5000000000000004,69.20152091254752,13
33.74.14,Mijen,2025-08-18,ISPA,546,78900,37.2,25.4,81.3,32.1,25.0,10.6,5.0,25.5,75.4,26.0,80.7,67.7,546.0,546.0,489.0,527.0,0.0,1922.7,2420.34,8,34,0,-0.8229838658936564,-0.5680647467311559,-0.8660254037844385,-0.5000000000000004,69.20152091254752,13
33.74.14,Mijen,2025-08-25,ISPA,546,78900,28.8,26.0,71.9,37.2,32.1,25.0,10.6,25.4,81.3,25.5,75.4,94.30000000000001,546.0,546.0,489.0,546.0,0.0,2065.02,3024.36,8,35,0,-0.8854560256532096,-0.4647231720437691,-0.8660254037844385,-0.5000000000000004,69.20152091254752,13
33.74.14,Mijen,2025-09-01,ISPA,430,78900,8.3,26.7,68.0,28.8,37.2,32.1,25.0,26.0,71.9,25.4,81.3,98.1,546.0,546.0,546.0,546.0,0.0,1869.4,2070.7200000000003,9,36,0,-0.9350162426854147,-0.3546048870425359,-1.0,-1.8369701987210297e-16,69.20152091254752,13
33.74.14,Mijen,2025-09-08,ISPA,430,78900,53.7,26.3,76.4,8.3,28.8,37.2,32.1,26.7,68.0,26.0,71.9,74.30000000000001,430.0,546.0,546.0,507.3333333333333,-116.0,1815.6,564.4000000000001,9,37,0,-0.970941817426052,-0.23931566428755774,-1.0,-1.8369701987210297e-16,54.49936628643853,13
33.74.14,Mijen,2025-09-15,ISPA,430,78900,96.1,25.8,80.1,53.7,8.3,28.8,37.2,26.3,76.4,26.7,68.0,90.8,430.0,430.0,546.0,468.6666666666667,0.0,2009.3200000000002,4102.68,9,38,0,-0.992708874098054,-0.12053668025532357,-1.0,-1.8369701987210297e-16,54.49936628643853,13
33.74.14,Mijen,2025-09-22,ISPA,430,78900,15.3,27.2,73.3,96.1,53.7,8.3,28.8,25.8,80.1,26.3,76.4,158.10000000000002,430.0,430.0,546.0,430.0,0.0,2066.58,7697.609999999999,9,39,0,-1.0,-1.8369701987210297e-16,-1.0,-1.8369701987210297e-16,54.49936628643853,13
33.74.14,Mijen,2025-09-29,ISPA,430,78900,35.9,26.5,75.0,15.3,96.1,53.7,8.3,27.2,73.3,25.8,80.1,165.1,430.0,430.0,430.0,430.0,0.0,1993.7599999999998,1121.49,9,40,0,-0.992708874098054,0.1205366802553232,-1.0,-1.8369701987210297e-16,54.49936628643853,13
33.74.14,Mijen,2025-10-06,ISPA,467,78900,6.9,27.4,68.9,35.9,15.3,96.1,53.7,26.5,75.0,27.2,73.3,147.3,430.0,430.0,430.0,430.0,0.0,1987.5,2692.5,10,41,1,-0.9709418174260521,0.23931566428755738,-0.8660254037844386,0.5000000000000001,54.49936628643853,13
33.74.14,Mijen,2025-10-13,ISPA,467,78900,30.4,27.6,75.4,6.9,35.9,15.3,96.1,27.4,68.9,26.5,75.0,58.099999999999994,467.0,430.0,430.0,442.3333333333333,37.0,1887.8600000000001,475.4100000000001,10,42,1,-0.9350162426854148,0.35460488704253557,-0.8660254037844386,0.5000000000000001,59.18884664131812,13
33.74.14,Mijen,2025-10-20,ISPA,467,78900,209.9,25.5,87.7,30.4,6.9,35.9,15.3,27.6,75.4,27.4,68.9,73.19999999999999,467.0,467.0,430.0,454.6666666666667,0.0,2081.0400000000004,2292.16,10,43,1,-0.8854560256532101,0.464723172043768,-0.8660254037844386,0.5000000000000001,59.18884664131812,13
33.74.14,Mijen,2025-10-27,ISPA,467,78900,65.5,25.7,85.1,209.9,30.4,6.9,35.9,25.5,87.7,27.6,75.4,247.20000000000002,467.0,467.0,430.0,467.0,0.0,2236.35,18408.23,10,44,1,-0.822983865893657,0.5680647467311548,-0.8660254037844386,0.5000000000000001,59.18884664131812,13
33.74.14,Mijen,2025-11-03,ISPA,513,78900,87.0,25.7,84.7,65.5,209.9,30.4,6.9,25.7,85.1,25.5,87.7,305.79999999999995,467.0,467.0,467.0,467.0,0.0,2187.0699999999997,5574.049999999999,11,45,1,-0.7485107481711011,0.6631226582407952,-0.5000000000000004,0.8660254037844384,59.18884664131812,13
33.74.14,Mijen,2025-11-10,ISPA,513,78900,122.3,25.3,88.0,87.0,65.5,209.9,30.4,25.7,84.7,25.7,85.1,362.4,513.0,467.0,467.0,482.3333333333333,46.0,2176.79,7368.900000000001,11,46,1,-0.6631226582407955,0.7485107481711007,-0.5000000000000004,0.8660254037844384,65.0190114068441,13
33.74.14,Mijen,2025-11-17,ISPA,513,78900,99.0,25.4,86.7,122.3,87.0,65.5,209.9,25.3,88.0,25.7,84.7,274.8,513.0,513.0,467.0,497.6666666666667,0.0,2226.4,10762.4,11,47,1,-0.5680647467311559,0.8229838658936564,-0.5000000000000004,0.8660254037844384,65.0190114068441,13
33.74.14,Mijen,2025-11-24,ISPA,513,78900,39.2,26.4,75.9,99.0,122.3,87.0,65.5,25.4,86.7,25.3,88.0,308.3,513.0,513.0,467.0,513.0,0.0,2202.18,8583.300000000001,11,48,1,-0.4647231720437684,0.88545602565321,-0.5000000000000004,0.8660254037844384,65.0190114068441,13
33.74.14,Mijen,2025-12-01,ISPA,334,78900,83.6,25.5,85.6,39.2,99.0,122.3,87.0,26.4,75.9,25.4,86.7,260.5,513.0,513.0,513.0,513.0,0.0,2003.76,2975.2800000000007,12,49,0,-0.35460488704253595,0.9350162426854147,-2.4492935982947064e-16,1.0,65.0190114068441,13
33.74.14,Mijen,2025-12-08,ISPA,334,78900,82.3,25.3,88.1,83.6,39.2,99.0,122.3,25.5,85.6,26.4,75.9,221.8,334.0,513.0,513.0,453.3333333333333,-179.0,2182.7999999999997,7156.159999999999,12,50,0,-0.2393156642875578,0.970941817426052,-2.4492935982947064e-16,1.0,42.332065906210396,13
33.74.14,Mijen,2025-12-15,ISPA,334,78900,102.2,25.6,84.3,82.3,83.6,39.2,99.0,25.3,88.1,25.5,85.6,205.09999999999997,334.0,334.0,513.0,393.6666666666667,0.0,2228.93,7250.629999999999,12,51,0,-0.12053668025532363,0.992708874098054,-2.4492935982947064e-16,1.0,42.332065906210396,13
33.74.14,Mijen,2025-12-22,ISPA,334,78900,119.3,25.6,87.6,102.2,82.3,83.6,39.2,25.6,84.3,25.3,88.1,268.1,334.0,334.0,513.0,334.0,0.0,2158.08,8615.46,12,52,0,6.432490598706546e-16,1.0,-2.4492935982947064e-16,1.0,42.332065906210396,13
33.74.14,Mijen,2025-12-29,ISPA,334,78900,44.2,24.9,89.0,119.3,102.2,82.3,83.6,25.6,87.6,25.6,84.3,303.8,334.0,334.0,334.0,334.0,0.0,2242.56,10450.679999999998,12,1,0,0.12053668025532305,0.992708874098054,-2.4492935982947064e-16,1.0,42.332065906210396,13
33.74.15,Ngaliyan,2025-02-03,ISPA,456,145800,35.8,26.0,83.6,102.1,78.4,92.6,65.2,25.2,87.7,25.8,88.6,273.1,378.0,378.0,378.0,378.0,0.0,2210.04,8954.17,2,6,0,0.6631226582407952,0.7485107481711011,0.8660254037844386,0.5000000000000001,25.925925925925924,14
33.74.15,Ngaliyan,2025-02-10,ISPA,456,145800,39.6,26.2,83.6,35.8,102.1,78.4,92.6,26.0,83.6,25.2,87.7,216.29999999999998,456.0,378.0,378.0,404.0,78.0,2173.6,2992.8799999999997,2,7,0,0.7485107481711011,0.6631226582407953,0.8660254037844386,0.5000000000000001,31.275720164609055,14
33.74.15,Ngaliyan,2025-02-17,ISPA,456,145800,58.1,25.8,86.6,39.6,35.8,102.1,78.4,26.2,83.6,26.0,83.6,177.5,456.0,456.0,378.0,430.0,0.0,2190.3199999999997,3310.56,2,8,0,0.8229838658936564,0.5680647467311559,0.8660254037844386,0.5000000000000001,31.275720164609055,14
33.74.15,Ngaliyan,2025-02-24,ISPA,456,145800,76.6,25.8,88.1,58.1,39.6,35.8,102.1,25.8,86.6,26.2,83.6,133.5,456.0,456.0,378.0,456.0,0.0,2234.2799999999997,5031.46,2,9,0,0.8854560256532099,0.4647231720437686,0.8660254037844386,0.5000000000000001,31.275720164609055,14
33.74.15,Ngaliyan,2025-03-03,ISPA,331,145800,63.1,26.5,85.3,76.6,58.1,39.6,35.8,25.8,88.1,25.8,86.6,174.29999999999998,456.0,456.0,456.0,456.0,0.0,2272.98,6748.459999999999,3,10,1,0.9350162426854148,0.35460488704253557,1.0,6.123233995736766e-17,31.275720164609055,14
33.74.15,Ngaliyan,2025-03-10,ISPA,331,145800,36.3,26.4,85.0,63.1,76.6,58.1,39.6,26.5,85.3,25.8,88.1,197.79999999999998,331.0,456.0,456.0,414.3333333333333,-125.0,2260.45,5382.43,3,11,1,0.970941817426052,0.23931566428755804,1.0,6.123233995736766e-17,22.70233196159122,14
33.74.15,Ngaliyan,2025-03-17,ISPA,331,145800,30.8,26.6,81.9,36.3,63.1,76.6,58.1,26.4,85.0,26.5,85.3,176.0,331.0,331.0,456.0,372.6666666666667,0.0,2244.0,3085.4999999999995,3,12,1,0.992708874098054,0.120536680255323,1.0,6.123233995736766e-17,22.70233196159122,14
33.74.15,Ngaliyan,2025-03-24,ISPA,331,145800,33.3,26.9,82.4,30.8,36.3,63.1,76.6,26.6,81.9,26.4,85.0,130.2,331.0,331.0,456.0,331.0,0.0,2178.5400000000004,2522.5200000000004,3,13,1,1.0,-1.6081226496766366e-16,1.0,6.123233995736766e-17,22.70233196159122,14
33.74.15,Ngaliyan,2025-03-31,ISPA,331,145800,30.2,26.3,84.6,33.3,30.8,36.3,63.1,26.9,82.4,26.6,81.9,100.39999999999999,331.0,331.0,331.0,331.0,0.0,2216.56,2743.92,3,14,1,0.992708874098054,-0.12053668025532288,1.0,6.123233995736766e-17,22.70233196159122,14
33.74.15,Ngaliyan,2025-04-07,ISPA,460,145800,24.4,27.1,80.0,30.2,33.3,30.8,36.3,26.3,84.6,26.9,82.4,94.3,331.0,331.0,331.0,331.0,0.0,2224.98,2554.9199999999996,4,15,1,0.9709418174260521,-0.2393156642875575,0.8660254037844387,-0.4999999999999998,22.70233196159122,14
33.74.15,Ngaliyan,2025-04-14,ISPA,460,145800,39.7,26.8,82.1,24.4,30.2,33.3,30.8,27.1,80.0,26.3,84.6,87.89999999999999,460.0,331.0,331.0,374.0,129.0,2168.0,1952.0,4,16,1,0.9350162426854148,-0.35460488704253545,0.8660254037844387,-0.4999999999999998,31.550068587105624,14
33.74.15,Ngaliyan,2025-04-21,ISPA,460,145800,47.0,26.9,81.1,39.7,24.4,30.2,33.3,26.8,82.1,27.1,80.0,94.3,460.0,460.0,331.0,417.0,0.0,2200.2799999999997,3259.37,4,17,1,0.8854560256532099,-0.4647231720437685,0.8660254037844387,-0.4999999999999998,31.550068587105624,14
33.74.15,Ngaliyan,2025-04-28,ISPA,460,145800,28.9,27.7,72.9,47.0,39.7,24.4,30.2,26.9,81.1,26.8,82.1,111.1,460.0,460.0,331.0,460.0,0.0,2181.5899999999997,3811.7,4,18,1,0.8229838658936565,-0.5680647467311557,0.8660254037844387,-0.4999999999999998,31.550068587105624,14
33.74.15,Ngaliyan,2025-05-05,ISPA,373,145800,30.7,27.5,79.7,28.9,47.0,39.7,24.4,27.7,72.9,26.9,81.1,115.60000000000001,460.0,460.0,460.0,460.0,0.0,2019.3300000000002,2106.81,5,19,0,0.7485107481711013,-0.663122658240795,0.49999999999999994,-0.8660254037844387,31.550068587105624,14
33.74.15,Ngaliyan,2025-05-12,ISPA,373,145800,55.8,26.4,86.0,30.7,28.9,47.0,39.7,27.5,79.7,27.7,72.9,106.6,373.0,460.0,460.0,431.0,-87.0,2191.75,2446.79,5,20,0,0.6631226582407952,-0.7485107481711012,0.49999999999999994,-0.8660254037844387,25.58299039780521,14
33.74.15,Ngaliyan,2025-05-19,ISPA,373,145800,66.1,26.3,85.3,55.8,30.7,28.9,47.0,26.4,86.0,27.5,79.7,115.4,373.0,373.0,460.0,402.0,0.0,2270.4,4798.8,5,21,0,0.5680647467311558,-0.8229838658936564,0.49999999999999994,-0.8660254037844387,25.58299039780521,14
33.74.15,Ngaliyan,2025-05-26,ISPA,373,145800,23.9,27.1,79.6,66.1,55.8,30.7,28.9,26.3,85.3,26.4,86.0,152.6,373.0,373.0,460.0,373.0,0.0,2243.39,5638.329999999999,5,22,0,0.46472317204376906,-0.8854560256532096,0.49999999999999994,-0.8660254037844387,25.58299039780521,14
33.74.15,Ngaliyan,2025-06-02,ISPA,552,145800,3.4,28.2,70.3,23.9,66.1,55.8,30.7,27.1,79.6,26.3,85.3,145.8,373.0,373.0,373.0,373.0,0.0,2157.16,1902.4399999999998,6,23,0,0.35460488704253584,-0.9350162426854147,1.2246467991473532e-16,-1.0,25.58299039780521,14
33.74.15,Ngaliyan,2025-06-09,ISPA,552,145800,31.7,27.3,76.1,3.4,23.9,66.1,55.8,28.2,70.3,27.1,79.6,93.39999999999999,552.0,373.0,373.0,432.6666666666667,179.0,1982.4599999999998,239.01999999999998,6,24,0,0.23931566428755768,-0.970941817426052,1.2246467991473532e-16,-1.0,37.86008230452675,14
33.74.15,Ngaliyan,2025-06-16,ISPA,552,145800,35.6,26.7,77.7,31.7,3.4,23.9,66.1,27.3,76.1,28.2,70.3,59.0,552.0,552.0,373.0,492.3333333333333,0.0,2077.5299999999997,2412.37,6,25,0,0.12053668025532308,-0.992708874098054,1.2246467991473532e-16,-1.0,37.86008230452675,14
33.74.15,Ngaliyan,2025-06-23,ISPA,552,145800,23.3,27.9,67.6,35.6,31.7,3.4,23.9,26.7,77.7,27.3,76.1,70.7,552.0,552.0,373.0,552.0,0.0,2074.59,2766.1200000000003,6,26,0,-3.216245299353273e-16,-1.0,1.2246467991473532e-16,-1.0,37.86008230452675,14
33.74.15,Ngaliyan,2025-06-30,ISPA,552,145800,21.3,27.3,73.3,23.3,35.6,31.7,3.4,27.9,67.6,26.7,77.7,90.60000000000001,552.0,552.0,552.0,552.0,0.0,1886.0399999999997,1575.08,6,27,0,-0.12053668025532283,-0.992708874098054,1.2246467991473532e-16,-1.0,37.86008230452675,14
33.74.15,Ngaliyan,2025-07-07,ISPA,669,145800,4.4,27.7,62.3,21.3,23.3,35.6,31.7,27.3,73.3,27.9,67.6,80.2,552.0,552.0,552.0,552.0,0.0,2001.09,1561.29,7,28,0,-0.23931566428755743,-0.9709418174260521,-0.4999999999999997,-0.8660254037844388,37.86008230452675,14
33.74.15,Ngaliyan,2025-07-14,ISPA,669,145800,7.2,27.6,64.0,4.4,21.3,23.3,35.6,27.7,62.3,27.3,73.3,49.0,669.0,552.0,552.0,591.0,117.0,1725.7099999999998,274.12,7,29,0,-0.3546048870425356,-0.9350162426854148,-0.4999999999999997,-0.8660254037844388,45.88477366255144,14
33.74.15,Ngaliyan,2025-07-21,ISPA,669,145800,2.7,28.4,61.0,7.2,4.4,21.3,23.3,27.6,64.0,27.7,62.3,32.900000000000006,669.0,669.0,552.0,630.0,0.0,1766.4,460.8,7,30,0,-0.46472317204376806,-0.8854560256532101,-0.4999999999999997,-0.8660254037844388,45.88477366255144,14
33.74.15,Ngaliyan,2025-07-28,ISPA,669,145800,12.4,28.7,63.7,2.7,7.2,4.4,21.3,28.4,61.0,27.6,64.0,14.3,669.0,669.0,552.0,669.0,0.0,1732.3999999999999,164.70000000000002,7,31,0,-0.5680647467311556,-0.8229838658936566,-0.4999999999999997,-0.8660254037844388,45.88477366255144,14
33.74.15,Ngaliyan,2025-08-04,ISPA,630,145800,25.1,27.0,77.4,12.4,2.7,7.2,4.4,28.7,63.7,28.4,61.0,22.3,669.0,669.0,669.0,669.0,0.0,1828.19,789.8800000000001,8,32,0,-0.663122658240795,-0.7485107481711013,-0.8660254037844385,-0.5000000000000004,45.88477366255144,14
33.74.15,Ngaliyan,2025-08-11,ISPA,630,145800,31.6,26.8,72.4,25.1,12.4,2.7,7.2,27.0,77.4,28.7,63.7,40.2,630.0,669.0,669.0,656.0,-39.0,2089.8,1942.7400000000002,8,33,0,-0.7485107481711011,-0.6631226582407952,-0.8660254037844385,-0.5000000000000004,43.20987654320987,14
33.74.15,Ngaliyan,2025-08-18,ISPA,630,145800,28.0,26.9,74.9,31.6,25.1,12.4,2.7,26.8,72.4,27.0,77.4,69.10000000000001,630.0,630.0,669.0,643.0,0.0,1940.3200000000002,2287.84,8,34,0,-0.8229838658936564,-0.5680647467311559,-0.8660254037844385,-0.5000000000000004,43.20987654320987,14
33.74.15,Ngaliyan,2025-08-25,ISPA,630,145800,11.6,27.6,65.6,28.0,31.6,25.1,12.4,26.9,74.9,26.8,72.4,84.7,630.0,630.0,669.0,630.0,0.0,2014.81,2097.2000000000003,8,35,0,-0.8854560256532096,-0.4647231720437691,-0.8660254037844385,-0.5000000000000004,43.20987654320987,14
33.74.15,Ngaliyan,2025-09-01,ISPA,589,145800,3.7,28.6,59.3,11.6,28.0,31.6,25.1,27.6,65.6,26.9,74.9,71.2,630.0,630.0,630.0,630.0,0.0,1810.56,760.9599999999999,9,36,0,-0.9350162426854147,-0.3546048870425359,-1.0,-1.8369701987210297e-16,43.20987654320987,14
33.74.15,Ngaliyan,2025-09-08,ISPA,589,145800,37.1,27.4,73.3,3.7,11.6,28.0,31.6,28.6,59.3,27.6,65.6,43.3,589.0,630.0,630.0,616.3333333333334,-41.0,1695.98,219.41,9,37,0,-0.970941817426052,-0.23931566428755774,-1.0,-1.8369701987210297e-16,40.39780521262003,14
33.74.15,Ngaliyan,2025-09-15,ISPA,589,145800,66.7,27.0,76.1,37.1,3.7,11.6,28.0,27.4,73.3,28.6,59.3,52.400000000000006,589.0,589.0,630.0,602.6666666666666,0.0,2008.4199999999998,2719.43,9,38,0,-0.992708874098054,-0.12053668025532357,-1.0,-1.8369701987210297e-16,40.39780521262003,14
33.74.15,Ngaliyan,2025-09-22,ISPA,589,145800,10.7,28.5,68.9,66.7,37.1,3.7,11.6,27.0,76.1,27.4,73.3,107.50000000000001,589.0,589.0,630.0,589.0,0.0,2054.7,5075.87,9,39,0,-1.0,-1.8369701987210297e-16,-1.0,-1.8369701987210297e-16,40.39780521262003,14
33.74.15,Ngaliyan,2025-09-29,ISPA,589,145800,19.1,27.6,72.9,10.7,66.7,37.1,3.7,28.5,68.9,27.0,76.1,114.5,589.0,589.0,589.0,589.0,0.0,1963.65,737.23,9,40,0,-0.992708874098054,0.1205366802553232,-1.0,-1.8369701987210297e-16,40.39780521262003,14
33.74.15,Ngaliyan,2025-10-06,ISPA,745,145800,5.9,28.9,63.4,19.1,10.7,66.7,37.1,27.6,72.9,28.5,68.9,96.5,589.0,589.0,589.0,589.0,0.0,2012.0400000000002,1392.39,10,41,1,-0.9709418174260521,0.23931566428755738,-0.8660254037844386,0.5000000000000001,40.39780521262003,14
33.74.15,Ngaliyan,2025-10-13,ISPA,745,145800,23.2,28.8,71.1,5.9,19.1,10.7,66.7,28.9,63.4,27.6,72.9,35.7,745.0,589.0,589.0,641.0,156.0,1832.2599999999998,374.06,10,42,1,-0.9350162426854148,0.35460488704253557,-0.8660254037844386,0.5000000000000001,51.097393689986276,14
33.74.15,Ngaliyan,2025-10-20,ISPA,745,145800,204.2,26.4,86.1,23.2,5.9,19.1,10.7,28.8,71.1,28.9,63.4,48.2,745.0,745.0,589.0,693.0,0.0,2047.6799999999998,1649.5199999999998,10,43,1,-0.8854560256532101,0.464723172043768,-0.8660254037844386,0.5000000000000001,51.097393689986276,14
33.74.15,Ngaliyan,2025-10-27,ISPA,745,145800,57.5,26.6,84.3,204.2,23.2,5.9,19.1,26.4,86.1,28.8,71.1,233.29999999999998,745.0,745.0,589.0,745.0,0.0,2273.0399999999995,17581.62,10,44,1,-0.822983865893657,0.5680647467311548,-0.8660254037844386,0.5000000000000001,51.097393689986276,14
33.74.15,Ngaliyan,2025-11-03,ISPA,703,145800,55.9,26.8,82.7,57.5,204.2,23.2,5.9,26.6,84.3,26.4,86.1,284.9,745.0,745.0,745.0,745.0,0.0,2242.38,4847.25,11,45,1,-0.7485107481711011,0.6631226582407952,-0.5000000000000004,0.8660254037844384,51.097393689986276,14
33.74.15,Ngaliyan,2025-11-10,ISPA,703,145800,85.8,26.3,85.7,55.9,57.5,204.2,23.2,26.8,82.7,26.6,84.3,317.6,703.0,745.0,745.0,731.0,-42.0,2216.36,4622.93,11,46,1,-0.6631226582407955,0.7485107481711007,-0.5000000000000004,0.8660254037844384,48.21673525377229,14
33.74.15,Ngaliyan,2025-11-17,ISPA,703,145800,76.6,26.5,84.4,85.8,55.9,57.5,204.2,26.3,85.7,26.8,82.7,199.2,703.0,703.0,745.0,717.0,0.0,2253.9100000000003,7353.06,11,47,1,-0.5680647467311559,0.8229838658936564,-0.5000000000000004,0.8660254037844384,48.21673525377229,14
33.74.15,Ngaliyan,2025-11-24,ISPA,703,145800,13.4,27.5,75.3,76.6,85.8,55.9,57.5,26.5,84.4,26.3,85.7,218.29999999999998,703.0,703.0,745.0,703.0,0.0,2236.6000000000004,6465.04,11,48,1,-0.4647231720437684,0.88545602565321,-0.5000000000000004,0.8660254037844384,48.21673525377229,14
33.74.15,Ngaliyan,2025-12-01,ISPA,475,145800,50.1,26.7,83.3,13.4,76.6,85.8,55.9,27.5,75.3,26.5,84.4,175.8,703.0,703.0,703.0,703.0,0.0,2070.75,1009.02,12,49,0,-0.35460488704253595,0.9350162426854147,-2.4492935982947064e-16,1.0,48.21673525377229,14
33.74.15,Ngaliyan,2025-12-08,ISPA,475,145800,79.4,26.1,86.7,50.1,13.4,76.6,85.8,26.7,83.3,27.5,75.3,140.1,475.0,703.0,703.0,627.0,-228.0,2224.1099999999997,4173.33,12,50,0,-0.2393156642875578,0.970941817426052,-2.4492935982947064e-16,1.0,32.578875171467764,14
33.74.15,Ngaliyan,2025-12-15,ISPA,475,145800,57.5,26.7,81.7,79.4,50.1,13.4,76.6,26.1,86.7,26.7,83.3,142.9,475.0,475.0,703.0,551.0,0.0,2262.8700000000003,6883.9800000000005,12,51,0,-0.12053668025532363,0.992708874098054,-2.4492935982947064e-16,1.0,32.578875171467764,14
33.74.15,Ngaliyan,2025-12-22,ISPA,475,145800,72.4,26.7,85.4,57.5,79.4,50.1,13.4,26.7,81.7,26.1,86.7,187.0,475.0,475.0,703.0,475.0,0.0,2181.39,4697.75,12,52,0,6.432490598706546e-16,1.0,-2.4492935982947064e-16,1.0,32.578875171467764,14
33.74.15,Ngaliyan,2025-12-29,ISPA,475,145800,29.8,26.1,84.3,72.4,57.5,79.4,50.1,26.7,85.4,26.7,81.7,209.3,475.0,475.0,475.0,475.0,0.0,2280.1800000000003,6182.960000000001,12,1,0,0.12053668025532305,0.992708874098054,-2.4492935982947064e-16,1.0,32.578875171467764,14
33.74.16,Tugu,2025-02-03,ISPA,406,32100,35.8,26.7,83.7,102.1,78.4,92.6,65.2,25.9,87.9,26.5,88.6,273.1,440.0,440.0,440.0,440.0,0.0,2276.61,8974.59,2,6,0,0.6631226582407952,0.7485107481711011,0.8660254037844386,0.5000000000000001,137.07165109034267,15
33.74.16,Tugu,2025-02-10,ISPA,406,32100,39.6,26.9,83.9,35.8,102.1,78.4,92.6,26.7,83.7,25.9,87.9,216.29999999999998,406.0,440.0,440.0,428.6666666666667,-34.0,2234.79,2996.46,2,7,0,0.7485107481711011,0.6631226582407953,0.8660254037844386,0.5000000000000001,126.4797507788162,15
33.74.16,Tugu,2025-02-17,ISPA,406,32100,58.1,26.5,86.6,39.6,35.8,102.1,78.4,26.9,83.9,26.7,83.7,177.5,406.0,406.0,440.0,417.3333333333333,0.0,2256.91,3322.4400000000005,2,8,0,0.8229838658936564,0.5680647467311559,0.8660254037844386,0.5000000000000001,126.4797507788162,15
33.74.16,Tugu,2025-02-24,ISPA,406,32100,76.6,26.5,88.3,58.1,39.6,35.8,102.1,26.5,86.6,26.9,83.9,133.5,406.0,406.0,440.0,406.0,0.0,2294.8999999999996,5031.46,2,9,0,0.8854560256532099,0.4647231720437686,0.8660254037844386,0.5000000000000001,126.4797507788162,15
33.74.16,Tugu,2025-03-03,ISPA,320,32100,63.1,27.2,85.3,76.6,58.1,39.6,35.8,26.5,88.3,26.5,86.6,174.29999999999998,406.0,406.0,406.0,406.0,0.0,2339.95,6763.779999999999,3,10,1,0.9350162426854148,0.35460488704253557,1.0,6.123233995736766e-17,126.4797507788162,15
33.74.16,Tugu,2025-03-10,ISPA,320,32100,36.3,27.1,85.0,63.1,76.6,58.1,39.6,27.2,85.3,26.5,88.3,197.79999999999998,320.0,406.0,406.0,377.3333333333333,-86.0,2320.16,5382.43,3,11,1,0.970941817426052,0.23931566428755804,1.0,6.123233995736766e-17,99.68847352024923,15
33.74.16,Tugu,2025-03-17,ISPA,320,32100,30.8,27.2,81.9,36.3,63.1,76.6,58.1,27.1,85.0,27.2,85.3,176.0,320.0,320.0,406.0,348.6666666666667,0.0,2303.5,3085.4999999999995,3,12,1,0.992708874098054,0.120536680255323,1.0,6.123233995736766e-17,99.68847352024923,15
33.74.16,Tugu,2025-03-24,ISPA,320,32100,33.3,27.5,82.4,30.8,36.3,63.1,76.6,27.2,81.9,27.1,85.0,130.2,320.0,320.0,406.0,320.0,0.0,2227.6800000000003,2522.5200000000004,3,13,1,1.0,-1.6081226496766366e-16,1.0,6.123233995736766e-17,99.68847352024923,15
33.74.16,Tugu,2025-03-31,ISPA,320,32100,30.2,27.0,84.7,33.3,30.8,36.3,63.1,27.5,82.4,27.2,81.9,100.39999999999999,320.0,320.0,320.0,320.0,0.0,2266.0,2743.92,3,14,1,0.992708874098054,-0.12053668025532288,1.0,6.123233995736766e-17,99.68847352024923,15
33.74.16,Tugu,2025-04-07,ISPA,327,32100,24.4,27.8,80.3,30.2,33.3,30.8,36.3,27.0,84.7,27.5,82.4,94.3,320.0,320.0,320.0,320.0,0.0,2286.9,2557.94,4,15,1,0.9709418174260521,-0.2393156642875575,0.8660254037844387,-0.4999999999999998,99.68847352024923,15
33.74.16,Tugu,2025-04-14,ISPA,327,32100,39.7,27.5,82.3,24.4,30.2,33.3,30.8,27.8,80.3,27.0,84.7,87.89999999999999,327.0,320.0,320.0,322.3333333333333,7.0,2232.34,1959.3199999999997,4,16,1,0.9350162426854148,-0.35460488704253545,0.8660254037844387,-0.4999999999999998,101.86915887850468,15
33.74.16,Tugu,2025-04-21,ISPA,327,32100,47.0,27.6,81.1,39.7,24.4,30.2,33.3,27.5,82.3,27.8,80.3,94.3,327.0,327.0,320.0,324.6666666666667,0.0,2263.25,3267.31,4,17,1,0.8854560256532099,-0.4647231720437685,0.8660254037844387,-0.4999999999999998,101.86915887850468,15
33.74.16,Tugu,2025-04-28,ISPA,327,32100,28.9,28.4,73.0,47.0,39.7,24.4,30.2,27.6,81.1,27.5,82.3,111.1,327.0,327.0,320.0,327.0,0.0,2238.36,3811.7,4,18,1,0.8229838658936565,-0.5680647467311557,0.8660254037844387,-0.4999999999999998,101.86915887850468,15
33.74.16,Tugu,2025-05-05,ISPA,342,32100,30.7,28.2,80.0,28.9,47.0,39.7,24.4,28.4,73.0,27.6,81.1,115.60000000000001,327.0,327.0,327.0,327.0,0.0,2073.2,2109.7,5,19,0,0.7485107481711013,-0.663122658240795,0.49999999999999994,-0.8660254037844387,101.86915887850468,15
33.74.16,Tugu,2025-05-12,ISPA,342,32100,55.8,27.1,86.0,30.7,28.9,47.0,39.7,28.2,80.0,28.4,73.0,106.6,342.0,327.0,327.0,332.0,15.0,2256.0,2456.0,5,20,0,0.6631226582407952,-0.7485107481711012,0.49999999999999994,-0.8660254037844387,106.54205607476635,15
33.74.16,Tugu,2025-05-19,ISPA,342,32100,66.1,27.0,85.7,55.8,30.7,28.9,47.0,27.1,86.0,28.2,80.0,115.4,342.0,342.0,327.0,337.0,0.0,2330.6,4798.8,5,21,0,0.5680647467311558,-0.8229838658936564,0.49999999999999994,-0.8660254037844387,106.54205607476635,15
33.74.16,Tugu,2025-05-26,ISPA,342,32100,23.9,27.8,79.7,66.1,55.8,30.7,28.9,27.0,85.7,27.1,86.0,152.6,342.0,342.0,327.0,342.0,0.0,2313.9,5664.7699999999995,5,22,0,0.46472317204376906,-0.8854560256532096,0.49999999999999994,-0.8660254037844387,106.54205607476635,15
33.74.16,Tugu,2025-06-02,ISPA,302,32100,3.4,28.9,70.3,23.9,66.1,55.8,30.7,27.8,79.7,27.0,85.7,145.8,342.0,342.0,342.0,342.0,0.0,2215.6600000000003,1904.83,6,23,0,0.35460488704253584,-0.9350162426854147,1.2246467991473532e-16,-1.0,106.54205607476635,15
33.74.16,Tugu,2025-06-09,ISPA,302,32100,31.7,28.0,76.1,3.4,23.9,66.1,55.8,28.9,70.3,27.8,79.7,93.39999999999999,302.0,342.0,342.0,328.6666666666667,-40.0,2031.6699999999998,239.01999999999998,6,24,0,0.23931566428755768,-0.970941817426052,1.2246467991473532e-16,-1.0,94.08099688473521,15
33.74.16,Tugu,2025-06-16,ISPA,302,32100,35.6,27.4,77.7,31.7,3.4,23.9,66.1,28.0,76.1,28.9,70.3,59.0,302.0,302.0,342.0,315.3333333333333,0.0,2130.7999999999997,2412.37,6,25,0,0.12053668025532308,-0.992708874098054,1.2246467991473532e-16,-1.0,94.08099688473521,15
33.74.16,Tugu,2025-06-23,ISPA,302,32100,23.3,28.6,67.7,35.6,31.7,3.4,23.9,27.4,77.7,28.0,76.1,70.7,302.0,302.0,342.0,302.0,0.0,2128.98,2766.1200000000003,6,26,0,-3.216245299353273e-16,-1.0,1.2246467991473532e-16,-1.0,94.08099688473521,15
33.74.16,Tugu,2025-06-30,ISPA,302,32100,21.3,28.0,73.4,23.3,35.6,31.7,3.4,28.6,67.7,27.4,77.7,90.60000000000001,302.0,302.0,302.0,302.0,0.0,1936.2200000000003,1577.41,6,27,0,-0.12053668025532283,-0.992708874098054,1.2246467991473532e-16,-1.0,94.08099688473521,15
33.74.16,Tugu,2025-07-07,ISPA,422,32100,4.4,28.4,62.4,21.3,23.3,35.6,31.7,28.0,73.4,28.6,67.7,80.2,302.0,302.0,302.0,302.0,0.0,2055.2000000000003,1563.42,7,28,0,-0.23931566428755743,-0.9709418174260521,-0.4999999999999997,-0.8660254037844388,94.08099688473521,15
33.74.16,Tugu,2025-07-14,ISPA,422,32100,7.2,28.3,64.1,4.4,21.3,23.3,35.6,28.4,62.4,28.0,73.4,49.0,422.0,302.0,302.0,342.0,120.0,1772.1599999999999,274.56,7,29,0,-0.3546048870425356,-0.9350162426854148,-0.4999999999999997,-0.8660254037844388,131.46417445482865,15
33.74.16,Tugu,2025-07-21,ISPA,422,32100,2.7,29.1,61.3,7.2,4.4,21.3,23.3,28.3,64.1,28.4,62.4,32.900000000000006,422.0,422.0,302.0,382.0,0.0,1814.03,461.52,7,30,0,-0.46472317204376806,-0.8854560256532101,-0.4999999999999997,-0.8660254037844388,131.46417445482865,15
33.74.16,Tugu,2025-07-28,ISPA,422,32100,12.4,29.4,63.7,2.7,7.2,4.4,21.3,29.1,61.3,28.3,64.1,14.3,422.0,422.0,302.0,422.0,0.0,1783.83,165.51,7,31,0,-0.5680647467311556,-0.8229838658936566,-0.4999999999999997,-0.8660254037844388,131.46417445482865,15
33.74.16,Tugu,2025-08-04,ISPA,509,32100,25.1,27.7,77.4,12.4,2.7,7.2,4.4,29.4,63.7,29.1,61.3,22.3,422.0,422.0,422.0,422.0,0.0,1872.78,789.8800000000001,8,32,0,-0.663122658240795,-0.7485107481711013,-0.8660254037844385,-0.5000000000000004,131.46417445482865,15
33.74.16,Tugu,2025-08-11,ISPA,509,32100,31.6,27.4,72.6,25.1,12.4,2.7,7.2,27.7,77.4,29.4,63.7,40.2,509.0,422.0,422.0,451.0,87.0,2143.98,1942.7400000000002,8,33,0,-0.7485107481711011,-0.6631226582407952,-0.8660254037844385,-0.5000000000000004,158.56697819314644,15
33.74.16,Tugu,2025-08-18,ISPA,509,32100,28.0,27.6,74.9,31.6,25.1,12.4,2.7,27.4,72.6,27.7,77.4,69.10000000000001,509.0,509.0,422.0,480.0,0.0,1989.2399999999998,2294.16,8,34,0,-0.8229838658936564,-0.5680647467311559,-0.8660254037844385,-0.5000000000000004,158.56697819314644,15
33.74.16,Tugu,2025-08-25,ISPA,509,32100,11.6,28.3,65.6,28.0,31.6,25.1,12.4,27.6,74.9,27.4,72.6,84.7,509.0,509.0,422.0,509.0,0.0,2067.2400000000002,2097.2000000000003,8,35,0,-0.8854560256532096,-0.4647231720437691,-0.8660254037844385,-0.5000000000000004,158.56697819314644,15
33.74.16,Tugu,2025-09-01,ISPA,406,32100,3.7,29.3,59.3,11.6,28.0,31.6,25.1,28.3,65.6,27.6,74.9,71.2,509.0,509.0,509.0,509.0,0.0,1856.4799999999998,760.9599999999999,9,36,0,-0.9350162426854147,-0.3546048870425359,-1.0,-1.8369701987210297e-16,158.56697819314644,15
33.74.16,Tugu,2025-09-08,ISPA,406,32100,37.1,28.1,73.6,3.7,11.6,28.0,31.6,29.3,59.3,28.3,65.6,43.3,406.0,509.0,509.0,474.6666666666667,-103.0,1737.49,219.41,9,37,0,-0.970941817426052,-0.23931566428755774,-1.0,-1.8369701987210297e-16,126.4797507788162,15
33.74.16,Tugu,2025-09-15,ISPA,406,32100,66.7,27.7,76.3,37.1,3.7,11.6,28.0,28.1,73.6,29.3,59.3,52.400000000000006,406.0,406.0,509.0,440.3333333333333,0.0,2068.16,2730.56,9,38,0,-0.992708874098054,-0.12053668025532357,-1.0,-1.8369701987210297e-16,126.4797507788162,15
33.74.16,Tugu,2025-09-22,ISPA,406,32100,10.7,29.2,68.9,66.7,37.1,3.7,11.6,27.7,76.3,28.1,73.6,107.50000000000001,406.0,406.0,509.0,406.0,0.0,2113.5099999999998,5089.21,9,39,0,-1.0,-1.8369701987210297e-16,-1.0,-1.8369701987210297e-16,126.4797507788162,15
33.74.16,Tugu,2025-09-29,ISPA,406,32100,19.1,28.3,73.1,10.7,66.7,37.1,3.7,29.2,68.9,27.7,76.3,114.5,406.0,406.0,406.0,406.0,0.0,2011.88,737.23,9,40,0,-0.992708874098054,0.1205366802553232,-1.0,-1.8369701987210297e-16,126.4797507788162,15
33.74.16,Tugu,2025-10-06,ISPA,493,32100,5.9,29.6,63.7,19.1,10.7,66.7,37.1,28.3,73.1,29.2,68.9,96.5,406.0,406.0,406.0,406.0,0.0,2068.73,1396.21,10,41,1,-0.9709418174260521,0.23931566428755738,-0.8660254037844386,0.5000000000000001,126.4797507788162,15
33.74.16,Tugu,2025-10-13,ISPA,493,32100,23.2,29.5,71.1,5.9,19.1,10.7,66.7,29.6,63.7,28.3,73.1,35.7,493.0,406.0,406.0,435.0,87.0,1885.5200000000002,375.83000000000004,10,42,1,-0.9350162426854148,0.35460488704253557,-0.8660254037844386,0.5000000000000001,153.58255451713396,15
33.74.16,Tugu,2025-10-20,ISPA,493,32100,204.2,27.1,86.3,23.2,5.9,19.1,10.7,29.5,71.1,29.6,63.7,48.2,493.0,493.0,406.0,464.0,0.0,2097.45,1649.5199999999998,10,43,1,-0.8854560256532101,0.464723172043768,-0.8660254037844386,0.5000000000000001,153.58255451713396,15
33.74.16,Tugu,2025-10-27,ISPA,493,32100,57.5,27.3,84.3,204.2,23.2,5.9,19.1,27.1,86.3,29.5,71.1,233.29999999999998,493.0,493.0,406.0,493.0,0.0,2338.73,17622.46,10,44,1,-0.822983865893657,0.5680647467311548,-0.8660254037844386,0.5000000000000001,153.58255451713396,15
33.74.16,Tugu,2025-11-03,ISPA,525,32100,55.9,27.5,82.7,57.5,204.2,23.2,5.9,27.3,84.3,27.1,86.3,284.9,493.0,493.0,493.0,493.0,0.0,2301.39,4847.25,11,45,1,-0.7485107481711011,0.6631226582407952,-0.5000000000000004,0.8660254037844384,153.58255451713396,15
33.74.16,Tugu,2025-11-10,ISPA,525,32100,85.8,27.0,86.0,55.9,57.5,204.2,23.2,27.5,82.7,27.3,84.3,317.6,525.0,493.0,493.0,503.6666666666667,32.0,2274.25,4622.93,11,46,1,-0.6631226582407955,0.7485107481711007,-0.5000000000000004,0.8660254037844384,163.55140186915887,15
33.74.16,Tugu,2025-11-17,ISPA,525,32100,76.6,27.2,84.6,85.8,55.9,57.5,204.2,27.0,86.0,27.5,82.7,199.2,525.0,525.0,493.0,514.3333333333334,0.0,2322.0,7378.8,11,47,1,-0.5680647467311559,0.8229838658936564,-0.5000000000000004,0.8660254037844384,163.55140186915887,15
33.74.16,Tugu,2025-11-24,ISPA,525,32100,13.4,28.2,75.3,76.6,85.8,55.9,57.5,27.2,84.6,27.0,86.0,218.29999999999998,525.0,525.0,493.0,525.0,0.0,2301.12,6480.359999999999,11,48,1,-0.4647231720437684,0.88545602565321,-0.5000000000000004,0.8660254037844384,163.55140186915887,15
33.74.16,Tugu,2025-12-01,ISPA,337,32100,50.1,27.3,83.3,13.4,76.6,85.8,55.9,28.2,75.3,27.2,84.6,175.8,525.0,525.0,525.0,525.0,0.0,2123.46,1009.02,12,49,0,-0.35460488704253595,0.9350162426854147,-2.4492935982947064e-16,1.0,163.55140186915887,15
33.74.16,Tugu,2025-12-08,ISPA,337,32100,79.4,26.8,86.7,50.1,13.4,76.6,85.8,27.3,83.3,28.2,75.3,140.1,337.0,525.0,525.0,462.3333333333333,-188.0,2274.09,4173.33,12,50,0,-0.2393156642875578,0.970941817426052,-2.4492935982947064e-16,1.0,104.98442367601247,15
33.74.16,Tugu,2025-12-15,ISPA,337,32100,57.5,27.3,81.7,79.4,50.1,13.4,76.6,26.8,86.7,27.3,83.3,142.9,337.0,337.0,525.0,399.6666666666667,0.0,2323.56,6883.9800000000005,12,51,0,-0.12053668025532363,0.992708874098054,-2.4492935982947064e-16,1.0,104.98442367601247,15
33.74.16,Tugu,2025-12-22,ISPA,337,32100,72.4,27.4,85.6,57.5,79.4,50.1,13.4,27.3,81.7,26.8,86.7,187.0,337.0,337.0,525.0,337.0,0.0,2230.4100000000003,4697.75,12,52,0,6.432490598706546e-16,1.0,-2.4492935982947064e-16,1.0,104.98442367601247,15
33.74.16,Tugu,2025-12-29,ISPA,337,32100,29.8,26.8,84.7,72.4,57.5,79.4,50.1,27.4,85.6,27.3,81.7,209.3,337.0,337.0,337.0,337.0,0.0,2345.4399999999996,6197.4400000000005,12,1,0,0.12053668025532305,0.992708874098054,-2.4492935982947064e-16,1.0,104.98442367601247,15
