kecamatan_id,kecamatan_nama,month_start,disease,cases,population,rainfall_mm,temp_mean_c,humidity_pct,rainfall_lag1,temp_lag1,humidity_lag1,rainfall_lag2,temp_lag2,humidity_lag2,rainfall_lag3,temp_lag3,humidity_lag3,rainfall_cumul_2m,cases_lag1,cases_lag2,cases_lag3,cases_ma_3m,cases_trend,temp_x_humidity,rain_x_humidity,month,month_sin,month_cos,is_pancaroba,cases_per_10k_lag1,kecamatan_encoded
33.74.01,Semarang Tengah,2021-04-01,DBD,0,62540,84.2,26.9,81.2,157.0,26.3,86.2,364.0,25.6,87.4,292.4,25.7,87.8,521.0,1.0,0.0,0.0,0.3333333333333333,1.0,2267.06,13533.4,4,0.8660254037844387,-0.4999999999999998,1,0.1598976654940838,0
33.74.01,Semarang Tengah,2021-05-01,DBD,0,62540,153.2,27.8,76.7,84.2,26.9,81.2,157.0,26.3,86.2,364.0,25.6,87.4,241.2,0.0,1.0,0.0,0.3333333333333333,-1.0,2184.2799999999997,6837.040000000001,5,0.49999999999999994,-0.8660254037844387,0,0.0,0
33.74.01,Semarang Tengah,2021-06-01,DBD,0,62540,111.9,27.0,80.2,153.2,27.8,76.7,84.2,26.9,81.2,157.0,26.3,86.2,237.39999999999998,0.0,0.0,1.0,0.3333333333333333,0.0,2132.26,11750.439999999999,6,1.2246467991473532e-16,-1.0,0,0.0,0
33.74.01,Semarang Tengah,2021-07-01,DBD,0,62540,9.9,28.2,62.9,111.9,27.0,80.2,153.2,27.8,76.7,84.2,26.9,81.2,265.1,0.0,0.0,0.0,0.0,0.0,2165.4,8974.380000000001,7,-0.4999999999999997,-0.8660254037844388,0,0.0,0
33.74.01,Semarang Tengah,2021-08-01,DBD,1,62540,64.2,28.5,64.4,9.9,28.2,62.9,111.9,27.0,80.2,153.2,27.8,76.7,121.80000000000001,0.0,0.0,0.0,0.0,0.0,1773.78,622.71,8,-0.8660254037844385,-0.5000000000000004,0,0.0,0
33.74.01,Semarang Tengah,2021-09-01,DBD,1,62540,59.2,28.4,67.2,64.2,28.5,64.4,9.9,28.2,62.9,111.9,27.0,80.2,74.10000000000001,1.0,0.0,0.0,0.3333333333333333,1.0,1835.4,4134.4800000000005,9,-1.0,-1.8369701987210297e-16,0,0.1598976654940838,0
33.74.01,Semarang Tengah,2021-10-01,DBD,0,62540,121.2,28.2,71.6,59.2,28.4,67.2,64.2,28.5,64.4,9.9,28.2,62.9,123.4,1.0,1.0,0.0,0.6666666666666666,0.0,1908.48,3978.2400000000002,10,-0.8660254037844386,0.5000000000000001,1,0.1598976654940838,0
33.74.01,Semarang Tengah,2021-11-01,DBD,1,62540,246.4,26.4,85.5,121.2,28.2,71.6,59.2,28.4,67.2,64.2,28.5,64.4,180.4,0.0,1.0,1.0,0.6666666666666666,-1.0,2019.12,8677.92,11,-0.5000000000000004,0.8660254037844384,1,0.0,0
33.74.01,Semarang Tengah,2021-12-01,DBD,1,62540,302.2,26.3,86.6,246.4,26.4,85.5,121.2,28.2,71.6,59.2,28.4,67.2,367.6,1.0,0.0,1.0,0.6666666666666666,1.0,2257.2,21067.2,12,-2.4492935982947064e-16,1.0,0,0.1598976654940838,0
33.74.01,Semarang Tengah,2022-01-01,DBD,5,62540,241.8,26.0,84.8,302.2,26.3,86.6,246.4,26.4,85.5,121.2,28.2,71.6,548.6,1.0,1.0,0.0,0.6666666666666666,0.0,2277.58,26170.519999999997,1,0.49999999999999994,0.8660254037844387,0,0.1598976654940838,0
33.74.01,Semarang Tengah,2022-02-01,DBD,1,62540,236.4,26.1,84.4,241.8,26.0,84.8,302.2,26.3,86.6,246.4,26.4,85.5,544.0,5.0,1.0,1.0,2.3333333333333335,4.0,2204.7999999999997,20504.64,2,0.8660254037844386,0.5000000000000001,0,0.799488327470419,0
33.74.01,Semarang Tengah,2022-03-01,DBD,2,62540,248.5,26.4,86.0,236.4,26.1,84.4,241.8,26.0,84.8,302.2,26.3,86.6,478.20000000000005,1.0,5.0,1.0,2.3333333333333335,-4.0,2202.84,19952.160000000003,3,1.0,6.123233995736766e-17,1,0.1598976654940838,0
33.74.01,Semarang Tengah,2022-04-01,DBD,3,62540,118.1,26.8,81.9,248.5,26.4,86.0,236.4,26.1,84.4,241.8,26.0,84.8,484.9,2.0,1.0,5.0,2.6666666666666665,1.0,2270.4,21371.0,4,0.8660254037844387,-0.4999999999999998,1,0.3197953309881676,0
33.74.01,Semarang Tengah,2022-05-01,DBD,2,62540,173.1,27.0,82.4,118.1,26.8,81.9,248.5,26.4,86.0,236.4,26.1,84.4,366.6,3.0,2.0,1.0,2.0,1.0,2194.92,9672.39,5,0.49999999999999994,-0.8660254037844387,0,0.4796929964822514,0
33.74.01,Semarang Tengah,2022-06-01,DBD,0,62540,182.7,26.4,80.6,173.1,27.0,82.4,118.1,26.8,81.9,248.5,26.4,86.0,291.2,2.0,3.0,2.0,2.3333333333333335,-1.0,2224.8,14263.44,6,1.2246467991473532e-16,-1.0,0,0.3197953309881676,0
33.74.01,Semarang Tengah,2022-07-01,DBD,0,62540,74.2,27.3,71.4,182.7,26.4,80.6,173.1,27.0,82.4,118.1,26.8,81.9,355.79999999999995,0.0,2.0,3.0,1.6666666666666667,-2.0,2127.8399999999997,14725.619999999997,7,-0.4999999999999997,-0.8660254037844388,0,0.0,0
33.74.01,Semarang Tengah,2022-08-01,DBD,1,62540,45.7,27.9,67.6,74.2,27.3,71.4,182.7,26.4,80.6,173.1,27.0,82.4,256.9,0.0,0.0,2.0,0.6666666666666666,0.0,1949.2200000000003,5297.880000000001,8,-0.8660254037844385,-0.5000000000000004,0,0.0,0
33.74.01,Semarang Tengah,2022-09-01,DBD,0,62540,76.1,28.1,69.2,45.7,27.9,67.6,74.2,27.3,71.4,182.7,26.4,80.6,119.9,1.0,0.0,0.0,0.3333333333333333,1.0,1886.0399999999997,3089.3199999999997,9,-1.0,-1.8369701987210297e-16,0,0.1598976654940838,0
33.74.01,Semarang Tengah,2022-10-01,DBD,1,62540,202.5,26.4,83.2,76.1,28.1,69.2,45.7,27.9,67.6,74.2,27.3,71.4,121.8,0.0,1.0,0.0,0.3333333333333333,-1.0,1944.5200000000002,5266.12,10,-0.8660254037844386,0.5000000000000001,1,0.0,0
33.74.01,Semarang Tengah,2022-11-01,DBD,0,62540,353.6,26.3,85.1,202.5,26.4,83.2,76.1,28.1,69.2,45.7,27.9,67.6,278.6,1.0,0.0,1.0,0.6666666666666666,1.0,2196.48,16848.0,11,-0.5000000000000004,0.8660254037844384,1,0.1598976654940838,0
33.74.01,Semarang Tengah,2022-12-01,DBD,2,62540,215.8,26.2,83.9,353.6,26.3,85.1,202.5,26.4,83.2,76.1,28.1,69.2,556.1,0.0,1.0,0.0,0.3333333333333333,-1.0,2238.13,30091.36,12,-2.4492935982947064e-16,1.0,0,0.0,0
33.74.01,Semarang Tengah,2023-01-01,DBD,0,62540,214.0,25.9,85.7,215.8,26.2,83.9,353.6,26.3,85.1,202.5,26.4,83.2,569.4000000000001,2.0,0.0,1.0,1.0,2.0,2198.1800000000003,18105.620000000003,1,0.49999999999999994,0.8660254037844387,0,0.3197953309881676,0
33.74.01,Semarang Tengah,2023-02-01,DBD,1,62540,302.2,25.8,85.8,214.0,25.9,85.7,215.8,26.2,83.9,353.6,26.3,85.1,429.8,0.0,2.0,0.0,0.6666666666666666,-2.0,2219.63,18339.8,2,0.8660254037844386,0.5000000000000001,0,0.0,0
33.74.01,Semarang Tengah,2023-03-01,DBD,0,62540,295.7,26.2,85.0,302.2,25.8,85.8,214.0,25.9,85.7,215.8,26.2,83.9,516.2,1.0,0.0,2.0,1.0,1.0,2213.64,25928.76,3,1.0,6.123233995736766e-17,1,0.1598976654940838,0
33.74.01,Semarang Tengah,2023-04-01,DBD,1,62540,178.0,26.7,83.3,295.7,26.2,85.0,302.2,25.8,85.8,214.0,25.9,85.7,597.9,0.0,1.0,0.0,0.3333333333333333,-1.0,2227.0,25134.5,4,0.8660254037844387,-0.4999999999999998,1,0.0,0
33.74.01,Semarang Tengah,2023-05-01,DBD,1,62540,66.1,27.6,74.2,178.0,26.7,83.3,295.7,26.2,85.0,302.2,25.8,85.8,473.7,1.0,0.0,1.0,0.6666666666666666,1.0,2224.1099999999997,14827.4,5,0.49999999999999994,-0.8660254037844387,0,0.1598976654940838,0
33.74.01,Semarang Tengah,2023-06-01,DBD,1,62540,47.5,28.2,70.3,66.1,27.6,74.2,178.0,26.7,83.3,295.7,26.2,85.0,244.1,1.0,1.0,0.0,0.6666666666666666,0.0,2047.92,4904.62,6,1.2246467991473532e-16,-1.0,0,0.1598976654940838,0
33.74.01,Semarang Tengah,2023-07-01,DBD,0,62540,18.5,28.1,63.4,47.5,28.2,70.3,66.1,27.6,74.2,178.0,26.7,83.3,113.6,1.0,1.0,1.0,1.0,0.0,1982.4599999999998,3339.25,7,-0.4999999999999997,-0.8660254037844388,0,0.1598976654940838,0
33.74.01,Semarang Tengah,2023-08-01,DBD,1,62540,1.8,28.3,60.9,18.5,28.1,63.4,47.5,28.2,70.3,66.1,27.6,74.2,66.0,0.0,1.0,1.0,0.6666666666666666,-1.0,1781.54,1172.8999999999999,8,-0.8660254037844385,-0.5000000000000004,0,0.0,0
33.74.01,Semarang Tengah,2023-09-01,DBD,0,62540,14.0,28.8,56.9,1.8,28.3,60.9,18.5,28.1,63.4,47.5,28.2,70.3,20.3,1.0,0.0,1.0,0.6666666666666666,1.0,1723.47,109.62,9,-1.0,-1.8369701987210297e-16,0,0.1598976654940838,0
33.74.01,Semarang Tengah,2023-10-01,DBD,0,62540,25.3,29.6,62.8,14.0,28.8,56.9,1.8,28.3,60.9,18.5,28.1,63.4,15.8,0.0,1.0,0.0,0.3333333333333333,-1.0,1638.72,796.6,10,-0.8660254037844386,0.5000000000000001,1,0.0,0
33.74.01,Semarang Tengah,2023-11-01,DBD,0,62540,110.9,28.3,77.4,25.3,29.6,62.8,14.0,28.8,56.9,1.8,28.3,60.9,39.3,0.0,0.0,1.0,0.3333333333333333,0.0,1858.88,1588.84,11,-0.5000000000000004,0.8660254037844384,1,0.0,0
33.74.01,Semarang Tengah,2023-12-01,DBD,0,62540,111.1,27.9,77.6,110.9,28.3,77.4,25.3,29.6,62.8,14.0,28.8,56.9,136.20000000000002,0.0,0.0,0.0,0.0,0.0,2190.42,8583.660000000002,12,-2.4492935982947064e-16,1.0,0,0.0,0
33.74.01,Semarang Tengah,2024-01-01,DBD,1,62540,274.1,26.8,86.0,111.1,27.9,77.6,110.9,28.3,77.4,25.3,29.6,62.8,222.0,0.0,0.0,0.0,0.0,0.0,2165.0399999999995,8621.359999999999,1,0.49999999999999994,0.8660254037844387,0,0.0,0
33.74.01,Semarang Tengah,2024-02-01,DBD,2,62540,247.6,27.0,85.4,274.1,26.8,86.0,111.1,27.9,77.6,110.9,28.3,77.4,385.20000000000005,1.0,0.0,0.0,0.3333333333333333,1.0,2304.8,23572.600000000002,2,0.8660254037844386,0.5000000000000001,0,0.1598976654940838,0
33.74.01,Semarang Tengah,2024-03-01,DBD,0,62540,217.4,27.2,83.7,247.6,27.0,85.4,274.1,26.8,86.0,111.1,27.9,77.6,521.7,2.0,1.0,0.0,1.0,1.0,2305.8,21145.04,3,1.0,6.123233995736766e-17,1,0.3197953309881676,0
33.74.01,Semarang Tengah,2024-04-01,DBD,0,62540,194.5,27.8,82.9,217.4,27.2,83.7,247.6,27.0,85.4,274.1,26.8,86.0,465.0,0.0,2.0,1.0,1.0,-2.0,2276.64,18196.38,4,0.8660254037844387,-0.4999999999999998,1,0.0,0
33.74.01,Semarang Tengah,2024-05-01,DBD,1,62540,29.3,29.7,66.4,194.5,27.8,82.9,217.4,27.2,83.7,247.6,27.0,85.4,411.9,0.0,0.0,2.0,0.6666666666666666,0.0,2304.6200000000003,16124.050000000001,5,0.49999999999999994,-0.8660254037844387,0,0.0,0
33.74.01,Semarang Tengah,2024-06-01,DBD,2,62540,69.8,28.4,71.5,29.3,29.7,66.4,194.5,27.8,82.9,217.4,27.2,83.7,223.8,1.0,0.0,0.0,0.3333333333333333,1.0,1972.0800000000002,1945.5200000000002,6,1.2246467991473532e-16,-1.0,0,0.1598976654940838,0
33.74.01,Semarang Tengah,2024-07-01,DBD,0,62540,36.5,28.0,64.9,69.8,28.4,71.5,29.3,29.7,66.4,194.5,27.8,82.9,99.1,2.0,1.0,0.0,1.0,1.0,2030.6,4990.7,7,-0.4999999999999997,-0.8660254037844388,0,0.3197953309881676,0
33.74.01,Semarang Tengah,2024-08-01,DBD,1,62540,14.0,28.4,61.9,36.5,28.0,64.9,69.8,28.4,71.5,29.3,29.7,66.4,106.3,0.0,2.0,1.0,1.0,-2.0,1817.2000000000003,2368.8500000000004,8,-0.8660254037844385,-0.5000000000000004,0,0.0,0
33.74.01,Semarang Tengah,2024-09-01,DBD,0,62540,79.3,28.5,66.3,14.0,28.4,61.9,36.5,28.0,64.9,69.8,28.4,71.5,50.5,1.0,0.0,2.0,1.0,1.0,1757.9599999999998,866.6,9,-1.0,-1.8369701987210297e-16,0,0.1598976654940838,0
33.74.01,Semarang Tengah,2024-10-01,DBD,0,62540,59.0,29.3,65.5,79.3,28.5,66.3,14.0,28.4,61.9,36.5,28.0,64.9,93.3,0.0,1.0,0.0,0.3333333333333333,-1.0,1889.55,5257.589999999999,10,-0.8660254037844386,0.5000000000000001,1,0.0,0
33.74.01,Semarang Tengah,2024-11-01,DBD,0,62540,287.1,27.6,81.4,59.0,29.3,65.5,79.3,28.5,66.3,14.0,28.4,61.9,138.3,0.0,0.0,1.0,0.3333333333333333,0.0,1919.15,3864.5,11,-0.5000000000000004,0.8660254037844384,1,0.0,0
33.74.01,Semarang Tengah,2024-12-01,DBD,0,62540,302.6,26.8,86.6,287.1,27.6,81.4,59.0,29.3,65.5,79.3,28.5,66.3,346.1,0.0,0.0,0.0,0.0,0.0,2246.6400000000003,23369.940000000002,12,-2.4492935982947064e-16,1.0,0,0.0,0
33.74.01,Semarang Tengah,2025-01-01,DBD,1,62540,287.0,26.2,86.4,302.6,26.8,86.6,287.1,27.6,81.4,59.0,29.3,65.5,589.7,0.0,0.0,0.0,0.0,0.0,2320.88,26205.16,1,0.49999999999999994,0.8660254037844387,0,0.0,0
33.74.01,Semarang Tengah,2025-02-01,DBD,2,62540,153.7,26.4,83.9,287.0,26.2,86.4,302.6,26.8,86.6,287.1,27.6,81.4,589.6,1.0,0.0,0.0,0.3333333333333333,1.0,2263.6800000000003,24796.800000000003,2,0.8660254037844386,0.5000000000000001,0,0.1598976654940838,0
33.74.01,Semarang Tengah,2025-03-01,DBD,2,62540,154.7,27.1,82.8,153.7,26.4,83.9,287.0,26.2,86.4,302.6,26.8,86.6,440.7,2.0,1.0,0.0,1.0,1.0,2214.96,12895.43,3,1.0,6.123233995736766e-17,1,0.3197953309881676,0
33.74.01,Semarang Tengah,2025-04-01,DBD,1,62540,134.2,27.5,79.4,154.7,27.1,82.8,153.7,26.4,83.9,287.0,26.2,86.4,308.4,2.0,2.0,1.0,1.6666666666666667,0.0,2243.88,12809.159999999998,4,0.8660254037844387,-0.4999999999999998,1,0.3197953309881676,0
33.74.01,Semarang Tengah,2025-05-01,DBD,0,62540,243.0,27.3,82.1,134.2,27.5,79.4,154.7,27.1,82.8,153.7,26.4,83.9,288.9,1.0,2.0,2.0,1.6666666666666667,-1.0,2183.5,10655.48,5,0.49999999999999994,-0.8660254037844387,0,0.1598976654940838,0
33.74.01,Semarang Tengah,2025-06-01,DBD,0,62540,89.7,27.8,73.1,243.0,27.3,82.1,134.2,27.5,79.4,154.7,27.1,82.8,377.2,0.0,1.0,2.0,1.0,-1.0,2241.33,19950.3,6,1.2246467991473532e-16,-1.0,0,0.0,0
33.74.01,Semarang Tengah,2025-07-01,DBD,1,62540,35.8,28.2,65.1,89.7,27.8,73.1,243.0,27.3,82.1,134.2,27.5,79.4,332.7,0.0,0.0,1.0,0.3333333333333333,0.0,2032.1799999999998,6557.07,7,-0.4999999999999997,-0.8660254037844388,0,0.0,0
33.74.01,Semarang Tengah,2025-08-01,DBD,0,62540,141.2,27.8,70.4,35.8,28.2,65.1,89.7,27.8,73.1,243.0,27.3,82.1,125.5,1.0,0.0,0.0,0.3333333333333333,1.0,1835.8199999999997,2330.5799999999995,8,-0.8660254037844385,-0.5000000000000004,0,0.1598976654940838,0
33.74.01,Semarang Tengah,2025-09-01,DBD,0,62540,112.9,28.4,68.7,141.2,27.8,70.4,35.8,28.2,65.1,89.7,27.8,73.1,177.0,0.0,1.0,0.0,0.3333333333333333,-1.0,1957.1200000000001,9940.48,9,-1.0,-1.8369701987210297e-16,0,0.0,0
33.74.01,Semarang Tengah,2025-10-01,DBD,0,62540,263.5,28.2,74.2,112.9,28.4,68.7,141.2,27.8,70.4,35.8,28.2,65.1,254.1,0.0,0.0,1.0,0.3333333333333333,0.0,1951.08,7756.2300000000005,10,-0.8660254037844386,0.5000000000000001,1,0.0,0
33.74.01,Semarang Tengah,2025-11-01,DBD,0,62540,173.1,27.3,80.1,263.5,28.2,74.2,112.9,28.4,68.7,141.2,27.8,70.4,376.4,0.0,0.0,0.0,0.0,0.0,2092.44,19551.7,11,-0.5000000000000004,0.8660254037844384,1,0.0,0
33.74.01,Semarang Tengah,2025-12-01,DBD,0,62540,176.6,27.0,82.8,173.1,27.3,80.1,263.5,28.2,74.2,112.9,28.4,68.7,436.6,0.0,0.0,0.0,0.0,0.0,2186.73,13865.309999999998,12,-2.4492935982947064e-16,1.0,0,0.0,0
33.74.02,Semarang Utara,2021-04-01,DBD,0,128450,84.2,27.2,81.2,157.0,26.5,86.2,364.0,25.8,87.5,292.4,25.9,87.9,521.0,0.0,0.0,1.0,0.3333333333333333,0.0,2284.3,13533.4,4,0.8660254037844387,-0.4999999999999998,1,0.0,1
33.74.02,Semarang Utara,2021-05-01,DBD,1,128450,153.2,28.0,76.8,84.2,27.2,81.2,157.0,26.5,86.2,364.0,25.8,87.5,241.2,0.0,0.0,0.0,0.0,0.0,2208.64,6837.040000000001,5,0.49999999999999994,-0.8660254037844387,0,0.0,1
33.74.02,Semarang Utara,2021-06-01,DBD,0,128450,111.9,27.2,80.2,153.2,28.0,76.8,84.2,27.2,81.2,157.0,26.5,86.2,237.39999999999998,1.0,0.0,0.0,0.3333333333333333,1.0,2150.4,11765.759999999998,6,1.2246467991473532e-16,-1.0,0,0.07785130400934216,1
33.74.02,Semarang Utara,2021-07-01,DBD,0,128450,9.9,28.5,62.9,111.9,27.2,80.2,153.2,28.0,76.8,84.2,27.2,81.2,265.1,0.0,1.0,0.0,0.3333333333333333,-1.0,2181.44,8974.380000000001,7,-0.4999999999999997,-0.8660254037844388,0,0.0,1
33.74.02,Semarang Utara,2021-08-01,DBD,0,128450,64.2,28.7,64.5,9.9,28.5,62.9,111.9,27.2,80.2,153.2,28.0,76.8,121.80000000000001,0.0,0.0,1.0,0.3333333333333333,0.0,1792.6499999999999,622.71,8,-0.8660254037844385,-0.5000000000000004,0,0.0,1
33.74.02,Semarang Utara,2021-09-01,DBD,0,128450,59.2,28.6,67.3,64.2,28.7,64.5,9.9,28.5,62.9,111.9,27.2,80.2,74.10000000000001,0.0,0.0,0.0,0.0,0.0,1851.1499999999999,4140.900000000001,9,-1.0,-1.8369701987210297e-16,0,0.0,1
33.74.02,Semarang Utara,2021-10-01,DBD,0,128450,121.2,28.4,71.6,59.2,28.6,67.3,64.2,28.7,64.5,9.9,28.5,62.9,123.4,0.0,0.0,0.0,0.0,0.0,1924.78,3984.16,10,-0.8660254037844386,0.5000000000000001,1,0.0,1
33.74.02,Semarang Utara,2021-11-01,DBD,0,128450,246.4,26.6,85.5,121.2,28.4,71.6,59.2,28.6,67.3,64.2,28.7,64.5,180.4,0.0,0.0,0.0,0.0,0.0,2033.4399999999998,8677.92,11,-0.5000000000000004,0.8660254037844384,1,0.0,1
33.74.02,Semarang Utara,2021-12-01,DBD,1,128450,302.2,26.5,86.6,246.4,26.6,85.5,121.2,28.4,71.6,59.2,28.6,67.3,367.6,0.0,0.0,0.0,0.0,0.0,2274.3,21067.2,12,-2.4492935982947064e-16,1.0,0,0.0,1
33.74.02,Semarang Utara,2022-01-01,DBD,9,128450,241.8,26.2,84.8,302.2,26.5,86.6,246.4,26.6,85.5,121.2,28.4,71.6,548.6,1.0,0.0,0.0,0.3333333333333333,1.0,2294.8999999999996,26170.519999999997,1,0.49999999999999994,0.8660254037844387,0,0.07785130400934216,1
33.74.02,Semarang Utara,2022-02-01,DBD,7,128450,236.4,26.3,84.4,241.8,26.2,84.8,302.2,26.5,86.6,246.4,26.6,85.5,544.0,9.0,1.0,0.0,3.3333333333333335,8.0,2221.7599999999998,20504.64,2,0.8660254037844386,0.5000000000000001,0,0.7006617360840794,1
33.74.02,Semarang Utara,2022-03-01,DBD,3,128450,248.5,26.6,86.0,236.4,26.3,84.4,241.8,26.2,84.8,302.2,26.5,86.6,478.20000000000005,7.0,9.0,1.0,5.666666666666667,-2.0,2219.7200000000003,19952.160000000003,3,1.0,6.123233995736766e-17,1,0.544959128065395,1
33.74.02,Semarang Utara,2022-04-01,DBD,5,128450,118.1,27.1,81.9,248.5,26.6,86.0,236.4,26.3,84.4,241.8,26.2,84.8,484.9,3.0,7.0,9.0,6.333333333333333,-4.0,2287.6,21371.0,4,0.8660254037844387,-0.4999999999999998,1,0.23355391202802647,1
33.74.02,Semarang Utara,2022-05-01,DBD,5,128450,173.1,27.2,82.4,118.1,27.1,81.9,248.5,26.6,86.0,236.4,26.3,84.4,366.6,5.0,3.0,7.0,5.0,2.0,2219.4900000000002,9672.39,5,0.49999999999999994,-0.8660254037844387,0,0.38925652004671074,1
33.74.02,Semarang Utara,2022-06-01,DBD,8,128450,182.7,26.6,80.6,173.1,27.2,82.4,118.1,27.1,81.9,248.5,26.6,86.0,291.2,5.0,5.0,3.0,4.333333333333333,0.0,2241.28,14263.44,6,1.2246467991473532e-16,-1.0,0,0.38925652004671074,1
33.74.02,Semarang Utara,2022-07-01,DBD,2,128450,74.2,27.5,71.4,182.7,26.6,80.6,173.1,27.2,82.4,118.1,27.1,81.9,355.79999999999995,8.0,5.0,5.0,6.0,3.0,2143.96,14725.619999999997,7,-0.4999999999999997,-0.8660254037844388,0,0.6228104320747373,1
33.74.02,Semarang Utara,2022-08-01,DBD,7,128450,45.7,28.1,67.6,74.2,27.5,71.4,182.7,26.6,80.6,173.1,27.2,82.4,256.9,2.0,8.0,5.0,5.0,-6.0,1963.5000000000002,5297.880000000001,8,-0.8660254037844385,-0.5000000000000004,0,0.15570260801868432,1
33.74.02,Semarang Utara,2022-09-01,DBD,3,128450,76.1,28.3,69.2,45.7,28.1,67.6,74.2,27.5,71.4,182.7,26.6,80.6,119.9,7.0,2.0,8.0,5.666666666666667,5.0,1899.56,3089.3199999999997,9,-1.0,-1.8369701987210297e-16,0,0.544959128065395,1
33.74.02,Semarang Utara,2022-10-01,DBD,2,128450,202.5,26.6,83.2,76.1,28.3,69.2,45.7,28.1,67.6,74.2,27.5,71.4,121.8,3.0,7.0,2.0,4.0,-4.0,1958.3600000000001,5266.12,10,-0.8660254037844386,0.5000000000000001,1,0.23355391202802647,1
33.74.02,Semarang Utara,2022-11-01,DBD,9,128450,353.6,26.5,85.1,202.5,26.6,83.2,76.1,28.3,69.2,45.7,28.1,67.6,278.6,2.0,3.0,7.0,4.0,-1.0,2213.1200000000003,16848.0,11,-0.5000000000000004,0.8660254037844384,1,0.15570260801868432,1
33.74.02,Semarang Utara,2022-12-01,DBD,6,128450,215.8,26.4,84.0,353.6,26.5,85.1,202.5,26.6,83.2,76.1,28.3,69.2,556.1,9.0,2.0,3.0,4.666666666666667,7.0,2255.1499999999996,30091.36,12,-2.4492935982947064e-16,1.0,0,0.7006617360840794,1
33.74.02,Semarang Utara,2023-01-01,DBD,5,128450,214.0,26.1,85.7,215.8,26.4,84.0,353.6,26.5,85.1,202.5,26.6,83.2,569.4000000000001,6.0,9.0,2.0,5.666666666666667,-3.0,2217.6,18127.2,1,0.49999999999999994,0.8660254037844387,0,0.46710782405605294,1
33.74.02,Semarang Utara,2023-02-01,DBD,5,128450,302.2,26.0,85.8,214.0,26.1,85.7,215.8,26.4,84.0,353.6,26.5,85.1,429.8,5.0,6.0,9.0,6.666666666666667,-1.0,2236.77,18339.8,2,0.8660254037844386,0.5000000000000001,0,0.38925652004671074,1
33.74.02,Semarang Utara,2023-03-01,DBD,5,128450,295.7,26.4,85.0,302.2,26.0,85.8,214.0,26.1,85.7,215.8,26.4,84.0,516.2,5.0,5.0,6.0,5.333333333333333,0.0,2230.7999999999997,25928.76,3,1.0,6.123233995736766e-17,1,0.38925652004671074,1
33.74.02,Semarang Utara,2023-04-01,DBD,11,128450,178.0,26.9,83.3,295.7,26.4,85.0,302.2,26.0,85.8,214.0,26.1,85.7,597.9,5.0,5.0,5.0,5.0,0.0,2244.0,25134.5,4,0.8660254037844387,-0.4999999999999998,1,0.38925652004671074,1
33.74.02,Semarang Utara,2023-05-01,DBD,3,128450,66.1,27.9,74.2,178.0,26.9,83.3,295.7,26.4,85.0,302.2,26.0,85.8,473.7,11.0,5.0,5.0,7.0,6.0,2240.77,14827.4,5,0.49999999999999994,-0.8660254037844387,0,0.8563643441027637,1
33.74.02,Semarang Utara,2023-06-01,DBD,2,128450,47.5,28.4,70.4,66.1,27.9,74.2,178.0,26.9,83.3,295.7,26.4,85.0,244.1,3.0,11.0,5.0,6.333333333333333,-8.0,2070.18,4904.62,6,1.2246467991473532e-16,-1.0,0,0.23355391202802647,1
33.74.02,Semarang Utara,2023-07-01,DBD,0,128450,18.5,28.3,63.5,47.5,28.4,70.4,66.1,27.9,74.2,178.0,26.9,83.3,113.6,2.0,3.0,11.0,5.333333333333333,-1.0,1999.3600000000001,3344.0000000000005,7,-0.4999999999999997,-0.8660254037844388,0,0.15570260801868432,1
33.74.02,Semarang Utara,2023-08-01,DBD,1,128450,1.8,28.5,60.9,18.5,28.3,63.5,47.5,28.4,70.4,66.1,27.9,74.2,66.0,0.0,2.0,3.0,1.6666666666666667,-2.0,1797.05,1174.75,8,-0.8660254037844385,-0.5000000000000004,0,0.0,1
33.74.02,Semarang Utara,2023-09-01,DBD,0,128450,14.0,29.0,56.9,1.8,28.5,60.9,18.5,28.3,63.5,47.5,28.4,70.4,20.3,1.0,0.0,2.0,1.0,1.0,1735.6499999999999,109.62,9,-1.0,-1.8369701987210297e-16,0,0.07785130400934216,1
33.74.02,Semarang Utara,2023-10-01,DBD,1,128450,25.3,29.8,62.8,14.0,29.0,56.9,1.8,28.5,60.9,18.5,28.3,63.5,15.8,0.0,1.0,0.0,0.3333333333333333,-1.0,1650.1,796.6,10,-0.8660254037844386,0.5000000000000001,1,0.0,1
33.74.02,Semarang Utara,2023-11-01,DBD,0,128450,110.9,28.5,77.4,25.3,29.8,62.8,14.0,29.0,56.9,1.8,28.5,60.9,39.3,1.0,0.0,1.0,0.6666666666666666,1.0,1871.44,1588.84,11,-0.5000000000000004,0.8660254037844384,1,0.07785130400934216,1
33.74.02,Semarang Utara,2023-12-01,DBD,0,128450,111.1,28.1,77.6,110.9,28.5,77.4,25.3,29.8,62.8,14.0,29.0,56.9,136.20000000000002,0.0,1.0,0.0,0.3333333333333333,-1.0,2205.9,8583.660000000002,12,-2.4492935982947064e-16,1.0,0,0.0,1
33.74.02,Semarang Utara,2024-01-01,DBD,2,128450,274.1,27.0,86.0,111.1,28.1,77.6,110.9,28.5,77.4,25.3,29.8,62.8,222.0,0.0,0.0,1.0,0.3333333333333333,0.0,2180.56,8621.359999999999,1,0.49999999999999994,0.8660254037844387,0,0.0,1
33.74.02,Semarang Utara,2024-02-01,DBD,3,128450,247.6,27.2,85.5,274.1,27.0,86.0,111.1,28.1,77.6,110.9,28.5,77.4,385.20000000000005,2.0,0.0,0.0,0.6666666666666666,2.0,2322.0,23572.600000000002,2,0.8660254037844386,0.5000000000000001,0,0.15570260801868432,1
33.74.02,Semarang Utara,2024-03-01,DBD,2,128450,217.4,27.4,83.7,247.6,27.2,85.5,274.1,27.0,86.0,111.1,28.1,77.6,521.7,3.0,2.0,0.0,1.6666666666666667,1.0,2325.6,21169.8,3,1.0,6.123233995736766e-17,1,0.23355391202802647,1
33.74.02,Semarang Utara,2024-04-01,DBD,2,128450,194.5,28.0,82.9,217.4,27.4,83.7,247.6,27.2,85.5,274.1,27.0,86.0,465.0,2.0,3.0,2.0,2.3333333333333335,-1.0,2293.38,18196.38,4,0.8660254037844387,-0.4999999999999998,1,0.15570260801868432,1
33.74.02,Semarang Utara,2024-05-01,DBD,3,128450,29.3,29.9,66.4,194.5,28.0,82.9,217.4,27.4,83.7,247.6,27.2,85.5,411.9,2.0,2.0,3.0,2.3333333333333335,0.0,2321.2000000000003,16124.050000000001,5,0.49999999999999994,-0.8660254037844387,0,0.15570260801868432,1
33.74.02,Semarang Utara,2024-06-01,DBD,2,128450,69.8,28.6,71.6,29.3,29.9,66.4,194.5,28.0,82.9,217.4,27.4,83.7,223.8,3.0,2.0,2.0,2.3333333333333335,1.0,1985.3600000000001,1945.5200000000002,6,1.2246467991473532e-16,-1.0,0,0.23355391202802647,1
33.74.02,Semarang Utara,2024-07-01,DBD,1,128450,36.5,28.3,65.0,69.8,28.6,71.6,29.3,29.9,66.4,194.5,28.0,82.9,99.1,2.0,3.0,2.0,2.3333333333333335,-1.0,2047.76,4997.679999999999,7,-0.4999999999999997,-0.8660254037844388,0,0.15570260801868432,1
33.74.02,Semarang Utara,2024-08-01,DBD,0,128450,14.0,28.7,61.9,36.5,28.3,65.0,69.8,28.6,71.6,29.3,29.9,66.4,106.3,1.0,2.0,3.0,2.0,-1.0,1839.5,2372.5,8,-0.8660254037844385,-0.5000000000000004,0,0.07785130400934216,1
33.74.02,Semarang Utara,2024-09-01,DBD,0,128450,79.3,28.7,66.3,14.0,28.7,61.9,36.5,28.3,65.0,69.8,28.6,71.6,50.5,0.0,1.0,2.0,1.0,-1.0,1776.53,866.6,9,-1.0,-1.8369701987210297e-16,0,0.0,1
33.74.02,Semarang Utara,2024-10-01,DBD,1,128450,59.0,29.5,65.6,79.3,28.7,66.3,14.0,28.7,61.9,36.5,28.3,65.0,93.3,0.0,0.0,1.0,0.3333333333333333,0.0,1902.81,5257.589999999999,10,-0.8660254037844386,0.5000000000000001,1,0.0,1
33.74.02,Semarang Utara,2024-11-01,DBD,0,128450,287.1,27.9,81.5,59.0,29.5,65.6,79.3,28.7,66.3,14.0,28.7,61.9,138.3,1.0,0.0,0.0,0.3333333333333333,1.0,1935.1999999999998,3870.3999999999996,11,-0.5000000000000004,0.8660254037844384,1,0.07785130400934216,1
33.74.02,Semarang Utara,2024-12-01,DBD,1,128450,302.6,27.0,86.6,287.1,27.9,81.5,59.0,29.5,65.6,79.3,28.7,66.3,346.1,0.0,1.0,0.0,0.3333333333333333,-1.0,2273.85,23398.65,12,-2.4492935982947064e-16,1.0,0,0.0,1
33.74.02,Semarang Utara,2025-01-01,DBD,2,128450,287.0,26.5,86.4,302.6,27.0,86.6,287.1,27.9,81.5,59.0,29.5,65.6,589.7,1.0,0.0,1.0,0.6666666666666666,1.0,2338.2,26205.16,1,0.49999999999999994,0.8660254037844387,0,0.07785130400934216,1
33.74.02,Semarang Utara,2025-02-01,DBD,4,128450,153.7,26.6,83.9,287.0,26.5,86.4,302.6,27.0,86.6,287.1,27.9,81.5,589.6,2.0,1.0,0.0,1.0,1.0,2289.6000000000004,24796.800000000003,2,0.8660254037844386,0.5000000000000001,0,0.15570260801868432,1
33.74.02,Semarang Utara,2025-03-01,DBD,4,128450,154.7,27.3,82.9,153.7,26.6,83.9,287.0,26.5,86.4,302.6,27.0,86.6,440.7,4.0,2.0,1.0,2.3333333333333335,2.0,2231.7400000000002,12895.43,3,1.0,6.123233995736766e-17,1,0.31140521603736865,1
33.74.02,Semarang Utara,2025-04-01,DBD,1,128450,134.2,27.7,79.4,154.7,27.3,82.9,153.7,26.6,83.9,287.0,26.5,86.4,308.4,4.0,4.0,2.0,3.3333333333333335,0.0,2263.17,12824.63,4,0.8660254037844387,-0.4999999999999998,1,0.31140521603736865,1
33.74.02,Semarang Utara,2025-05-01,DBD,2,128450,243.0,27.5,82.1,134.2,27.7,79.4,154.7,27.3,82.9,153.7,26.6,83.9,288.9,1.0,4.0,4.0,3.0,-3.0,2199.38,10655.48,5,0.49999999999999994,-0.8660254037844387,0,0.07785130400934216,1
33.74.02,Semarang Utara,2025-06-01,DBD,0,128450,89.7,28.0,73.1,243.0,27.5,82.1,134.2,27.7,79.4,154.7,27.3,82.9,377.2,2.0,1.0,4.0,2.3333333333333335,1.0,2257.75,19950.3,6,1.2246467991473532e-16,-1.0,0,0.15570260801868432,1
33.74.02,Semarang Utara,2025-07-01,DBD,1,128450,35.8,28.4,65.2,89.7,28.0,73.1,243.0,27.5,82.1,134.2,27.7,79.4,332.7,0.0,2.0,1.0,1.0,-2.0,2046.7999999999997,6557.07,7,-0.4999999999999997,-0.8660254037844388,0,0.0,1
33.74.02,Semarang Utara,2025-08-01,DBD,0,128450,141.2,28.0,70.4,35.8,28.4,65.2,89.7,28.0,73.1,243.0,27.5,82.1,125.5,1.0,0.0,2.0,1.0,1.0,1851.68,2334.16,8,-0.8660254037844385,-0.5000000000000004,0,0.07785130400934216,1
33.74.02,Semarang Utara,2025-09-01,DBD,2,128450,112.9,28.6,68.8,141.2,28.0,70.4,35.8,28.4,65.2,89.7,28.0,73.1,177.0,0.0,1.0,0.0,0.3333333333333333,-1.0,1971.2000000000003,9940.48,9,-1.0,-1.8369701987210297e-16,0,0.0,1
33.74.02,Semarang Utara,2025-10-01,DBD,1,128450,263.5,28.5,74.2,112.9,28.6,68.8,141.2,28.0,70.4,35.8,28.4,65.2,254.1,2.0,0.0,1.0,1.0,2.0,1967.68,7767.52,10,-0.8660254037844386,0.5000000000000001,1,0.15570260801868432,1
33.74.02,Semarang Utara,2025-11-01,DBD,0,128450,173.1,27.6,80.1,263.5,28.5,74.2,112.9,28.6,68.8,141.2,28.0,70.4,376.4,1.0,2.0,0.0,1.0,-1.0,2114.7000000000003,19551.7,11,-0.5000000000000004,0.8660254037844384,1,0.07785130400934216,1
33.74.02,Semarang Utara,2025-12-01,DBD,0,128450,176.6,27.2,82.8,173.1,27.6,80.1,263.5,28.5,74.2,112.9,28.6,68.8,436.6,0.0,1.0,2.0,1.0,-1.0,2210.7599999999998,13865.309999999998,12,-2.4492935982947064e-16,1.0,0,0.0,1
33.74.03,Semarang Timur,2021-04-01,DBD,1,72130,84.2,26.9,81.2,157.0,26.3,86.2,364.0,25.6,87.4,292.4,25.7,87.8,521.0,1.0,1.0,0.0,0.6666666666666666,0.0,2267.06,13533.4,4,0.8660254037844387,-0.4999999999999998,1,0.13863856924996534,2
33.74.03,Semarang Timur,2021-05-01,DBD,1,72130,153.2,27.8,76.7,84.2,26.9,81.2,157.0,26.3,86.2,364.0,25.6,87.4,241.2,1.0,1.0,1.0,1.0,0.0,2184.2799999999997,6837.040000000001,5,0.49999999999999994,-0.8660254037844387,0,0.13863856924996534,2
33.74.03,Semarang Timur,2021-06-01,DBD,0,72130,111.9,27.0,80.2,153.2,27.8,76.7,84.2,26.9,81.2,157.0,26.3,86.2,237.39999999999998,1.0,1.0,1.0,1.0,0.0,2132.26,11750.439999999999,6,1.2246467991473532e-16,-1.0,0,0.13863856924996534,2
33.74.03,Semarang Timur,2021-07-01,DBD,0,72130,9.9,28.2,62.9,111.9,27.0,80.2,153.2,27.8,76.7,84.2,26.9,81.2,265.1,0.0,1.0,1.0,0.6666666666666666,-1.0,2165.4,8974.380000000001,7,-0.4999999999999997,-0.8660254037844388,0,0.0,2
33.74.03,Semarang Timur,2021-08-01,DBD,0,72130,64.2,28.5,64.4,9.9,28.2,62.9,111.9,27.0,80.2,153.2,27.8,76.7,121.80000000000001,0.0,0.0,1.0,0.3333333333333333,0.0,1773.78,622.71,8,-0.8660254037844385,-0.5000000000000004,0,0.0,2
33.74.03,Semarang Timur,2021-09-01,DBD,1,72130,59.2,28.4,67.2,64.2,28.5,64.4,9.9,28.2,62.9,111.9,27.0,80.2,74.10000000000001,0.0,0.0,0.0,0.0,0.0,1835.4,4134.4800000000005,9,-1.0,-1.8369701987210297e-16,0,0.0,2
33.74.03,Semarang Timur,2021-10-01,DBD,2,72130,121.2,28.2,71.6,59.2,28.4,67.2,64.2,28.5,64.4,9.9,28.2,62.9,123.4,1.0,0.0,0.0,0.3333333333333333,1.0,1908.48,3978.2400000000002,10,-0.8660254037844386,0.5000000000000001,1,0.13863856924996534,2
33.74.03,Semarang Timur,2021-11-01,DBD,0,72130,246.4,26.4,85.5,121.2,28.2,71.6,59.2,28.4,67.2,64.2,28.5,64.4,180.4,2.0,1.0,0.0,1.0,1.0,2019.12,8677.92,11,-0.5000000000000004,0.8660254037844384,1,0.2772771384999307,2
33.74.03,Semarang Timur,2021-12-01,DBD,1,72130,302.2,26.3,86.6,246.4,26.4,85.5,121.2,28.2,71.6,59.2,28.4,67.2,367.6,0.0,2.0,1.0,1.0,-2.0,2257.2,21067.2,12,-2.4492935982947064e-16,1.0,0,0.0,2
33.74.03,Semarang Timur,2022-01-01,DBD,1,72130,241.8,26.0,84.8,302.2,26.3,86.6,246.4,26.4,85.5,121.2,28.2,71.6,548.6,1.0,0.0,2.0,1.0,1.0,2277.58,26170.519999999997,1,0.49999999999999994,0.8660254037844387,0,0.13863856924996534,2
33.74.03,Semarang Timur,2022-02-01,DBD,1,72130,236.4,26.1,84.4,241.8,26.0,84.8,302.2,26.3,86.6,246.4,26.4,85.5,544.0,1.0,1.0,0.0,0.6666666666666666,0.0,2204.7999999999997,20504.64,2,0.8660254037844386,0.5000000000000001,0,0.13863856924996534,2
33.74.03,Semarang Timur,2022-03-01,DBD,1,72130,248.5,26.4,86.0,236.4,26.1,84.4,241.8,26.0,84.8,302.2,26.3,86.6,478.20000000000005,1.0,1.0,1.0,1.0,0.0,2202.84,19952.160000000003,3,1.0,6.123233995736766e-17,1,0.13863856924996534,2
33.74.03,Semarang Timur,2022-04-01,DBD,2,72130,118.1,26.8,81.9,248.5,26.4,86.0,236.4,26.1,84.4,241.8,26.0,84.8,484.9,1.0,1.0,1.0,1.0,0.0,2270.4,21371.0,4,0.8660254037844387,-0.4999999999999998,1,0.13863856924996534,2
33.74.03,Semarang Timur,2022-05-01,DBD,4,72130,173.1,27.0,82.4,118.1,26.8,81.9,248.5,26.4,86.0,236.4,26.1,84.4,366.6,2.0,1.0,1.0,1.3333333333333333,1.0,2194.92,9672.39,5,0.49999999999999994,-0.8660254037844387,0,0.2772771384999307,2
33.74.03,Semarang Timur,2022-06-01,DBD,2,72130,182.7,26.4,80.6,173.1,27.0,82.4,118.1,26.8,81.9,248.5,26.4,86.0,291.2,4.0,2.0,1.0,2.3333333333333335,2.0,2224.8,14263.44,6,1.2246467991473532e-16,-1.0,0,0.5545542769998614,2
33.74.03,Semarang Timur,2022-07-01,DBD,1,72130,74.2,27.3,71.4,182.7,26.4,80.6,173.1,27.0,82.4,118.1,26.8,81.9,355.79999999999995,2.0,4.0,2.0,2.6666666666666665,-2.0,2127.8399999999997,14725.619999999997,7,-0.4999999999999997,-0.8660254037844388,0,0.2772771384999307,2
33.74.03,Semarang Timur,2022-08-01,DBD,3,72130,45.7,27.9,67.6,74.2,27.3,71.4,182.7,26.4,80.6,173.1,27.0,82.4,256.9,1.0,2.0,4.0,2.3333333333333335,-1.0,1949.2200000000003,5297.880000000001,8,-0.8660254037844385,-0.5000000000000004,0,0.13863856924996534,2
33.74.03,Semarang Timur,2022-09-01,DBD,2,72130,76.1,28.1,69.2,45.7,27.9,67.6,74.2,27.3,71.4,182.7,26.4,80.6,119.9,3.0,1.0,2.0,2.0,2.0,1886.0399999999997,3089.3199999999997,9,-1.0,-1.8369701987210297e-16,0,0.41591570774989606,2
33.74.03,Semarang Timur,2022-10-01,DBD,1,72130,202.5,26.4,83.2,76.1,28.1,69.2,45.7,27.9,67.6,74.2,27.3,71.4,121.8,2.0,3.0,1.0,2.0,-1.0,1944.5200000000002,5266.12,10,-0.8660254037844386,0.5000000000000001,1,0.2772771384999307,2
33.74.03,Semarang Timur,2022-11-01,DBD,2,72130,353.6,26.3,85.1,202.5,26.4,83.2,76.1,28.1,69.2,45.7,27.9,67.6,278.6,1.0,2.0,3.0,2.0,-1.0,2196.48,16848.0,11,-0.5000000000000004,0.8660254037844384,1,0.13863856924996534,2
33.74.03,Semarang Timur,2022-12-01,DBD,1,72130,215.8,26.2,83.9,353.6,26.3,85.1,202.5,26.4,83.2,76.1,28.1,69.2,556.1,2.0,1.0,2.0,1.6666666666666667,1.0,2238.13,30091.36,12,-2.4492935982947064e-16,1.0,0,0.2772771384999307,2
33.74.03,Semarang Timur,2023-01-01,DBD,8,72130,214.0,25.9,85.7,215.8,26.2,83.9,353.6,26.3,85.1,202.5,26.4,83.2,569.4000000000001,1.0,2.0,1.0,1.3333333333333333,-1.0,2198.1800000000003,18105.620000000003,1,0.49999999999999994,0.8660254037844387,0,0.13863856924996534,2
33.74.03,Semarang Timur,2023-02-01,DBD,6,72130,302.2,25.8,85.8,214.0,25.9,85.7,215.8,26.2,83.9,353.6,26.3,85.1,429.8,8.0,1.0,2.0,3.6666666666666665,7.0,2219.63,18339.8,2,0.8660254037844386,0.5000000000000001,0,1.1091085539997227,2
33.74.03,Semarang Timur,2023-03-01,DBD,2,72130,295.7,26.2,85.0,302.2,25.8,85.8,214.0,25.9,85.7,215.8,26.2,83.9,516.2,6.0,8.0,1.0,5.0,-2.0,2213.64,25928.76,3,1.0,6.123233995736766e-17,1,0.8318314154997921,2
33.74.03,Semarang Timur,2023-04-01,DBD,7,72130,178.0,26.7,83.3,295.7,26.2,85.0,302.2,25.8,85.8,214.0,25.9,85.7,597.9,2.0,6.0,8.0,5.333333333333333,-4.0,2227.0,25134.5,4,0.8660254037844387,-0.4999999999999998,1,0.2772771384999307,2
33.74.03,Semarang Timur,2023-05-01,DBD,5,72130,66.1,27.6,74.2,178.0,26.7,83.3,295.7,26.2,85.0,302.2,25.8,85.8,473.7,7.0,2.0,6.0,5.0,5.0,2224.1099999999997,14827.4,5,0.49999999999999994,-0.8660254037844387,0,0.9704699847497573,2
33.74.03,Semarang Timur,2023-06-01,DBD,0,72130,47.5,28.2,70.3,66.1,27.6,74.2,178.0,26.7,83.3,295.7,26.2,85.0,244.1,5.0,7.0,2.0,4.666666666666667,-2.0,2047.92,4904.62,6,1.2246467991473532e-16,-1.0,0,0.6931928462498267,2
33.74.03,Semarang Timur,2023-07-01,DBD,0,72130,18.5,28.1,63.4,47.5,28.2,70.3,66.1,27.6,74.2,178.0,26.7,83.3,113.6,0.0,5.0,7.0,4.0,-5.0,1982.4599999999998,3339.25,7,-0.4999999999999997,-0.8660254037844388,0,0.0,2
33.74.03,Semarang Timur,2023-08-01,DBD,1,72130,1.8,28.3,60.9,18.5,28.1,63.4,47.5,28.2,70.3,66.1,27.6,74.2,66.0,0.0,0.0,5.0,1.6666666666666667,0.0,1781.54,1172.8999999999999,8,-0.8660254037844385,-0.5000000000000004,0,0.0,2
33.74.03,Semarang Timur,2023-09-01,DBD,1,72130,14.0,28.8,56.9,1.8,28.3,60.9,18.5,28.1,63.4,47.5,28.2,70.3,20.3,1.0,0.0,0.0,0.3333333333333333,1.0,1723.47,109.62,9,-1.0,-1.8369701987210297e-16,0,0.13863856924996534,2
33.74.03,Semarang Timur,2023-10-01,DBD,0,72130,25.3,29.6,62.8,14.0,28.8,56.9,1.8,28.3,60.9,18.5,28.1,63.4,15.8,1.0,1.0,0.0,0.6666666666666666,0.0,1638.72,796.6,10,-0.8660254037844386,0.5000000000000001,1,0.13863856924996534,2
33.74.03,Semarang Timur,2023-11-01,DBD,0,72130,110.9,28.3,77.4,25.3,29.6,62.8,14.0,28.8,56.9,1.8,28.3,60.9,39.3,0.0,1.0,1.0,0.6666666666666666,-1.0,1858.88,1588.84,11,-0.5000000000000004,0.8660254037844384,1,0.0,2
33.74.03,Semarang Timur,2023-12-01,DBD,1,72130,111.1,27.9,77.6,110.9,28.3,77.4,25.3,29.6,62.8,14.0,28.8,56.9,136.20000000000002,0.0,0.0,1.0,0.3333333333333333,0.0,2190.42,8583.660000000002,12,-2.4492935982947064e-16,1.0,0,0.0,2
33.74.03,Semarang Timur,2024-01-01,DBD,0,72130,274.1,26.8,86.0,111.1,27.9,77.6,110.9,28.3,77.4,25.3,29.6,62.8,222.0,1.0,0.0,0.0,0.3333333333333333,1.0,2165.0399999999995,8621.359999999999,1,0.49999999999999994,0.8660254037844387,0,0.13863856924996534,2
33.74.03,Semarang Timur,2024-02-01,DBD,1,72130,247.6,27.0,85.4,274.1,26.8,86.0,111.1,27.9,77.6,110.9,28.3,77.4,385.20000000000005,0.0,1.0,0.0,0.3333333333333333,-1.0,2304.8,23572.600000000002,2,0.8660254037844386,0.5000000000000001,0,0.0,2
33.74.03,Semarang Timur,2024-03-01,DBD,1,72130,217.4,27.2,83.7,247.6,27.0,85.4,274.1,26.8,86.0,111.1,27.9,77.6,521.7,1.0,0.0,1.0,0.6666666666666666,1.0,2305.8,21145.04,3,1.0,6.123233995736766e-17,1,0.13863856924996534,2
33.74.03,Semarang Timur,2024-04-01,DBD,1,72130,194.5,27.8,82.9,217.4,27.2,83.7,247.6,27.0,85.4,274.1,26.8,86.0,465.0,1.0,1.0,0.0,0.6666666666666666,0.0,2276.64,18196.38,4,0.8660254037844387,-0.4999999999999998,1,0.13863856924996534,2
33.74.03,Semarang Timur,2024-05-01,DBD,3,72130,29.3,29.7,66.4,194.5,27.8,82.9,217.4,27.2,83.7,247.6,27.0,85.4,411.9,1.0,1.0,1.0,1.0,0.0,2304.6200000000003,16124.050000000001,5,0.49999999999999994,-0.8660254037844387,0,0.13863856924996534,2
33.74.03,Semarang Timur,2024-06-01,DBD,1,72130,69.8,28.4,71.5,29.3,29.7,66.4,194.5,27.8,82.9,217.4,27.2,83.7,223.8,3.0,1.0,1.0,1.6666666666666667,2.0,1972.0800000000002,1945.5200000000002,6,1.2246467991473532e-16,-1.0,0,0.41591570774989606,2
33.74.03,Semarang Timur,2024-07-01,DBD,2,72130,36.5,28.0,64.9,69.8,28.4,71.5,29.3,29.7,66.4,194.5,27.8,82.9,99.1,1.0,3.0,1.0,1.6666666666666667,-2.0,2030.6,4990.7,7,-0.4999999999999997,-0.8660254037844388,0,0.13863856924996534,2
33.74.03,Semarang Timur,2024-08-01,DBD,0,72130,14.0,28.4,61.9,36.5,28.0,64.9,69.8,28.4,71.5,29.3,29.7,66.4,106.3,2.0,1.0,3.0,2.0,1.0,1817.2000000000003,2368.8500000000004,8,-0.8660254037844385,-0.5000000000000004,0,0.2772771384999307,2
33.74.03,Semarang Timur,2024-09-01,DBD,0,72130,79.3,28.5,66.3,14.0,28.4,61.9,36.5,28.0,64.9,69.8,28.4,71.5,50.5,0.0,2.0,1.0,1.0,-2.0,1757.9599999999998,866.6,9,-1.0,-1.8369701987210297e-16,0,0.0,2
33.74.03,Semarang Timur,2024-10-01,DBD,0,72130,59.0,29.3,65.5,79.3,28.5,66.3,14.0,28.4,61.9,36.5,28.0,64.9,93.3,0.0,0.0,2.0,0.6666666666666666,0.0,1889.55,5257.589999999999,10,-0.8660254037844386,0.5000000000000001,1,0.0,2
33.74.03,Semarang Timur,2024-11-01,DBD,1,72130,287.1,27.6,81.4,59.0,29.3,65.5,79.3,28.5,66.3,14.0,28.4,61.9,138.3,0.0,0.0,0.0,0.0,0.0,1919.15,3864.5,11,-0.5000000000000004,0.8660254037844384,1,0.0,2
33.74.03,Semarang Timur,2024-12-01,DBD,1,72130,302.6,26.8,86.6,287.1,27.6,81.4,59.0,29.3,65.5,79.3,28.5,66.3,346.1,1.0,0.0,0.0,0.3333333333333333,1.0,2246.6400000000003,23369.940000000002,12,-2.4492935982947064e-16,1.0,0,0.13863856924996534,2
33.74.03,Semarang Timur,2025-01-01,DBD,2,72130,287.0,26.2,86.4,302.6,26.8,86.6,287.1,27.6,81.4,59.0,29.3,65.5,589.7,1.0,1.0,0.0,0.6666666666666666,0.0,2320.88,26205.16,1,0.49999999999999994,0.8660254037844387,0,0.13863856924996534,2
33.74.03,Semarang Timur,2025-02-01,DBD,0,72130,153.7,26.4,83.9,287.0,26.2,86.4,302.6,26.8,86.6,287.1,27.6,81.4,589.6,2.0,1.0,1.0,1.3333333333333333,1.0,2263.6800000000003,24796.800000000003,2,0.8660254037844386,0.5000000000000001,0,0.2772771384999307,2
33.74.03,Semarang Timur,2025-03-01,DBD,4,72130,154.7,27.1,82.8,153.7,26.4,83.9,287.0,26.2,86.4,302.6,26.8,86.6,440.7,0.0,2.0,1.0,1.0,-2.0,2214.96,12895.43,3,1.0,6.123233995736766e-17,1,0.0,2
33.74.03,Semarang Timur,2025-04-01,DBD,1,72130,134.2,27.5,79.4,154.7,27.1,82.8,153.7,26.4,83.9,287.0,26.2,86.4,308.4,4.0,0.0,2.0,2.0,4.0,2243.88,12809.159999999998,4,0.8660254037844387,-0.4999999999999998,1,0.5545542769998614,2
33.74.03,Semarang Timur,2025-05-01,DBD,0,72130,243.0,27.3,82.1,134.2,27.5,79.4,154.7,27.1,82.8,153.7,26.4,83.9,288.9,1.0,4.0,0.0,1.6666666666666667,-3.0,2183.5,10655.48,5,0.49999999999999994,-0.8660254037844387,0,0.13863856924996534,2
33.74.03,Semarang Timur,2025-06-01,DBD,1,72130,89.7,27.8,73.1,243.0,27.3,82.1,134.2,27.5,79.4,154.7,27.1,82.8,377.2,0.0,1.0,4.0,1.6666666666666667,-1.0,2241.33,19950.3,6,1.2246467991473532e-16,-1.0,0,0.0,2
33.74.03,Semarang Timur,2025-07-01,DBD,2,72130,35.8,28.2,65.1,89.7,27.8,73.1,243.0,27.3,82.1,134.2,27.5,79.4,332.7,1.0,0.0,1.0,0.6666666666666666,1.0,2032.1799999999998,6557.07,7,-0.4999999999999997,-0.8660254037844388,0,0.13863856924996534,2
33.74.03,Semarang Timur,2025-08-01,DBD,0,72130,141.2,27.8,70.4,35.8,28.2,65.1,89.7,27.8,73.1,243.0,27.3,82.1,125.5,2.0,1.0,0.0,1.0,1.0,1835.8199999999997,2330.5799999999995,8,-0.8660254037844385,-0.5000000000000004,0,0.2772771384999307,2
33.74.03,Semarang Timur,2025-09-01,DBD,1,72130,112.9,28.4,68.7,141.2,27.8,70.4,35.8,28.2,65.1,89.7,27.8,73.1,177.0,0.0,2.0,1.0,1.0,-2.0,1957.1200000000001,9940.48,9,-1.0,-1.8369701987210297e-16,0,0.0,2
33.74.03,Semarang Timur,2025-10-01,DBD,0,72130,263.5,28.2,74.2,112.9,28.4,68.7,141.2,27.8,70.4,35.8,28.2,65.1,254.1,1.0,0.0,2.0,1.0,1.0,1951.08,7756.2300000000005,10,-0.8660254037844386,0.5000000000000001,1,0.13863856924996534,2
33.74.03,Semarang Timur,2025-11-01,DBD,0,72130,173.1,27.3,80.1,263.5,28.2,74.2,112.9,28.4,68.7,141.2,27.8,70.4,376.4,0.0,1.0,0.0,0.3333333333333333,-1.0,2092.44,19551.7,11,-0.5000000000000004,0.8660254037844384,1,0.0,2
33.74.03,Semarang Timur,2025-12-01,DBD,0,72130,176.6,27.0,82.8,173.1,27.3,80.1,263.5,28.2,74.2,112.9,28.4,68.7,436.6,0.0,0.0,1.0,0.3333333333333333,0.0,2186.73,13865.309999999998,12,-2.4492935982947064e-16,1.0,0,0.0,2
33.74.04,Semarang Selatan,2021-04-01,DBD,0,70890,84.2,26.9,81.2,157.0,26.3,86.2,364.0,25.6,87.4,292.4,25.7,87.8,521.0,0.0,1.0,1.0,0.6666666666666666,-1.0,2267.06,13533.4,4,0.8660254037844387,-0.4999999999999998,1,0.0,3
33.74.04,Semarang Selatan,2021-05-01,DBD,0,70890,153.2,27.8,76.7,84.2,26.9,81.2,157.0,26.3,86.2,364.0,25.6,87.4,241.2,0.0,0.0,1.0,0.3333333333333333,0.0,2184.2799999999997,6837.040000000001,5,0.49999999999999994,-0.8660254037844387,0,0.0,3
33.74.04,Semarang Selatan,2021-06-01,DBD,0,70890,111.9,27.0,80.2,153.2,27.8,76.7,84.2,26.9,81.2,157.0,26.3,86.2,237.39999999999998,0.0,0.0,0.0,0.0,0.0,2132.26,11750.439999999999,6,1.2246467991473532e-16,-1.0,0,0.0,3
33.74.04,Semarang Selatan,2021-07-01,DBD,1,70890,9.9,28.2,62.9,111.9,27.0,80.2,153.2,27.8,76.7,84.2,26.9,81.2,265.1,0.0,0.0,0.0,0.0,0.0,2165.4,8974.380000000001,7,-0.4999999999999997,-0.8660254037844388,0,0.0,3
33.74.04,Semarang Selatan,2021-08-01,DBD,1,70890,64.2,28.5,64.4,9.9,28.2,62.9,111.9,27.0,80.2,153.2,27.8,76.7,121.80000000000001,1.0,0.0,0.0,0.3333333333333333,1.0,1773.78,622.71,8,-0.8660254037844385,-0.5000000000000004,0,0.1410636196924813,3
33.74.04,Semarang Selatan,2021-09-01,DBD,1,70890,59.2,28.4,67.2,64.2,28.5,64.4,9.9,28.2,62.9,111.9,27.0,80.2,74.10000000000001,1.0,1.0,0.0,0.6666666666666666,0.0,1835.4,4134.4800000000005,9,-1.0,-1.8369701987210297e-16,0,0.1410636196924813,3
33.74.04,Semarang Selatan,2021-10-01,DBD,1,70890,121.2,28.2,71.6,59.2,28.4,67.2,64.2,28.5,64.4,9.9,28.2,62.9,123.4,1.0,1.0,1.0,1.0,0.0,1908.48,3978.2400000000002,10,-0.8660254037844386,0.5000000000000001,1,0.1410636196924813,3
33.74.04,Semarang Selatan,2021-11-01,DBD,2,70890,246.4,26.4,85.5,121.2,28.2,71.6,59.2,28.4,67.2,64.2,28.5,64.4,180.4,1.0,1.0,1.0,1.0,0.0,2019.12,8677.92,11,-0.5000000000000004,0.8660254037844384,1,0.1410636196924813,3
33.74.04,Semarang Selatan,2021-12-01,DBD,1,70890,302.2,26.3,86.6,246.4,26.4,85.5,121.2,28.2,71.6,59.2,28.4,67.2,367.6,2.0,1.0,1.0,1.3333333333333333,1.0,2257.2,21067.2,12,-2.4492935982947064e-16,1.0,0,0.2821272393849626,3
33.74.04,Semarang Selatan,2022-01-01,DBD,4,70890,241.8,26.0,84.8,302.2,26.3,86.6,246.4,26.4,85.5,121.2,28.2,71.6,548.6,1.0,2.0,1.0,1.3333333333333333,-1.0,2277.58,26170.519999999997,1,0.49999999999999994,0.8660254037844387,0,0.1410636196924813,3
33.74.04,Semarang Selatan,2022-02-01,DBD,3,70890,236.4,26.1,84.4,241.8,26.0,84.8,302.2,26.3,86.6,246.4,26.4,85.5,544.0,4.0,1.0,2.0,2.3333333333333335,3.0,2204.7999999999997,20504.64,2,0.8660254037844386,0.5000000000000001,0,0.5642544787699252,3
33.74.04,Semarang Selatan,2022-03-01,DBD,1,70890,248.5,26.4,86.0,236.4,26.1,84.4,241.8,26.0,84.8,302.2,26.3,86.6,478.20000000000005,3.0,4.0,1.0,2.6666666666666665,-1.0,2202.84,19952.160000000003,3,1.0,6.123233995736766e-17,1,0.4231908590774439,3
33.74.04,Semarang Selatan,2022-04-01,DBD,1,70890,118.1,26.8,81.9,248.5,26.4,86.0,236.4,26.1,84.4,241.8,26.0,84.8,484.9,1.0,3.0,4.0,2.6666666666666665,-2.0,2270.4,21371.0,4,0.8660254037844387,-0.4999999999999998,1,0.1410636196924813,3
33.74.04,Semarang Selatan,2022-05-01,DBD,3,70890,173.1,27.0,82.4,118.1,26.8,81.9,248.5,26.4,86.0,236.4,26.1,84.4,366.6,1.0,1.0,3.0,1.6666666666666667,0.0,2194.92,9672.39,5,0.49999999999999994,-0.8660254037844387,0,0.1410636196924813,3
33.74.04,Semarang Selatan,2022-06-01,DBD,4,70890,182.7,26.4,80.6,173.1,27.0,82.4,118.1,26.8,81.9,248.5,26.4,86.0,291.2,3.0,1.0,1.0,1.6666666666666667,2.0,2224.8,14263.44,6,1.2246467991473532e-16,-1.0,0,0.4231908590774439,3
33.74.04,Semarang Selatan,2022-07-01,DBD,1,70890,74.2,27.3,71.4,182.7,26.4,80.6,173.1,27.0,82.4,118.1,26.8,81.9,355.79999999999995,4.0,3.0,1.0,2.6666666666666665,1.0,2127.8399999999997,14725.619999999997,7,-0.4999999999999997,-0.8660254037844388,0,0.5642544787699252,3
33.74.04,Semarang Selatan,2022-08-01,DBD,3,70890,45.7,27.9,67.6,74.2,27.3,71.4,182.7,26.4,80.6,173.1,27.0,82.4,256.9,1.0,4.0,3.0,2.6666666666666665,-3.0,1949.2200000000003,5297.880000000001,8,-0.8660254037844385,-0.5000000000000004,0,0.1410636196924813,3
33.74.04,Semarang Selatan,2022-09-01,DBD,1,70890,76.1,28.1,69.2,45.7,27.9,67.6,74.2,27.3,71.4,182.7,26.4,80.6,119.9,3.0,1.0,4.0,2.6666666666666665,2.0,1886.0399999999997,3089.3199999999997,9,-1.0,-1.8369701987210297e-16,0,0.4231908590774439,3
33.74.04,Semarang Selatan,2022-10-01,DBD,3,70890,202.5,26.4,83.2,76.1,28.1,69.2,45.7,27.9,67.6,74.2,27.3,71.4,121.8,1.0,3.0,1.0,1.6666666666666667,-2.0,1944.5200000000002,5266.12,10,-0.8660254037844386,0.5000000000000001,1,0.1410636196924813,3
33.74.04,Semarang Selatan,2022-11-01,DBD,1,70890,353.6,26.3,85.1,202.5,26.4,83.2,76.1,28.1,69.2,45.7,27.9,67.6,278.6,3.0,1.0,3.0,2.3333333333333335,2.0,2196.48,16848.0,11,-0.5000000000000004,0.8660254037844384,1,0.4231908590774439,3
33.74.04,Semarang Selatan,2022-12-01,DBD,3,70890,215.8,26.2,83.9,353.6,26.3,85.1,202.5,26.4,83.2,76.1,28.1,69.2,556.1,1.0,3.0,1.0,1.6666666666666667,-2.0,2238.13,30091.36,12,-2.4492935982947064e-16,1.0,0,0.1410636196924813,3
33.74.04,Semarang Selatan,2023-01-01,DBD,1,70890,214.0,25.9,85.7,215.8,26.2,83.9,353.6,26.3,85.1,202.5,26.4,83.2,569.4000000000001,3.0,1.0,3.0,2.3333333333333335,2.0,2198.1800000000003,18105.620000000003,1,0.49999999999999994,0.8660254037844387,0,0.4231908590774439,3
33.74.04,Semarang Selatan,2023-02-01,DBD,4,70890,302.2,25.8,85.8,214.0,25.9,85.7,215.8,26.2,83.9,353.6,26.3,85.1,429.8,1.0,3.0,1.0,1.6666666666666667,-2.0,2219.63,18339.8,2,0.8660254037844386,0.5000000000000001,0,0.1410636196924813,3
33.74.04,Semarang Selatan,2023-03-01,DBD,0,70890,295.7,26.2,85.0,302.2,25.8,85.8,214.0,25.9,85.7,215.8,26.2,83.9,516.2,4.0,1.0,3.0,2.6666666666666665,3.0,2213.64,25928.76,3,1.0,6.123233995736766e-17,1,0.5642544787699252,3
33.74.04,Semarang Selatan,2023-04-01,DBD,1,70890,178.0,26.7,83.3,295.7,26.2,85.0,302.2,25.8,85.8,214.0,25.9,85.7,597.9,0.0,4.0,1.0,1.6666666666666667,-4.0,2227.0,25134.5,4,0.8660254037844387,-0.4999999999999998,1,0.0,3
33.74.04,Semarang Selatan,2023-05-01,DBD,2,70890,66.1,27.6,74.2,178.0,26.7,83.3,295.7,26.2,85.0,302.2,25.8,85.8,473.7,1.0,0.0,4.0,1.6666666666666667,1.0,2224.1099999999997,14827.4,5,0.49999999999999994,-0.8660254037844387,0,0.1410636196924813,3
33.74.04,Semarang Selatan,2023-06-01,DBD,1,70890,47.5,28.2,70.3,66.1,27.6,74.2,178.0,26.7,83.3,295.7,26.2,85.0,244.1,2.0,1.0,0.0,1.0,1.0,2047.92,4904.62,6,1.2246467991473532e-16,-1.0,0,0.2821272393849626,3
33.74.04,Semarang Selatan,2023-07-01,DBD,0,70890,18.5,28.1,63.4,47.5,28.2,70.3,66.1,27.6,74.2,178.0,26.7,83.3,113.6,1.0,2.0,1.0,1.3333333333333333,-1.0,1982.4599999999998,3339.25,7,-0.4999999999999997,-0.8660254037844388,0,0.1410636196924813,3
33.74.04,Semarang Selatan,2023-08-01,DBD,0,70890,1.8,28.3,60.9,18.5,28.1,63.4,47.5,28.2,70.3,66.1,27.6,74.2,66.0,0.0,1.0,2.0,1.0,-1.0,1781.54,1172.8999999999999,8,-0.8660254037844385,-0.5000000000000004,0,0.0,3
33.74.04,Semarang Selatan,2023-09-01,DBD,0,70890,14.0,28.8,56.9,1.8,28.3,60.9,18.5,28.1,63.4,47.5,28.2,70.3,20.3,0.0,0.0,1.0,0.3333333333333333,0.0,1723.47,109.62,9,-1.0,-1.8369701987210297e-16,0,0.0,3
33.74.04,Semarang Selatan,2023-10-01,DBD,0,70890,25.3,29.6,62.8,14.0,28.8,56.9,1.8,28.3,60.9,18.5,28.1,63.4,15.8,0.0,0.0,0.0,0.0,0.0,1638.72,796.6,10,-0.8660254037844386,0.5000000000000001,1,0.0,3
33.74.04,Semarang Selatan,2023-11-01,DBD,0,70890,110.9,28.3,77.4,25.3,29.6,62.8,14.0,28.8,56.9,1.8,28.3,60.9,39.3,0.0,0.0,0.0,0.0,0.0,1858.88,1588.84,11,-0.5000000000000004,0.8660254037844384,1,0.0,3
33.74.04,Semarang Selatan,2023-12-01,DBD,0,70890,111.1,27.9,77.6,110.9,28.3,77.4,25.3,29.6,62.8,14.0,28.8,56.9,136.20000000000002,0.0,0.0,0.0,0.0,0.0,2190.42,8583.660000000002,12,-2.4492935982947064e-16,1.0,0,0.0,3
33.74.04,Semarang Selatan,2024-01-01,DBD,0,70890,274.1,26.8,86.0,111.1,27.9,77.6,110.9,28.3,77.4,25.3,29.6,62.8,222.0,0.0,0.0,0.0,0.0,0.0,2165.0399999999995,8621.359999999999,1,0.49999999999999994,0.8660254037844387,0,0.0,3
33.74.04,Semarang Selatan,2024-02-01,DBD,2,70890,247.6,27.0,85.4,274.1,26.8,86.0,111.1,27.9,77.6,110.9,28.3,77.4,385.20000000000005,0.0,0.0,0.0,0.0,0.0,2304.8,23572.600000000002,2,0.8660254037844386,0.5000000000000001,0,0.0,3
33.74.04,Semarang Selatan,2024-03-01,DBD,1,70890,217.4,27.2,83.7,247.6,27.0,85.4,274.1,26.8,86.0,111.1,27.9,77.6,521.7,2.0,0.0,0.0,0.6666666666666666,2.0,2305.8,21145.04,3,1.0,6.123233995736766e-17,1,0.2821272393849626,3
33.74.04,Semarang Selatan,2024-04-01,DBD,0,70890,194.5,27.8,82.9,217.4,27.2,83.7,247.6,27.0,85.4,274.1,26.8,86.0,465.0,1.0,2.0,0.0,1.0,-1.0,2276.64,18196.38,4,0.8660254037844387,-0.4999999999999998,1,0.1410636196924813,3
33.74.04,Semarang Selatan,2024-05-01,DBD,1,70890,29.3,29.7,66.4,194.5,27.8,82.9,217.4,27.2,83.7,247.6,27.0,85.4,411.9,0.0,1.0,2.0,1.0,-1.0,2304.6200000000003,16124.050000000001,5,0.49999999999999994,-0.8660254037844387,0,0.0,3
33.74.04,Semarang Selatan,2024-06-01,DBD,2,70890,69.8,28.4,71.5,29.3,29.7,66.4,194.5,27.8,82.9,217.4,27.2,83.7,223.8,1.0,0.0,1.0,0.6666666666666666,1.0,1972.0800000000002,1945.5200000000002,6,1.2246467991473532e-16,-1.0,0,0.1410636196924813,3
33.74.04,Semarang Selatan,2024-07-01,DBD,0,70890,36.5,28.0,64.9,69.8,28.4,71.5,29.3,29.7,66.4,194.5,27.8,82.9,99.1,2.0,1.0,0.0,1.0,1.0,2030.6,4990.7,7,-0.4999999999999997,-0.8660254037844388,0,0.2821272393849626,3
33.74.04,Semarang Selatan,2024-08-01,DBD,1,70890,14.0,28.4,61.9,36.5,28.0,64.9,69.8,28.4,71.5,29.3,29.7,66.4,106.3,0.0,2.0,1.0,1.0,-2.0,1817.2000000000003,2368.8500000000004,8,-0.8660254037844385,-0.5000000000000004,0,0.0,3
33.74.04,Semarang Selatan,2024-09-01,DBD,1,70890,79.3,28.5,66.3,14.0,28.4,61.9,36.5,28.0,64.9,69.8,28.4,71.5,50.5,1.0,0.0,2.0,1.0,1.0,1757.9599999999998,866.6,9,-1.0,-1.8369701987210297e-16,0,0.1410636196924813,3
33.74.04,Semarang Selatan,2024-10-01,DBD,0,70890,59.0,29.3,65.5,79.3,28.5,66.3,14.0,28.4,61.9,36.5,28.0,64.9,93.3,1.0,1.0,0.0,0.6666666666666666,0.0,1889.55,5257.589999999999,10,-0.8660254037844386,0.5000000000000001,1,0.1410636196924813,3
33.74.04,Semarang Selatan,2024-11-01,DBD,0,70890,287.1,27.6,81.4,59.0,29.3,65.5,79.3,28.5,66.3,14.0,28.4,61.9,138.3,0.0,1.0,1.0,0.6666666666666666,-1.0,1919.15,3864.5,11,-0.5000000000000004,0.8660254037844384,1,0.0,3
33.74.04,Semarang Selatan,2024-12-01,DBD,2,70890,302.6,26.8,86.6,287.1,27.6,81.4,59.0,29.3,65.5,79.3,28.5,66.3,346.1,0.0,0.0,1.0,0.3333333333333333,0.0,2246.6400000000003,23369.940000000002,12,-2.4492935982947064e-16,1.0,0,0.0,3
33.74.04,Semarang Selatan,2025-01-01,DBD,0,70890,287.0,26.2,86.4,302.6,26.8,86.6,287.1,27.6,81.4,59.0,29.3,65.5,589.7,2.0,0.0,0.0,0.6666666666666666,2.0,2320.88,26205.16,1,0.49999999999999994,0.8660254037844387,0,0.2821272393849626,3
33.74.04,Semarang Selatan,2025-02-01,DBD,3,70890,153.7,26.4,83.9,287.0,26.2,86.4,302.6,26.8,86.6,287.1,27.6,81.4,589.6,0.0,2.0,0.0,0.6666666666666666,-2.0,2263.6800000000003,24796.800000000003,2,0.8660254037844386,0.5000000000000001,0,0.0,3
33.74.04,Semarang Selatan,2025-03-01,DBD,2,70890,154.7,27.1,82.8,153.7,26.4,83.9,287.0,26.2,86.4,302.6,26.8,86.6,440.7,3.0,0.0,2.0,1.6666666666666667,3.0,2214.96,12895.43,3,1.0,6.123233995736766e-17,1,0.4231908590774439,3
33.74.04,Semarang Selatan,2025-04-01,DBD,3,70890,134.2,27.5,79.4,154.7,27.1,82.8,153.7,26.4,83.9,287.0,26.2,86.4,308.4,2.0,3.0,0.0,1.6666666666666667,-1.0,2243.88,12809.159999999998,4,0.8660254037844387,-0.4999999999999998,1,0.2821272393849626,3
33.74.04,Semarang Selatan,2025-05-01,DBD,1,70890,243.0,27.3,82.1,134.2,27.5,79.4,154.7,27.1,82.8,153.7,26.4,83.9,288.9,3.0,2.0,3.0,2.6666666666666665,1.0,2183.5,10655.48,5,0.49999999999999994,-0.8660254037844387,0,0.4231908590774439,3
33.74.04,Semarang Selatan,2025-06-01,DBD,0,70890,89.7,27.8,73.1,243.0,27.3,82.1,134.2,27.5,79.4,154.7,27.1,82.8,377.2,1.0,3.0,2.0,2.0,-2.0,2241.33,19950.3,6,1.2246467991473532e-16,-1.0,0,0.1410636196924813,3
33.74.04,Semarang Selatan,2025-07-01,DBD,0,70890,35.8,28.2,65.1,89.7,27.8,73.1,243.0,27.3,82.1,134.2,27.5,79.4,332.7,0.0,1.0,3.0,1.3333333333333333,-1.0,2032.1799999999998,6557.07,7,-0.4999999999999997,-0.8660254037844388,0,0.0,3
33.74.04,Semarang Selatan,2025-08-01,DBD,0,70890,141.2,27.8,70.4,35.8,28.2,65.1,89.7,27.8,73.1,243.0,27.3,82.1,125.5,0.0,0.0,1.0,0.3333333333333333,0.0,1835.8199999999997,2330.5799999999995,8,-0.8660254037844385,-0.5000000000000004,0,0.0,3
33.74.04,Semarang Selatan,2025-09-01,DBD,1,70890,112.9,28.4,68.7,141.2,27.8,70.4,35.8,28.2,65.1,89.7,27.8,73.1,177.0,0.0,0.0,0.0,0.0,0.0,1957.1200000000001,9940.48,9,-1.0,-1.8369701987210297e-16,0,0.0,3
33.74.04,Semarang Selatan,2025-10-01,DBD,0,70890,263.5,28.2,74.2,112.9,28.4,68.7,141.2,27.8,70.4,35.8,28.2,65.1,254.1,1.0,0.0,0.0,0.3333333333333333,1.0,1951.08,7756.2300000000005,10,-0.8660254037844386,0.5000000000000001,1,0.1410636196924813,3
33.74.04,Semarang Selatan,2025-11-01,DBD,0,70890,173.1,27.3,80.1,263.5,28.2,74.2,112.9,28.4,68.7,141.2,27.8,70.4,376.4,0.0,1.0,0.0,0.3333333333333333,-1.0,2092.44,19551.7,11,-0.5000000000000004,0.8660254037844384,1,0.0,3
33.74.04,Semarang Selatan,2025-12-01,DBD,0,70890,176.6,27.0,82.8,173.1,27.3,80.1,263.5,28.2,74.2,112.9,28.4,68.7,436.6,0.0,0.0,1.0,0.3333333333333333,0.0,2186.73,13865.309999999998,12,-2.4492935982947064e-16,1.0,0,0.0,3
33.74.05,Semarang Barat,2021-04-01,DBD,1,158726,84.2,27.2,81.2,157.0,26.5,86.2,364.0,25.8,87.5,292.4,25.9,87.9,521.0,0.0,1.0,1.0,0.6666666666666666,-1.0,2284.3,13533.4,4,0.8660254037844387,-0.4999999999999998,1,0.0,4
33.74.05,Semarang Barat,2021-05-01,DBD,2,158726,153.2,28.0,76.8,84.2,27.2,81.2,157.0,26.5,86.2,364.0,25.8,87.5,241.2,1.0,0.0,1.0,0.6666666666666666,1.0,2208.64,6837.040000000001,5,0.49999999999999994,-0.8660254037844387,0,0.06300165064324685,4
33.74.05,Semarang Barat,2021-06-01,DBD,0,158726,111.9,27.2,80.2,153.2,28.0,76.8,84.2,27.2,81.2,157.0,26.5,86.2,237.39999999999998,2.0,1.0,0.0,1.0,1.0,2150.4,11765.759999999998,6,1.2246467991473532e-16,-1.0,0,0.1260033012864937,4
33.74.05,Semarang Barat,2021-07-01,DBD,1,158726,9.9,28.5,62.9,111.9,27.2,80.2,153.2,28.0,76.8,84.2,27.2,81.2,265.1,0.0,2.0,1.0,1.0,-2.0,2181.44,8974.380000000001,7,-0.4999999999999997,-0.8660254037844388,0,0.0,4
33.74.05,Semarang Barat,2021-08-01,DBD,1,158726,64.2,28.7,64.5,9.9,28.5,62.9,111.9,27.2,80.2,153.2,28.0,76.8,121.80000000000001,1.0,0.0,2.0,1.0,1.0,1792.6499999999999,622.71,8,-0.8660254037844385,-0.5000000000000004,0,0.06300165064324685,4
33.74.05,Semarang Barat,2021-09-01,DBD,1,158726,59.2,28.6,67.3,64.2,28.7,64.5,9.9,28.5,62.9,111.9,27.2,80.2,74.10000000000001,1.0,1.0,0.0,0.6666666666666666,0.0,1851.1499999999999,4140.900000000001,9,-1.0,-1.8369701987210297e-16,0,0.06300165064324685,4
33.74.05,Semarang Barat,2021-10-01,DBD,1,158726,121.2,28.4,71.6,59.2,28.6,67.3,64.2,28.7,64.5,9.9,28.5,62.9,123.4,1.0,1.0,1.0,1.0,0.0,1924.78,3984.16,10,-0.8660254037844386,0.5000000000000001,1,0.06300165064324685,4
33.74.05,Semarang Barat,2021-11-01,DBD,7,158726,246.4,26.6,85.5,121.2,28.4,71.6,59.2,28.6,67.3,64.2,28.7,64.5,180.4,1.0,1.0,1.0,1.0,0.0,2033.4399999999998,8677.92,11,-0.5000000000000004,0.8660254037844384,1,0.06300165064324685,4
33.74.05,Semarang Barat,2021-12-01,DBD,4,158726,302.2,26.5,86.6,246.4,26.6,85.5,121.2,28.4,71.6,59.2,28.6,67.3,367.6,7.0,1.0,1.0,3.0,6.0,2274.3,21067.2,12,-2.4492935982947064e-16,1.0,0,0.44101155450272794,4
33.74.05,Semarang Barat,2022-01-01,DBD,11,158726,241.8,26.2,84.8,302.2,26.5,86.6,246.4,26.6,85.5,121.2,28.4,71.6,548.6,4.0,7.0,1.0,4.0,-3.0,2294.8999999999996,26170.519999999997,1,0.49999999999999994,0.8660254037844387,0,0.2520066025729874,4
33.74.05,Semarang Barat,2022-02-01,DBD,10,158726,236.4,26.3,84.4,241.8,26.2,84.8,302.2,26.5,86.6,246.4,26.6,85.5,544.0,11.0,4.0,7.0,7.333333333333333,7.0,2221.7599999999998,20504.64,2,0.8660254037844386,0.5000000000000001,0,0.6930181570757153,4
33.74.05,Semarang Barat,2022-03-01,DBD,8,158726,248.5,26.6,86.0,236.4,26.3,84.4,241.8,26.2,84.8,302.2,26.5,86.6,478.20000000000005,10.0,11.0,4.0,8.333333333333334,-1.0,2219.7200000000003,19952.160000000003,3,1.0,6.123233995736766e-17,1,0.6300165064324685,4
33.74.05,Semarang Barat,2022-04-01,DBD,11,158726,118.1,27.1,81.9,248.5,26.6,86.0,236.4,26.3,84.4,241.8,26.2,84.8,484.9,8.0,10.0,11.0,9.666666666666666,-2.0,2287.6,21371.0,4,0.8660254037844387,-0.4999999999999998,1,0.5040132051459748,4
33.74.05,Semarang Barat,2022-05-01,DBD,6,158726,173.1,27.2,82.4,118.1,27.1,81.9,248.5,26.6,86.0,236.4,26.3,84.4,366.6,11.0,8.0,10.0,9.666666666666666,3.0,2219.4900000000002,9672.39,5,0.49999999999999994,-0.8660254037844387,0,0.6930181570757153,4
33.74.05,Semarang Barat,2022-06-01,DBD,9,158726,182.7,26.6,80.6,173.1,27.2,82.4,118.1,27.1,81.9,248.5,26.6,86.0,291.2,6.0,11.0,8.0,8.333333333333334,-5.0,2241.28,14263.44,6,1.2246467991473532e-16,-1.0,0,0.37800990385948113,4
33.74.05,Semarang Barat,2022-07-01,DBD,5,158726,74.2,27.5,71.4,182.7,26.6,80.6,173.1,27.2,82.4,118.1,27.1,81.9,355.79999999999995,9.0,6.0,11.0,8.666666666666666,3.0,2143.96,14725.619999999997,7,-0.4999999999999997,-0.8660254037844388,0,0.5670148557892217,4
33.74.05,Semarang Barat,2022-08-01,DBD,2,158726,45.7,28.1,67.6,74.2,27.5,71.4,182.7,26.6,80.6,173.1,27.2,82.4,256.9,5.0,9.0,6.0,6.666666666666667,-4.0,1963.5000000000002,5297.880000000001,8,-0.8660254037844385,-0.5000000000000004,0,0.31500825321623427,4
33.74.05,Semarang Barat,2022-09-01,DBD,2,158726,76.1,28.3,69.2,45.7,28.1,67.6,74.2,27.5,71.4,182.7,26.6,80.6,119.9,2.0,5.0,9.0,5.333333333333333,-3.0,1899.56,3089.3199999999997,9,-1.0,-1.8369701987210297e-16,0,0.1260033012864937,4
33.74.05,Semarang Barat,2022-10-01,DBD,2,158726,202.5,26.6,83.2,76.1,28.3,69.2,45.7,28.1,67.6,74.2,27.5,71.4,121.8,2.0,2.0,5.0,3.0,0.0,1958.3600000000001,5266.12,10,-0.8660254037844386,0.5000000000000001,1,0.1260033012864937,4
33.74.05,Semarang Barat,2022-11-01,DBD,5,158726,353.6,26.5,85.1,202.5,26.6,83.2,76.1,28.3,69.2,45.7,28.1,67.6,278.6,2.0,2.0,2.0,2.0,0.0,2213.1200000000003,16848.0,11,-0.5000000000000004,0.8660254037844384,1,0.1260033012864937,4
33.74.05,Semarang Barat,2022-12-01,DBD,4,158726,215.8,26.4,84.0,353.6,26.5,85.1,202.5,26.6,83.2,76.1,28.3,69.2,556.1,5.0,2.0,2.0,3.0,3.0,2255.1499999999996,30091.36,12,-2.4492935982947064e-16,1.0,0,0.31500825321623427,4
33.74.05,Semarang Barat,2023-01-01,DBD,5,158726,214.0,26.1,85.7,215.8,26.4,84.0,353.6,26.5,85.1,202.5,26.6,83.2,569.4000000000001,4.0,5.0,2.0,3.6666666666666665,-1.0,2217.6,18127.2,1,0.49999999999999994,0.8660254037844387,0,0.2520066025729874,4
33.74.05,Semarang Barat,2023-02-01,DBD,3,158726,302.2,26.0,85.8,214.0,26.1,85.7,215.8,26.4,84.0,353.6,26.5,85.1,429.8,5.0,4.0,5.0,4.666666666666667,1.0,2236.77,18339.8,2,0.8660254037844386,0.5000000000000001,0,0.31500825321623427,4
33.74.05,Semarang Barat,2023-03-01,DBD,2,158726,295.7,26.4,85.0,302.2,26.0,85.8,214.0,26.1,85.7,215.8,26.4,84.0,516.2,3.0,5.0,4.0,4.0,-2.0,2230.7999999999997,25928.76,3,1.0,6.123233995736766e-17,1,0.18900495192974057,4
33.74.05,Semarang Barat,2023-04-01,DBD,4,158726,178.0,26.9,83.3,295.7,26.4,85.0,302.2,26.0,85.8,214.0,26.1,85.7,597.9,2.0,3.0,5.0,3.3333333333333335,-1.0,2244.0,25134.5,4,0.8660254037844387,-0.4999999999999998,1,0.1260033012864937,4
33.74.05,Semarang Barat,2023-05-01,DBD,8,158726,66.1,27.9,74.2,178.0,26.9,83.3,295.7,26.4,85.0,302.2,26.0,85.8,473.7,4.0,2.0,3.0,3.0,2.0,2240.77,14827.4,5,0.49999999999999994,-0.8660254037844387,0,0.2520066025729874,4
33.74.05,Semarang Barat,2023-06-01,DBD,2,158726,47.5,28.4,70.4,66.1,27.9,74.2,178.0,26.9,83.3,295.7,26.4,85.0,244.1,8.0,4.0,2.0,4.666666666666667,4.0,2070.18,4904.62,6,1.2246467991473532e-16,-1.0,0,0.5040132051459748,4
33.74.05,Semarang Barat,2023-07-01,DBD,0,158726,18.5,28.3,63.5,47.5,28.4,70.4,66.1,27.9,74.2,178.0,26.9,83.3,113.6,2.0,8.0,4.0,4.666666666666667,-6.0,1999.3600000000001,3344.0000000000005,7,-0.4999999999999997,-0.8660254037844388,0,0.1260033012864937,4
33.74.05,Semarang Barat,2023-08-01,DBD,0,158726,1.8,28.5,60.9,18.5,28.3,63.5,47.5,28.4,70.4,66.1,27.9,74.2,66.0,0.0,2.0,8.0,3.3333333333333335,-2.0,1797.05,1174.75,8,-0.8660254037844385,-0.5000000000000004,0,0.0,4
33.74.05,Semarang Barat,2023-09-01,DBD,3,158726,14.0,29.0,56.9,1.8,28.5,60.9,18.5,28.3,63.5,47.5,28.4,70.4,20.3,0.0,0.0,2.0,0.6666666666666666,0.0,1735.6499999999999,109.62,9,-1.0,-1.8369701987210297e-16,0,0.0,4
33.74.05,Semarang Barat,2023-10-01,DBD,0,158726,25.3,29.8,62.8,14.0,29.0,56.9,1.8,28.5,60.9,18.5,28.3,63.5,15.8,3.0,0.0,0.0,1.0,3.0,1650.1,796.6,10,-0.8660254037844386,0.5000000000000001,1,0.18900495192974057,4
33.74.05,Semarang Barat,2023-11-01,DBD,0,158726,110.9,28.5,77.4,25.3,29.8,62.8,14.0,29.0,56.9,1.8,28.5,60.9,39.3,0.0,3.0,0.0,1.0,-3.0,1871.44,1588.84,11,-0.5000000000000004,0.8660254037844384,1,0.0,4
33.74.05,Semarang Barat,2023-12-01,DBD,0,158726,111.1,28.1,77.6,110.9,28.5,77.4,25.3,29.8,62.8,14.0,29.0,56.9,136.20000000000002,0.0,0.0,3.0,1.0,0.0,2205.9,8583.660000000002,12,-2.4492935982947064e-16,1.0,0,0.0,4
33.74.05,Semarang Barat,2024-01-01,DBD,0,158726,274.1,27.0,86.0,111.1,28.1,77.6,110.9,28.5,77.4,25.3,29.8,62.8,222.0,0.0,0.0,0.0,0.0,0.0,2180.56,8621.359999999999,1,0.49999999999999994,0.8660254037844387,0,0.0,4
33.74.05,Semarang Barat,2024-02-01,DBD,2,158726,247.6,27.2,85.5,274.1,27.0,86.0,111.1,28.1,77.6,110.9,28.5,77.4,385.20000000000005,0.0,0.0,0.0,0.0,0.0,2322.0,23572.600000000002,2,0.8660254037844386,0.5000000000000001,0,0.0,4
33.74.05,Semarang Barat,2024-03-01,DBD,4,158726,217.4,27.4,83.7,247.6,27.2,85.5,274.1,27.0,86.0,111.1,28.1,77.6,521.7,2.0,0.0,0.0,0.6666666666666666,2.0,2325.6,21169.8,3,1.0,6.123233995736766e-17,1,0.1260033012864937,4
33.74.05,Semarang Barat,2024-04-01,DBD,2,158726,194.5,28.0,82.9,217.4,27.4,83.7,247.6,27.2,85.5,274.1,27.0,86.0,465.0,4.0,2.0,0.0,2.0,2.0,2293.38,18196.38,4,0.8660254037844387,-0.4999999999999998,1,0.2520066025729874,4
33.74.05,Semarang Barat,2024-05-01,DBD,4,158726,29.3,29.9,66.4,194.5,28.0,82.9,217.4,27.4,83.7,247.6,27.2,85.5,411.9,2.0,4.0,2.0,2.6666666666666665,-2.0,2321.2000000000003,16124.050000000001,5,0.49999999999999994,-0.8660254037844387,0,0.1260033012864937,4
33.74.05,Semarang Barat,2024-06-01,DBD,1,158726,69.8,28.6,71.6,29.3,29.9,66.4,194.5,28.0,82.9,217.4,27.4,83.7,223.8,4.0,2.0,4.0,3.3333333333333335,2.0,1985.3600000000001,1945.5200000000002,6,1.2246467991473532e-16,-1.0,0,0.2520066025729874,4
33.74.05,Semarang Barat,2024-07-01,DBD,3,158726,36.5,28.3,65.0,69.8,28.6,71.6,29.3,29.9,66.4,194.5,28.0,82.9,99.1,1.0,4.0,2.0,2.3333333333333335,-3.0,2047.76,4997.679999999999,7,-0.4999999999999997,-0.8660254037844388,0,0.06300165064324685,4
33.74.05,Semarang Barat,2024-08-01,DBD,2,158726,14.0,28.7,61.9,36.5,28.3,65.0,69.8,28.6,71.6,29.3,29.9,66.4,106.3,3.0,1.0,4.0,2.6666666666666665,2.0,1839.5,2372.5,8,-0.8660254037844385,-0.5000000000000004,0,0.18900495192974057,4
33.74.05,Semarang Barat,2024-09-01,DBD,3,158726,79.3,28.7,66.3,14.0,28.7,61.9,36.5,28.3,65.0,69.8,28.6,71.6,50.5,2.0,3.0,1.0,2.0,-1.0,1776.53,866.6,9,-1.0,-1.8369701987210297e-16,0,0.1260033012864937,4
33.74.05,Semarang Barat,2024-10-01,DBD,0,158726,59.0,29.5,65.6,79.3,28.7,66.3,14.0,28.7,61.9,36.5,28.3,65.0,93.3,3.0,2.0,3.0,2.6666666666666665,1.0,1902.81,5257.589999999999,10,-0.8660254037844386,0.5000000000000001,1,0.18900495192974057,4
33.74.05,Semarang Barat,2024-11-01,DBD,0,158726,287.1,27.9,81.5,59.0,29.5,65.6,79.3,28.7,66.3,14.0,28.7,61.9,138.3,0.0,3.0,2.0,1.6666666666666667,-3.0,1935.1999999999998,3870.3999999999996,11,-0.5000000000000004,0.8660254037844384,1,0.0,4
33.74.05,Semarang Barat,2024-12-01,DBD,1,158726,302.6,27.0,86.6,287.1,27.9,81.5,59.0,29.5,65.6,79.3,28.7,66.3,346.1,0.0,0.0,3.0,1.0,0.0,2273.85,23398.65,12,-2.4492935982947064e-16,1.0,0,0.0,4
33.74.05,Semarang Barat,2025-01-01,DBD,3,158726,287.0,26.5,86.4,302.6,27.0,86.6,287.1,27.9,81.5,59.0,29.5,65.6,589.7,1.0,0.0,0.0,0.3333333333333333,1.0,2338.2,26205.16,1,0.49999999999999994,0.8660254037844387,0,0.06300165064324685,4
33.74.05,Semarang Barat,2025-02-01,DBD,4,158726,153.7,26.6,83.9,287.0,26.5,86.4,302.6,27.0,86.6,287.1,27.9,81.5,589.6,3.0,1.0,0.0,1.3333333333333333,2.0,2289.6000000000004,24796.800000000003,2,0.8660254037844386,0.5000000000000001,0,0.18900495192974057,4
33.74.05,Semarang Barat,2025-03-01,DBD,5,158726,154.7,27.3,82.9,153.7,26.6,83.9,287.0,26.5,86.4,302.6,27.0,86.6,440.7,4.0,3.0,1.0,2.6666666666666665,1.0,2231.7400000000002,12895.43,3,1.0,6.123233995736766e-17,1,0.2520066025729874,4
33.74.05,Semarang Barat,2025-04-01,DBD,2,158726,134.2,27.7,79.4,154.7,27.3,82.9,153.7,26.6,83.9,287.0,26.5,86.4,308.4,5.0,4.0,3.0,4.0,1.0,2263.17,12824.63,4,0.8660254037844387,-0.4999999999999998,1,0.31500825321623427,4
33.74.05,Semarang Barat,2025-05-01,DBD,3,158726,243.0,27.5,82.1,134.2,27.7,79.4,154.7,27.3,82.9,153.7,26.6,83.9,288.9,2.0,5.0,4.0,3.6666666666666665,-3.0,2199.38,10655.48,5,0.49999999999999994,-0.8660254037844387,0,0.1260033012864937,4
33.74.05,Semarang Barat,2025-06-01,DBD,1,158726,89.7,28.0,73.1,243.0,27.5,82.1,134.2,27.7,79.4,154.7,27.3,82.9,377.2,3.0,2.0,5.0,3.3333333333333335,1.0,2257.75,19950.3,6,1.2246467991473532e-16,-1.0,0,0.18900495192974057,4
33.74.05,Semarang Barat,2025-07-01,DBD,1,158726,35.8,28.4,65.2,89.7,28.0,73.1,243.0,27.5,82.1,134.2,27.7,79.4,332.7,1.0,3.0,2.0,2.0,-2.0,2046.7999999999997,6557.07,7,-0.4999999999999997,-0.8660254037844388,0,0.06300165064324685,4
33.74.05,Semarang Barat,2025-08-01,DBD,0,158726,141.2,28.0,70.4,35.8,28.4,65.2,89.7,28.0,73.1,243.0,27.5,82.1,125.5,1.0,1.0,3.0,1.6666666666666667,0.0,1851.68,2334.16,8,-0.8660254037844385,-0.5000000000000004,0,0.06300165064324685,4
33.74.05,Semarang Barat,2025-09-01,DBD,1,158726,112.9,28.6,68.8,141.2,28.0,70.4,35.8,28.4,65.2,89.7,28.0,73.1,177.0,0.0,1.0,1.0,0.6666666666666666,-1.0,1971.2000000000003,9940.48,9,-1.0,-1.8369701987210297e-16,0,0.0,4
33.74.05,Semarang Barat,2025-10-01,DBD,1,158726,263.5,28.5,74.2,112.9,28.6,68.8,141.2,28.0,70.4,35.8,28.4,65.2,254.1,1.0,0.0,1.0,0.6666666666666666,1.0,1967.68,7767.52,10,-0.8660254037844386,0.5000000000000001,1,0.06300165064324685,4
33.74.05,Semarang Barat,2025-11-01,DBD,0,158726,173.1,27.6,80.1,263.5,28.5,74.2,112.9,28.6,68.8,141.2,28.0,70.4,376.4,1.0,1.0,0.0,0.6666666666666666,0.0,2114.7000000000003,19551.7,11,-0.5000000000000004,0.8660254037844384,1,0.06300165064324685,4
33.74.05,Semarang Barat,2025-12-01,DBD,1,158726,176.6,27.2,82.8,173.1,27.6,80.1,263.5,28.5,74.2,112.9,28.6,68.8,436.6,0.0,1.0,1.0,0.6666666666666666,-1.0,2210.7599999999998,13865.309999999998,12,-2.4492935982947064e-16,1.0,0,0.0,4
33.74.06,Gayamsari,2021-04-01,DBD,1,68900,84.2,26.9,81.2,157.0,26.3,86.2,364.0,25.6,87.4,292.4,25.7,87.8,521.0,1.0,0.0,1.0,0.6666666666666666,1.0,2267.06,13533.4,4,0.8660254037844387,-0.4999999999999998,1,0.14513788098693758,5
33.74.06,Gayamsari,2021-05-01,DBD,0,68900,153.2,27.8,76.7,84.2,26.9,81.2,157.0,26.3,86.2,364.0,25.6,87.4,241.2,1.0,1.0,0.0,0.6666666666666666,0.0,2184.2799999999997,6837.040000000001,5,0.49999999999999994,-0.8660254037844387,0,0.14513788098693758,5
33.74.06,Gayamsari,2021-06-01,DBD,0,68900,111.9,27.0,80.2,153.2,27.8,76.7,84.2,26.9,81.2,157.0,26.3,86.2,237.39999999999998,0.0,1.0,1.0,0.6666666666666666,-1.0,2132.26,11750.439999999999,6,1.2246467991473532e-16,-1.0,0,0.0,5
33.74.06,Gayamsari,2021-07-01,DBD,0,68900,9.9,28.2,62.9,111.9,27.0,80.2,153.2,27.8,76.7,84.2,26.9,81.2,265.1,0.0,0.0,1.0,0.3333333333333333,0.0,2165.4,8974.380000000001,7,-0.4999999999999997,-0.8660254037844388,0,0.0,5
33.74.06,Gayamsari,2021-08-01,DBD,0,68900,64.2,28.5,64.4,9.9,28.2,62.9,111.9,27.0,80.2,153.2,27.8,76.7,121.80000000000001,0.0,0.0,0.0,0.0,0.0,1773.78,622.71,8,-0.8660254037844385,-0.5000000000000004,0,0.0,5
33.74.06,Gayamsari,2021-09-01,DBD,0,68900,59.2,28.4,67.2,64.2,28.5,64.4,9.9,28.2,62.9,111.9,27.0,80.2,74.10000000000001,0.0,0.0,0.0,0.0,0.0,1835.4,4134.4800000000005,9,-1.0,-1.8369701987210297e-16,0,0.0,5
33.74.06,Gayamsari,2021-10-01,DBD,0,68900,121.2,28.2,71.6,59.2,28.4,67.2,64.2,28.5,64.4,9.9,28.2,62.9,123.4,0.0,0.0,0.0,0.0,0.0,1908.48,3978.2400000000002,10,-0.8660254037844386,0.5000000000000001,1,0.0,5
33.74.06,Gayamsari,2021-11-01,DBD,1,68900,246.4,26.4,85.5,121.2,28.2,71.6,59.2,28.4,67.2,64.2,28.5,64.4,180.4,0.0,0.0,0.0,0.0,0.0,2019.12,8677.92,11,-0.5000000000000004,0.8660254037844384,1,0.0,5
33.74.06,Gayamsari,2021-12-01,DBD,4,68900,302.2,26.3,86.6,246.4,26.4,85.5,121.2,28.2,71.6,59.2,28.4,67.2,367.6,1.0,0.0,0.0,0.3333333333333333,1.0,2257.2,21067.2,12,-2.4492935982947064e-16,1.0,0,0.14513788098693758,5
33.74.06,Gayamsari,2022-01-01,DBD,4,68900,241.8,26.0,84.8,302.2,26.3,86.6,246.4,26.4,85.5,121.2,28.2,71.6,548.6,4.0,1.0,0.0,1.6666666666666667,3.0,2277.58,26170.519999999997,1,0.49999999999999994,0.8660254037844387,0,0.5805515239477503,5
33.74.06,Gayamsari,2022-02-01,DBD,0,68900,236.4,26.1,84.4,241.8,26.0,84.8,302.2,26.3,86.6,246.4,26.4,85.5,544.0,4.0,4.0,1.0,3.0,0.0,2204.7999999999997,20504.64,2,0.8660254037844386,0.5000000000000001,0,0.5805515239477503,5
33.74.06,Gayamsari,2022-03-01,DBD,1,68900,248.5,26.4,86.0,236.4,26.1,84.4,241.8,26.0,84.8,302.2,26.3,86.6,478.20000000000005,0.0,4.0,4.0,2.6666666666666665,-4.0,2202.84,19952.160000000003,3,1.0,6.123233995736766e-17,1,0.0,5
33.74.06,Gayamsari,2022-04-01,DBD,0,68900,118.1,26.8,81.9,248.5,26.4,86.0,236.4,26.1,84.4,241.8,26.0,84.8,484.9,1.0,0.0,4.0,1.6666666666666667,1.0,2270.4,21371.0,4,0.8660254037844387,-0.4999999999999998,1,0.14513788098693758,5
33.74.06,Gayamsari,2022-05-01,DBD,0,68900,173.1,27.0,82.4,118.1,26.8,81.9,248.5,26.4,86.0,236.4,26.1,84.4,366.6,0.0,1.0,0.0,0.3333333333333333,-1.0,2194.92,9672.39,5,0.49999999999999994,-0.8660254037844387,0,0.0,5
33.74.06,Gayamsari,2022-06-01,DBD,1,68900,182.7,26.4,80.6,173.1,27.0,82.4,118.1,26.8,81.9,248.5,26.4,86.0,291.2,0.0,0.0,1.0,0.3333333333333333,0.0,2224.8,14263.44,6,1.2246467991473532e-16,-1.0,0,0.0,5
33.74.06,Gayamsari,2022-07-01,DBD,1,68900,74.2,27.3,71.4,182.7,26.4,80.6,173.1,27.0,82.4,118.1,26.8,81.9,355.79999999999995,1.0,0.0,0.0,0.3333333333333333,1.0,2127.8399999999997,14725.619999999997,7,-0.4999999999999997,-0.8660254037844388,0,0.14513788098693758,5
33.74.06,Gayamsari,2022-08-01,DBD,2,68900,45.7,27.9,67.6,74.2,27.3,71.4,182.7,26.4,80.6,173.1,27.0,82.4,256.9,1.0,1.0,0.0,0.6666666666666666,0.0,1949.2200000000003,5297.880000000001,8,-0.8660254037844385,-0.5000000000000004,0,0.14513788098693758,5
33.74.06,Gayamsari,2022-09-01,DBD,0,68900,76.1,28.1,69.2,45.7,27.9,67.6,74.2,27.3,71.4,182.7,26.4,80.6,119.9,2.0,1.0,1.0,1.3333333333333333,1.0,1886.0399999999997,3089.3199999999997,9,-1.0,-1.8369701987210297e-16,0,0.29027576197387517,5
33.74.06,Gayamsari,2022-10-01,DBD,0,68900,202.5,26.4,83.2,76.1,28.1,69.2,45.7,27.9,67.6,74.2,27.3,71.4,121.8,0.0,2.0,1.0,1.0,-2.0,1944.5200000000002,5266.12,10,-0.8660254037844386,0.5000000000000001,1,0.0,5
33.74.06,Gayamsari,2022-11-01,DBD,0,68900,353.6,26.3,85.1,202.5,26.4,83.2,76.1,28.1,69.2,45.7,27.9,67.6,278.6,0.0,0.0,2.0,0.6666666666666666,0.0,2196.48,16848.0,11,-0.5000000000000004,0.8660254037844384,1,0.0,5
33.74.06,Gayamsari,2022-12-01,DBD,0,68900,215.8,26.2,83.9,353.6,26.3,85.1,202.5,26.4,83.2,76.1,28.1,69.2,556.1,0.0,0.0,0.0,0.0,0.0,2238.13,30091.36,12,-2.4492935982947064e-16,1.0,0,0.0,5
33.74.06,Gayamsari,2023-01-01,DBD,4,68900,214.0,25.9,85.7,215.8,26.2,83.9,353.6,26.3,85.1,202.5,26.4,83.2,569.4000000000001,0.0,0.0,0.0,0.0,0.0,2198.1800000000003,18105.620000000003,1,0.49999999999999994,0.8660254037844387,0,0.0,5
33.74.06,Gayamsari,2023-02-01,DBD,4,68900,302.2,25.8,85.8,214.0,25.9,85.7,215.8,26.2,83.9,353.6,26.3,85.1,429.8,4.0,0.0,0.0,1.3333333333333333,4.0,2219.63,18339.8,2,0.8660254037844386,0.5000000000000001,0,0.5805515239477503,5
33.74.06,Gayamsari,2023-03-01,DBD,4,68900,295.7,26.2,85.0,302.2,25.8,85.8,214.0,25.9,85.7,215.8,26.2,83.9,516.2,4.0,4.0,0.0,2.6666666666666665,0.0,2213.64,25928.76,3,1.0,6.123233995736766e-17,1,0.5805515239477503,5
33.74.06,Gayamsari,2023-04-01,DBD,2,68900,178.0,26.7,83.3,295.7,26.2,85.0,302.2,25.8,85.8,214.0,25.9,85.7,597.9,4.0,4.0,4.0,4.0,0.0,2227.0,25134.5,4,0.8660254037844387,-0.4999999999999998,1,0.5805515239477503,5
33.74.06,Gayamsari,2023-05-01,DBD,2,68900,66.1,27.6,74.2,178.0,26.7,83.3,295.7,26.2,85.0,302.2,25.8,85.8,473.7,2.0,4.0,4.0,3.3333333333333335,-2.0,2224.1099999999997,14827.4,5,0.49999999999999994,-0.8660254037844387,0,0.29027576197387517,5
33.74.06,Gayamsari,2023-06-01,DBD,1,68900,47.5,28.2,70.3,66.1,27.6,74.2,178.0,26.7,83.3,295.7,26.2,85.0,244.1,2.0,2.0,4.0,2.6666666666666665,0.0,2047.92,4904.62,6,1.2246467991473532e-16,-1.0,0,0.29027576197387517,5
33.74.06,Gayamsari,2023-07-01,DBD,1,68900,18.5,28.1,63.4,47.5,28.2,70.3,66.1,27.6,74.2,178.0,26.7,83.3,113.6,1.0,2.0,2.0,1.6666666666666667,-1.0,1982.4599999999998,3339.25,7,-0.4999999999999997,-0.8660254037844388,0,0.14513788098693758,5
33.74.06,Gayamsari,2023-08-01,DBD,0,68900,1.8,28.3,60.9,18.5,28.1,63.4,47.5,28.2,70.3,66.1,27.6,74.2,66.0,1.0,1.0,2.0,1.3333333333333333,0.0,1781.54,1172.8999999999999,8,-0.8660254037844385,-0.5000000000000004,0,0.14513788098693758,5
33.74.06,Gayamsari,2023-09-01,DBD,0,68900,14.0,28.8,56.9,1.8,28.3,60.9,18.5,28.1,63.4,47.5,28.2,70.3,20.3,0.0,1.0,1.0,0.6666666666666666,-1.0,1723.47,109.62,9,-1.0,-1.8369701987210297e-16,0,0.0,5
33.74.06,Gayamsari,2023-10-01,DBD,0,68900,25.3,29.6,62.8,14.0,28.8,56.9,1.8,28.3,60.9,18.5,28.1,63.4,15.8,0.0,0.0,1.0,0.3333333333333333,0.0,1638.72,796.6,10,-0.8660254037844386,0.5000000000000001,1,0.0,5
33.74.06,Gayamsari,2023-11-01,DBD,2,68900,110.9,28.3,77.4,25.3,29.6,62.8,14.0,28.8,56.9,1.8,28.3,60.9,39.3,0.0,0.0,0.0,0.0,0.0,1858.88,1588.84,11,-0.5000000000000004,0.8660254037844384,1,0.0,5
33.74.06,Gayamsari,2023-12-01,DBD,0,68900,111.1,27.9,77.6,110.9,28.3,77.4,25.3,29.6,62.8,14.0,28.8,56.9,136.20000000000002,2.0,0.0,0.0,0.6666666666666666,2.0,2190.42,8583.660000000002,12,-2.4492935982947064e-16,1.0,0,0.29027576197387517,5
33.74.06,Gayamsari,2024-01-01,DBD,2,68900,274.1,26.8,86.0,111.1,27.9,77.6,110.9,28.3,77.4,25.3,29.6,62.8,222.0,0.0,2.0,0.0,0.6666666666666666,-2.0,2165.0399999999995,8621.359999999999,1,0.49999999999999994,0.8660254037844387,0,0.0,5
33.74.06,Gayamsari,2024-02-01,DBD,1,68900,247.6,27.0,85.4,274.1,26.8,86.0,111.1,27.9,77.6,110.9,28.3,77.4,385.20000000000005,2.0,0.0,2.0,1.3333333333333333,2.0,2304.8,23572.600000000002,2,0.8660254037844386,0.5000000000000001,0,0.29027576197387517,5
33.74.06,Gayamsari,2024-03-01,DBD,1,68900,217.4,27.2,83.7,247.6,27.0,85.4,274.1,26.8,86.0,111.1,27.9,77.6,521.7,1.0,2.0,0.0,1.0,-1.0,2305.8,21145.04,3,1.0,6.123233995736766e-17,1,0.14513788098693758,5
33.74.06,Gayamsari,2024-04-01,DBD,4,68900,194.5,27.8,82.9,217.4,27.2,83.7,247.6,27.0,85.4,274.1,26.8,86.0,465.0,1.0,1.0,2.0,1.3333333333333333,0.0,2276.64,18196.38,4,0.8660254037844387,-0.4999999999999998,1,0.14513788098693758,5
33.74.06,Gayamsari,2024-05-01,DBD,0,68900,29.3,29.7,66.4,194.5,27.8,82.9,217.4,27.2,83.7,247.6,27.0,85.4,411.9,4.0,1.0,1.0,2.0,3.0,2304.6200000000003,16124.050000000001,5,0.49999999999999994,-0.8660254037844387,0,0.5805515239477503,5
33.74.06,Gayamsari,2024-06-01,DBD,3,68900,69.8,28.4,71.5,29.3,29.7,66.4,194.5,27.8,82.9,217.4,27.2,83.7,223.8,0.0,4.0,1.0,1.6666666666666667,-4.0,1972.0800000000002,1945.5200000000002,6,1.2246467991473532e-16,-1.0,0,0.0,5
33.74.06,Gayamsari,2024-07-01,DBD,1,68900,36.5,28.0,64.9,69.8,28.4,71.5,29.3,29.7,66.4,194.5,27.8,82.9,99.1,3.0,0.0,4.0,2.3333333333333335,3.0,2030.6,4990.7,7,-0.4999999999999997,-0.8660254037844388,0,0.4354136429608128,5
33.74.06,Gayamsari,2024-08-01,DBD,0,68900,14.0,28.4,61.9,36.5,28.0,64.9,69.8,28.4,71.5,29.3,29.7,66.4,106.3,1.0,3.0,0.0,1.3333333333333333,-2.0,1817.2000000000003,2368.8500000000004,8,-0.8660254037844385,-0.5000000000000004,0,0.14513788098693758,5
33.74.06,Gayamsari,2024-09-01,DBD,2,68900,79.3,28.5,66.3,14.0,28.4,61.9,36.5,28.0,64.9,69.8,28.4,71.5,50.5,0.0,1.0,3.0,1.3333333333333333,-1.0,1757.9599999999998,866.6,9,-1.0,-1.8369701987210297e-16,0,0.0,5
33.74.06,Gayamsari,2024-10-01,DBD,0,68900,59.0,29.3,65.5,79.3,28.5,66.3,14.0,28.4,61.9,36.5,28.0,64.9,93.3,2.0,0.0,1.0,1.0,2.0,1889.55,5257.589999999999,10,-0.8660254037844386,0.5000000000000001,1,0.29027576197387517,5
33.74.06,Gayamsari,2024-11-01,DBD,0,68900,287.1,27.6,81.4,59.0,29.3,65.5,79.3,28.5,66.3,14.0,28.4,61.9,138.3,0.0,2.0,0.0,0.6666666666666666,-2.0,1919.15,3864.5,11,-0.5000000000000004,0.8660254037844384,1,0.0,5
33.74.06,Gayamsari,2024-12-01,DBD,1,68900,302.6,26.8,86.6,287.1,27.6,81.4,59.0,29.3,65.5,79.3,28.5,66.3,346.1,0.0,0.0,2.0,0.6666666666666666,0.0,2246.6400000000003,23369.940000000002,12,-2.4492935982947064e-16,1.0,0,0.0,5
33.74.06,Gayamsari,2025-01-01,DBD,4,68900,287.0,26.2,86.4,302.6,26.8,86.6,287.1,27.6,81.4,59.0,29.3,65.5,589.7,1.0,0.0,0.0,0.3333333333333333,1.0,2320.88,26205.16,1,0.49999999999999994,0.8660254037844387,0,0.14513788098693758,5
33.74.06,Gayamsari,2025-02-01,DBD,4,68900,153.7,26.4,83.9,287.0,26.2,86.4,302.6,26.8,86.6,287.1,27.6,81.4,589.6,4.0,1.0,0.0,1.6666666666666667,3.0,2263.6800000000003,24796.800000000003,2,0.8660254037844386,0.5000000000000001,0,0.5805515239477503,5
33.74.06,Gayamsari,2025-03-01,DBD,2,68900,154.7,27.1,82.8,153.7,26.4,83.9,287.0,26.2,86.4,302.6,26.8,86.6,440.7,4.0,4.0,1.0,3.0,0.0,2214.96,12895.43,3,1.0,6.123233995736766e-17,1,0.5805515239477503,5
33.74.06,Gayamsari,2025-04-01,DBD,2,68900,134.2,27.5,79.4,154.7,27.1,82.8,153.7,26.4,83.9,287.0,26.2,86.4,308.4,2.0,4.0,4.0,3.3333333333333335,-2.0,2243.88,12809.159999999998,4,0.8660254037844387,-0.4999999999999998,1,0.29027576197387517,5
33.74.06,Gayamsari,2025-05-01,DBD,1,68900,243.0,27.3,82.1,134.2,27.5,79.4,154.7,27.1,82.8,153.7,26.4,83.9,288.9,2.0,2.0,4.0,2.6666666666666665,0.0,2183.5,10655.48,5,0.49999999999999994,-0.8660254037844387,0,0.29027576197387517,5
33.74.06,Gayamsari,2025-06-01,DBD,1,68900,89.7,27.8,73.1,243.0,27.3,82.1,134.2,27.5,79.4,154.7,27.1,82.8,377.2,1.0,2.0,2.0,1.6666666666666667,-1.0,2241.33,19950.3,6,1.2246467991473532e-16,-1.0,0,0.14513788098693758,5
33.74.06,Gayamsari,2025-07-01,DBD,0,68900,35.8,28.2,65.1,89.7,27.8,73.1,243.0,27.3,82.1,134.2,27.5,79.4,332.7,1.0,1.0,2.0,1.3333333333333333,0.0,2032.1799999999998,6557.07,7,-0.4999999999999997,-0.8660254037844388,0,0.14513788098693758,5
33.74.06,Gayamsari,2025-08-01,DBD,0,68900,141.2,27.8,70.4,35.8,28.2,65.1,89.7,27.8,73.1,243.0,27.3,82.1,125.5,0.0,1.0,1.0,0.6666666666666666,-1.0,1835.8199999999997,2330.5799999999995,8,-0.8660254037844385,-0.5000000000000004,0,0.0,5
33.74.06,Gayamsari,2025-09-01,DBD,1,68900,112.9,28.4,68.7,141.2,27.8,70.4,35.8,28.2,65.1,89.7,27.8,73.1,177.0,0.0,0.0,1.0,0.3333333333333333,0.0,1957.1200000000001,9940.48,9,-1.0,-1.8369701987210297e-16,0,0.0,5
33.74.06,Gayamsari,2025-10-01,DBD,0,68900,263.5,28.2,74.2,112.9,28.4,68.7,141.2,27.8,70.4,35.8,28.2,65.1,254.1,1.0,0.0,0.0,0.3333333333333333,1.0,1951.08,7756.2300000000005,10,-0.8660254037844386,0.5000000000000001,1,0.14513788098693758,5
33.74.06,Gayamsari,2025-11-01,DBD,0,68900,173.1,27.3,80.1,263.5,28.2,74.2,112.9,28.4,68.7,141.2,27.8,70.4,376.4,0.0,1.0,0.0,0.3333333333333333,-1.0,2092.44,19551.7,11,-0.5000000000000004,0.8660254037844384,1,0.0,5
33.74.06,Gayamsari,2025-12-01,DBD,0,68900,176.6,27.0,82.8,173.1,27.3,80.1,263.5,28.2,74.2,112.9,28.4,68.7,436.6,0.0,0.0,1.0,0.3333333333333333,0.0,2186.73,13865.309999999998,12,-2.4492935982947064e-16,1.0,0,0.0,5
33.74.07,Candisari,2021-04-01,DBD,2,78420,84.2,26.9,81.2,157.0,26.3,86.2,364.0,25.6,87.4,292.4,25.7,87.8,521.0,0.0,1.0,0.0,0.3333333333333333,-1.0,2267.06,13533.4,4,0.8660254037844387,-0.4999999999999998,1,0.0,6
33.74.07,Candisari,2021-05-01,DBD,0,78420,153.2,27.8,76.7,84.2,26.9,81.2,157.0,26.3,86.2,364.0,25.6,87.4,241.2,2.0,0.0,1.0,1.0,2.0,2184.2799999999997,6837.040000000001,5,0.49999999999999994,-0.8660254037844387,0,0.2550369803621525,6
33.74.07,Candisari,2021-06-01,DBD,0,78420,111.9,27.0,80.2,153.2,27.8,76.7,84.2,26.9,81.2,157.0,26.3,86.2,237.39999999999998,0.0,2.0,0.0,0.6666666666666666,-2.0,2132.26,11750.439999999999,6,1.2246467991473532e-16,-1.0,0,0.0,6
33.74.07,Candisari,2021-07-01,DBD,1,78420,9.9,28.2,62.9,111.9,27.0,80.2,153.2,27.8,76.7,84.2,26.9,81.2,265.1,0.0,0.0,2.0,0.6666666666666666,0.0,2165.4,8974.380000000001,7,-0.4999999999999997,-0.8660254037844388,0,0.0,6
33.74.07,Candisari,2021-08-01,DBD,0,78420,64.2,28.5,64.4,9.9,28.2,62.9,111.9,27.0,80.2,153.2,27.8,76.7,121.80000000000001,1.0,0.0,0.0,0.3333333333333333,1.0,1773.78,622.71,8,-0.8660254037844385,-0.5000000000000004,0,0.12751849018107625,6
33.74.07,Candisari,2021-09-01,DBD,0,78420,59.2,28.4,67.2,64.2,28.5,64.4,9.9,28.2,62.9,111.9,27.0,80.2,74.10000000000001,0.0,1.0,0.0,0.3333333333333333,-1.0,1835.4,4134.4800000000005,9,-1.0,-1.8369701987210297e-16,0,0.0,6
33.74.07,Candisari,2021-10-01,DBD,0,78420,121.2,28.2,71.6,59.2,28.4,67.2,64.2,28.5,64.4,9.9,28.2,62.9,123.4,0.0,0.0,1.0,0.3333333333333333,0.0,1908.48,3978.2400000000002,10,-0.8660254037844386,0.5000000000000001,1,0.0,6
33.74.07,Candisari,2021-11-01,DBD,2,78420,246.4,26.4,85.5,121.2,28.2,71.6,59.2,28.4,67.2,64.2,28.5,64.4,180.4,0.0,0.0,0.0,0.0,0.0,2019.12,8677.92,11,-0.5000000000000004,0.8660254037844384,1,0.0,6
33.74.07,Candisari,2021-12-01,DBD,4,78420,302.2,26.3,86.6,246.4,26.4,85.5,121.2,28.2,71.6,59.2,28.4,67.2,367.6,2.0,0.0,0.0,0.6666666666666666,2.0,2257.2,21067.2,12,-2.4492935982947064e-16,1.0,0,0.2550369803621525,6
33.74.07,Candisari,2022-01-01,DBD,8,78420,241.8,26.0,84.8,302.2,26.3,86.6,246.4,26.4,85.5,121.2,28.2,71.6,548.6,4.0,2.0,0.0,2.0,2.0,2277.58,26170.519999999997,1,0.49999999999999994,0.8660254037844387,0,0.510073960724305,6
33.74.07,Candisari,2022-02-01,DBD,7,78420,236.4,26.1,84.4,241.8,26.0,84.8,302.2,26.3,86.6,246.4,26.4,85.5,544.0,8.0,4.0,2.0,4.666666666666667,4.0,2204.7999999999997,20504.64,2,0.8660254037844386,0.5000000000000001,0,1.02014792144861,6
33.74.07,Candisari,2022-03-01,DBD,0,78420,248.5,26.4,86.0,236.4,26.1,84.4,241.8,26.0,84.8,302.2,26.3,86.6,478.20000000000005,7.0,8.0,4.0,6.333333333333333,-1.0,2202.84,19952.160000000003,3,1.0,6.123233995736766e-17,1,0.8926294312675338,6
33.74.07,Candisari,2022-04-01,DBD,7,78420,118.1,26.8,81.9,248.5,26.4,86.0,236.4,26.1,84.4,241.8,26.0,84.8,484.9,0.0,7.0,8.0,5.0,-7.0,2270.4,21371.0,4,0.8660254037844387,-0.4999999999999998,1,0.0,6
33.74.07,Candisari,2022-05-01,DBD,9,78420,173.1,27.0,82.4,118.1,26.8,81.9,248.5,26.4,86.0,236.4,26.1,84.4,366.6,7.0,0.0,7.0,4.666666666666667,7.0,2194.92,9672.39,5,0.49999999999999994,-0.8660254037844387,0,0.8926294312675338,6
33.74.07,Candisari,2022-06-01,DBD,3,78420,182.7,26.4,80.6,173.1,27.0,82.4,118.1,26.8,81.9,248.5,26.4,86.0,291.2,9.0,7.0,0.0,5.333333333333333,2.0,2224.8,14263.44,6,1.2246467991473532e-16,-1.0,0,1.1476664116296862,6
33.74.07,Candisari,2022-07-01,DBD,2,78420,74.2,27.3,71.4,182.7,26.4,80.6,173.1,27.0,82.4,118.1,26.8,81.9,355.79999999999995,3.0,9.0,7.0,6.333333333333333,-6.0,2127.8399999999997,14725.619999999997,7,-0.4999999999999997,-0.8660254037844388,0,0.38255547054322875,6
33.74.07,Candisari,2022-08-01,DBD,2,78420,45.7,27.9,67.6,74.2,27.3,71.4,182.7,26.4,80.6,173.1,27.0,82.4,256.9,2.0,3.0,9.0,4.666666666666667,-1.0,1949.2200000000003,5297.880000000001,8,-0.8660254037844385,-0.5000000000000004,0,0.2550369803621525,6
33.74.07,Candisari,2022-09-01,DBD,5,78420,76.1,28.1,69.2,45.7,27.9,67.6,74.2,27.3,71.4,182.7,26.4,80.6,119.9,2.0,2.0,3.0,2.3333333333333335,0.0,1886.0399999999997,3089.3199999999997,9,-1.0,-1.8369701987210297e-16,0,0.2550369803621525,6
33.74.07,Candisari,2022-10-01,DBD,1,78420,202.5,26.4,83.2,76.1,28.1,69.2,45.7,27.9,67.6,74.2,27.3,71.4,121.8,5.0,2.0,2.0,3.0,3.0,1944.5200000000002,5266.12,10,-0.8660254037844386,0.5000000000000001,1,0.6375924509053813,6
33.74.07,Candisari,2022-11-01,DBD,1,78420,353.6,26.3,85.1,202.5,26.4,83.2,76.1,28.1,69.2,45.7,27.9,67.6,278.6,1.0,5.0,2.0,2.6666666666666665,-4.0,2196.48,16848.0,11,-0.5000000000000004,0.8660254037844384,1,0.12751849018107625,6
33.74.07,Candisari,2022-12-01,DBD,4,78420,215.8,26.2,83.9,353.6,26.3,85.1,202.5,26.4,83.2,76.1,28.1,69.2,556.1,1.0,1.0,5.0,2.3333333333333335,0.0,2238.13,30091.36,12,-2.4492935982947064e-16,1.0,0,0.12751849018107625,6
33.74.07,Candisari,2023-01-01,DBD,2,78420,214.0,25.9,85.7,215.8,26.2,83.9,353.6,26.3,85.1,202.5,26.4,83.2,569.4000000000001,4.0,1.0,1.0,2.0,3.0,2198.1800000000003,18105.620000000003,1,0.49999999999999994,0.8660254037844387,0,0.510073960724305,6
33.74.07,Candisari,2023-02-01,DBD,1,78420,302.2,25.8,85.8,214.0,25.9,85.7,215.8,26.2,83.9,353.6,26.3,85.1,429.8,2.0,4.0,1.0,2.3333333333333335,-2.0,2219.63,18339.8,2,0.8660254037844386,0.5000000000000001,0,0.2550369803621525,6
33.74.07,Candisari,2023-03-01,DBD,3,78420,295.7,26.2,85.0,302.2,25.8,85.8,214.0,25.9,85.7,215.8,26.2,83.9,516.2,1.0,2.0,4.0,2.3333333333333335,-1.0,2213.64,25928.76,3,1.0,6.123233995736766e-17,1,0.12751849018107625,6
33.74.07,Candisari,2023-04-01,DBD,3,78420,178.0,26.7,83.3,295.7,26.2,85.0,302.2,25.8,85.8,214.0,25.9,85.7,597.9,3.0,1.0,2.0,2.0,2.0,2227.0,25134.5,4,0.8660254037844387,-0.4999999999999998,1,0.38255547054322875,6
33.74.07,Candisari,2023-05-01,DBD,2,78420,66.1,27.6,74.2,178.0,26.7,83.3,295.7,26.2,85.0,302.2,25.8,85.8,473.7,3.0,3.0,1.0,2.3333333333333335,0.0,2224.1099999999997,14827.4,5,0.49999999999999994,-0.8660254037844387,0,0.38255547054322875,6
33.74.07,Candisari,2023-06-01,DBD,1,78420,47.5,28.2,70.3,66.1,27.6,74.2,178.0,26.7,83.3,295.7,26.2,85.0,244.1,2.0,3.0,3.0,2.6666666666666665,-1.0,2047.92,4904.62,6,1.2246467991473532e-16,-1.0,0,0.2550369803621525,6
33.74.07,Candisari,2023-07-01,DBD,0,78420,18.5,28.1,63.4,47.5,28.2,70.3,66.1,27.6,74.2,178.0,26.7,83.3,113.6,1.0,2.0,3.0,2.0,-1.0,1982.4599999999998,3339.25,7,-0.4999999999999997,-0.8660254037844388,0,0.12751849018107625,6
33.74.07,Candisari,2023-08-01,DBD,0,78420,1.8,28.3,60.9,18.5,28.1,63.4,47.5,28.2,70.3,66.1,27.6,74.2,66.0,0.0,1.0,2.0,1.0,-1.0,1781.54,1172.8999999999999,8,-0.8660254037844385,-0.5000000000000004,0,0.0,6
33.74.07,Candisari,2023-09-01,DBD,0,78420,14.0,28.8,56.9,1.8,28.3,60.9,18.5,28.1,63.4,47.5,28.2,70.3,20.3,0.0,0.0,1.0,0.3333333333333333,0.0,1723.47,109.62,9,-1.0,-1.8369701987210297e-16,0,0.0,6
33.74.07,Candisari,2023-10-01,DBD,0,78420,25.3,29.6,62.8,14.0,28.8,56.9,1.8,28.3,60.9,18.5,28.1,63.4,15.8,0.0,0.0,0.0,0.0,0.0,1638.72,796.6,10,-0.8660254037844386,0.5000000000000001,1,0.0,6
33.74.07,Candisari,2023-11-01,DBD,1,78420,110.9,28.3,77.4,25.3,29.6,62.8,14.0,28.8,56.9,1.8,28.3,60.9,39.3,0.0,0.0,0.0,0.0,0.0,1858.88,1588.84,11,-0.5000000000000004,0.8660254037844384,1,0.0,6
33.74.07,Candisari,2023-12-01,DBD,0,78420,111.1,27.9,77.6,110.9,28.3,77.4,25.3,29.6,62.8,14.0,28.8,56.9,136.20000000000002,1.0,0.0,0.0,0.3333333333333333,1.0,2190.42,8583.660000000002,12,-2.4492935982947064e-16,1.0,0,0.12751849018107625,6
33.74.07,Candisari,2024-01-01,DBD,3,78420,274.1,26.8,86.0,111.1,27.9,77.6,110.9,28.3,77.4,25.3,29.6,62.8,222.0,0.0,1.0,0.0,0.3333333333333333,-1.0,2165.0399999999995,8621.359999999999,1,0.49999999999999994,0.8660254037844387,0,0.0,6
33.74.07,Candisari,2024-02-01,DBD,3,78420,247.6,27.0,85.4,274.1,26.8,86.0,111.1,27.9,77.6,110.9,28.3,77.4,385.20000000000005,3.0,0.0,1.0,1.3333333333333333,3.0,2304.8,23572.600000000002,2,0.8660254037844386,0.5000000000000001,0,0.38255547054322875,6
33.74.07,Candisari,2024-03-01,DBD,2,78420,217.4,27.2,83.7,247.6,27.0,85.4,274.1,26.8,86.0,111.1,27.9,77.6,521.7,3.0,3.0,0.0,2.0,0.0,2305.8,21145.04,3,1.0,6.123233995736766e-17,1,0.38255547054322875,6
33.74.07,Candisari,2024-04-01,DBD,3,78420,194.5,27.8,82.9,217.4,27.2,83.7,247.6,27.0,85.4,274.1,26.8,86.0,465.0,2.0,3.0,3.0,2.6666666666666665,-1.0,2276.64,18196.38,4,0.8660254037844387,-0.4999999999999998,1,0.2550369803621525,6
33.74.07,Candisari,2024-05-01,DBD,2,78420,29.3,29.7,66.4,194.5,27.8,82.9,217.4,27.2,83.7,247.6,27.0,85.4,411.9,3.0,2.0,3.0,2.6666666666666665,1.0,2304.6200000000003,16124.050000000001,5,0.49999999999999994,-0.8660254037844387,0,0.38255547054322875,6
33.74.07,Candisari,2024-06-01,DBD,0,78420,69.8,28.4,71.5,29.3,29.7,66.4,194.5,27.8,82.9,217.4,27.2,83.7,223.8,2.0,3.0,2.0,2.3333333333333335,-1.0,1972.0800000000002,1945.5200000000002,6,1.2246467991473532e-16,-1.0,0,0.2550369803621525,6
33.74.07,Candisari,2024-07-01,DBD,1,78420,36.5,28.0,64.9,69.8,28.4,71.5,29.3,29.7,66.4,194.5,27.8,82.9,99.1,0.0,2.0,3.0,1.6666666666666667,-2.0,2030.6,4990.7,7,-0.4999999999999997,-0.8660254037844388,0,0.0,6
33.74.07,Candisari,2024-08-01,DBD,1,78420,14.0,28.4,61.9,36.5,28.0,64.9,69.8,28.4,71.5,29.3,29.7,66.4,106.3,1.0,0.0,2.0,1.0,1.0,1817.2000000000003,2368.8500000000004,8,-0.8660254037844385,-0.5000000000000004,0,0.12751849018107625,6
33.74.07,Candisari,2024-09-01,DBD,0,78420,79.3,28.5,66.3,14.0,28.4,61.9,36.5,28.0,64.9,69.8,28.4,71.5,50.5,1.0,1.0,0.0,0.6666666666666666,0.0,1757.9599999999998,866.6,9,-1.0,-1.8369701987210297e-16,0,0.12751849018107625,6
33.74.07,Candisari,2024-10-01,DBD,0,78420,59.0,29.3,65.5,79.3,28.5,66.3,14.0,28.4,61.9,36.5,28.0,64.9,93.3,0.0,1.0,1.0,0.6666666666666666,-1.0,1889.55,5257.589999999999,10,-0.8660254037844386,0.5000000000000001,1,0.0,6
33.74.07,Candisari,2024-11-01,DBD,0,78420,287.1,27.6,81.4,59.0,29.3,65.5,79.3,28.5,66.3,14.0,28.4,61.9,138.3,0.0,0.0,1.0,0.3333333333333333,0.0,1919.15,3864.5,11,-0.5000000000000004,0.8660254037844384,1,0.0,6
33.74.07,Candisari,2024-12-01,DBD,1,78420,302.6,26.8,86.6,287.1,27.6,81.4,59.0,29.3,65.5,79.3,28.5,66.3,346.1,0.0,0.0,0.0,0.0,0.0,2246.6400000000003,23369.940000000002,12,-2.4492935982947064e-16,1.0,0,0.0,6
33.74.07,Candisari,2025-01-01,DBD,1,78420,287.0,26.2,86.4,302.6,26.8,86.6,287.1,27.6,81.4,59.0,29.3,65.5,589.7,1.0,0.0,0.0,0.3333333333333333,1.0,2320.88,26205.16,1,0.49999999999999994,0.8660254037844387,0,0.12751849018107625,6
33.74.07,Candisari,2025-02-01,DBD,1,78420,153.7,26.4,83.9,287.0,26.2,86.4,302.6,26.8,86.6,287.1,27.6,81.4,589.6,1.0,1.0,0.0,0.6666666666666666,0.0,2263.6800000000003,24796.800000000003,2,0.8660254037844386,0.5000000000000001,0,0.12751849018107625,6
33.74.07,Candisari,2025-03-01,DBD,5,78420,154.7,27.1,82.8,153.7,26.4,83.9,287.0,26.2,86.4,302.6,26.8,86.6,440.7,1.0,1.0,1.0,1.0,0.0,2214.96,12895.43,3,1.0,6.123233995736766e-17,1,0.12751849018107625,6
33.74.07,Candisari,2025-04-01,DBD,1,78420,134.2,27.5,79.4,154.7,27.1,82.8,153.7,26.4,83.9,287.0,26.2,86.4,308.4,5.0,1.0,1.0,2.3333333333333335,4.0,2243.88,12809.159999999998,4,0.8660254037844387,-0.4999999999999998,1,0.6375924509053813,6
33.74.07,Candisari,2025-05-01,DBD,3,78420,243.0,27.3,82.1,134.2,27.5,79.4,154.7,27.1,82.8,153.7,26.4,83.9,288.9,1.0,5.0,1.0,2.3333333333333335,-4.0,2183.5,10655.48,5,0.49999999999999994,-0.8660254037844387,0,0.12751849018107625,6
33.74.07,Candisari,2025-06-01,DBD,2,78420,89.7,27.8,73.1,243.0,27.3,82.1,134.2,27.5,79.4,154.7,27.1,82.8,377.2,3.0,1.0,5.0,3.0,2.0,2241.33,19950.3,6,1.2246467991473532e-16,-1.0,0,0.38255547054322875,6
33.74.07,Candisari,2025-07-01,DBD,0,78420,35.8,28.2,65.1,89.7,27.8,73.1,243.0,27.3,82.1,134.2,27.5,79.4,332.7,2.0,3.0,1.0,2.0,-1.0,2032.1799999999998,6557.07,7,-0.4999999999999997,-0.8660254037844388,0,0.2550369803621525,6
33.74.07,Candisari,2025-08-01,DBD,1,78420,141.2,27.8,70.4,35.8,28.2,65.1,89.7,27.8,73.1,243.0,27.3,82.1,125.5,0.0,2.0,3.0,1.6666666666666667,-2.0,1835.8199999999997,2330.5799999999995,8,-0.8660254037844385,-0.5000000000000004,0,0.0,6
33.74.07,Candisari,2025-09-01,DBD,2,78420,112.9,28.4,68.7,141.2,27.8,70.4,35.8,28.2,65.1,89.7,27.8,73.1,177.0,1.0,0.0,2.0,1.0,1.0,1957.1200000000001,9940.48,9,-1.0,-1.8369701987210297e-16,0,0.12751849018107625,6
33.74.07,Candisari,2025-10-01,DBD,0,78420,263.5,28.2,74.2,112.9,28.4,68.7,141.2,27.8,70.4,35.8,28.2,65.1,254.1,2.0,1.0,0.0,1.0,1.0,1951.08,7756.2300000000005,10,-0.8660254037844386,0.5000000000000001,1,0.2550369803621525,6
33.74.07,Candisari,2025-11-01,DBD,0,78420,173.1,27.3,80.1,263.5,28.2,74.2,112.9,28.4,68.7,141.2,27.8,70.4,376.4,0.0,2.0,1.0,1.0,-2.0,2092.44,19551.7,11,-0.5000000000000004,0.8660254037844384,1,0.0,6
33.74.07,Candisari,2025-12-01,DBD,0,78420,176.6,27.0,82.8,173.1,27.3,80.1,263.5,28.2,74.2,112.9,28.4,68.7,436.6,0.0,0.0,2.0,0.6666666666666666,0.0,2186.73,13865.309999999998,12,-2.4492935982947064e-16,1.0,0,0.0,6
33.74.08,Gajahmungkur,2021-04-01,DBD,1,58310,84.2,26.9,81.2,157.0,26.3,86.2,364.0,25.6,87.4,292.4,25.7,87.8,521.0,1.0,0.0,0.0,0.3333333333333333,1.0,2267.06,13533.4,4,0.8660254037844387,-0.4999999999999998,1,0.1714971702966901,7
33.74.08,Gajahmungkur,2021-05-01,DBD,2,58310,153.2,27.8,76.7,84.2,26.9,81.2,157.0,26.3,86.2,364.0,25.6,87.4,241.2,1.0,1.0,0.0,0.6666666666666666,0.0,2184.2799999999997,6837.040000000001,5,0.49999999999999994,-0.8660254037844387,0,0.1714971702966901,7
33.74.08,Gajahmungkur,2021-06-01,DBD,0,58310,111.9,27.0,80.2,153.2,27.8,76.7,84.2,26.9,81.2,157.0,26.3,86.2,237.39999999999998,2.0,1.0,1.0,1.3333333333333333,1.0,2132.26,11750.439999999999,6,1.2246467991473532e-16,-1.0,0,0.3429943405933802,7
33.74.08,Gajahmungkur,2021-07-01,DBD,0,58310,9.9,28.2,62.9,111.9,27.0,80.2,153.2,27.8,76.7,84.2,26.9,81.2,265.1,0.0,2.0,1.0,1.0,-2.0,2165.4,8974.380000000001,7,-0.4999999999999997,-0.8660254037844388,0,0.0,7
33.74.08,Gajahmungkur,2021-08-01,DBD,0,58310,64.2,28.5,64.4,9.9,28.2,62.9,111.9,27.0,80.2,153.2,27.8,76.7,121.80000000000001,0.0,0.0,2.0,0.6666666666666666,0.0,1773.78,622.71,8,-0.8660254037844385,-0.5000000000000004,0,0.0,7
33.74.08,Gajahmungkur,2021-09-01,DBD,2,58310,59.2,28.4,67.2,64.2,28.5,64.4,9.9,28.2,62.9,111.9,27.0,80.2,74.10000000000001,0.0,0.0,0.0,0.0,0.0,1835.4,4134.4800000000005,9,-1.0,-1.8369701987210297e-16,0,0.0,7
33.74.08,Gajahmungkur,2021-10-01,DBD,0,58310,121.2,28.2,71.6,59.2,28.4,67.2,64.2,28.5,64.4,9.9,28.2,62.9,123.4,2.0,0.0,0.0,0.6666666666666666,2.0,1908.48,3978.2400000000002,10,-0.8660254037844386,0.5000000000000001,1,0.3429943405933802,7
33.74.08,Gajahmungkur,2021-11-01,DBD,3,58310,246.4,26.4,85.5,121.2,28.2,71.6,59.2,28.4,67.2,64.2,28.5,64.4,180.4,0.0,2.0,0.0,0.6666666666666666,-2.0,2019.12,8677.92,11,-0.5000000000000004,0.8660254037844384,1,0.0,7
33.74.08,Gajahmungkur,2021-12-01,DBD,1,58310,302.2,26.3,86.6,246.4,26.4,85.5,121.2,28.2,71.6,59.2,28.4,67.2,367.6,3.0,0.0,2.0,1.6666666666666667,3.0,2257.2,21067.2,12,-2.4492935982947064e-16,1.0,0,0.5144915108900703,7
33.74.08,Gajahmungkur,2022-01-01,DBD,4,58310,241.8,26.0,84.8,302.2,26.3,86.6,246.4,26.4,85.5,121.2,28.2,71.6,548.6,1.0,3.0,0.0,1.3333333333333333,-2.0,2277.58,26170.519999999997,1,0.49999999999999994,0.8660254037844387,0,0.1714971702966901,7
33.74.08,Gajahmungkur,2022-02-01,DBD,1,58310,236.4,26.1,84.4,241.8,26.0,84.8,302.2,26.3,86.6,246.4,26.4,85.5,544.0,4.0,1.0,3.0,2.6666666666666665,3.0,2204.7999999999997,20504.64,2,0.8660254037844386,0.5000000000000001,0,0.6859886811867604,7
33.74.08,Gajahmungkur,2022-03-01,DBD,3,58310,248.5,26.4,86.0,236.4,26.1,84.4,241.8,26.0,84.8,302.2,26.3,86.6,478.20000000000005,1.0,4.0,1.0,2.0,-3.0,2202.84,19952.160000000003,3,1.0,6.123233995736766e-17,1,0.1714971702966901,7
33.74.08,Gajahmungkur,2022-04-01,DBD,5,58310,118.1,26.8,81.9,248.5,26.4,86.0,236.4,26.1,84.4,241.8,26.0,84.8,484.9,3.0,1.0,4.0,2.6666666666666665,2.0,2270.4,21371.0,4,0.8660254037844387,-0.4999999999999998,1,0.5144915108900703,7
33.74.08,Gajahmungkur,2022-05-01,DBD,3,58310,173.1,27.0,82.4,118.1,26.8,81.9,248.5,26.4,86.0,236.4,26.1,84.4,366.6,5.0,3.0,1.0,3.0,2.0,2194.92,9672.39,5,0.49999999999999994,-0.8660254037844387,0,0.8574858514834506,7
33.74.08,Gajahmungkur,2022-06-01,DBD,2,58310,182.7,26.4,80.6,173.1,27.0,82.4,118.1,26.8,81.9,248.5,26.4,86.0,291.2,3.0,5.0,3.0,3.6666666666666665,-2.0,2224.8,14263.44,6,1.2246467991473532e-16,-1.0,0,0.5144915108900703,7
33.74.08,Gajahmungkur,2022-07-01,DBD,1,58310,74.2,27.3,71.4,182.7,26.4,80.6,173.1,27.0,82.4,118.1,26.8,81.9,355.79999999999995,2.0,3.0,5.0,3.3333333333333335,-1.0,2127.8399999999997,14725.619999999997,7,-0.4999999999999997,-0.8660254037844388,0,0.3429943405933802,7
33.74.08,Gajahmungkur,2022-08-01,DBD,1,58310,45.7,27.9,67.6,74.2,27.3,71.4,182.7,26.4,80.6,173.1,27.0,82.4,256.9,1.0,2.0,3.0,2.0,-1.0,1949.2200000000003,5297.880000000001,8,-0.8660254037844385,-0.5000000000000004,0,0.1714971702966901,7
33.74.08,Gajahmungkur,2022-09-01,DBD,1,58310,76.1,28.1,69.2,45.7,27.9,67.6,74.2,27.3,71.4,182.7,26.4,80.6,119.9,1.0,1.0,2.0,1.3333333333333333,0.0,1886.0399999999997,3089.3199999999997,9,-1.0,-1.8369701987210297e-16,0,0.1714971702966901,7
33.74.08,Gajahmungkur,2022-10-01,DBD,0,58310,202.5,26.4,83.2,76.1,28.1,69.2,45.7,27.9,67.6,74.2,27.3,71.4,121.8,1.0,1.0,1.0,1.0,0.0,1944.5200000000002,5266.12,10,-0.8660254037844386,0.5000000000000001,1,0.1714971702966901,7
33.74.08,Gajahmungkur,2022-11-01,DBD,2,58310,353.6,26.3,85.1,202.5,26.4,83.2,76.1,28.1,69.2,45.7,27.9,67.6,278.6,0.0,1.0,1.0,0.6666666666666666,-1.0,2196.48,16848.0,11,-0.5000000000000004,0.8660254037844384,1,0.0,7
33.74.08,Gajahmungkur,2022-12-01,DBD,0,58310,215.8,26.2,83.9,353.6,26.3,85.1,202.5,26.4,83.2,76.1,28.1,69.2,556.1,2.0,0.0,1.0,1.0,2.0,2238.13,30091.36,12,-2.4492935982947064e-16,1.0,0,0.3429943405933802,7
33.74.08,Gajahmungkur,2023-01-01,DBD,0,58310,214.0,25.9,85.7,215.8,26.2,83.9,353.6,26.3,85.1,202.5,26.4,83.2,569.4000000000001,0.0,2.0,0.0,0.6666666666666666,-2.0,2198.1800000000003,18105.620000000003,1,0.49999999999999994,0.8660254037844387,0,0.0,7
33.74.08,Gajahmungkur,2023-02-01,DBD,3,58310,302.2,25.8,85.8,214.0,25.9,85.7,215.8,26.2,83.9,353.6,26.3,85.1,429.8,0.0,0.0,2.0,0.6666666666666666,0.0,2219.63,18339.8,2,0.8660254037844386,0.5000000000000001,0,0.0,7
33.74.08,Gajahmungkur,2023-03-01,DBD,0,58310,295.7,26.2,85.0,302.2,25.8,85.8,214.0,25.9,85.7,215.8,26.2,83.9,516.2,3.0,0.0,0.0,1.0,3.0,2213.64,25928.76,3,1.0,6.123233995736766e-17,1,0.5144915108900703,7
33.74.08,Gajahmungkur,2023-04-01,DBD,0,58310,178.0,26.7,83.3,295.7,26.2,85.0,302.2,25.8,85.8,214.0,25.9,85.7,597.9,0.0,3.0,0.0,1.0,-3.0,2227.0,25134.5,4,0.8660254037844387,-0.4999999999999998,1,0.0,7
33.74.08,Gajahmungkur,2023-05-01,DBD,0,58310,66.1,27.6,74.2,178.0,26.7,83.3,295.7,26.2,85.0,302.2,25.8,85.8,473.7,0.0,0.0,3.0,1.0,0.0,2224.1099999999997,14827.4,5,0.49999999999999994,-0.8660254037844387,0,0.0,7
33.74.08,Gajahmungkur,2023-06-01,DBD,1,58310,47.5,28.2,70.3,66.1,27.6,74.2,178.0,26.7,83.3,295.7,26.2,85.0,244.1,0.0,0.0,0.0,0.0,0.0,2047.92,4904.62,6,1.2246467991473532e-16,-1.0,0,0.0,7
33.74.08,Gajahmungkur,2023-07-01,DBD,0,58310,18.5,28.1,63.4,47.5,28.2,70.3,66.1,27.6,74.2,178.0,26.7,83.3,113.6,1.0,0.0,0.0,0.3333333333333333,1.0,1982.4599999999998,3339.25,7,-0.4999999999999997,-0.8660254037844388,0,0.1714971702966901,7
33.74.08,Gajahmungkur,2023-08-01,DBD,0,58310,1.8,28.3,60.9,18.5,28.1,63.4,47.5,28.2,70.3,66.1,27.6,74.2,66.0,0.0,1.0,0.0,0.3333333333333333,-1.0,1781.54,1172.8999999999999,8,-0.8660254037844385,-0.5000000000000004,0,0.0,7
33.74.08,Gajahmungkur,2023-09-01,DBD,0,58310,14.0,28.8,56.9,1.8,28.3,60.9,18.5,28.1,63.4,47.5,28.2,70.3,20.3,0.0,0.0,1.0,0.3333333333333333,0.0,1723.47,109.62,9,-1.0,-1.8369701987210297e-16,0,0.0,7
33.74.08,Gajahmungkur,2023-10-01,DBD,0,58310,25.3,29.6,62.8,14.0,28.8,56.9,1.8,28.3,60.9,18.5,28.1,63.4,15.8,0.0,0.0,0.0,0.0,0.0,1638.72,796.6,10,-0.8660254037844386,0.5000000000000001,1,0.0,7
33.74.08,Gajahmungkur,2023-11-01,DBD,0,58310,110.9,28.3,77.4,25.3,29.6,62.8,14.0,28.8,56.9,1.8,28.3,60.9,39.3,0.0,0.0,0.0,0.0,0.0,1858.88,1588.84,11,-0.5000000000000004,0.8660254037844384,1,0.0,7
33.74.08,Gajahmungkur,2023-12-01,DBD,0,58310,111.1,27.9,77.6,110.9,28.3,77.4,25.3,29.6,62.8,14.0,28.8,56.9,136.20000000000002,0.0,0.0,0.0,0.0,0.0,2190.42,8583.660000000002,12,-2.4492935982947064e-16,1.0,0,0.0,7
33.74.08,Gajahmungkur,2024-01-01,DBD,2,58310,274.1,26.8,86.0,111.1,27.9,77.6,110.9,28.3,77.4,25.3,29.6,62.8,222.0,0.0,0.0,0.0,0.0,0.0,2165.0399999999995,8621.359999999999,1,0.49999999999999994,0.8660254037844387,0,0.0,7
33.74.08,Gajahmungkur,2024-02-01,DBD,2,58310,247.6,27.0,85.4,274.1,26.8,86.0,111.1,27.9,77.6,110.9,28.3,77.4,385.20000000000005,2.0,0.0,0.0,0.6666666666666666,2.0,2304.8,23572.600000000002,2,0.8660254037844386,0.5000000000000001,0,0.3429943405933802,7
33.74.08,Gajahmungkur,2024-03-01,DBD,1,58310,217.4,27.2,83.7,247.6,27.0,85.4,274.1,26.8,86.0,111.1,27.9,77.6,521.7,2.0,2.0,0.0,1.3333333333333333,0.0,2305.8,21145.04,3,1.0,6.123233995736766e-17,1,0.3429943405933802,7
33.74.08,Gajahmungkur,2024-04-01,DBD,0,58310,194.5,27.8,82.9,217.4,27.2,83.7,247.6,27.0,85.4,274.1,26.8,86.0,465.0,1.0,2.0,2.0,1.6666666666666667,-1.0,2276.64,18196.38,4,0.8660254037844387,-0.4999999999999998,1,0.1714971702966901,7
33.74.08,Gajahmungkur,2024-05-01,DBD,3,58310,29.3,29.7,66.4,194.5,27.8,82.9,217.4,27.2,83.7,247.6,27.0,85.4,411.9,0.0,1.0,2.0,1.0,-1.0,2304.6200000000003,16124.050000000001,5,0.49999999999999994,-0.8660254037844387,0,0.0,7
33.74.08,Gajahmungkur,2024-06-01,DBD,1,58310,69.8,28.4,71.5,29.3,29.7,66.4,194.5,27.8,82.9,217.4,27.2,83.7,223.8,3.0,0.0,1.0,1.3333333333333333,3.0,1972.0800000000002,1945.5200000000002,6,1.2246467991473532e-16,-1.0,0,0.5144915108900703,7
33.74.08,Gajahmungkur,2024-07-01,DBD,1,58310,36.5,28.0,64.9,69.8,28.4,71.5,29.3,29.7,66.4,194.5,27.8,82.9,99.1,1.0,3.0,0.0,1.3333333333333333,-2.0,2030.6,4990.7,7,-0.4999999999999997,-0.8660254037844388,0,0.1714971702966901,7
33.74.08,Gajahmungkur,2024-08-01,DBD,1,58310,14.0,28.4,61.9,36.5,28.0,64.9,69.8,28.4,71.5,29.3,29.7,66.4,106.3,1.0,1.0,3.0,1.6666666666666667,0.0,1817.2000000000003,2368.8500000000004,8,-0.8660254037844385,-0.5000000000000004,0,0.1714971702966901,7
33.74.08,Gajahmungkur,2024-09-01,DBD,0,58310,79.3,28.5,66.3,14.0,28.4,61.9,36.5,28.0,64.9,69.8,28.4,71.5,50.5,1.0,1.0,1.0,1.0,0.0,1757.9599999999998,866.6,9,-1.0,-1.8369701987210297e-16,0,0.1714971702966901,7
33.74.08,Gajahmungkur,2024-10-01,DBD,0,58310,59.0,29.3,65.5,79.3,28.5,66.3,14.0,28.4,61.9,36.5,28.0,64.9,93.3,0.0,1.0,1.0,0.6666666666666666,-1.0,1889.55,5257.589999999999,10,-0.8660254037844386,0.5000000000000001,1,0.0,7
33.74.08,Gajahmungkur,2024-11-01,DBD,0,58310,287.1,27.6,81.4,59.0,29.3,65.5,79.3,28.5,66.3,14.0,28.4,61.9,138.3,0.0,0.0,1.0,0.3333333333333333,0.0,1919.15,3864.5,11,-0.5000000000000004,0.8660254037844384,1,0.0,7
33.74.08,Gajahmungkur,2024-12-01,DBD,1,58310,302.6,26.8,86.6,287.1,27.6,81.4,59.0,29.3,65.5,79.3,28.5,66.3,346.1,0.0,0.0,0.0,0.0,0.0,2246.6400000000003,23369.940000000002,12,-2.4492935982947064e-16,1.0,0,0.0,7
33.74.08,Gajahmungkur,2025-01-01,DBD,4,58310,287.0,26.2,86.4,302.6,26.8,86.6,287.1,27.6,81.4,59.0,29.3,65.5,589.7,1.0,0.0,0.0,0.3333333333333333,1.0,2320.88,26205.16,1,0.49999999999999994,0.8660254037844387,0,0.1714971702966901,7
33.74.08,Gajahmungkur,2025-02-01,DBD,2,58310,153.7,26.4,83.9,287.0,26.2,86.4,302.6,26.8,86.6,287.1,27.6,81.4,589.6,4.0,1.0,0.0,1.6666666666666667,3.0,2263.6800000000003,24796.800000000003,2,0.8660254037844386,0.5000000000000001,0,0.6859886811867604,7
33.74.08,Gajahmungkur,2025-03-01,DBD,1,58310,154.7,27.1,82.8,153.7,26.4,83.9,287.0,26.2,86.4,302.6,26.8,86.6,440.7,2.0,4.0,1.0,2.3333333333333335,-2.0,2214.96,12895.43,3,1.0,6.123233995736766e-17,1,0.3429943405933802,7
33.74.08,Gajahmungkur,2025-04-01,DBD,2,58310,134.2,27.5,79.4,154.7,27.1,82.8,153.7,26.4,83.9,287.0,26.2,86.4,308.4,1.0,2.0,4.0,2.3333333333333335,-1.0,2243.88,12809.159999999998,4,0.8660254037844387,-0.4999999999999998,1,0.1714971702966901,7
33.74.08,Gajahmungkur,2025-05-01,DBD,2,58310,243.0,27.3,82.1,134.2,27.5,79.4,154.7,27.1,82.8,153.7,26.4,83.9,288.9,2.0,1.0,2.0,1.6666666666666667,1.0,2183.5,10655.48,5,0.49999999999999994,-0.8660254037844387,0,0.3429943405933802,7
33.74.08,Gajahmungkur,2025-06-01,DBD,0,58310,89.7,27.8,73.1,243.0,27.3,82.1,134.2,27.5,79.4,154.7,27.1,82.8,377.2,2.0,2.0,1.0,1.6666666666666667,0.0,2241.33,19950.3,6,1.2246467991473532e-16,-1.0,0,0.3429943405933802,7
33.74.08,Gajahmungkur,2025-07-01,DBD,0,58310,35.8,28.2,65.1,89.7,27.8,73.1,243.0,27.3,82.1,134.2,27.5,79.4,332.7,0.0,2.0,2.0,1.3333333333333333,-2.0,2032.1799999999998,6557.07,7,-0.4999999999999997,-0.8660254037844388,0,0.0,7
33.74.08,Gajahmungkur,2025-08-01,DBD,0,58310,141.2,27.8,70.4,35.8,28.2,65.1,89.7,27.8,73.1,243.0,27.3,82.1,125.5,0.0,0.0,2.0,0.6666666666666666,0.0,1835.8199999999997,2330.5799999999995,8,-0.8660254037844385,-0.5000000000000004,0,0.0,7
33.74.08,Gajahmungkur,2025-09-01,DBD,1,58310,112.9,28.4,68.7,141.2,27.8,70.4,35.8,28.2,65.1,89.7,27.8,73.1,177.0,0.0,0.0,0.0,0.0,0.0,1957.1200000000001,9940.48,9,-1.0,-1.8369701987210297e-16,0,0.0,7
33.74.08,Gajahmungkur,2025-10-01,DBD,0,58310,263.5,28.2,74.2,112.9,28.4,68.7,141.2,27.8,70.4,35.8,28.2,65.1,254.1,1.0,0.0,0.0,0.3333333333333333,1.0,1951.08,7756.2300000000005,10,-0.8660254037844386,0.5000000000000001,1,0.1714971702966901,7
33.74.08,Gajahmungkur,2025-11-01,DBD,0,58310,173.1,27.3,80.1,263.5,28.2,74.2,112.9,28.4,68.7,141.2,27.8,70.4,376.4,0.0,1.0,0.0,0.3333333333333333,-1.0,2092.44,19551.7,11,-0.5000000000000004,0.8660254037844384,1,0.0,7
33.74.08,Gajahmungkur,2025-12-01,DBD,0,58310,176.6,27.0,82.8,173.1,27.3,80.1,263.5,28.2,74.2,112.9,28.4,68.7,436.6,0.0,0.0,1.0,0.3333333333333333,0.0,2186.73,13865.309999999998,12,-2.4492935982947064e-16,1.0,0,0.0,7
33.74.09,Genuk,2021-04-01,DBD,2,112400,109.4,27.0,81.6,150.0,26.4,86.3,322.5,25.7,87.8,280.1,25.7,88.8,472.5,1.0,2.0,1.0,1.3333333333333333,-1.0,2278.3199999999997,12945.0,4,0.8660254037844387,-0.4999999999999998,1,0.0889679715302491,8
33.74.09,Genuk,2021-05-01,DBD,0,112400,139.1,27.8,78.2,109.4,27.0,81.6,150.0,26.4,86.3,322.5,25.7,87.8,259.4,2.0,1.0,2.0,1.6666666666666667,1.0,2203.2,8927.039999999999,5,0.49999999999999994,-0.8660254037844387,0,0.1779359430604982,8
33.74.09,Genuk,2021-06-01,DBD,0,112400,156.3,26.9,82.3,139.1,27.8,78.2,109.4,27.0,81.6,150.0,26.4,86.3,248.5,0.0,2.0,1.0,1.0,-2.0,2173.96,10877.62,6,1.2246467991473532e-16,-1.0,0,0.0,8
33.74.09,Genuk,2021-07-01,DBD,0,112400,10.6,28.2,64.2,156.3,26.9,82.3,139.1,27.8,78.2,109.4,27.0,81.6,295.4,0.0,0.0,2.0,0.6666666666666666,0.0,2213.87,12863.49,7,-0.4999999999999997,-0.8660254037844388,0,0.0,8
33.74.09,Genuk,2021-08-01,DBD,1,112400,69.1,28.8,62.5,10.6,28.2,64.2,156.3,26.9,82.3,139.1,27.8,78.2,166.9,0.0,0.0,0.0,0.0,0.0,1810.44,680.52,8,-0.8660254037844385,-0.5000000000000004,0,0.0,8
33.74.09,Genuk,2021-09-01,DBD,0,112400,92.8,28.6,67.0,69.1,28.8,62.5,10.6,28.2,64.2,156.3,26.9,82.3,79.69999999999999,1.0,0.0,0.0,0.3333333333333333,1.0,1800.0,4318.75,9,-1.0,-1.8369701987210297e-16,0,0.0889679715302491,8
33.74.09,Genuk,2021-10-01,DBD,1,112400,138.5,28.3,72.0,92.8,28.6,67.0,69.1,28.8,62.5,10.6,28.2,64.2,161.89999999999998,0.0,1.0,0.0,0.3333333333333333,-1.0,1916.2,6217.599999999999,10,-0.8660254037844386,0.5000000000000001,1,0.0,8
33.74.09,Genuk,2021-11-01,DBD,4,112400,327.5,26.3,86.4,138.5,28.3,72.0,92.8,28.6,67.0,69.1,28.8,62.5,231.3,1.0,0.0,1.0,0.6666666666666666,1.0,2037.6000000000001,9972.0,11,-0.5000000000000004,0.8660254037844384,1,0.0889679715302491,8
33.74.09,Genuk,2021-12-01,DBD,1,112400,257.8,26.3,86.6,327.5,26.3,86.4,138.5,28.3,72.0,92.8,28.6,67.0,466.0,4.0,1.0,0.0,1.6666666666666667,3.0,2272.32,28296.000000000004,12,-2.4492935982947064e-16,1.0,0,0.3558718861209964,8
33.74.09,Genuk,2022-01-01,DBD,7,112400,211.8,26.1,84.6,257.8,26.3,86.6,327.5,26.3,86.4,138.5,28.3,72.0,585.3,1.0,4.0,1.0,2.0,-3.0,2277.58,22325.48,1,0.49999999999999994,0.8660254037844387,0,0.0889679715302491,8
33.74.09,Genuk,2022-02-01,DBD,4,112400,257.3,26.2,84.8,211.8,26.1,84.6,257.8,26.3,86.6,327.5,26.3,86.4,469.6,7.0,1.0,4.0,4.0,6.0,2208.06,17918.28,2,0.8660254037844386,0.5000000000000001,0,0.6227758007117438,8
33.74.09,Genuk,2022-03-01,DBD,7,112400,219.9,26.4,86.1,257.3,26.2,84.8,211.8,26.1,84.6,257.8,26.3,86.6,469.1,4.0,7.0,1.0,4.0,-3.0,2221.7599999999998,21819.04,3,1.0,6.123233995736766e-17,1,0.3558718861209964,8
33.74.09,Genuk,2022-04-01,DBD,8,112400,142.8,26.9,82.9,219.9,26.4,86.1,257.3,26.2,84.8,211.8,26.1,84.6,477.20000000000005,7.0,4.0,7.0,6.0,3.0,2273.0399999999995,18933.39,4,0.8660254037844387,-0.4999999999999998,1,0.6227758007117438,8
33.74.09,Genuk,2022-05-01,DBD,2,112400,170.8,26.9,83.5,142.8,26.9,82.9,219.9,26.4,86.1,257.3,26.2,84.8,362.70000000000005,8.0,7.0,4.0,6.333333333333333,1.0,2230.01,11838.120000000003,5,0.49999999999999994,-0.8660254037844387,0,0.7117437722419928,8
33.74.09,Genuk,2022-06-01,DBD,6,112400,184.5,26.3,82.0,170.8,26.9,83.5,142.8,26.9,82.9,219.9,26.4,86.1,313.6,2.0,8.0,7.0,5.666666666666667,-6.0,2246.15,14261.800000000001,6,1.2246467991473532e-16,-1.0,0,0.1779359430604982,8
33.74.09,Genuk,2022-07-01,DBD,2,112400,61.3,27.4,70.9,184.5,26.3,82.0,170.8,26.9,83.5,142.8,26.9,82.9,355.3,6.0,2.0,8.0,5.333333333333333,4.0,2156.6,15129.0,7,-0.4999999999999997,-0.8660254037844388,0,0.5338078291814947,8
33.74.09,Genuk,2022-08-01,DBD,4,112400,48.3,28.2,66.0,61.3,27.4,70.9,184.5,26.3,82.0,170.8,26.9,83.5,245.8,2.0,6.0,2.0,3.3333333333333335,-4.0,1942.66,4346.17,8,-0.8660254037844385,-0.5000000000000004,0,0.1779359430604982,8
33.74.09,Genuk,2022-09-01,DBD,2,112400,91.3,28.2,69.4,48.3,28.2,66.0,61.3,27.4,70.9,184.5,26.3,82.0,109.6,4.0,2.0,6.0,4.0,2.0,1861.2,3187.7999999999997,9,-1.0,-1.8369701987210297e-16,0,0.3558718861209964,8
33.74.09,Genuk,2022-10-01,DBD,2,112400,206.0,26.5,82.5,91.3,28.2,69.4,48.3,28.2,66.0,61.3,27.4,70.9,139.6,2.0,4.0,2.0,2.6666666666666665,-2.0,1957.0800000000002,6336.22,10,-0.8660254037844386,0.5000000000000001,1,0.1779359430604982,8
33.74.09,Genuk,2022-11-01,DBD,5,112400,388.3,26.2,86.0,206.0,26.5,82.5,91.3,28.2,69.4,48.3,28.2,66.0,297.3,2.0,2.0,4.0,2.6666666666666665,0.0,2186.25,16995.0,11,-0.5000000000000004,0.8660254037844384,1,0.1779359430604982,8
33.74.09,Genuk,2022-12-01,DBD,3,112400,218.6,26.2,84.4,388.3,26.2,86.0,206.0,26.5,82.5,91.3,28.2,69.4,594.3,5.0,2.0,2.0,3.0,3.0,2253.2,33393.8,12,-2.4492935982947064e-16,1.0,0,0.44483985765124556,8
33.74.09,Genuk,2023-01-01,DBD,7,112400,164.2,26.0,85.3,218.6,26.2,84.4,388.3,26.2,86.0,206.0,26.5,82.5,606.9,3.0,5.0,2.0,3.3333333333333335,-2.0,2211.28,18449.84,1,0.49999999999999994,0.8660254037844387,0,0.26690391459074736,8
33.74.09,Genuk,2023-02-01,DBD,8,112400,255.9,25.9,85.6,164.2,26.0,85.3,218.6,26.2,84.4,388.3,26.2,86.0,382.79999999999995,7.0,3.0,5.0,5.0,4.0,2217.7999999999997,14006.259999999998,2,0.8660254037844386,0.5000000000000001,0,0.6227758007117438,8
33.74.09,Genuk,2023-03-01,DBD,4,112400,287.4,26.2,85.5,255.9,25.9,85.6,164.2,26.0,85.3,218.6,26.2,84.4,420.1,8.0,7.0,3.0,6.0,1.0,2217.0399999999995,21905.039999999997,3,1.0,6.123233995736766e-17,1,0.7117437722419928,8
33.74.09,Genuk,2023-04-01,DBD,8,112400,165.4,26.7,83.9,287.4,26.2,85.5,255.9,25.9,85.6,164.2,26.0,85.3,543.3,4.0,8.0,7.0,6.333333333333333,-4.0,2240.1,24572.699999999997,4,0.8660254037844387,-0.4999999999999998,1,0.3558718861209964,8
33.74.09,Genuk,2023-05-01,DBD,4,112400,81.4,27.8,73.4,165.4,26.7,83.9,287.4,26.2,85.5,255.9,25.9,85.6,452.79999999999995,8.0,4.0,8.0,6.666666666666667,4.0,2240.13,13877.060000000001,5,0.49999999999999994,-0.8660254037844387,0,0.7117437722419928,8
33.74.09,Genuk,2023-06-01,DBD,3,112400,51.6,28.4,69.4,81.4,27.8,73.4,165.4,26.7,83.9,287.4,26.2,85.5,246.8,4.0,8.0,4.0,5.333333333333333,-4.0,2040.5200000000002,5974.760000000001,6,1.2246467991473532e-16,-1.0,0,0.3558718861209964,8
33.74.09,Genuk,2023-07-01,DBD,1,112400,25.8,28.2,62.1,51.6,28.4,69.4,81.4,27.8,73.4,165.4,26.7,83.9,133.0,3.0,4.0,8.0,5.0,-1.0,1970.96,3581.0400000000004,7,-0.4999999999999997,-0.8660254037844388,0,0.26690391459074736,8
33.74.09,Genuk,2023-08-01,DBD,2,112400,2.0,28.4,60.3,25.8,28.2,62.1,51.6,28.4,69.4,81.4,27.8,73.4,77.4,1.0,3.0,4.0,2.6666666666666665,-2.0,1751.22,1602.18,8,-0.8660254037844385,-0.5000000000000004,0,0.0889679715302491,8
33.74.09,Genuk,2023-09-01,DBD,1,112400,7.7,28.9,55.5,2.0,28.4,60.3,25.8,28.2,62.1,51.6,28.4,69.4,27.8,2.0,1.0,3.0,2.0,1.0,1712.5199999999998,120.6,9,-1.0,-1.8369701987210297e-16,0,0.1779359430604982,8
33.74.09,Genuk,2023-10-01,DBD,0,112400,29.6,29.8,62.9,7.7,28.9,55.5,2.0,28.4,60.3,25.8,28.2,62.1,9.7,1.0,2.0,1.0,1.3333333333333333,-1.0,1603.9499999999998,427.35,10,-0.8660254037844386,0.5000000000000001,1,0.0889679715302491,8
33.74.09,Genuk,2023-11-01,DBD,0,112400,132.0,28.4,76.7,29.6,29.8,62.9,7.7,28.9,55.5,2.0,28.4,60.3,37.300000000000004,0.0,1.0,2.0,1.0,-1.0,1874.42,1861.8400000000001,11,-0.5000000000000004,0.8660254037844384,1,0.0,8
33.74.09,Genuk,2023-12-01,DBD,1,112400,168.1,27.8,78.7,132.0,28.4,76.7,29.6,29.8,62.9,7.7,28.9,55.5,161.6,0.0,0.0,1.0,0.3333333333333333,0.0,2178.2799999999997,10124.4,12,-2.4492935982947064e-16,1.0,0,0.0,8
33.74.09,Genuk,2024-01-01,DBD,1,112400,256.7,26.6,87.5,168.1,27.8,78.7,132.0,28.4,76.7,29.6,29.8,62.9,300.1,1.0,0.0,0.0,0.3333333333333333,1.0,2187.86,13229.47,1,0.49999999999999994,0.8660254037844387,0,0.0889679715302491,8
33.74.09,Genuk,2024-02-01,DBD,3,112400,250.3,27.0,85.8,256.7,26.6,87.5,168.1,27.8,78.7,132.0,28.4,76.7,424.79999999999995,1.0,1.0,0.0,0.6666666666666666,0.0,2327.5,22461.25,2,0.8660254037844386,0.5000000000000001,0,0.0889679715302491,8
33.74.09,Genuk,2024-03-01,DBD,2,112400,201.4,27.3,83.5,250.3,27.0,85.8,256.7,26.6,87.5,168.1,27.8,78.7,507.0,3.0,1.0,1.0,1.6666666666666667,2.0,2316.6,21475.74,3,1.0,6.123233995736766e-17,1,0.26690391459074736,8
33.74.09,Genuk,2024-04-01,DBD,3,112400,211.7,27.8,83.1,201.4,27.3,83.5,250.3,27.0,85.8,256.7,26.6,87.5,451.70000000000005,2.0,3.0,1.0,2.0,-1.0,2279.55,16816.9,4,0.8660254037844387,-0.4999999999999998,1,0.1779359430604982,8
33.74.09,Genuk,2024-05-01,DBD,7,112400,34.9,29.9,64.6,211.7,27.8,83.1,201.4,27.3,83.5,250.3,27.0,85.8,413.1,3.0,2.0,3.0,2.6666666666666665,1.0,2310.18,17592.269999999997,5,0.49999999999999994,-0.8660254037844387,0,0.26690391459074736,8
33.74.09,Genuk,2024-06-01,DBD,4,112400,84.2,28.4,71.9,34.9,29.9,64.6,211.7,27.8,83.1,201.4,27.3,83.5,246.6,7.0,3.0,2.0,4.0,4.0,1931.5399999999997,2254.5399999999995,6,1.2246467991473532e-16,-1.0,0,0.6227758007117438,8
33.74.09,Genuk,2024-07-01,DBD,1,112400,44.8,28.1,64.2,84.2,28.4,71.9,34.9,29.9,64.6,211.7,27.8,83.1,119.1,4.0,7.0,3.0,4.666666666666667,-3.0,2041.96,6053.9800000000005,7,-0.4999999999999997,-0.8660254037844388,0,0.3558718861209964,8
33.74.09,Genuk,2024-08-01,DBD,0,112400,16.6,28.8,58.7,44.8,28.1,64.2,84.2,28.4,71.9,34.9,29.9,64.6,129.0,1.0,4.0,7.0,4.0,-3.0,1804.0200000000002,2876.16,8,-0.8660254037844385,-0.5000000000000004,0,0.0889679715302491,8
33.74.09,Genuk,2024-09-01,DBD,4,112400,102.1,28.5,66.1,16.6,28.8,58.7,44.8,28.1,64.2,84.2,28.4,71.9,61.4,0.0,1.0,4.0,1.6666666666666667,-1.0,1690.5600000000002,974.4200000000002,9,-1.0,-1.8369701987210297e-16,0,0.0,8
33.74.09,Genuk,2024-10-01,DBD,0,112400,62.1,29.3,65.7,102.1,28.5,66.1,16.6,28.8,58.7,44.8,28.1,64.2,118.69999999999999,4.0,0.0,1.0,1.6666666666666667,4.0,1883.85,6748.8099999999995,10,-0.8660254037844386,0.5000000000000001,1,0.3558718861209964,8
33.74.09,Genuk,2024-11-01,DBD,1,112400,300.2,27.6,81.8,62.1,29.3,65.7,102.1,28.5,66.1,16.6,28.8,58.7,164.2,0.0,4.0,0.0,1.3333333333333333,-4.0,1925.0100000000002,4079.9700000000003,11,-0.5000000000000004,0.8660254037844384,1,0.0,8
33.74.09,Genuk,2024-12-01,DBD,1,112400,188.9,27.0,84.4,300.2,27.6,81.8,62.1,29.3,65.7,102.1,28.5,66.1,362.3,1.0,0.0,4.0,1.6666666666666667,1.0,2257.68,24556.359999999997,12,-2.4492935982947064e-16,1.0,0,0.0889679715302491,8
33.74.09,Genuk,2025-01-01,DBD,0,112400,238.1,26.5,84.6,188.9,27.0,84.4,300.2,27.6,81.8,62.1,29.3,65.7,489.1,1.0,1.0,0.0,0.6666666666666666,0.0,2278.8,15943.160000000002,1,0.49999999999999994,0.8660254037844387,0,0.0889679715302491,8
33.74.09,Genuk,2025-02-01,DBD,4,112400,138.2,26.8,81.9,238.1,26.5,84.6,188.9,27.0,84.4,300.2,27.6,81.8,427.0,0.0,1.0,1.0,0.6666666666666666,-1.0,2241.8999999999996,20143.26,2,0.8660254037844386,0.5000000000000001,0,0.0,8
33.74.09,Genuk,2025-03-01,DBD,5,112400,212.2,27.1,83.0,138.2,26.8,81.9,238.1,26.5,84.6,188.9,27.0,84.4,376.29999999999995,4.0,0.0,1.0,1.6666666666666667,4.0,2194.92,11318.58,3,1.0,6.123233995736766e-17,1,0.3558718861209964,8
33.74.09,Genuk,2025-04-01,DBD,6,112400,150.2,27.7,78.2,212.2,27.1,83.0,138.2,26.8,81.9,238.1,26.5,84.6,350.4,5.0,4.0,0.0,3.0,1.0,2249.3,17612.6,4,0.8660254037844387,-0.4999999999999998,1,0.44483985765124556,8
33.74.09,Genuk,2025-05-01,DBD,4,112400,270.2,27.1,83.3,150.2,27.7,78.2,212.2,27.1,83.0,138.2,26.8,81.9,362.4,6.0,5.0,4.0,5.0,1.0,2166.14,11745.64,5,0.49999999999999994,-0.8660254037844387,0,0.5338078291814947,8
33.74.09,Genuk,2025-06-01,DBD,3,112400,90.5,27.5,75.3,270.2,27.1,83.3,150.2,27.7,78.2,212.2,27.1,83.0,420.4,4.0,6.0,5.0,5.0,-2.0,2257.43,22507.66,6,1.2246467991473532e-16,-1.0,0,0.3558718861209964,8
33.74.09,Genuk,2025-07-01,DBD,0,112400,40.7,28.0,66.3,90.5,27.5,75.3,270.2,27.1,83.3,150.2,27.7,78.2,360.7,3.0,4.0,6.0,4.333333333333333,-1.0,2070.75,6814.65,7,-0.4999999999999997,-0.8660254037844388,0,0.26690391459074736,8
33.74.09,Genuk,2025-08-01,DBD,3,112400,141.4,27.7,70.9,40.7,28.0,66.3,90.5,27.5,75.3,270.2,27.1,83.3,131.2,0.0,3.0,4.0,2.3333333333333335,-3.0,1856.3999999999999,2698.41,8,-0.8660254037844385,-0.5000000000000004,0,0.0,8
33.74.09,Genuk,2025-09-01,DBD,1,112400,125.5,28.3,68.8,141.4,27.7,70.9,40.7,28.0,66.3,90.5,27.5,75.3,182.10000000000002,3.0,0.0,3.0,2.0,3.0,1963.93,10025.260000000002,9,-1.0,-1.8369701987210297e-16,0,0.26690391459074736,8
33.74.09,Genuk,2025-10-01,DBD,0,112400,299.4,28.3,73.7,125.5,28.3,68.8,141.4,27.7,70.9,40.7,28.0,66.3,266.9,1.0,3.0,0.0,1.3333333333333333,-2.0,1947.04,8634.4,10,-0.8660254037844386,0.5000000000000001,1,0.0889679715302491,8
33.74.09,Genuk,2025-11-01,DBD,0,112400,251.2,27.1,82.4,299.4,28.3,73.7,125.5,28.3,68.8,141.4,27.7,70.9,424.9,0.0,1.0,3.0,1.3333333333333333,-1.0,2085.71,22065.78,11,-0.5000000000000004,0.8660254037844384,1,0.0,8
33.74.09,Genuk,2025-12-01,DBD,1,112400,173.5,26.9,83.4,251.2,27.1,82.4,299.4,28.3,73.7,125.5,28.3,68.8,550.5999999999999,0.0,0.0,1.0,0.3333333333333333,0.0,2233.0400000000004,20698.88,12,-2.4492935982947064e-16,1.0,0,0.0,8
33.74.10,Pedurungan,2021-04-01,DBD,1,192500,109.4,27.2,81.6,150.0,26.5,86.3,322.5,25.8,87.8,280.1,25.8,88.8,472.5,1.0,1.0,4.0,2.0,0.0,2286.95,12945.0,4,0.8660254037844387,-0.4999999999999998,1,0.051948051948051945,9
33.74.10,Pedurungan,2021-05-01,DBD,3,192500,139.1,28.0,78.3,109.4,27.2,81.6,150.0,26.5,86.3,322.5,25.8,87.8,259.4,1.0,1.0,1.0,1.0,0.0,2219.52,8927.039999999999,5,0.49999999999999994,-0.8660254037844387,0,0.051948051948051945,9
33.74.10,Pedurungan,2021-06-01,DBD,2,192500,156.3,27.1,82.4,139.1,28.0,78.3,109.4,27.2,81.6,150.0,26.5,86.3,248.5,3.0,1.0,1.0,1.6666666666666667,2.0,2192.4,10891.529999999999,6,1.2246467991473532e-16,-1.0,0,0.15584415584415584,9
33.74.10,Pedurungan,2021-07-01,DBD,2,192500,10.6,28.3,64.2,156.3,27.1,82.4,139.1,28.0,78.3,109.4,27.2,81.6,295.4,2.0,3.0,1.0,2.0,-1.0,2233.0400000000004,12879.120000000003,7,-0.4999999999999997,-0.8660254037844388,0,0.10389610389610389,9
33.74.10,Pedurungan,2021-08-01,DBD,4,192500,69.1,29.0,62.5,10.6,28.3,64.2,156.3,27.1,82.4,139.1,28.0,78.3,166.9,2.0,2.0,3.0,2.3333333333333335,0.0,1816.8600000000001,680.52,8,-0.8660254037844385,-0.5000000000000004,0,0.10389610389610389,9
33.74.10,Pedurungan,2021-09-01,DBD,1,192500,92.8,28.7,67.0,69.1,29.0,62.5,10.6,28.3,64.2,156.3,27.1,82.4,79.69999999999999,4.0,2.0,2.0,2.6666666666666665,2.0,1812.5,4318.75,9,-1.0,-1.8369701987210297e-16,0,0.20779220779220778,9
33.74.10,Pedurungan,2021-10-01,DBD,1,192500,138.5,28.4,72.0,92.8,28.7,67.0,69.1,29.0,62.5,10.6,28.3,64.2,161.89999999999998,1.0,4.0,2.0,2.3333333333333335,-3.0,1922.8999999999999,6217.599999999999,10,-0.8660254037844386,0.5000000000000001,1,0.051948051948051945,9
33.74.10,Pedurungan,2021-11-01,DBD,5,192500,327.5,26.5,86.4,138.5,28.4,72.0,92.8,28.7,67.0,69.1,29.0,62.5,231.3,1.0,1.0,4.0,2.0,0.0,2044.8,9972.0,11,-0.5000000000000004,0.8660254037844384,1,0.051948051948051945,9
33.74.10,Pedurungan,2021-12-01,DBD,2,192500,257.8,26.5,86.6,327.5,26.5,86.4,138.5,28.4,72.0,92.8,28.7,67.0,466.0,5.0,1.0,1.0,2.3333333333333335,4.0,2289.6000000000004,28296.000000000004,12,-2.4492935982947064e-16,1.0,0,0.25974025974025977,9
33.74.10,Pedurungan,2022-01-01,DBD,12,192500,211.8,26.2,84.6,257.8,26.5,86.6,327.5,26.5,86.4,138.5,28.4,72.0,585.3,2.0,5.0,1.0,2.6666666666666665,-3.0,2294.8999999999996,22325.48,1,0.49999999999999994,0.8660254037844387,0,0.10389610389610389,9
33.74.10,Pedurungan,2022-02-01,DBD,11,192500,257.3,26.4,84.8,211.8,26.2,84.6,257.8,26.5,86.6,327.5,26.5,86.4,469.6,12.0,2.0,5.0,6.333333333333333,10.0,2216.52,17918.28,2,0.8660254037844386,0.5000000000000001,0,0.6233766233766234,9
33.74.10,Pedurungan,2022-03-01,DBD,4,192500,219.9,26.5,86.2,257.3,26.4,84.8,211.8,26.2,84.6,257.8,26.5,86.6,469.1,11.0,12.0,2.0,8.333333333333334,-1.0,2238.72,21819.04,3,1.0,6.123233995736766e-17,1,0.5714285714285714,9
33.74.10,Pedurungan,2022-04-01,DBD,11,192500,142.8,27.0,82.9,219.9,26.5,86.2,257.3,26.4,84.8,211.8,26.2,84.6,477.20000000000005,4.0,11.0,12.0,9.0,-7.0,2284.3,18955.38,4,0.8660254037844387,-0.4999999999999998,1,0.20779220779220778,9
33.74.10,Pedurungan,2022-05-01,DBD,4,192500,170.8,27.0,83.5,142.8,27.0,82.9,219.9,26.5,86.2,257.3,26.4,84.8,362.70000000000005,11.0,4.0,11.0,8.666666666666666,7.0,2238.3,11838.120000000003,5,0.49999999999999994,-0.8660254037844387,0,0.5714285714285714,9
33.74.10,Pedurungan,2022-06-01,DBD,3,192500,184.5,26.5,82.1,170.8,27.0,83.5,142.8,27.0,82.9,219.9,26.5,86.2,313.6,4.0,11.0,4.0,6.333333333333333,-7.0,2254.5,14261.800000000001,6,1.2246467991473532e-16,-1.0,0,0.20779220779220778,9
33.74.10,Pedurungan,2022-07-01,DBD,5,192500,61.3,27.6,70.9,184.5,26.5,82.1,170.8,27.0,83.5,142.8,27.0,82.9,355.3,3.0,4.0,11.0,6.0,-1.0,2175.6499999999996,15147.449999999999,7,-0.4999999999999997,-0.8660254037844388,0,0.15584415584415584,9
33.74.10,Pedurungan,2022-08-01,DBD,6,192500,48.3,28.3,66.0,61.3,27.6,70.9,184.5,26.5,82.1,170.8,27.0,83.5,245.8,5.0,3.0,4.0,4.0,2.0,1956.8400000000001,4346.17,8,-0.8660254037844385,-0.5000000000000004,0,0.25974025974025977,9
33.74.10,Pedurungan,2022-09-01,DBD,5,192500,91.3,28.3,69.4,48.3,28.3,66.0,61.3,27.6,70.9,184.5,26.5,82.1,109.6,6.0,5.0,3.0,4.666666666666667,1.0,1867.8,3187.7999999999997,9,-1.0,-1.8369701987210297e-16,0,0.3116883116883117,9
33.74.10,Pedurungan,2022-10-01,DBD,5,192500,206.0,26.6,82.6,91.3,28.3,69.4,48.3,28.3,66.0,61.3,27.6,70.9,139.6,5.0,6.0,5.0,5.333333333333333,-1.0,1964.0200000000002,6336.22,10,-0.8660254037844386,0.5000000000000001,1,0.25974025974025977,9
33.74.10,Pedurungan,2022-11-01,DBD,8,192500,388.3,26.4,86.0,206.0,26.6,82.6,91.3,28.3,69.4,48.3,28.3,66.0,297.3,5.0,5.0,6.0,5.333333333333333,0.0,2197.16,17015.6,11,-0.5000000000000004,0.8660254037844384,1,0.25974025974025977,9
33.74.10,Pedurungan,2022-12-01,DBD,6,192500,218.6,26.4,84.4,388.3,26.4,86.0,206.0,26.6,82.6,91.3,28.3,69.4,594.3,8.0,5.0,5.0,6.0,3.0,2270.4,33393.8,12,-2.4492935982947064e-16,1.0,0,0.41558441558441556,9
33.74.10,Pedurungan,2023-01-01,DBD,13,192500,164.2,26.2,85.3,218.6,26.4,84.4,388.3,26.4,86.0,206.0,26.6,82.6,606.9,6.0,8.0,5.0,6.333333333333333,-2.0,2228.16,18449.84,1,0.49999999999999994,0.8660254037844387,0,0.3116883116883117,9
33.74.10,Pedurungan,2023-02-01,DBD,10,192500,255.9,26.0,85.6,164.2,26.2,85.3,218.6,26.4,84.4,388.3,26.4,86.0,382.79999999999995,13.0,6.0,8.0,9.0,7.0,2234.8599999999997,14006.259999999998,2,0.8660254037844386,0.5000000000000001,0,0.6753246753246753,9
33.74.10,Pedurungan,2023-03-01,DBD,6,192500,287.4,26.4,85.5,255.9,26.0,85.6,164.2,26.2,85.3,218.6,26.4,84.4,420.1,10.0,13.0,6.0,9.666666666666666,-3.0,2225.6,21905.039999999997,3,1.0,6.123233995736766e-17,1,0.5194805194805195,9
33.74.10,Pedurungan,2023-04-01,DBD,11,192500,165.4,26.9,83.9,287.4,26.4,85.5,255.9,26.0,85.6,164.2,26.2,85.3,543.3,6.0,10.0,13.0,9.666666666666666,-4.0,2257.2,24572.699999999997,4,0.8660254037844387,-0.4999999999999998,1,0.3116883116883117,9
33.74.10,Pedurungan,2023-05-01,DBD,7,192500,81.4,28.0,73.4,165.4,26.9,83.9,287.4,26.4,85.5,255.9,26.0,85.6,452.79999999999995,11.0,6.0,10.0,9.0,5.0,2256.91,13877.060000000001,5,0.49999999999999994,-0.8660254037844387,0,0.5714285714285714,9
33.74.10,Pedurungan,2023-06-01,DBD,4,192500,51.6,28.5,69.4,81.4,28.0,73.4,165.4,26.9,83.9,287.4,26.4,85.5,246.8,7.0,11.0,6.0,8.0,-4.0,2055.2000000000003,5974.760000000001,6,1.2246467991473532e-16,-1.0,0,0.36363636363636365,9
33.74.10,Pedurungan,2023-07-01,DBD,6,192500,25.8,28.4,62.1,51.6,28.5,69.4,81.4,28.0,73.4,165.4,26.9,83.9,133.0,4.0,7.0,11.0,7.333333333333333,-3.0,1977.9,3581.0400000000004,7,-0.4999999999999997,-0.8660254037844388,0,0.20779220779220778,9
33.74.10,Pedurungan,2023-08-01,DBD,1,192500,2.0,28.5,60.4,25.8,28.4,62.1,51.6,28.5,69.4,81.4,28.0,73.4,77.4,6.0,4.0,7.0,5.666666666666667,2.0,1763.6399999999999,1602.18,8,-0.8660254037844385,-0.5000000000000004,0,0.3116883116883117,9
33.74.10,Pedurungan,2023-09-01,DBD,1,192500,7.7,29.1,55.6,2.0,28.5,60.4,25.8,28.4,62.1,51.6,28.5,69.4,27.8,1.0,6.0,4.0,3.6666666666666665,-5.0,1721.3999999999999,120.8,9,-1.0,-1.8369701987210297e-16,0,0.051948051948051945,9
33.74.10,Pedurungan,2023-10-01,DBD,0,192500,29.6,29.9,62.9,7.7,29.1,55.6,2.0,28.5,60.4,25.8,28.4,62.1,9.7,1.0,1.0,6.0,2.6666666666666665,0.0,1617.96,428.12,10,-0.8660254037844386,0.5000000000000001,1,0.051948051948051945,9
33.74.10,Pedurungan,2023-11-01,DBD,0,192500,132.0,28.5,76.7,29.6,29.9,62.9,7.7,29.1,55.6,2.0,28.5,60.4,37.300000000000004,0.0,1.0,1.0,0.6666666666666666,-1.0,1880.7099999999998,1861.8400000000001,11,-0.5000000000000004,0.8660254037844384,1,0.0,9
33.74.10,Pedurungan,2023-12-01,DBD,1,192500,168.1,27.9,78.7,132.0,28.5,76.7,29.6,29.9,62.9,7.7,29.1,55.6,161.6,0.0,0.0,1.0,0.3333333333333333,0.0,2185.9500000000003,10124.4,12,-2.4492935982947064e-16,1.0,0,0.0,9
33.74.10,Pedurungan,2024-01-01,DBD,2,192500,256.7,26.8,87.5,168.1,27.9,78.7,132.0,28.5,76.7,29.6,29.9,62.9,300.1,1.0,0.0,0.0,0.3333333333333333,1.0,2195.73,13229.47,1,0.49999999999999994,0.8660254037844387,0,0.051948051948051945,9
33.74.10,Pedurungan,2024-02-01,DBD,7,192500,250.3,27.2,85.8,256.7,26.8,87.5,168.1,27.9,78.7,132.0,28.5,76.7,424.79999999999995,2.0,1.0,0.0,1.0,1.0,2345.0,22461.25,2,0.8660254037844386,0.5000000000000001,0,0.10389610389610389,9
33.74.10,Pedurungan,2024-03-01,DBD,4,192500,201.4,27.5,83.5,250.3,27.2,85.8,256.7,26.8,87.5,168.1,27.9,78.7,507.0,7.0,2.0,1.0,3.3333333333333335,5.0,2333.7599999999998,21475.74,3,1.0,6.123233995736766e-17,1,0.36363636363636365,9
33.74.10,Pedurungan,2024-04-01,DBD,4,192500,211.7,28.0,83.1,201.4,27.5,83.5,250.3,27.2,85.8,256.7,26.8,87.5,451.70000000000005,4.0,7.0,2.0,4.333333333333333,-3.0,2296.25,16816.9,4,0.8660254037844387,-0.4999999999999998,1,0.20779220779220778,9
33.74.10,Pedurungan,2024-05-01,DBD,5,192500,34.9,30.1,64.6,211.7,28.0,83.1,201.4,27.5,83.5,250.3,27.2,85.8,413.1,4.0,4.0,7.0,5.0,0.0,2326.7999999999997,17592.269999999997,5,0.49999999999999994,-0.8660254037844387,0,0.20779220779220778,9
33.74.10,Pedurungan,2024-06-01,DBD,4,192500,84.2,28.5,71.9,34.9,30.1,64.6,211.7,28.0,83.1,201.4,27.5,83.5,246.6,5.0,4.0,4.0,4.333333333333333,1.0,1944.4599999999998,2254.5399999999995,6,1.2246467991473532e-16,-1.0,0,0.25974025974025977,9
33.74.10,Pedurungan,2024-07-01,DBD,2,192500,44.8,28.3,64.2,84.2,28.5,71.9,34.9,30.1,64.6,211.7,28.0,83.1,119.1,4.0,5.0,4.0,4.333333333333333,-1.0,2049.15,6053.9800000000005,7,-0.4999999999999997,-0.8660254037844388,0,0.20779220779220778,9
33.74.10,Pedurungan,2024-08-01,DBD,0,192500,16.6,28.9,58.7,44.8,28.3,64.2,84.2,28.5,71.9,34.9,30.1,64.6,129.0,2.0,4.0,5.0,3.6666666666666665,-2.0,1816.8600000000001,2876.16,8,-0.8660254037844385,-0.5000000000000004,0,0.10389610389610389,9
33.74.10,Pedurungan,2024-09-01,DBD,1,192500,102.1,28.7,66.1,16.6,28.9,58.7,44.8,28.3,64.2,84.2,28.5,71.9,61.4,0.0,2.0,4.0,2.0,-2.0,1696.43,974.4200000000002,9,-1.0,-1.8369701987210297e-16,0,0.0,9
33.74.10,Pedurungan,2024-10-01,DBD,3,192500,62.1,29.5,65.7,102.1,28.7,66.1,16.6,28.9,58.7,44.8,28.3,64.2,118.69999999999999,1.0,0.0,2.0,1.0,1.0,1897.0699999999997,6748.8099999999995,10,-0.8660254037844386,0.5000000000000001,1,0.051948051948051945,9
33.74.10,Pedurungan,2024-11-01,DBD,2,192500,300.2,27.7,81.8,62.1,29.5,65.7,102.1,28.7,66.1,16.6,28.9,58.7,164.2,3.0,1.0,0.0,1.3333333333333333,2.0,1938.15,4079.9700000000003,11,-0.5000000000000004,0.8660254037844384,1,0.15584415584415584,9
33.74.10,Pedurungan,2024-12-01,DBD,2,192500,188.9,27.2,84.4,300.2,27.7,81.8,62.1,29.5,65.7,102.1,28.7,66.1,362.3,2.0,3.0,1.0,2.0,-1.0,2265.8599999999997,24556.359999999997,12,-2.4492935982947064e-16,1.0,0,0.10389610389610389,9
33.74.10,Pedurungan,2025-01-01,DBD,6,192500,238.1,26.7,84.6,188.9,27.2,84.4,300.2,27.7,81.8,62.1,29.5,65.7,489.1,2.0,2.0,3.0,2.3333333333333335,0.0,2295.6800000000003,15943.160000000002,1,0.49999999999999994,0.8660254037844387,0,0.10389610389610389,9
33.74.10,Pedurungan,2025-02-01,DBD,4,192500,138.2,27.0,82.0,238.1,26.7,84.6,188.9,27.2,84.4,300.2,27.7,81.8,427.0,6.0,2.0,2.0,3.3333333333333335,4.0,2258.8199999999997,20143.26,2,0.8660254037844386,0.5000000000000001,0,0.3116883116883117,9
33.74.10,Pedurungan,2025-03-01,DBD,7,192500,212.2,27.3,83.0,138.2,27.0,82.0,238.1,26.7,84.6,188.9,27.2,84.4,376.29999999999995,4.0,6.0,2.0,4.0,-2.0,2214.0,11332.4,3,1.0,6.123233995736766e-17,1,0.20779220779220778,9
33.74.10,Pedurungan,2025-04-01,DBD,4,192500,150.2,27.9,78.3,212.2,27.3,83.0,138.2,27.0,82.0,238.1,26.7,84.6,350.4,7.0,4.0,6.0,5.666666666666667,3.0,2265.9,17612.6,4,0.8660254037844387,-0.4999999999999998,1,0.36363636363636365,9
33.74.10,Pedurungan,2025-05-01,DBD,8,192500,270.2,27.3,83.3,150.2,27.9,78.3,212.2,27.3,83.0,138.2,27.0,82.0,362.4,4.0,7.0,4.0,5.0,-3.0,2184.5699999999997,11760.659999999998,5,0.49999999999999994,-0.8660254037844387,0,0.20779220779220778,9
33.74.10,Pedurungan,2025-06-01,DBD,3,192500,90.5,27.7,75.3,270.2,27.3,83.3,150.2,27.9,78.3,212.2,27.3,83.0,420.4,8.0,4.0,7.0,6.333333333333333,4.0,2274.09,22507.66,6,1.2246467991473532e-16,-1.0,0,0.41558441558441556,9
33.74.10,Pedurungan,2025-07-01,DBD,1,192500,40.7,28.1,66.3,90.5,27.7,75.3,270.2,27.3,83.3,150.2,27.9,78.3,360.7,3.0,8.0,4.0,5.0,-5.0,2085.81,6814.65,7,-0.4999999999999997,-0.8660254037844388,0,0.15584415584415584,9
33.74.10,Pedurungan,2025-08-01,DBD,1,192500,141.4,27.8,70.9,40.7,28.1,66.3,90.5,27.7,75.3,270.2,27.3,83.3,131.2,1.0,3.0,8.0,4.0,-2.0,1863.03,2698.41,8,-0.8660254037844385,-0.5000000000000004,0,0.051948051948051945,9
33.74.10,Pedurungan,2025-09-01,DBD,2,192500,125.5,28.5,68.8,141.4,27.8,70.9,40.7,28.1,66.3,90.5,27.7,75.3,182.10000000000002,1.0,1.0,3.0,1.6666666666666667,0.0,1971.0200000000002,10025.260000000002,9,-1.0,-1.8369701987210297e-16,0,0.051948051948051945,9
33.74.10,Pedurungan,2025-10-01,DBD,0,192500,299.4,28.5,73.8,125.5,28.5,68.8,141.4,27.8,70.9,40.7,28.1,66.3,266.9,2.0,1.0,1.0,1.3333333333333333,1.0,1960.8,8634.4,10,-0.8660254037844386,0.5000000000000001,1,0.10389610389610389,9
33.74.10,Pedurungan,2025-11-01,DBD,0,192500,251.2,27.2,82.4,299.4,28.5,73.8,125.5,28.5,68.8,141.4,27.8,70.9,424.9,0.0,2.0,1.0,1.0,-2.0,2103.2999999999997,22095.719999999998,11,-0.5000000000000004,0.8660254037844384,1,0.0,9
33.74.10,Pedurungan,2025-12-01,DBD,0,192500,173.5,27.1,83.4,251.2,27.2,82.4,299.4,28.5,73.8,125.5,28.5,68.8,550.5999999999999,0.0,0.0,2.0,0.6666666666666666,0.0,2241.28,20698.88,12,-2.4492935982947064e-16,1.0,0,0.0,9
33.74.11,Tembalang,2021-04-01,DBD,4,185400,144.2,26.0,82.8,303.0,25.3,87.9,386.5,24.7,88.6,480.5,24.7,90.0,689.5,8.0,4.0,3.0,5.0,4.0,2223.8700000000003,26633.7,4,0.8660254037844387,-0.4999999999999998,1,0.43149946062567424,10
33.74.11,Tembalang,2021-05-01,DBD,3,185400,183.7,27.0,77.8,144.2,26.0,82.8,303.0,25.3,87.9,386.5,24.7,88.6,447.2,4.0,8.0,4.0,5.333333333333333,-4.0,2152.7999999999997,11939.759999999998,5,0.49999999999999994,-0.8660254037844387,0,0.21574973031283712,10
33.74.11,Tembalang,2021-06-01,DBD,4,185400,154.2,26.0,82.0,183.7,27.0,77.8,144.2,26.0,82.8,303.0,25.3,87.9,327.9,3.0,4.0,8.0,5.0,-1.0,2100.6,14291.859999999999,6,1.2246467991473532e-16,-1.0,0,0.16181229773462782,10
33.74.11,Tembalang,2021-07-01,DBD,3,185400,13.5,27.5,63.1,154.2,26.0,82.0,183.7,27.0,77.8,144.2,26.0,82.8,337.9,4.0,3.0,4.0,3.6666666666666665,1.0,2132.0,12644.4,7,-0.4999999999999997,-0.8660254037844388,0,0.21574973031283712,10
33.74.11,Tembalang,2021-08-01,DBD,1,185400,87.0,27.7,65.0,13.5,27.5,63.1,154.2,26.0,82.0,183.7,27.0,77.8,167.7,3.0,4.0,3.0,3.3333333333333335,-1.0,1735.25,851.85,8,-0.8660254037844385,-0.5000000000000004,0,0.16181229773462782,10
33.74.11,Tembalang,2021-09-01,DBD,13,185400,80.3,27.6,67.6,87.0,27.7,65.0,13.5,27.5,63.1,154.2,26.0,82.0,100.5,1.0,3.0,4.0,2.6666666666666665,-2.0,1800.5,5655.0,9,-1.0,-1.8369701987210297e-16,0,0.05393743257820928,10
33.74.11,Tembalang,2021-10-01,DBD,4,185400,149.3,27.5,71.5,80.3,27.6,67.6,87.0,27.7,65.0,13.5,27.5,63.1,167.3,13.0,1.0,3.0,5.666666666666667,12.0,1865.76,5428.28,10,-0.8660254037844386,0.5000000000000001,1,0.7011866235167207,10
33.74.11,Tembalang,2021-11-01,DBD,4,185400,407.7,25.5,87.5,149.3,27.5,71.5,80.3,27.6,67.6,87.0,27.7,65.0,229.60000000000002,4.0,13.0,1.0,6.0,-9.0,1966.25,10674.95,11,-0.5000000000000004,0.8660254037844384,1,0.21574973031283712,10
33.74.11,Tembalang,2021-12-01,DBD,3,185400,416.8,25.3,88.9,407.7,25.5,87.5,149.3,27.5,71.5,80.3,27.6,67.6,557.0,4.0,4.0,13.0,7.0,0.0,2231.25,35673.75,12,-2.4492935982947064e-16,1.0,0,0.21574973031283712,10
33.74.11,Tembalang,2022-01-01,DBD,8,185400,324.5,25.1,86.4,416.8,25.3,88.9,407.7,25.5,87.5,149.3,27.5,71.5,824.5,3.0,4.0,4.0,3.6666666666666665,-1.0,2249.17,37053.520000000004,1,0.49999999999999994,0.8660254037844387,0,0.16181229773462782,10
33.74.11,Tembalang,2022-02-01,DBD,12,185400,324.1,25.2,86.2,324.5,25.1,86.4,416.8,25.3,88.9,407.7,25.5,87.5,741.3,8.0,3.0,4.0,5.0,5.0,2168.6400000000003,28036.800000000003,2,0.8660254037844386,0.5000000000000001,0,0.43149946062567424,10
33.74.11,Tembalang,2022-03-01,DBD,7,185400,458.6,25.4,87.6,324.1,25.2,86.2,324.5,25.1,86.4,416.8,25.3,88.9,648.6,12.0,8.0,3.0,7.666666666666667,4.0,2172.2400000000002,27937.420000000002,3,1.0,6.123233995736766e-17,1,0.6472491909385113,10
33.74.11,Tembalang,2022-04-01,DBD,12,185400,258.1,25.9,83.7,458.6,25.4,87.6,324.1,25.2,86.2,324.5,25.1,86.4,782.7,7.0,12.0,8.0,9.0,-5.0,2225.0399999999995,40173.36,4,0.8660254037844387,-0.4999999999999998,1,0.37756202804746497,10
33.74.11,Tembalang,2022-05-01,DBD,19,185400,203.7,26.0,83.8,258.1,25.9,83.7,458.6,25.4,87.6,324.1,25.2,86.2,716.7,12.0,7.0,12.0,10.333333333333334,5.0,2167.83,21602.97,5,0.49999999999999994,-0.8660254037844387,0,0.6472491909385113,10
33.74.11,Tembalang,2022-06-01,DBD,11,185400,179.6,25.5,81.6,203.7,26.0,83.8,258.1,25.9,83.7,458.6,25.4,87.6,461.8,19.0,12.0,7.0,12.666666666666666,7.0,2178.7999999999997,17070.059999999998,6,1.2246467991473532e-16,-1.0,0,1.0248112189859764,10
33.74.11,Tembalang,2022-07-01,DBD,11,185400,66.8,26.5,72.2,179.6,25.5,81.6,203.7,26.0,83.8,258.1,25.9,83.7,383.29999999999995,11.0,19.0,12.0,14.0,-8.0,2080.7999999999997,14655.359999999999,7,-0.4999999999999997,-0.8660254037844388,0,0.593311758360302,10
33.74.11,Tembalang,2022-08-01,DBD,9,185400,74.1,27.2,68.0,66.8,26.5,72.2,179.6,25.5,81.6,203.7,26.0,83.8,246.39999999999998,11.0,11.0,19.0,13.666666666666666,0.0,1913.3000000000002,4822.96,8,-0.8660254037844385,-0.5000000000000004,0,0.593311758360302,10
33.74.11,Tembalang,2022-09-01,DBD,8,185400,102.1,27.4,69.2,74.1,27.2,68.0,66.8,26.5,72.2,179.6,25.5,81.6,140.89999999999998,9.0,11.0,11.0,10.333333333333334,-2.0,1849.6,5038.799999999999,9,-1.0,-1.8369701987210297e-16,0,0.4854368932038835,10
33.74.11,Tembalang,2022-10-01,DBD,6,185400,394.1,25.5,84.2,102.1,27.4,69.2,74.1,27.2,68.0,66.8,26.5,72.2,176.2,8.0,9.0,11.0,9.333333333333334,-1.0,1896.08,7065.32,10,-0.8660254037844386,0.5000000000000001,1,0.43149946062567424,10
33.74.11,Tembalang,2022-11-01,DBD,13,185400,522.3,25.3,86.9,394.1,25.5,84.2,102.1,27.4,69.2,74.1,27.2,68.0,496.20000000000005,6.0,8.0,9.0,7.666666666666667,-2.0,2147.1,33183.22,11,-0.5000000000000004,0.8660254037844384,1,0.32362459546925565,10
33.74.11,Tembalang,2022-12-01,DBD,5,185400,386.6,25.3,85.5,522.3,25.3,86.9,394.1,25.5,84.2,102.1,27.4,69.2,916.4,13.0,6.0,8.0,9.0,7.0,2198.57,45387.87,12,-2.4492935982947064e-16,1.0,0,0.7011866235167207,10
33.74.11,Tembalang,2023-01-01,DBD,12,185400,339.0,25.0,87.5,386.6,25.3,85.5,522.3,25.3,86.9,394.1,25.5,84.2,908.9,5.0,13.0,6.0,8.0,-8.0,2163.15,33054.3,1,0.49999999999999994,0.8660254037844387,0,0.2696871628910464,10
33.74.11,Tembalang,2023-02-01,DBD,8,185400,397.8,24.8,87.4,339.0,25.0,87.5,386.6,25.3,85.5,522.3,25.3,86.9,725.6,12.0,5.0,13.0,10.0,7.0,2187.5,29662.5,2,0.8660254037844386,0.5000000000000001,0,0.6472491909385113,10
33.74.11,Tembalang,2023-03-01,DBD,6,185400,361.4,25.4,86.3,397.8,24.8,87.4,339.0,25.0,87.5,386.6,25.3,85.5,736.8,8.0,12.0,5.0,8.333333333333334,-4.0,2167.52,34767.72,3,1.0,6.123233995736766e-17,1,0.43149946062567424,10
33.74.11,Tembalang,2023-04-01,DBD,9,185400,323.1,25.8,84.9,361.4,25.4,86.3,397.8,24.8,87.4,339.0,25.0,87.5,759.2,6.0,8.0,12.0,8.666666666666666,-2.0,2192.02,31188.819999999996,4,0.8660254037844387,-0.4999999999999998,1,0.32362459546925565,10
33.74.11,Tembalang,2023-05-01,DBD,6,185400,76.2,26.8,75.0,323.1,25.8,84.9,361.4,25.4,86.3,397.8,24.8,87.4,684.5,9.0,6.0,8.0,7.666666666666667,3.0,2190.42,27431.190000000002,5,0.49999999999999994,-0.8660254037844387,0,0.4854368932038835,10
33.74.11,Tembalang,2023-06-01,DBD,7,185400,70.5,27.3,71.0,76.2,26.8,75.0,323.1,25.8,84.9,361.4,25.4,86.3,399.3,6.0,9.0,6.0,7.0,-3.0,2010.0,5715.0,6,1.2246467991473532e-16,-1.0,0,0.32362459546925565,10
33.74.11,Tembalang,2023-07-01,DBD,0,185400,43.7,27.0,66.2,70.5,27.3,71.0,76.2,26.8,75.0,323.1,25.8,84.9,146.7,7.0,6.0,9.0,7.333333333333333,1.0,1938.3,5005.5,7,-0.4999999999999997,-0.8660254037844388,0,0.37756202804746497,10
33.74.11,Tembalang,2023-08-01,DBD,1,185400,5.4,27.4,62.1,43.7,27.0,66.2,70.5,27.3,71.0,76.2,26.8,75.0,114.2,0.0,7.0,6.0,4.333333333333333,-7.0,1787.4,2892.9400000000005,8,-0.8660254037844385,-0.5000000000000004,0,0.0,10
33.74.11,Tembalang,2023-09-01,DBD,1,185400,12.1,28.1,56.5,5.4,27.4,62.1,43.7,27.0,66.2,70.5,27.3,71.0,49.1,1.0,0.0,7.0,2.6666666666666665,1.0,1701.54,335.34000000000003,9,-1.0,-1.8369701987210297e-16,0,0.05393743257820928,10
33.74.11,Tembalang,2023-10-01,DBD,1,185400,25.8,29.1,61.9,12.1,28.1,56.5,5.4,27.4,62.1,43.7,27.0,66.2,17.5,1.0,1.0,0.0,0.6666666666666666,0.0,1587.65,683.65,10,-0.8660254037844386,0.5000000000000001,1,0.05393743257820928,10
33.74.11,Tembalang,2023-11-01,DBD,0,185400,160.0,27.6,77.3,25.8,29.1,61.9,12.1,28.1,56.5,5.4,27.4,62.1,37.9,1.0,1.0,1.0,1.0,0.0,1801.29,1597.02,11,-0.5000000000000004,0.8660254037844384,1,0.05393743257820928,10
33.74.11,Tembalang,2023-12-01,DBD,2,185400,200.0,27.0,79.3,160.0,27.6,77.3,25.8,29.1,61.9,12.1,28.1,56.5,185.8,0.0,1.0,1.0,0.6666666666666666,-1.0,2133.48,12368.0,12,-2.4492935982947064e-16,1.0,0,0.0,10
33.74.11,Tembalang,2024-01-01,DBD,3,185400,400.7,25.9,88.0,200.0,27.0,79.3,160.0,27.6,77.3,25.8,29.1,61.9,360.0,2.0,0.0,1.0,1.0,2.0,2141.1,15860.0,1,0.49999999999999994,0.8660254037844387,0,0.10787486515641856,10
33.74.11,Tembalang,2024-02-01,DBD,4,185400,404.6,26.1,87.4,400.7,25.9,88.0,200.0,27.0,79.3,160.0,27.6,77.3,600.7,3.0,2.0,0.0,1.6666666666666667,1.0,2279.2,35261.6,2,0.8660254037844386,0.5000000000000001,0,0.16181229773462782,10
33.74.11,Tembalang,2024-03-01,DBD,3,185400,317.9,26.3,85.7,404.6,26.1,87.4,400.7,25.9,88.0,200.0,27.0,79.3,805.3,4.0,3.0,2.0,3.0,1.0,2281.1400000000003,35362.04,3,1.0,6.123233995736766e-17,1,0.21574973031283712,10
33.74.11,Tembalang,2024-04-01,DBD,8,185400,309.8,26.9,85.1,317.9,26.3,85.7,404.6,26.1,87.4,400.7,25.9,88.0,722.5,3.0,4.0,3.0,3.3333333333333335,-1.0,2253.9100000000003,27244.03,4,0.8660254037844387,-0.4999999999999998,1,0.16181229773462782,10
33.74.11,Tembalang,2024-05-01,DBD,9,185400,45.0,28.2,72.0,309.8,26.9,85.1,317.9,26.3,85.7,404.6,26.1,87.4,627.7,8.0,3.0,4.0,5.0,5.0,2289.1899999999996,26363.98,5,0.49999999999999994,-0.8660254037844387,0,0.43149946062567424,10
33.74.11,Tembalang,2024-06-01,DBD,2,185400,82.4,27.4,73.9,45.0,28.2,72.0,309.8,26.9,85.1,317.9,26.3,85.7,354.8,9.0,8.0,3.0,6.666666666666667,1.0,2030.3999999999999,3240.0,6,1.2246467991473532e-16,-1.0,0,0.4854368932038835,10
33.74.11,Tembalang,2024-07-01,DBD,3,185400,38.4,27.1,66.8,82.4,27.4,73.9,45.0,28.2,72.0,309.8,26.9,85.1,127.4,2.0,9.0,8.0,6.333333333333333,-7.0,2024.8600000000001,6089.360000000001,7,-0.4999999999999997,-0.8660254037844388,0,0.10787486515641856,10
33.74.11,Tembalang,2024-08-01,DBD,6,185400,14.7,27.7,62.3,38.4,27.1,66.8,82.4,27.4,73.9,45.0,28.2,72.0,120.80000000000001,3.0,2.0,9.0,4.666666666666667,1.0,1810.28,2565.12,8,-0.8660254037844385,-0.5000000000000004,0,0.16181229773462782,10
33.74.11,Tembalang,2024-09-01,DBD,2,185400,101.5,27.6,67.5,14.7,27.7,62.3,38.4,27.1,66.8,82.4,27.4,73.9,53.099999999999994,6.0,3.0,2.0,3.6666666666666665,3.0,1725.7099999999998,915.81,9,-1.0,-1.8369701987210297e-16,0,0.32362459546925565,10
33.74.11,Tembalang,2024-10-01,DBD,1,185400,42.0,28.5,66.8,101.5,27.6,67.5,14.7,27.7,62.3,38.4,27.1,66.8,116.2,2.0,6.0,3.0,3.6666666666666665,-4.0,1863.0,6851.25,10,-0.8660254037844386,0.5000000000000001,1,0.10787486515641856,10
33.74.11,Tembalang,2024-11-01,DBD,1,185400,312.1,26.9,81.8,42.0,28.5,66.8,101.5,27.6,67.5,14.7,27.7,62.3,143.5,1.0,2.0,6.0,3.0,-1.0,1903.8,2805.6,11,-0.5000000000000004,0.8660254037844384,1,0.05393743257820928,10
33.74.11,Tembalang,2024-12-01,DBD,1,185400,447.3,25.9,87.9,312.1,26.9,81.8,42.0,28.5,66.8,101.5,27.6,67.5,354.1,1.0,1.0,2.0,1.3333333333333333,0.0,2200.4199999999996,25529.780000000002,12,-2.4492935982947064e-16,1.0,0,0.05393743257820928,10
33.74.11,Tembalang,2025-01-01,DBD,7,185400,381.7,25.3,87.9,447.3,25.9,87.9,312.1,26.9,81.8,42.0,28.5,66.8,759.4000000000001,1.0,1.0,1.0,1.0,0.0,2276.61,39317.670000000006,1,0.49999999999999994,0.8660254037844387,0,0.05393743257820928,10
33.74.11,Tembalang,2025-02-01,DBD,7,185400,252.1,25.6,85.0,381.7,25.3,87.9,447.3,25.9,87.9,312.1,26.9,81.8,829.0,7.0,1.0,1.0,3.0,6.0,2223.8700000000003,33551.43,2,0.8660254037844386,0.5000000000000001,0,0.37756202804746497,10
33.74.11,Tembalang,2025-03-01,DBD,8,185400,277.3,26.0,85.1,252.1,25.6,85.0,381.7,25.3,87.9,447.3,25.9,87.9,633.8,7.0,7.0,1.0,5.0,0.0,2176.0,21428.5,3,1.0,6.123233995736766e-17,1,0.37756202804746497,10
33.74.11,Tembalang,2025-04-01,DBD,9,185400,214.8,26.2,82.5,277.3,26.0,85.1,252.1,25.6,85.0,381.7,25.3,87.9,529.4,8.0,7.0,7.0,7.333333333333333,1.0,2212.6,23598.23,4,0.8660254037844387,-0.4999999999999998,1,0.43149946062567424,10
33.74.11,Tembalang,2025-05-01,DBD,3,185400,301.8,26.1,84.6,214.8,26.2,82.5,277.3,26.0,85.1,252.1,25.6,85.0,492.1,9.0,8.0,7.0,8.0,1.0,2161.5,17721.0,5,0.49999999999999994,-0.8660254037844387,0,0.4854368932038835,10
33.74.11,Tembalang,2025-06-01,DBD,3,185400,87.1,26.4,77.4,301.8,26.1,84.6,214.8,26.2,82.5,277.3,26.0,85.1,516.6,3.0,9.0,8.0,6.666666666666667,-6.0,2208.06,25532.28,6,1.2246467991473532e-16,-1.0,0,0.16181229773462782,10
33.74.11,Tembalang,2025-07-01,DBD,1,185400,48.5,26.8,69.8,87.1,26.4,77.4,301.8,26.1,84.6,214.8,26.2,82.5,388.9,3.0,3.0,9.0,5.0,0.0,2043.3600000000001,6741.54,7,-0.4999999999999997,-0.8660254037844388,0,0.16181229773462782,10
33.74.11,Tembalang,2025-08-01,DBD,2,185400,147.1,26.7,72.7,48.5,26.8,69.8,87.1,26.4,77.4,301.8,26.1,84.6,135.6,1.0,3.0,3.0,2.3333333333333335,-2.0,1870.6399999999999,3385.2999999999997,8,-0.8660254037844385,-0.5000000000000004,0,0.05393743257820928,10
33.74.11,Tembalang,2025-09-01,DBD,3,185400,97.3,27.4,70.2,147.1,26.7,72.7,48.5,26.8,69.8,87.1,26.4,77.4,195.6,2.0,1.0,3.0,2.0,1.0,1941.09,10694.17,9,-1.0,-1.8369701987210297e-16,0,0.10787486515641856,10
33.74.11,Tembalang,2025-10-01,DBD,0,185400,310.5,27.4,74.7,97.3,27.4,70.2,147.1,26.7,72.7,48.5,26.8,69.8,244.39999999999998,3.0,2.0,1.0,2.0,1.0,1923.48,6830.46,10,-0.8660254037844386,0.5000000000000001,1,0.16181229773462782,10
33.74.11,Tembalang,2025-11-01,DBD,0,185400,288.4,26.1,84.0,310.5,27.4,74.7,97.3,27.4,70.2,147.1,26.7,72.7,407.8,0.0,3.0,2.0,1.6666666666666667,-3.0,2046.78,23194.350000000002,11,-0.5000000000000004,0.8660254037844384,1,0.0,10
33.74.11,Tembalang,2025-12-01,DBD,0,185400,319.5,25.9,85.7,288.4,26.1,84.0,310.5,27.4,74.7,97.3,27.4,70.2,598.9,0.0,0.0,3.0,1.0,0.0,2192.4,24225.6,12,-2.4492935982947064e-16,1.0,0,0.0,10
33.74.12,Banyumanik,2021-04-01,DBD,5,142100,144.2,26.0,82.8,303.0,25.3,87.9,386.5,24.7,88.6,480.5,24.7,90.0,689.5,3.0,5.0,1.0,3.0,-2.0,2223.8700000000003,26633.7,4,0.8660254037844387,-0.4999999999999998,1,0.211118930330753,11
33.74.12,Banyumanik,2021-05-01,DBD,2,142100,183.7,27.0,77.8,144.2,26.0,82.8,303.0,25.3,87.9,386.5,24.7,88.6,447.2,5.0,3.0,5.0,4.333333333333333,2.0,2152.7999999999997,11939.759999999998,5,0.49999999999999994,-0.8660254037844387,0,0.3518648838845883,11
33.74.12,Banyumanik,2021-06-01,DBD,4,142100,154.2,26.0,82.0,183.7,27.0,77.8,144.2,26.0,82.8,303.0,25.3,87.9,327.9,2.0,5.0,3.0,3.3333333333333335,-3.0,2100.6,14291.859999999999,6,1.2246467991473532e-16,-1.0,0,0.14074595355383532,11
33.74.12,Banyumanik,2021-07-01,DBD,1,142100,13.5,27.5,63.1,154.2,26.0,82.0,183.7,27.0,77.8,144.2,26.0,82.8,337.9,4.0,2.0,5.0,3.6666666666666665,2.0,2132.0,12644.4,7,-0.4999999999999997,-0.8660254037844388,0,0.28149190710767064,11
33.74.12,Banyumanik,2021-08-01,DBD,6,142100,87.0,27.7,65.0,13.5,27.5,63.1,154.2,26.0,82.0,183.7,27.0,77.8,167.7,1.0,4.0,2.0,2.3333333333333335,-3.0,1735.25,851.85,8,-0.8660254037844385,-0.5000000000000004,0,0.07037297677691766,11
33.74.12,Banyumanik,2021-09-01,DBD,8,142100,80.3,27.6,67.6,87.0,27.7,65.0,13.5,27.5,63.1,154.2,26.0,82.0,100.5,6.0,1.0,4.0,3.6666666666666665,5.0,1800.5,5655.0,9,-1.0,-1.8369701987210297e-16,0,0.422237860661506,11
33.74.12,Banyumanik,2021-10-01,DBD,1,142100,149.3,27.5,71.5,80.3,27.6,67.6,87.0,27.7,65.0,13.5,27.5,63.1,167.3,8.0,6.0,1.0,5.0,2.0,1865.76,5428.28,10,-0.8660254037844386,0.5000000000000001,1,0.5629838142153413,11
33.74.12,Banyumanik,2021-11-01,DBD,11,142100,407.7,25.5,87.5,149.3,27.5,71.5,80.3,27.6,67.6,87.0,27.7,65.0,229.60000000000002,1.0,8.0,6.0,5.0,-7.0,1966.25,10674.95,11,-0.5000000000000004,0.8660254037844384,1,0.07037297677691766,11
33.74.12,Banyumanik,2021-12-01,DBD,15,142100,416.8,25.3,88.9,407.7,25.5,87.5,149.3,27.5,71.5,80.3,27.6,67.6,557.0,11.0,1.0,8.0,6.666666666666667,10.0,2231.25,35673.75,12,-2.4492935982947064e-16,1.0,0,0.7741027445460944,11
33.74.12,Banyumanik,2022-01-01,DBD,7,142100,324.5,25.1,86.4,416.8,25.3,88.9,407.7,25.5,87.5,149.3,27.5,71.5,824.5,15.0,11.0,1.0,9.0,4.0,2249.17,37053.520000000004,1,0.49999999999999994,0.8660254037844387,0,1.0555946516537649,11
33.74.12,Banyumanik,2022-02-01,DBD,14,142100,324.1,25.2,86.2,324.5,25.1,86.4,416.8,25.3,88.9,407.7,25.5,87.5,741.3,7.0,15.0,11.0,11.0,-8.0,2168.6400000000003,28036.800000000003,2,0.8660254037844386,0.5000000000000001,0,0.49261083743842365,11
33.74.12,Banyumanik,2022-03-01,DBD,8,142100,458.6,25.4,87.6,324.1,25.2,86.2,324.5,25.1,86.4,416.8,25.3,88.9,648.6,14.0,7.0,15.0,12.0,7.0,2172.2400000000002,27937.420000000002,3,1.0,6.123233995736766e-17,1,0.9852216748768473,11
33.74.12,Banyumanik,2022-04-01,DBD,12,142100,258.1,25.9,83.7,458.6,25.4,87.6,324.1,25.2,86.2,324.5,25.1,86.4,782.7,8.0,14.0,7.0,9.666666666666666,-6.0,2225.0399999999995,40173.36,4,0.8660254037844387,-0.4999999999999998,1,0.5629838142153413,11
33.74.12,Banyumanik,2022-05-01,DBD,11,142100,203.7,26.0,83.8,258.1,25.9,83.7,458.6,25.4,87.6,324.1,25.2,86.2,716.7,12.0,8.0,14.0,11.333333333333334,4.0,2167.83,21602.97,5,0.49999999999999994,-0.8660254037844387,0,0.844475721323012,11
33.74.12,Banyumanik,2022-06-01,DBD,9,142100,179.6,25.5,81.6,203.7,26.0,83.8,258.1,25.9,83.7,458.6,25.4,87.6,461.8,11.0,12.0,8.0,10.333333333333334,-1.0,2178.7999999999997,17070.059999999998,6,1.2246467991473532e-16,-1.0,0,0.7741027445460944,11
33.74.12,Banyumanik,2022-07-01,DBD,8,142100,66.8,26.5,72.2,179.6,25.5,81.6,203.7,26.0,83.8,258.1,25.9,83.7,383.29999999999995,9.0,11.0,12.0,10.666666666666666,-2.0,2080.7999999999997,14655.359999999999,7,-0.4999999999999997,-0.8660254037844388,0,0.633356790992259,11
33.74.12,Banyumanik,2022-08-01,DBD,10,142100,74.1,27.2,68.0,66.8,26.5,72.2,179.6,25.5,81.6,203.7,26.0,83.8,246.39999999999998,8.0,9.0,11.0,9.333333333333334,-1.0,1913.3000000000002,4822.96,8,-0.8660254037844385,-0.5000000000000004,0,0.5629838142153413,11
33.74.12,Banyumanik,2022-09-01,DBD,5,142100,102.1,27.4,69.2,74.1,27.2,68.0,66.8,26.5,72.2,179.6,25.5,81.6,140.89999999999998,10.0,8.0,9.0,9.0,2.0,1849.6,5038.799999999999,9,-1.0,-1.8369701987210297e-16,0,0.7037297677691766,11
33.74.12,Banyumanik,2022-10-01,DBD,2,142100,394.1,25.5,84.2,102.1,27.4,69.2,74.1,27.2,68.0,66.8,26.5,72.2,176.2,5.0,10.0,8.0,7.666666666666667,-5.0,1896.08,7065.32,10,-0.8660254037844386,0.5000000000000001,1,0.3518648838845883,11
33.74.12,Banyumanik,2022-11-01,DBD,7,142100,522.3,25.3,86.9,394.1,25.5,84.2,102.1,27.4,69.2,74.1,27.2,68.0,496.20000000000005,2.0,5.0,10.0,5.666666666666667,-3.0,2147.1,33183.22,11,-0.5000000000000004,0.8660254037844384,1,0.14074595355383532,11
33.74.12,Banyumanik,2022-12-01,DBD,5,142100,386.6,25.3,85.5,522.3,25.3,86.9,394.1,25.5,84.2,102.1,27.4,69.2,916.4,7.0,2.0,5.0,4.666666666666667,5.0,2198.57,45387.87,12,-2.4492935982947064e-16,1.0,0,0.49261083743842365,11
33.74.12,Banyumanik,2023-01-01,DBD,10,142100,339.0,25.0,87.5,386.6,25.3,85.5,522.3,25.3,86.9,394.1,25.5,84.2,908.9,5.0,7.0,2.0,4.666666666666667,-2.0,2163.15,33054.3,1,0.49999999999999994,0.8660254037844387,0,0.3518648838845883,11
33.74.12,Banyumanik,2023-02-01,DBD,5,142100,397.8,24.8,87.4,339.0,25.0,87.5,386.6,25.3,85.5,522.3,25.3,86.9,725.6,10.0,5.0,7.0,7.333333333333333,5.0,2187.5,29662.5,2,0.8660254037844386,0.5000000000000001,0,0.7037297677691766,11
33.74.12,Banyumanik,2023-03-01,DBD,5,142100,361.4,25.4,86.3,397.8,24.8,87.4,339.0,25.0,87.5,386.6,25.3,85.5,736.8,5.0,10.0,5.0,6.666666666666667,-5.0,2167.52,34767.72,3,1.0,6.123233995736766e-17,1,0.3518648838845883,11
33.74.12,Banyumanik,2023-04-01,DBD,6,142100,323.1,25.8,84.9,361.4,25.4,86.3,397.8,24.8,87.4,339.0,25.0,87.5,759.2,5.0,5.0,10.0,6.666666666666667,0.0,2192.02,31188.819999999996,4,0.8660254037844387,-0.4999999999999998,1,0.3518648838845883,11
33.74.12,Banyumanik,2023-05-01,DBD,1,142100,76.2,26.8,75.0,323.1,25.8,84.9,361.4,25.4,86.3,397.8,24.8,87.4,684.5,6.0,5.0,5.0,5.333333333333333,1.0,2190.42,27431.190000000002,5,0.49999999999999994,-0.8660254037844387,0,0.422237860661506,11
33.74.12,Banyumanik,2023-06-01,DBD,4,142100,70.5,27.3,71.0,76.2,26.8,75.0,323.1,25.8,84.9,361.4,25.4,86.3,399.3,1.0,6.0,5.0,4.0,-5.0,2010.0,5715.0,6,1.2246467991473532e-16,-1.0,0,0.07037297677691766,11
33.74.12,Banyumanik,2023-07-01,DBD,1,142100,43.7,27.0,66.2,70.5,27.3,71.0,76.2,26.8,75.0,323.1,25.8,84.9,146.7,4.0,1.0,6.0,3.6666666666666665,3.0,1938.3,5005.5,7,-0.4999999999999997,-0.8660254037844388,0,0.28149190710767064,11
33.74.12,Banyumanik,2023-08-01,DBD,0,142100,5.4,27.4,62.1,43.7,27.0,66.2,70.5,27.3,71.0,76.2,26.8,75.0,114.2,1.0,4.0,1.0,2.0,-3.0,1787.4,2892.9400000000005,8,-0.8660254037844385,-0.5000000000000004,0,0.07037297677691766,11
33.74.12,Banyumanik,2023-09-01,DBD,1,142100,12.1,28.1,56.5,5.4,27.4,62.1,43.7,27.0,66.2,70.5,27.3,71.0,49.1,0.0,1.0,4.0,1.6666666666666667,-1.0,1701.54,335.34000000000003,9,-1.0,-1.8369701987210297e-16,0,0.0,11
33.74.12,Banyumanik,2023-10-01,DBD,0,142100,25.8,29.1,61.9,12.1,28.1,56.5,5.4,27.4,62.1,43.7,27.0,66.2,17.5,1.0,0.0,1.0,0.6666666666666666,1.0,1587.65,683.65,10,-0.8660254037844386,0.5000000000000001,1,0.07037297677691766,11
33.74.12,Banyumanik,2023-11-01,DBD,0,142100,160.0,27.6,77.3,25.8,29.1,61.9,12.1,28.1,56.5,5.4,27.4,62.1,37.9,0.0,1.0,0.0,0.3333333333333333,-1.0,1801.29,1597.02,11,-0.5000000000000004,0.8660254037844384,1,0.0,11
33.74.12,Banyumanik,2023-12-01,DBD,1,142100,200.0,27.0,79.3,160.0,27.6,77.3,25.8,29.1,61.9,12.1,28.1,56.5,185.8,0.0,0.0,1.0,0.3333333333333333,0.0,2133.48,12368.0,12,-2.4492935982947064e-16,1.0,0,0.0,11
33.74.12,Banyumanik,2024-01-01,DBD,3,142100,400.7,25.9,88.0,200.0,27.0,79.3,160.0,27.6,77.3,25.8,29.1,61.9,360.0,1.0,0.0,0.0,0.3333333333333333,1.0,2141.1,15860.0,1,0.49999999999999994,0.8660254037844387,0,0.07037297677691766,11
33.74.12,Banyumanik,2024-02-01,DBD,1,142100,404.6,26.1,87.4,400.7,25.9,88.0,200.0,27.0,79.3,160.0,27.6,77.3,600.7,3.0,1.0,0.0,1.3333333333333333,2.0,2279.2,35261.6,2,0.8660254037844386,0.5000000000000001,0,0.211118930330753,11
33.74.12,Banyumanik,2024-03-01,DBD,5,142100,317.9,26.3,85.7,404.6,26.1,87.4,400.7,25.9,88.0,200.0,27.0,79.3,805.3,1.0,3.0,1.0,1.6666666666666667,-2.0,2281.1400000000003,35362.04,3,1.0,6.123233995736766e-17,1,0.07037297677691766,11
33.74.12,Banyumanik,2024-04-01,DBD,3,142100,309.8,26.9,85.1,317.9,26.3,85.7,404.6,26.1,87.4,400.7,25.9,88.0,722.5,5.0,1.0,3.0,3.0,4.0,2253.9100000000003,27244.03,4,0.8660254037844387,-0.4999999999999998,1,0.3518648838845883,11
33.74.12,Banyumanik,2024-05-01,DBD,5,142100,45.0,28.2,72.0,309.8,26.9,85.1,317.9,26.3,85.7,404.6,26.1,87.4,627.7,3.0,5.0,1.0,3.0,-2.0,2289.1899999999996,26363.98,5,0.49999999999999994,-0.8660254037844387,0,0.211118930330753,11
33.74.12,Banyumanik,2024-06-01,DBD,1,142100,82.4,27.4,73.9,45.0,28.2,72.0,309.8,26.9,85.1,317.9,26.3,85.7,354.8,5.0,3.0,5.0,4.333333333333333,2.0,2030.3999999999999,3240.0,6,1.2246467991473532e-16,-1.0,0,0.3518648838845883,11
33.74.12,Banyumanik,2024-07-01,DBD,6,142100,38.4,27.1,66.8,82.4,27.4,73.9,45.0,28.2,72.0,309.8,26.9,85.1,127.4,1.0,5.0,3.0,3.0,-4.0,2024.8600000000001,6089.360000000001,7,-0.4999999999999997,-0.8660254037844388,0,0.07037297677691766,11
33.74.12,Banyumanik,2024-08-01,DBD,3,142100,14.7,27.7,62.3,38.4,27.1,66.8,82.4,27.4,73.9,45.0,28.2,72.0,120.80000000000001,6.0,1.0,5.0,4.0,5.0,1810.28,2565.12,8,-0.8660254037844385,-0.5000000000000004,0,0.422237860661506,11
33.74.12,Banyumanik,2024-09-01,DBD,2,142100,101.5,27.6,67.5,14.7,27.7,62.3,38.4,27.1,66.8,82.4,27.4,73.9,53.099999999999994,3.0,6.0,1.0,3.3333333333333335,-3.0,1725.7099999999998,915.81,9,-1.0,-1.8369701987210297e-16,0,0.211118930330753,11
33.74.12,Banyumanik,2024-10-01,DBD,0,142100,42.0,28.5,66.8,101.5,27.6,67.5,14.7,27.7,62.3,38.4,27.1,66.8,116.2,2.0,3.0,6.0,3.6666666666666665,-1.0,1863.0,6851.25,10,-0.8660254037844386,0.5000000000000001,1,0.14074595355383532,11
33.74.12,Banyumanik,2024-11-01,DBD,0,142100,312.1,26.9,81.8,42.0,28.5,66.8,101.5,27.6,67.5,14.7,27.7,62.3,143.5,0.0,2.0,3.0,1.6666666666666667,-2.0,1903.8,2805.6,11,-0.5000000000000004,0.8660254037844384,1,0.0,11
33.74.12,Banyumanik,2024-12-01,DBD,0,142100,447.3,25.9,87.9,312.1,26.9,81.8,42.0,28.5,66.8,101.5,27.6,67.5,354.1,0.0,0.0,2.0,0.6666666666666666,0.0,2200.4199999999996,25529.780000000002,12,-2.4492935982947064e-16,1.0,0,0.0,11
33.74.12,Banyumanik,2025-01-01,DBD,4,142100,381.7,25.3,87.9,447.3,25.9,87.9,312.1,26.9,81.8,42.0,28.5,66.8,759.4000000000001,0.0,0.0,0.0,0.0,0.0,2276.61,39317.670000000006,1,0.49999999999999994,0.8660254037844387,0,0.0,11
33.74.12,Banyumanik,2025-02-01,DBD,7,142100,252.1,25.6,85.0,381.7,25.3,87.9,447.3,25.9,87.9,312.1,26.9,81.8,829.0,4.0,0.0,0.0,1.3333333333333333,4.0,2223.8700000000003,33551.43,2,0.8660254037844386,0.5000000000000001,0,0.28149190710767064,11
33.74.12,Banyumanik,2025-03-01,DBD,5,142100,277.3,26.0,85.1,252.1,25.6,85.0,381.7,25.3,87.9,447.3,25.9,87.9,633.8,7.0,4.0,0.0,3.6666666666666665,3.0,2176.0,21428.5,3,1.0,6.123233995736766e-17,1,0.49261083743842365,11
33.74.12,Banyumanik,2025-04-01,DBD,6,142100,214.8,26.2,82.5,277.3,26.0,85.1,252.1,25.6,85.0,381.7,25.3,87.9,529.4,5.0,7.0,4.0,5.333333333333333,-2.0,2212.6,23598.23,4,0.8660254037844387,-0.4999999999999998,1,0.3518648838845883,11
33.74.12,Banyumanik,2025-05-01,DBD,3,142100,301.8,26.1,84.6,214.8,26.2,82.5,277.3,26.0,85.1,252.1,25.6,85.0,492.1,6.0,5.0,7.0,6.0,1.0,2161.5,17721.0,5,0.49999999999999994,-0.8660254037844387,0,0.422237860661506,11
33.74.12,Banyumanik,2025-06-01,DBD,1,142100,87.1,26.4,77.4,301.8,26.1,84.6,214.8,26.2,82.5,277.3,26.0,85.1,516.6,3.0,6.0,5.0,4.666666666666667,-3.0,2208.06,25532.28,6,1.2246467991473532e-16,-1.0,0,0.211118930330753,11
33.74.12,Banyumanik,2025-07-01,DBD,1,142100,48.5,26.8,69.8,87.1,26.4,77.4,301.8,26.1,84.6,214.8,26.2,82.5,388.9,1.0,3.0,6.0,3.3333333333333335,-2.0,2043.3600000000001,6741.54,7,-0.4999999999999997,-0.8660254037844388,0,0.07037297677691766,11
33.74.12,Banyumanik,2025-08-01,DBD,0,142100,147.1,26.7,72.7,48.5,26.8,69.8,87.1,26.4,77.4,301.8,26.1,84.6,135.6,1.0,1.0,3.0,1.6666666666666667,0.0,1870.6399999999999,3385.2999999999997,8,-0.8660254037844385,-0.5000000000000004,0,0.07037297677691766,11
33.74.12,Banyumanik,2025-09-01,DBD,1,142100,97.3,27.4,70.2,147.1,26.7,72.7,48.5,26.8,69.8,87.1,26.4,77.4,195.6,0.0,1.0,1.0,0.6666666666666666,-1.0,1941.09,10694.17,9,-1.0,-1.8369701987210297e-16,0,0.0,11
33.74.12,Banyumanik,2025-10-01,DBD,1,142100,310.5,27.4,74.7,97.3,27.4,70.2,147.1,26.7,72.7,48.5,26.8,69.8,244.39999999999998,1.0,0.0,1.0,0.6666666666666666,1.0,1923.48,6830.46,10,-0.8660254037844386,0.5000000000000001,1,0.07037297677691766,11
33.74.12,Banyumanik,2025-11-01,DBD,0,142100,288.4,26.1,84.0,310.5,27.4,74.7,97.3,27.4,70.2,147.1,26.7,72.7,407.8,1.0,1.0,0.0,0.6666666666666666,0.0,2046.78,23194.350000000002,11,-0.5000000000000004,0.8660254037844384,1,0.07037297677691766,11
33.74.12,Banyumanik,2025-12-01,DBD,0,142100,319.5,25.9,85.7,288.4,26.1,84.0,310.5,27.4,74.7,97.3,27.4,70.2,598.9,0.0,1.0,1.0,0.6666666666666666,-1.0,2192.4,24225.6,12,-2.4492935982947064e-16,1.0,0,0.0,11
33.74.13,Gunungpati,2021-04-01,DBD,2,98200,196.1,24.9,84.5,431.2,24.4,88.8,529.0,23.6,91.3,572.8,23.8,90.0,960.2,0.0,0.0,0.0,0.0,0.0,2166.72,38290.56,4,0.8660254037844387,-0.4999999999999998,1,0.0,12
33.74.13,Gunungpati,2021-05-01,DBD,3,98200,184.9,25.7,81.0,196.1,24.9,84.5,431.2,24.4,88.8,529.0,23.6,91.3,627.3,2.0,0.0,0.0,0.6666666666666666,2.0,2104.0499999999997,16570.45,5,0.49999999999999994,-0.8660254037844387,0,0.20366598778004072,12
33.74.13,Gunungpati,2021-06-01,DBD,2,98200,194.9,24.9,84.7,184.9,25.7,81.0,196.1,24.9,84.5,431.2,24.4,88.8,381.0,3.0,2.0,0.0,1.6666666666666667,1.0,2081.7,14976.9,6,1.2246467991473532e-16,-1.0,0,0.3054989816700611,12
33.74.13,Gunungpati,2021-07-01,DBD,0,98200,19.5,25.9,67.7,194.9,24.9,84.7,184.9,25.7,81.0,196.1,24.9,84.5,379.8,2.0,3.0,2.0,2.3333333333333335,-1.0,2109.0299999999997,16508.030000000002,7,-0.4999999999999997,-0.8660254037844388,0,0.20366598778004072,12
33.74.13,Gunungpati,2021-08-01,DBD,1,98200,93.0,26.2,68.2,19.5,25.9,67.7,194.9,24.9,84.7,184.9,25.7,81.0,214.4,0.0,2.0,3.0,1.6666666666666667,-2.0,1753.43,1320.15,8,-0.8660254037844385,-0.5000000000000004,0,0.0,12
33.74.13,Gunungpati,2021-09-01,DBD,4,98200,119.9,26.1,71.5,93.0,26.2,68.2,19.5,25.9,67.7,194.9,24.9,84.7,112.5,1.0,0.0,2.0,1.0,1.0,1786.84,6342.6,9,-1.0,-1.8369701987210297e-16,0,0.10183299389002036,12
33.74.13,Gunungpati,2021-10-01,DBD,1,98200,183.1,26.0,74.4,119.9,26.1,71.5,93.0,26.2,68.2,19.5,25.9,67.7,212.9,4.0,1.0,0.0,1.6666666666666667,3.0,1866.15,8572.85,10,-0.8660254037844386,0.5000000000000001,1,0.40733197556008144,12
33.74.13,Gunungpati,2021-11-01,DBD,3,98200,497.3,24.6,87.4,183.1,26.0,74.4,119.9,26.1,71.5,93.0,26.2,68.2,303.0,1.0,4.0,1.0,2.0,-3.0,1934.4,13622.640000000001,11,-0.5000000000000004,0.8660254037844384,1,0.10183299389002036,12
33.74.13,Gunungpati,2021-12-01,DBD,11,98200,507.3,24.5,88.2,497.3,24.6,87.4,183.1,26.0,74.4,119.9,26.1,71.5,680.4,3.0,1.0,4.0,2.6666666666666665,2.0,2150.0400000000004,43464.020000000004,12,-2.4492935982947064e-16,1.0,0,0.3054989816700611,12
33.74.13,Gunungpati,2022-01-01,DBD,4,98200,399.9,24.1,86.7,507.3,24.5,88.2,497.3,24.6,87.4,183.1,26.0,74.4,1004.6,11.0,3.0,1.0,5.0,8.0,2160.9,44743.86,1,0.49999999999999994,0.8660254037844387,0,1.120162932790224,12
33.74.13,Gunungpati,2022-02-01,DBD,4,98200,325.4,24.2,86.8,399.9,24.1,86.7,507.3,24.5,88.2,497.3,24.6,87.4,907.2,4.0,11.0,3.0,6.0,-7.0,2089.4700000000003,34671.33,2,0.8660254037844386,0.5000000000000001,0,0.40733197556008144,12
33.74.13,Gunungpati,2022-03-01,DBD,2,98200,530.0,24.6,87.6,325.4,24.2,86.8,399.9,24.1,86.7,507.3,24.5,88.2,725.3,4.0,4.0,11.0,6.333333333333333,0.0,2100.56,28244.719999999998,3,1.0,6.123233995736766e-17,1,0.40733197556008144,12
33.74.13,Gunungpati,2022-04-01,DBD,4,98200,327.8,24.9,84.3,530.0,24.6,87.6,325.4,24.2,86.8,399.9,24.1,86.7,855.4,2.0,4.0,4.0,3.3333333333333335,-2.0,2154.96,46428.0,4,0.8660254037844387,-0.4999999999999998,1,0.20366598778004072,12
33.74.13,Gunungpati,2022-05-01,DBD,8,98200,219.0,25.2,84.3,327.8,24.9,84.3,530.0,24.6,87.6,325.4,24.2,86.8,857.8,4.0,2.0,4.0,3.3333333333333335,2.0,2099.0699999999997,27633.54,5,0.49999999999999994,-0.8660254037844387,0,0.40733197556008144,12
33.74.13,Gunungpati,2022-06-01,DBD,0,98200,206.5,24.6,82.2,219.0,25.2,84.3,327.8,24.9,84.3,530.0,24.6,87.6,546.8,8.0,4.0,2.0,4.666666666666667,4.0,2124.3599999999997,18461.7,6,1.2246467991473532e-16,-1.0,0,0.8146639511201629,12
33.74.13,Gunungpati,2022-07-01,DBD,4,98200,95.9,25.0,76.5,206.5,24.6,82.2,219.0,25.2,84.3,327.8,24.9,84.3,425.5,0.0,8.0,4.0,4.0,-8.0,2022.1200000000001,16974.3,7,-0.4999999999999997,-0.8660254037844388,0,0.0,12
33.74.13,Gunungpati,2022-08-01,DBD,5,98200,102.3,25.6,72.2,95.9,25.0,76.5,206.5,24.6,82.2,219.0,25.2,84.3,302.4,4.0,0.0,8.0,4.0,4.0,1912.5,7336.35,8,-0.8660254037844385,-0.5000000000000004,0,0.40733197556008144,12
33.74.13,Gunungpati,2022-09-01,DBD,6,98200,159.6,25.9,72.8,102.3,25.6,72.2,95.9,25.0,76.5,206.5,24.6,82.2,198.2,5.0,4.0,0.0,3.0,1.0,1848.3200000000002,7386.06,9,-1.0,-1.8369701987210297e-16,0,0.5091649694501018,12
33.74.13,Gunungpati,2022-10-01,DBD,3,98200,512.2,24.5,84.5,159.6,25.9,72.8,102.3,25.6,72.2,95.9,25.0,76.5,261.9,6.0,5.0,4.0,5.0,1.0,1885.5199999999998,11618.88,10,-0.8660254037844386,0.5000000000000001,1,0.6109979633401222,12
33.74.13,Gunungpati,2022-11-01,DBD,1,98200,602.1,24.4,87.1,512.2,24.5,84.5,159.6,25.9,72.8,102.3,25.6,72.2,671.8000000000001,3.0,6.0,5.0,4.666666666666667,-3.0,2070.25,43280.9,11,-0.5000000000000004,0.8660254037844384,1,0.3054989816700611,12
33.74.13,Gunungpati,2022-12-01,DBD,4,98200,411.6,24.3,85.9,602.1,24.4,87.1,512.2,24.5,84.5,159.6,25.9,72.8,1114.3000000000002,1.0,3.0,6.0,3.3333333333333335,-2.0,2125.24,52442.909999999996,12,-2.4492935982947064e-16,1.0,0,0.10183299389002036,12
33.74.13,Gunungpati,2023-01-01,DBD,2,98200,419.4,24.1,86.9,411.6,24.3,85.9,602.1,24.4,87.1,512.2,24.5,84.5,1013.7,4.0,1.0,3.0,2.6666666666666665,3.0,2087.3700000000003,35356.44,1,0.49999999999999994,0.8660254037844387,0,0.40733197556008144,12
33.74.13,Gunungpati,2023-02-01,DBD,0,98200,423.2,23.8,88.2,419.4,24.1,86.9,411.6,24.3,85.9,602.1,24.4,87.1,831.0,2.0,4.0,1.0,2.3333333333333335,-2.0,2094.2900000000004,36445.86,2,0.8660254037844386,0.5000000000000001,0,0.20366598778004072,12
33.74.13,Gunungpati,2023-03-01,DBD,3,98200,423.4,24.5,86.3,423.2,23.8,88.2,419.4,24.1,86.9,411.6,24.3,85.9,842.5999999999999,0.0,2.0,4.0,2.0,-2.0,2099.1600000000003,37326.24,3,1.0,6.123233995736766e-17,1,0.0,12
33.74.13,Gunungpati,2023-04-01,DBD,4,98200,386.1,24.9,84.6,423.4,24.5,86.3,423.2,23.8,88.2,419.4,24.1,86.9,846.5999999999999,3.0,0.0,2.0,1.6666666666666667,3.0,2114.35,36539.42,4,0.8660254037844387,-0.4999999999999998,1,0.3054989816700611,12
33.74.13,Gunungpati,2023-05-01,DBD,2,98200,99.6,25.6,77.0,386.1,24.9,84.6,423.4,24.5,86.3,423.2,23.8,88.2,809.5,4.0,3.0,0.0,2.3333333333333335,1.0,2106.54,32664.06,5,0.49999999999999994,-0.8660254037844387,0,0.40733197556008144,12
33.74.13,Gunungpati,2023-06-01,DBD,0,98200,70.2,26.0,73.8,99.6,25.6,77.0,386.1,24.9,84.6,423.4,24.5,86.3,485.70000000000005,2.0,4.0,3.0,3.0,-2.0,1971.2,7669.2,6,1.2246467991473532e-16,-1.0,0,0.20366598778004072,12
33.74.13,Gunungpati,2023-07-01,DBD,0,98200,60.5,25.6,69.4,70.2,26.0,73.8,99.6,25.6,77.0,386.1,24.9,84.6,169.8,0.0,2.0,4.0,2.0,-2.0,1918.8,5180.76,7,-0.4999999999999997,-0.8660254037844388,0,0.0,12
33.74.13,Gunungpati,2023-08-01,DBD,0,98200,7.2,26.4,62.6,60.5,25.6,69.4,70.2,26.0,73.8,99.6,25.6,77.0,130.7,0.0,0.0,2.0,0.6666666666666666,0.0,1776.6400000000003,4198.700000000001,8,-0.8660254037844385,-0.5000000000000004,0,0.0,12
33.74.13,Gunungpati,2023-09-01,DBD,0,98200,15.1,27.0,57.0,7.2,26.4,62.6,60.5,25.6,69.4,70.2,26.0,73.8,67.7,0.0,0.0,0.0,0.0,0.0,1652.6399999999999,450.72,9,-1.0,-1.8369701987210297e-16,0,0.0,12
33.74.13,Gunungpati,2023-10-01,DBD,0,98200,36.3,27.9,63.1,15.1,27.0,57.0,7.2,26.4,62.6,60.5,25.6,69.4,22.3,0.0,0.0,0.0,0.0,0.0,1539.0,860.6999999999999,10,-0.8660254037844386,0.5000000000000001,1,0.0,12
33.74.13,Gunungpati,2023-11-01,DBD,0,98200,233.5,26.5,78.3,36.3,27.9,63.1,15.1,27.0,57.0,7.2,26.4,62.6,51.4,0.0,0.0,0.0,0.0,0.0,1760.49,2290.5299999999997,11,-0.5000000000000004,0.8660254037844384,1,0.0,12
33.74.13,Gunungpati,2023-12-01,DBD,1,98200,281.8,25.9,80.8,233.5,26.5,78.3,36.3,27.9,63.1,15.1,27.0,57.0,269.8,0.0,0.0,0.0,0.0,0.0,2074.95,18283.05,12,-2.4492935982947064e-16,1.0,0,0.0,12
33.74.13,Gunungpati,2024-01-01,DBD,1,98200,427.0,25.1,87.9,281.8,25.9,80.8,233.5,26.5,78.3,36.3,27.9,63.1,515.3,1.0,0.0,0.0,0.3333333333333333,1.0,2092.72,22769.44,1,0.49999999999999994,0.8660254037844387,0,0.10183299389002036,12
33.74.13,Gunungpati,2024-02-01,DBD,3,98200,553.7,25.1,88.2,427.0,25.1,87.9,281.8,25.9,80.8,233.5,26.5,78.3,708.8,1.0,1.0,0.0,0.6666666666666666,0.0,2206.2900000000004,37533.3,2,0.8660254037844386,0.5000000000000001,0,0.10183299389002036,12
33.74.13,Gunungpati,2024-03-01,DBD,3,98200,407.1,25.3,87.0,553.7,25.1,88.2,427.0,25.1,87.9,281.8,25.9,80.8,980.7,3.0,1.0,1.0,1.6666666666666667,2.0,2213.82,48836.340000000004,3,1.0,6.123233995736766e-17,1,0.3054989816700611,12
33.74.13,Gunungpati,2024-04-01,DBD,2,98200,371.3,25.9,86.7,407.1,25.3,87.0,553.7,25.1,88.2,427.0,25.1,87.9,960.8000000000001,3.0,3.0,1.0,2.3333333333333335,0.0,2201.1,35417.700000000004,4,0.8660254037844387,-0.4999999999999998,1,0.3054989816700611,12
33.74.13,Gunungpati,2024-05-01,DBD,0,98200,51.0,26.9,75.3,371.3,25.9,86.7,407.1,25.3,87.0,553.7,25.1,88.2,778.4000000000001,2.0,3.0,3.0,2.6666666666666665,-1.0,2245.5299999999997,32191.710000000003,5,0.49999999999999994,-0.8660254037844387,0,0.20366598778004072,12
33.74.13,Gunungpati,2024-06-01,DBD,0,98200,88.7,26.0,77.5,51.0,26.9,75.3,371.3,25.9,86.7,407.1,25.3,87.0,422.3,0.0,2.0,3.0,1.6666666666666667,-2.0,2025.5699999999997,3840.2999999999997,6,1.2246467991473532e-16,-1.0,0,0.0,12
33.74.13,Gunungpati,2024-07-01,DBD,0,98200,53.5,25.8,69.8,88.7,26.0,77.5,51.0,26.9,75.3,371.3,25.9,86.7,139.7,0.0,0.0,2.0,0.6666666666666666,0.0,2015.0,6874.25,7,-0.4999999999999997,-0.8660254037844388,0,0.0,12
33.74.13,Gunungpati,2024-08-01,DBD,0,98200,24.2,26.5,63.8,53.5,25.8,69.8,88.7,26.0,77.5,51.0,26.9,75.3,142.2,0.0,0.0,0.0,0.0,0.0,1800.84,3734.2999999999997,8,-0.8660254037844385,-0.5000000000000004,0,0.0,12
33.74.13,Gunungpati,2024-09-01,DBD,0,98200,116.5,26.4,69.3,24.2,26.5,63.8,53.5,25.8,69.8,88.7,26.0,77.5,77.7,0.0,0.0,0.0,0.0,0.0,1690.6999999999998,1543.9599999999998,9,-1.0,-1.8369701987210297e-16,0,0.0,12
33.74.13,Gunungpati,2024-10-01,DBD,0,98200,74.2,27.0,69.7,116.5,26.4,69.3,24.2,26.5,63.8,53.5,25.8,69.8,140.7,0.0,0.0,0.0,0.0,0.0,1829.5199999999998,8073.45,10,-0.8660254037844386,0.5000000000000001,1,0.0,12
33.74.13,Gunungpati,2024-11-01,DBD,1,98200,364.7,25.7,83.6,74.2,27.0,69.7,116.5,26.4,69.3,24.2,26.5,63.8,190.7,0.0,0.0,0.0,0.0,0.0,1881.9,5171.740000000001,11,-0.5000000000000004,0.8660254037844384,1,0.0,12
33.74.13,Gunungpati,2024-12-01,DBD,0,98200,609.8,24.8,88.4,364.7,25.7,83.6,74.2,27.0,69.7,116.5,26.4,69.3,438.9,1.0,0.0,0.0,0.3333333333333333,1.0,2148.52,30488.92,12,-2.4492935982947064e-16,1.0,0,0.10183299389002036,12
33.74.13,Gunungpati,2025-01-01,DBD,1,98200,621.9,24.2,89.4,609.8,24.8,88.4,364.7,25.7,83.6,74.2,27.0,69.7,974.5,0.0,1.0,0.0,0.3333333333333333,-1.0,2192.32,53906.32,1,0.49999999999999994,0.8660254037844387,0,0.0,12
33.74.13,Gunungpati,2025-02-01,DBD,3,98200,389.6,24.4,87.9,621.9,24.2,89.4,609.8,24.8,88.4,364.7,25.7,83.6,1231.6999999999998,1.0,0.0,1.0,0.6666666666666666,1.0,2163.48,55597.86,2,0.8660254037844386,0.5000000000000001,0,0.10183299389002036,12
33.74.13,Gunungpati,2025-03-01,DBD,3,98200,400.4,24.9,86.9,389.6,24.4,87.9,621.9,24.2,89.4,609.8,24.8,88.4,1011.5,3.0,1.0,0.0,1.3333333333333333,2.0,2144.76,34245.840000000004,3,1.0,6.123233995736766e-17,1,0.3054989816700611,12
33.74.13,Gunungpati,2025-04-01,DBD,0,98200,341.4,25.0,84.9,400.4,24.9,86.9,389.6,24.4,87.9,621.9,24.2,89.4,790.0,3.0,3.0,1.0,2.3333333333333335,0.0,2163.81,34794.76,4,0.8660254037844387,-0.4999999999999998,1,0.3054989816700611,12
33.74.13,Gunungpati,2025-05-01,DBD,1,98200,411.4,25.1,86.1,341.4,25.0,84.9,400.4,24.9,86.9,389.6,24.4,87.9,741.8,0.0,3.0,3.0,2.0,-3.0,2122.5,28984.86,5,0.49999999999999994,-0.8660254037844387,0,0.0,12
33.74.13,Gunungpati,2025-06-01,DBD,1,98200,133.4,25.3,79.8,411.4,25.1,86.1,341.4,25.0,84.9,400.4,24.9,86.9,752.8,1.0,0.0,3.0,1.3333333333333333,1.0,2161.11,35421.53999999999,6,1.2246467991473532e-16,-1.0,0,0.10183299389002036,12
33.74.13,Gunungpati,2025-07-01,DBD,0,98200,68.5,25.5,72.7,133.4,25.3,79.8,411.4,25.1,86.1,341.4,25.0,84.9,544.8,1.0,1.0,0.0,0.6666666666666666,0.0,2018.94,10645.32,7,-0.4999999999999997,-0.8660254037844388,0,0.10183299389002036,12
33.74.13,Gunungpati,2025-08-01,DBD,0,98200,150.6,25.3,75.7,68.5,25.5,72.7,133.4,25.3,79.8,411.4,25.1,86.1,201.9,0.0,1.0,1.0,0.6666666666666666,-1.0,1853.8500000000001,4979.95,8,-0.8660254037844385,-0.5000000000000004,0,0.0,12
33.74.13,Gunungpati,2025-09-01,DBD,0,98200,145.8,26.0,73.1,150.6,25.3,75.7,68.5,25.5,72.7,133.4,25.3,79.8,219.1,0.0,0.0,1.0,0.3333333333333333,0.0,1915.21,11400.42,9,-1.0,-1.8369701987210297e-16,0,0.0,12
33.74.13,Gunungpati,2025-10-01,DBD,1,98200,337.6,26.0,77.4,145.8,26.0,73.1,150.6,25.3,75.7,68.5,25.5,72.7,296.4,0.0,0.0,0.0,0.0,0.0,1900.6,10657.98,10,-0.8660254037844386,0.5000000000000001,1,0.0,12
33.74.13,Gunungpati,2025-11-01,DBD,0,98200,409.6,25.1,83.9,337.6,26.0,77.4,145.8,26.0,73.1,150.6,25.3,75.7,483.40000000000003,1.0,0.0,0.0,0.3333333333333333,1.0,2012.4,26130.240000000005,11,-0.5000000000000004,0.8660254037844384,1,0.10183299389002036,12
33.74.13,Gunungpati,2025-12-01,DBD,0,98200,421.8,24.9,86.4,409.6,25.1,83.9,337.6,26.0,77.4,145.8,26.0,73.1,747.2,0.0,1.0,0.0,0.3333333333333333,-1.0,2105.8900000000003,34365.44,12,-2.4492935982947064e-16,1.0,0,0.0,12
33.74.14,Mijen,2021-04-01,DBD,2,78900,231.2,25.5,85.4,448.3,24.9,89.1,597.6,24.1,92.9,534.8,24.3,90.5,1045.9,1.0,0.0,1.0,0.6666666666666666,1.0,2218.5899999999997,39943.53,4,0.8660254037844387,-0.4999999999999998,1,0.12674271229404308,13
33.74.14,Mijen,2021-05-01,DBD,0,78900,207.6,26.2,83.2,231.2,25.5,85.4,448.3,24.9,89.1,597.6,24.1,92.9,679.5,2.0,1.0,0.0,1.0,1.0,2177.7000000000003,19744.48,5,0.49999999999999994,-0.8660254037844387,0,0.25348542458808615,13
33.74.14,Mijen,2021-06-01,DBD,0,78900,272.9,25.4,86.2,207.6,26.2,83.2,231.2,25.5,85.4,448.3,24.9,89.1,438.79999999999995,0.0,2.0,1.0,1.0,-2.0,2179.84,17272.32,6,1.2246467991473532e-16,-1.0,0,0.0,13
33.74.14,Mijen,2021-07-01,DBD,1,78900,27.3,26.0,73.3,272.9,25.4,86.2,207.6,26.2,83.2,231.2,25.5,85.4,480.5,0.0,0.0,2.0,0.6666666666666666,0.0,2189.48,23523.98,7,-0.4999999999999997,-0.8660254037844388,0,0.0,13
33.74.14,Mijen,2021-08-01,DBD,2,78900,82.9,26.5,70.7,27.3,26.0,73.3,272.9,25.4,86.2,207.6,26.2,83.2,300.2,1.0,0.0,0.0,0.3333333333333333,1.0,1905.8,2001.09,8,-0.8660254037844385,-0.5000000000000004,0,0.12674271229404308,13
33.74.14,Mijen,2021-09-01,DBD,2,78900,121.9,26.4,73.8,82.9,26.5,70.7,27.3,26.0,73.3,272.9,25.4,86.2,110.2,2.0,1.0,0.0,1.0,1.0,1873.5500000000002,5861.030000000001,9,-1.0,-1.8369701987210297e-16,0,0.25348542458808615,13
33.74.14,Mijen,2021-10-01,DBD,1,78900,196.2,26.5,75.6,121.9,26.4,73.8,82.9,26.5,70.7,27.3,26.0,73.3,204.8,2.0,2.0,1.0,1.6666666666666667,0.0,1948.3199999999997,8996.22,10,-0.8660254037844386,0.5000000000000001,1,0.25348542458808615,13
33.74.14,Mijen,2021-11-01,DBD,2,78900,484.2,25.2,87.6,196.2,26.5,75.6,121.9,26.4,73.8,82.9,26.5,70.7,318.1,1.0,2.0,2.0,1.6666666666666667,-1.0,2003.3999999999999,14832.719999999998,11,-0.5000000000000004,0.8660254037844384,1,0.12674271229404308,13
33.74.14,Mijen,2021-12-01,DBD,4,78900,453.3,25.1,87.7,484.2,25.2,87.6,196.2,26.5,75.6,121.9,26.4,73.8,680.4,2.0,1.0,2.0,1.6666666666666667,1.0,2207.52,42415.92,12,-2.4492935982947064e-16,1.0,0,0.25348542458808615,13
33.74.14,Mijen,2022-01-01,DBD,9,78900,390.0,24.6,87.7,453.3,25.1,87.7,484.2,25.2,87.6,196.2,26.5,75.6,937.5,4.0,2.0,1.0,2.3333333333333335,2.0,2201.27,39754.41,1,0.49999999999999994,0.8660254037844387,0,0.5069708491761723,13
33.74.14,Mijen,2022-02-01,DBD,7,78900,377.6,24.7,87.6,390.0,24.6,87.7,453.3,25.1,87.7,484.2,25.2,87.6,843.3,9.0,4.0,2.0,5.0,5.0,2157.42,34203.0,2,0.8660254037844386,0.5000000000000001,0,1.1406844106463878,13
33.74.14,Mijen,2022-03-01,DBD,7,78900,558.8,25.1,88.0,377.6,24.7,87.6,390.0,24.6,87.7,453.3,25.1,87.7,767.6,7.0,9.0,4.0,6.666666666666667,-2.0,2163.72,33077.76,3,1.0,6.123233995736766e-17,1,0.8871989860583017,13
33.74.14,Mijen,2022-04-01,DBD,7,78900,330.0,25.4,85.2,558.8,25.1,88.0,377.6,24.7,87.6,390.0,24.6,87.7,936.4,7.0,7.0,9.0,7.666666666666667,0.0,2208.8,49174.399999999994,4,0.8660254037844387,-0.4999999999999998,1,0.8871989860583017,13
33.74.14,Mijen,2022-05-01,DBD,4,78900,248.2,25.8,85.1,330.0,25.4,85.2,558.8,25.1,88.0,377.6,24.7,87.6,888.8,7.0,7.0,7.0,7.0,0.0,2164.08,28116.0,5,0.49999999999999994,-0.8660254037844387,0,0.8871989860583017,13
33.74.14,Mijen,2022-06-01,DBD,6,78900,291.1,25.1,83.9,248.2,25.8,85.1,330.0,25.4,85.2,558.8,25.1,88.0,578.2,4.0,7.0,7.0,6.0,-3.0,2195.58,21121.819999999996,6,1.2246467991473532e-16,-1.0,0,0.5069708491761723,13
33.74.14,Mijen,2022-07-01,DBD,5,78900,110.9,25.4,79.1,291.1,25.1,83.9,248.2,25.8,85.1,330.0,25.4,85.2,539.3,6.0,4.0,7.0,5.666666666666667,2.0,2105.8900000000003,24423.290000000005,7,-0.4999999999999997,-0.8660254037844388,0,0.7604562737642586,13
33.74.14,Mijen,2022-08-01,DBD,4,78900,126.3,25.9,74.8,110.9,25.4,79.1,291.1,25.1,83.9,248.2,25.8,85.1,402.0,5.0,6.0,4.0,5.0,-1.0,2009.1399999999996,8772.19,8,-0.8660254037844385,-0.5000000000000004,0,0.6337135614702154,13
33.74.14,Mijen,2022-09-01,DBD,1,78900,170.9,26.1,76.5,126.3,25.9,74.8,110.9,25.4,79.1,291.1,25.1,83.9,237.2,4.0,5.0,6.0,5.0,-1.0,1937.3199999999997,9447.24,9,-1.0,-1.8369701987210297e-16,0,0.5069708491761723,13
33.74.14,Mijen,2022-10-01,DBD,0,78900,434.4,25.1,84.2,170.9,26.1,76.5,126.3,25.9,74.8,110.9,25.4,79.1,297.2,1.0,4.0,5.0,3.3333333333333335,-3.0,1996.65,13073.85,10,-0.8660254037844386,0.5000000000000001,1,0.12674271229404308,13
33.74.14,Mijen,2022-11-01,DBD,1,78900,559.1,25.0,87.3,434.4,25.1,84.2,170.9,26.1,76.5,126.3,25.9,74.8,605.3,0.0,1.0,4.0,1.6666666666666667,-1.0,2113.42,36576.479999999996,11,-0.5000000000000004,0.8660254037844384,1,0.0,13
33.74.14,Mijen,2022-12-01,DBD,4,78900,390.2,24.8,86.3,559.1,25.0,87.3,434.4,25.1,84.2,170.9,26.1,76.5,993.5,1.0,0.0,1.0,0.6666666666666666,1.0,2182.5,48809.43,12,-2.4492935982947064e-16,1.0,0,0.12674271229404308,13
33.74.14,Mijen,2023-01-01,DBD,6,78900,427.5,24.7,86.9,390.2,24.8,86.3,559.1,25.0,87.3,434.4,25.1,84.2,949.3,4.0,1.0,0.0,1.6666666666666667,3.0,2140.24,33674.259999999995,1,0.49999999999999994,0.8660254037844387,0,0.5069708491761723,13
33.74.14,Mijen,2023-02-01,DBD,3,78900,463.1,24.2,89.8,427.5,24.7,86.9,390.2,24.8,86.3,559.1,25.0,87.3,817.7,6.0,4.0,1.0,3.6666666666666665,2.0,2146.4300000000003,37149.75,2,0.8660254037844386,0.5000000000000001,0,0.7604562737642586,13
33.74.14,Mijen,2023-03-01,DBD,3,78900,444.6,25.0,87.5,463.1,24.2,89.8,427.5,24.7,86.9,390.2,24.8,86.3,890.6,3.0,6.0,4.0,4.333333333333333,-3.0,2173.16,41586.38,3,1.0,6.123233995736766e-17,1,0.3802281368821293,13
33.74.14,Mijen,2023-04-01,DBD,5,78900,359.6,25.5,85.2,444.6,25.0,87.5,463.1,24.2,89.8,427.5,24.7,86.9,907.7,3.0,3.0,6.0,4.0,0.0,2187.5,38902.5,4,0.8660254037844387,-0.4999999999999998,1,0.3802281368821293,13
33.74.14,Mijen,2023-05-01,DBD,3,78900,162.5,26.2,77.9,359.6,25.5,85.2,444.6,25.0,87.5,463.1,24.2,89.8,804.2,5.0,3.0,3.0,3.6666666666666665,2.0,2172.6,30637.920000000002,5,0.49999999999999994,-0.8660254037844387,0,0.6337135614702154,13
33.74.14,Mijen,2023-06-01,DBD,0,78900,81.2,26.4,75.1,162.5,26.2,77.9,359.6,25.5,85.2,444.6,25.0,87.5,522.1,3.0,5.0,3.0,3.6666666666666665,-2.0,2040.98,12658.750000000002,6,1.2246467991473532e-16,-1.0,0,0.3802281368821293,13
33.74.14,Mijen,2023-07-01,DBD,0,78900,54.5,25.8,72.1,81.2,26.4,75.1,162.5,26.2,77.9,359.6,25.5,85.2,243.7,0.0,3.0,5.0,2.6666666666666665,-3.0,1982.6399999999996,6098.12,7,-0.4999999999999997,-0.8660254037844388,0,0.0,13
33.74.14,Mijen,2023-08-01,DBD,0,78900,12.5,26.7,64.5,54.5,25.8,72.1,81.2,26.4,75.1,162.5,26.2,77.9,135.7,0.0,0.0,3.0,1.0,0.0,1860.1799999999998,3929.45,8,-0.8660254037844385,-0.5000000000000004,0,0.0,13
33.74.14,Mijen,2023-09-01,DBD,0,78900,26.1,27.5,57.9,12.5,26.7,64.5,54.5,25.8,72.1,81.2,26.4,75.1,67.0,0.0,0.0,0.0,0.0,0.0,1722.1499999999999,806.25,9,-1.0,-1.8369701987210297e-16,0,0.0,13
33.74.14,Mijen,2023-10-01,DBD,0,78900,63.8,28.4,64.7,26.1,27.5,57.9,12.5,26.7,64.5,54.5,25.8,72.1,38.6,0.0,0.0,0.0,0.0,0.0,1592.25,1511.19,10,-0.8660254037844386,0.5000000000000001,1,0.0,13
33.74.14,Mijen,2023-11-01,DBD,1,78900,265.3,27.2,77.5,63.8,28.4,64.7,26.1,27.5,57.9,12.5,26.7,64.5,89.9,0.0,0.0,0.0,0.0,0.0,1837.48,4127.86,11,-0.5000000000000004,0.8660254037844384,1,0.0,13
33.74.14,Mijen,2023-12-01,DBD,0,78900,274.7,26.4,81.0,265.3,27.2,77.5,63.8,28.4,64.7,26.1,27.5,57.9,329.1,1.0,0.0,0.0,0.3333333333333333,1.0,2108.0,20560.75,12,-2.4492935982947064e-16,1.0,0,0.12674271229404308,13
33.74.14,Mijen,2024-01-01,DBD,3,78900,441.4,25.7,87.9,274.7,26.4,81.0,265.3,27.2,77.5,63.8,28.4,64.7,540.0,0.0,1.0,0.0,0.3333333333333333,-1.0,2138.4,22250.7,1,0.49999999999999994,0.8660254037844387,0,0.0,13
33.74.14,Mijen,2024-02-01,DBD,6,78900,512.0,25.6,88.8,441.4,25.7,87.9,274.7,26.4,81.0,265.3,27.2,77.5,716.0999999999999,3.0,0.0,1.0,1.3333333333333333,3.0,2259.03,38799.06,2,0.8660254037844386,0.5000000000000001,0,0.3802281368821293,13
33.74.14,Mijen,2024-03-01,DBD,1,78900,401.1,25.8,88.3,512.0,25.6,88.8,441.4,25.7,87.9,274.7,26.4,81.0,953.4,6.0,3.0,0.0,3.0,3.0,2273.28,45465.6,3,1.0,6.123233995736766e-17,1,0.7604562737642586,13
33.74.14,Mijen,2024-04-01,DBD,3,78900,442.0,26.5,87.4,401.1,25.8,88.3,512.0,25.6,88.8,441.4,25.7,87.9,913.1,1.0,6.0,3.0,3.3333333333333335,-5.0,2278.14,35417.13,4,0.8660254037844387,-0.4999999999999998,1,0.12674271229404308,13
33.74.14,Mijen,2024-05-01,DBD,1,78900,88.5,27.3,77.1,442.0,26.5,87.4,401.1,25.8,88.3,512.0,25.6,88.8,843.1,3.0,1.0,6.0,3.3333333333333335,2.0,2316.1000000000004,38630.8,5,0.49999999999999994,-0.8660254037844387,0,0.3802281368821293,13
33.74.14,Mijen,2024-06-01,DBD,1,78900,125.1,26.3,80.3,88.5,27.3,77.1,442.0,26.5,87.4,401.1,25.8,88.3,530.5,1.0,3.0,1.0,1.6666666666666667,-2.0,2104.83,6823.349999999999,6,1.2246467991473532e-16,-1.0,0,0.12674271229404308,13
33.74.14,Mijen,2024-07-01,DBD,2,78900,66.9,26.1,72.0,125.1,26.3,80.3,88.5,27.3,77.1,442.0,26.5,87.4,213.6,1.0,1.0,3.0,1.6666666666666667,0.0,2111.89,10045.529999999999,7,-0.4999999999999997,-0.8660254037844388,0,0.12674271229404308,13
33.74.14,Mijen,2024-08-01,DBD,1,78900,21.8,26.9,65.0,66.9,26.1,72.0,125.1,26.3,80.3,88.5,27.3,77.1,192.0,2.0,1.0,1.0,1.3333333333333333,1.0,1879.2,4816.8,8,-0.8660254037844385,-0.5000000000000004,0,0.25348542458808615,13
33.74.14,Mijen,2024-09-01,DBD,2,78900,147.0,26.9,71.0,21.8,26.9,65.0,66.9,26.1,72.0,125.1,26.3,80.3,88.7,1.0,2.0,1.0,1.3333333333333333,-1.0,1748.5,1417.0,9,-1.0,-1.8369701987210297e-16,0,0.12674271229404308,13
33.74.14,Mijen,2024-10-01,DBD,0,78900,80.8,27.5,70.5,147.0,26.9,71.0,21.8,26.9,65.0,66.9,26.1,72.0,168.8,2.0,1.0,2.0,1.6666666666666667,1.0,1909.8999999999999,10437.0,10,-0.8660254037844386,0.5000000000000001,1,0.25348542458808615,13
33.74.14,Mijen,2024-11-01,DBD,1,78900,451.3,26.1,85.0,80.8,27.5,70.5,147.0,26.9,71.0,21.8,26.9,65.0,227.8,0.0,2.0,1.0,1.0,-2.0,1938.75,5696.4,11,-0.5000000000000004,0.8660254037844384,1,0.0,13
33.74.14,Mijen,2024-12-01,DBD,2,78900,566.8,25.4,88.7,451.3,26.1,85.0,80.8,27.5,70.5,147.0,26.9,71.0,532.1,1.0,0.0,2.0,1.0,1.0,2218.5,38360.5,12,-2.4492935982947064e-16,1.0,0,0.12674271229404308,13
33.74.14,Mijen,2025-01-01,DBD,1,78900,566.4,24.8,90.3,566.8,25.4,88.7,451.3,26.1,85.0,80.8,27.5,70.5,1018.0999999999999,2.0,1.0,0.0,1.0,1.0,2252.98,50275.159999999996,1,0.49999999999999994,0.8660254037844387,0,0.25348542458808615,13
33.74.14,Mijen,2025-02-01,DBD,6,78900,417.5,24.8,89.5,566.4,24.8,90.3,566.8,25.4,88.7,451.3,26.1,85.0,1133.1999999999998,1.0,2.0,1.0,1.3333333333333333,-1.0,2239.44,51145.92,2,0.8660254037844386,0.5000000000000001,0,0.12674271229404308,13
33.74.14,Mijen,2025-03-01,DBD,10,78900,381.5,25.4,88.0,417.5,24.8,89.5,566.4,24.8,90.3,566.8,25.4,88.7,983.9,6.0,1.0,2.0,3.0,5.0,2219.6,37366.25,3,1.0,6.123233995736766e-17,1,0.7604562737642586,13
33.74.14,Mijen,2025-04-01,DBD,3,78900,315.0,25.5,86.2,381.5,25.4,88.0,417.5,24.8,89.5,566.4,24.8,90.3,799.0,10.0,6.0,1.0,5.666666666666667,4.0,2235.2,33572.0,4,0.8660254037844387,-0.4999999999999998,1,1.2674271229404308,13
33.74.14,Mijen,2025-05-01,DBD,2,78900,384.8,25.6,87.3,315.0,25.5,86.2,381.5,25.4,88.0,417.5,24.8,89.5,696.5,3.0,10.0,6.0,6.333333333333333,-7.0,2198.1,27153.0,5,0.49999999999999994,-0.8660254037844387,0,0.3802281368821293,13
33.74.14,Mijen,2025-06-01,DBD,1,78900,156.4,25.9,80.9,384.8,25.6,87.3,315.0,25.5,86.2,381.5,25.4,88.0,699.8,2.0,3.0,10.0,5.0,-1.0,2234.88,33593.04,6,1.2246467991473532e-16,-1.0,0,0.25348542458808615,13
33.74.14,Mijen,2025-07-01,DBD,0,78900,65.0,26.0,73.8,156.4,25.9,80.9,384.8,25.6,87.3,315.0,25.5,86.2,541.2,1.0,2.0,3.0,2.0,-1.0,2095.31,12652.760000000002,7,-0.4999999999999997,-0.8660254037844388,0,0.12674271229404308,13
33.74.14,Mijen,2025-08-01,DBD,0,78900,128.1,25.9,76.7,65.0,26.0,73.8,156.4,25.9,80.9,384.8,25.6,87.3,221.4,0.0,1.0,2.0,1.0,-1.0,1918.8,4797.0,8,-0.8660254037844385,-0.5000000000000004,0,0.0,13
33.74.14,Mijen,2025-09-01,DBD,0,78900,185.1,26.5,74.7,128.1,25.9,76.7,65.0,26.0,73.8,156.4,25.9,80.9,193.1,0.0,0.0,1.0,0.3333333333333333,0.0,1986.53,9825.27,9,-1.0,-1.8369701987210297e-16,0,0.0,13
33.74.14,Mijen,2025-10-01,DBD,0,78900,325.5,26.6,78.1,185.1,26.5,74.7,128.1,25.9,76.7,65.0,26.0,73.8,313.2,0.0,0.0,0.0,0.0,0.0,1979.5500000000002,13826.97,10,-0.8660254037844386,0.5000000000000001,1,0.0,13
33.74.14,Mijen,2025-11-01,DBD,0,78900,358.9,25.7,83.8,325.5,26.6,78.1,185.1,26.5,74.7,128.1,25.9,76.7,510.6,0.0,0.0,0.0,0.0,0.0,2077.46,25421.55,11,-0.5000000000000004,0.8660254037844384,1,0.0,13
33.74.14,Mijen,2025-12-01,DBD,0,78900,431.6,25.4,86.6,358.9,25.7,83.8,325.5,26.6,78.1,185.1,26.5,74.7,684.4,0.0,0.0,0.0,0.0,0.0,2153.66,30075.819999999996,12,-2.4492935982947064e-16,1.0,0,0.0,13
33.74.15,Ngaliyan,2021-04-01,DBD,4,145800,116.5,26.5,83.8,238.6,25.9,87.9,481.9,25.1,89.0,407.8,25.3,88.7,720.5,7.0,3.0,2.0,4.0,4.0,2276.61,20972.940000000002,4,0.8660254037844387,-0.4999999999999998,1,0.4801097393689986,14
33.74.15,Ngaliyan,2021-05-01,DBD,5,145800,166.6,27.3,79.5,116.5,26.5,83.8,238.6,25.9,87.9,481.9,25.1,89.0,355.1,4.0,7.0,3.0,4.666666666666667,-3.0,2220.7,9762.699999999999,5,0.49999999999999994,-0.8660254037844387,0,0.27434842249657065,14
33.74.15,Ngaliyan,2021-06-01,DBD,6,145800,123.0,26.6,82.5,166.6,27.3,79.5,116.5,26.5,83.8,238.6,25.9,87.9,283.1,5.0,4.0,7.0,5.333333333333333,1.0,2170.35,13244.699999999999,6,1.2246467991473532e-16,-1.0,0,0.3429355281207133,14
33.74.15,Ngaliyan,2021-07-01,DBD,0,145800,11.5,27.6,66.8,123.0,26.6,82.5,166.6,27.3,79.5,116.5,26.5,83.8,289.6,6.0,5.0,4.0,5.0,1.0,2194.5,10147.5,7,-0.4999999999999997,-0.8660254037844388,0,0.411522633744856,14
33.74.15,Ngaliyan,2021-08-01,DBD,2,145800,54.9,27.9,67.0,11.5,27.6,66.8,123.0,26.6,82.5,166.6,27.3,79.5,134.5,0.0,6.0,5.0,3.6666666666666665,-6.0,1843.68,768.1999999999999,8,-0.8660254037844385,-0.5000000000000004,0,0.0,14
33.74.15,Ngaliyan,2021-09-01,DBD,4,145800,54.3,27.7,69.6,54.9,27.9,67.0,11.5,27.6,66.8,123.0,26.6,82.5,66.4,2.0,0.0,6.0,2.6666666666666665,2.0,1869.3,3678.2999999999997,9,-1.0,-1.8369701987210297e-16,0,0.13717421124828533,14
33.74.15,Ngaliyan,2021-10-01,DBD,3,145800,95.3,27.6,73.5,54.3,27.7,69.6,54.9,27.9,67.0,11.5,27.6,66.8,109.19999999999999,4.0,2.0,0.0,2.0,2.0,1927.9199999999998,3779.2799999999993,10,-0.8660254037844386,0.5000000000000001,1,0.27434842249657065,14
33.74.15,Ngaliyan,2021-11-01,DBD,10,145800,351.0,26.1,87.1,95.3,27.6,73.5,54.3,27.7,69.6,54.9,27.9,67.0,149.6,3.0,4.0,2.0,3.0,-1.0,2028.6000000000001,7004.55,11,-0.5000000000000004,0.8660254037844384,1,0.205761316872428,14
33.74.15,Ngaliyan,2021-12-01,DBD,9,145800,506.2,25.9,87.7,351.0,26.1,87.1,95.3,27.6,73.5,54.3,27.7,69.6,446.3,10.0,3.0,4.0,5.666666666666667,7.0,2273.31,30572.1,12,-2.4492935982947064e-16,1.0,0,0.6858710562414266,14
33.74.15,Ngaliyan,2022-01-01,DBD,8,145800,304.4,25.6,86.4,506.2,25.9,87.7,351.0,26.1,87.1,95.3,27.6,73.5,857.2,9.0,10.0,3.0,7.333333333333333,-1.0,2271.43,44393.74,1,0.49999999999999994,0.8660254037844387,0,0.6172839506172839,14
33.74.15,Ngaliyan,2022-02-01,DBD,9,145800,322.0,25.7,85.8,304.4,25.6,86.4,506.2,25.9,87.7,351.0,26.1,87.1,810.5999999999999,8.0,9.0,10.0,9.0,-1.0,2211.84,26300.16,2,0.8660254037844386,0.5000000000000001,0,0.5486968449931413,14
33.74.15,Ngaliyan,2022-03-01,DBD,7,145800,371.9,26.0,87.1,322.0,25.7,85.8,304.4,25.6,86.4,506.2,25.9,87.7,626.4,9.0,8.0,9.0,8.666666666666666,1.0,2205.06,27627.6,3,1.0,6.123233995736766e-17,1,0.6172839506172839,14
33.74.15,Ngaliyan,2022-04-01,DBD,9,145800,180.4,26.5,83.7,371.9,26.0,87.1,322.0,25.7,85.8,304.4,25.6,86.4,693.9,7.0,9.0,8.0,8.0,-2.0,2264.6,32392.489999999994,4,0.8660254037844387,-0.4999999999999998,1,0.4801097393689986,14
33.74.15,Ngaliyan,2022-05-01,DBD,12,145800,189.5,26.7,83.3,180.4,26.5,83.7,371.9,26.0,87.1,322.0,25.7,85.8,552.3,9.0,7.0,9.0,8.333333333333334,2.0,2218.05,15099.480000000001,5,0.49999999999999994,-0.8660254037844387,0,0.6172839506172839,14
33.74.15,Ngaliyan,2022-06-01,DBD,5,145800,180.9,26.1,82.4,189.5,26.7,83.3,180.4,26.5,83.7,371.9,26.0,87.1,369.9,12.0,9.0,7.0,9.333333333333334,3.0,2224.1099999999997,15785.35,6,1.2246467991473532e-16,-1.0,0,0.823045267489712,14
33.74.15,Ngaliyan,2022-07-01,DBD,10,145800,71.1,26.6,75.4,180.9,26.1,82.4,189.5,26.7,83.3,180.4,26.5,83.7,370.4,5.0,12.0,9.0,8.666666666666666,-7.0,2150.6400000000003,14906.160000000002,7,-0.4999999999999997,-0.8660254037844388,0,0.3429355281207133,14
33.74.15,Ngaliyan,2022-08-01,DBD,7,145800,53.8,27.2,71.0,71.1,26.6,75.4,180.9,26.1,82.4,189.5,26.7,83.3,252.0,10.0,5.0,12.0,9.0,5.0,2005.6400000000003,5360.94,8,-0.8660254037844385,-0.5000000000000004,0,0.6858710562414266,14
33.74.15,Ngaliyan,2022-09-01,DBD,4,145800,86.0,27.4,73.2,53.8,27.2,71.0,71.1,26.6,75.4,180.9,26.1,82.4,124.89999999999999,7.0,10.0,5.0,7.333333333333333,-3.0,1931.2,3819.7999999999997,9,-1.0,-1.8369701987210297e-16,0,0.4801097393689986,14
33.74.15,Ngaliyan,2022-10-01,DBD,5,145800,341.3,26.0,84.8,86.0,27.4,73.2,53.8,27.2,71.0,71.1,26.6,75.4,139.8,4.0,7.0,10.0,7.0,-3.0,2005.68,6295.2,10,-0.8660254037844386,0.5000000000000001,1,0.27434842249657065,14
33.74.15,Ngaliyan,2022-11-01,DBD,6,145800,391.0,25.9,86.5,341.3,26.0,84.8,86.0,27.4,73.2,53.8,27.2,71.0,427.3,5.0,4.0,7.0,5.333333333333333,1.0,2204.7999999999997,28942.24,11,-0.5000000000000004,0.8660254037844384,1,0.3429355281207133,14
33.74.15,Ngaliyan,2022-12-01,DBD,8,145800,312.9,25.8,85.6,391.0,25.9,86.5,341.3,26.0,84.8,86.0,27.4,73.2,732.3,6.0,5.0,4.0,5.0,1.0,2240.35,33821.5,12,-2.4492935982947064e-16,1.0,0,0.411522633744856,14
33.74.15,Ngaliyan,2023-01-01,DBD,8,145800,338.0,25.5,86.5,312.9,25.8,85.6,391.0,25.9,86.5,341.3,26.0,84.8,703.9,8.0,6.0,5.0,6.333333333333333,2.0,2208.48,26784.239999999998,1,0.49999999999999994,0.8660254037844387,0,0.5486968449931413,14
33.74.15,Ngaliyan,2023-02-01,DBD,2,145800,392.6,25.3,86.8,338.0,25.5,86.5,312.9,25.8,85.6,391.0,25.9,86.5,650.9,8.0,8.0,6.0,7.333333333333333,0.0,2205.75,29237.0,2,0.8660254037844386,0.5000000000000001,0,0.5486968449931413,14
33.74.15,Ngaliyan,2023-03-01,DBD,7,145800,323.7,25.9,86.2,392.6,25.3,86.8,338.0,25.5,86.5,312.9,25.8,85.6,730.6,2.0,8.0,8.0,6.0,-6.0,2196.04,34077.68,3,1.0,6.123233995736766e-17,1,0.13717421124828533,14
33.74.15,Ngaliyan,2023-04-01,DBD,11,145800,269.8,26.4,84.7,323.7,25.9,86.2,392.6,25.3,86.8,338.0,25.5,86.5,716.3,7.0,2.0,8.0,5.666666666666667,5.0,2232.58,27902.94,4,0.8660254037844387,-0.4999999999999998,1,0.4801097393689986,14
33.74.15,Ngaliyan,2023-05-01,DBD,3,145800,66.1,27.3,75.5,269.8,26.4,84.7,323.7,25.9,86.2,392.6,25.3,86.8,593.5,11.0,7.0,2.0,6.666666666666667,4.0,2236.08,22852.06,5,0.49999999999999994,-0.8660254037844387,0,0.7544581618655694,14
33.74.15,Ngaliyan,2023-06-01,DBD,4,145800,39.1,27.7,72.0,66.1,27.3,75.5,269.8,26.4,84.7,323.7,25.9,86.2,335.9,3.0,11.0,7.0,7.0,-8.0,2061.15,4990.549999999999,6,1.2246467991473532e-16,-1.0,0,0.205761316872428,14
33.74.15,Ngaliyan,2023-07-01,DBD,0,145800,25.1,27.5,64.2,39.1,27.7,72.0,66.1,27.3,75.5,269.8,26.4,84.7,105.19999999999999,4.0,3.0,11.0,6.0,1.0,1994.3999999999999,2815.2000000000003,7,-0.4999999999999997,-0.8660254037844388,0,0.27434842249657065,14
33.74.15,Ngaliyan,2023-08-01,DBD,0,145800,1.7,27.9,61.0,25.1,27.5,64.2,39.1,27.7,72.0,66.1,27.3,75.5,64.2,0.0,4.0,3.0,2.3333333333333335,-4.0,1765.5,1611.42,8,-0.8660254037844385,-0.5000000000000004,0,0.0,14
33.74.15,Ngaliyan,2023-09-01,DBD,2,145800,7.1,28.4,56.0,1.7,27.9,61.0,25.1,27.5,64.2,39.1,27.7,72.0,26.8,0.0,0.0,4.0,1.3333333333333333,0.0,1701.8999999999999,103.7,9,-1.0,-1.8369701987210297e-16,0,0.0,14
33.74.15,Ngaliyan,2023-10-01,DBD,0,145800,40.7,29.1,63.6,7.1,28.4,56.0,1.7,27.9,61.0,25.1,27.5,64.2,8.799999999999999,2.0,0.0,0.0,0.6666666666666666,2.0,1590.3999999999999,397.59999999999997,10,-0.8660254037844386,0.5000000000000001,1,0.13717421124828533,14
33.74.15,Ngaliyan,2023-11-01,DBD,1,145800,126.2,27.9,77.6,40.7,29.1,63.6,7.1,28.4,56.0,1.7,27.9,61.0,47.800000000000004,0.0,2.0,0.0,0.6666666666666666,-2.0,1850.7600000000002,2588.5200000000004,11,-0.5000000000000004,0.8660254037844384,1,0.0,14
33.74.15,Ngaliyan,2023-12-01,DBD,0,145800,136.1,27.5,77.6,126.2,27.9,77.6,40.7,29.1,63.6,7.1,28.4,56.0,166.9,1.0,0.0,2.0,1.0,1.0,2165.0399999999995,9793.119999999999,12,-2.4492935982947064e-16,1.0,0,0.06858710562414266,14
33.74.15,Ngaliyan,2024-01-01,DBD,3,145800,325.4,26.5,85.9,136.1,27.5,77.6,126.2,27.9,77.6,40.7,29.1,63.6,262.3,0.0,1.0,0.0,0.3333333333333333,-1.0,2134.0,10561.359999999999,1,0.49999999999999994,0.8660254037844387,0,0.0,14
33.74.15,Ngaliyan,2024-02-01,DBD,6,145800,305.7,26.6,86.4,325.4,26.5,85.9,136.1,27.5,77.6,126.2,27.9,77.6,461.5,3.0,0.0,1.0,1.3333333333333333,3.0,2276.3500000000004,27951.86,2,0.8660254037844386,0.5000000000000001,0,0.205761316872428,14
33.74.15,Ngaliyan,2024-03-01,DBD,2,145800,307.7,26.7,85.3,305.7,26.6,86.4,325.4,26.5,85.9,136.1,27.5,77.6,631.0999999999999,6.0,3.0,0.0,3.0,3.0,2298.2400000000002,26412.48,3,1.0,6.123233995736766e-17,1,0.411522633744856,14
33.74.15,Ngaliyan,2024-04-01,DBD,5,145800,244.6,27.3,85.1,307.7,26.7,85.3,305.7,26.6,86.4,325.4,26.5,85.9,613.4,2.0,6.0,3.0,3.6666666666666665,-4.0,2277.5099999999998,26246.809999999998,4,0.8660254037844387,-0.4999999999999998,1,0.13717421124828533,14
33.74.15,Ngaliyan,2024-05-01,DBD,6,145800,26.2,28.8,70.3,244.6,27.3,85.1,307.7,26.7,85.3,305.7,26.6,86.4,552.3,5.0,2.0,6.0,4.333333333333333,3.0,2323.23,20815.46,5,0.49999999999999994,-0.8660254037844387,0,0.3429355281207133,14
33.74.15,Ngaliyan,2024-06-01,DBD,1,145800,63.9,27.9,72.7,26.2,28.8,70.3,244.6,27.3,85.1,307.7,26.7,85.3,270.8,6.0,5.0,2.0,4.333333333333333,1.0,2024.6399999999999,1841.86,6,1.2246467991473532e-16,-1.0,0,0.411522633744856,14
33.74.15,Ngaliyan,2024-07-01,DBD,6,145800,36.6,27.6,65.3,63.9,27.9,72.7,26.2,28.8,70.3,244.6,27.3,85.1,90.1,1.0,6.0,5.0,4.0,-5.0,2028.33,4645.53,7,-0.4999999999999997,-0.8660254037844388,0,0.06858710562414266,14
33.74.15,Ngaliyan,2024-08-01,DBD,0,145800,14.5,28.0,61.6,36.6,27.6,65.3,63.9,27.9,72.7,26.2,28.8,70.3,100.5,6.0,1.0,6.0,4.333333333333333,5.0,1802.28,2389.98,8,-0.8660254037844385,-0.5000000000000004,0,0.411522633744856,14
33.74.15,Ngaliyan,2024-09-01,DBD,4,145800,64.5,28.1,66.4,14.5,28.0,61.6,36.6,27.6,65.3,63.9,27.9,72.7,51.1,0.0,6.0,1.0,2.3333333333333335,-6.0,1724.8,893.2,9,-1.0,-1.8369701987210297e-16,0,0.0,14
33.74.15,Ngaliyan,2024-10-01,DBD,2,145800,55.4,28.8,65.7,64.5,28.1,66.4,14.5,28.0,61.6,36.6,27.6,65.3,79.0,4.0,0.0,6.0,3.3333333333333335,4.0,1865.8400000000001,4282.8,10,-0.8660254037844386,0.5000000000000001,1,0.27434842249657065,14
33.74.15,Ngaliyan,2024-11-01,DBD,0,145800,274.4,27.4,80.6,55.4,28.8,65.7,64.5,28.1,66.4,14.5,28.0,61.6,119.9,2.0,4.0,0.0,2.0,-2.0,1892.16,3639.78,11,-0.5000000000000004,0.8660254037844384,1,0.13717421124828533,14
33.74.15,Ngaliyan,2024-12-01,DBD,1,145800,404.3,26.5,86.2,274.4,27.4,80.6,55.4,28.8,65.7,64.5,28.1,66.4,329.79999999999995,0.0,2.0,4.0,2.0,-2.0,2208.4399999999996,22116.639999999996,12,-2.4492935982947064e-16,1.0,0,0.0,14
33.74.15,Ngaliyan,2025-01-01,DBD,2,145800,388.8,25.8,86.9,404.3,26.5,86.2,274.4,27.4,80.6,55.4,28.8,65.7,678.7,1.0,0.0,2.0,1.0,1.0,2284.3,34850.66,1,0.49999999999999994,0.8660254037844387,0,0.06858710562414266,14
33.74.15,Ngaliyan,2025-02-01,DBD,6,145800,198.0,25.9,85.4,388.8,25.8,86.9,404.3,26.5,86.2,274.4,27.4,80.6,793.1,2.0,1.0,0.0,1.0,1.0,2242.02,33786.72,2,0.8660254037844386,0.5000000000000001,0,0.13717421124828533,14
33.74.15,Ngaliyan,2025-03-01,DBD,6,145800,187.8,26.6,83.8,198.0,25.9,85.4,388.8,25.8,86.9,404.3,26.5,86.2,586.8,6.0,2.0,1.0,3.0,4.0,2211.86,16909.2,3,1.0,6.123233995736766e-17,1,0.411522633744856,14
33.74.15,Ngaliyan,2025-04-01,DBD,7,145800,138.8,26.9,80.3,187.8,26.6,83.8,198.0,25.9,85.4,388.8,25.8,86.9,385.8,6.0,6.0,2.0,4.666666666666667,0.0,2229.08,15737.640000000001,4,0.8660254037844387,-0.4999999999999998,1,0.411522633744856,14
33.74.15,Ngaliyan,2025-05-01,DBD,7,145800,202.9,26.9,82.1,138.8,26.9,80.3,187.8,26.6,83.8,198.0,25.9,85.4,326.6,7.0,6.0,6.0,6.333333333333333,1.0,2160.0699999999997,11145.640000000001,5,0.49999999999999994,-0.8660254037844387,0,0.4801097393689986,14
33.74.15,Ngaliyan,2025-06-01,DBD,4,145800,95.9,27.5,73.1,202.9,26.9,82.1,138.8,26.9,80.3,187.8,26.6,83.8,341.70000000000005,7.0,7.0,6.0,6.666666666666667,0.0,2208.49,16658.09,6,1.2246467991473532e-16,-1.0,0,0.4801097393689986,14
33.74.15,Ngaliyan,2025-07-01,DBD,2,145800,40.0,27.9,64.9,95.9,27.5,73.1,202.9,26.9,82.1,138.8,26.9,80.3,298.8,4.0,7.0,7.0,6.0,-3.0,2010.2499999999998,7010.29,7,-0.4999999999999997,-0.8660254037844388,0,0.27434842249657065,14
33.74.15,Ngaliyan,2025-08-01,DBD,0,145800,103.1,27.2,71.6,40.0,27.9,64.9,95.9,27.5,73.1,202.9,26.9,82.1,135.9,2.0,4.0,7.0,4.333333333333333,-2.0,1810.71,2596.0,8,-0.8660254037844385,-0.5000000000000004,0,0.13717421124828533,14
33.74.15,Ngaliyan,2025-09-01,DBD,2,145800,127.1,27.8,69.7,103.1,27.2,71.6,40.0,27.9,64.9,95.9,27.5,73.1,143.1,0.0,2.0,4.0,2.0,-2.0,1947.5199999999998,7381.959999999999,9,-1.0,-1.8369701987210297e-16,0,0.0,14
33.74.15,Ngaliyan,2025-10-01,DBD,0,145800,290.3,27.7,75.3,127.1,27.8,69.7,103.1,27.2,71.6,40.0,27.9,64.9,230.2,2.0,0.0,2.0,1.3333333333333333,2.0,1937.66,8858.87,10,-0.8660254037844386,0.5000000000000001,1,0.13717421124828533,14
33.74.15,Ngaliyan,2025-11-01,DBD,0,145800,242.4,26.8,81.9,290.3,27.7,75.3,127.1,27.8,69.7,103.1,27.2,71.6,417.4,0.0,2.0,0.0,0.6666666666666666,-2.0,2085.81,21859.59,11,-0.5000000000000004,0.8660254037844384,1,0.0,14
33.74.15,Ngaliyan,2025-12-01,DBD,0,145800,289.2,26.5,84.3,242.4,26.8,81.9,290.3,27.7,75.3,127.1,27.8,69.7,532.7,0.0,0.0,2.0,0.6666666666666666,0.0,2194.92,19852.56,12,-2.4492935982947064e-16,1.0,0,0.0,14
33.74.16,Tugu,2021-04-01,DBD,0,32100,116.5,27.2,83.8,238.6,26.6,87.9,481.9,25.8,89.1,407.8,26.0,88.8,720.5,0.0,0.0,1.0,0.3333333333333333,0.0,2338.1400000000003,20972.940000000002,4,0.8660254037844387,-0.4999999999999998,1,0.0,15
33.74.16,Tugu,2021-05-01,DBD,0,32100,166.6,28.0,79.6,116.5,27.2,83.8,238.6,26.6,87.9,481.9,25.8,89.1,355.1,0.0,0.0,0.0,0.0,0.0,2279.3599999999997,9762.699999999999,5,0.49999999999999994,-0.8660254037844387,0,0.0,15
33.74.16,Tugu,2021-06-01,DBD,0,32100,123.0,27.3,82.5,166.6,28.0,79.6,116.5,27.2,83.8,238.6,26.6,87.9,283.1,0.0,0.0,0.0,0.0,0.0,2228.7999999999997,13261.359999999999,6,1.2246467991473532e-16,-1.0,0,0.0,15
33.74.16,Tugu,2021-07-01,DBD,0,32100,11.5,28.3,66.9,123.0,27.3,82.5,166.6,28.0,79.6,116.5,27.2,83.8,289.6,0.0,0.0,0.0,0.0,0.0,2252.25,10147.5,7,-0.4999999999999997,-0.8660254037844388,0,0.0,15
33.74.16,Tugu,2021-08-01,DBD,0,32100,54.9,28.6,67.3,11.5,28.3,66.9,123.0,27.3,82.5,166.6,28.0,79.6,134.5,0.0,0.0,0.0,0.0,0.0,1893.2700000000002,769.35,8,-0.8660254037844385,-0.5000000000000004,0,0.0,15
33.74.16,Tugu,2021-09-01,DBD,0,32100,54.3,28.4,69.8,54.9,28.6,67.3,11.5,28.3,66.9,123.0,27.3,82.5,66.4,0.0,0.0,0.0,0.0,0.0,1924.78,3694.7699999999995,9,-1.0,-1.8369701987210297e-16,0,0.0,15
33.74.16,Tugu,2021-10-01,DBD,1,32100,95.3,28.3,73.6,54.3,28.4,69.8,54.9,28.6,67.3,11.5,28.3,66.9,109.19999999999999,0.0,0.0,0.0,0.0,0.0,1982.3199999999997,3790.14,10,-0.8660254037844386,0.5000000000000001,1,0.0,15
33.74.16,Tugu,2021-11-01,DBD,2,32100,351.0,26.8,87.2,95.3,28.3,73.6,54.3,28.4,69.8,54.9,28.6,67.3,149.6,1.0,0.0,0.0,0.3333333333333333,1.0,2082.88,7014.079999999999,11,-0.5000000000000004,0.8660254037844384,1,0.3115264797507788,15
33.74.16,Tugu,2021-12-01,DBD,1,32100,506.2,26.6,87.8,351.0,26.8,87.2,95.3,28.3,73.6,54.3,28.4,69.8,446.3,2.0,1.0,0.0,1.0,1.0,2336.96,30607.2,12,-2.4492935982947064e-16,1.0,0,0.6230529595015576,15
33.74.16,Tugu,2022-01-01,DBD,4,32100,304.4,26.3,86.4,506.2,26.6,87.8,351.0,26.8,87.2,95.3,28.3,73.6,857.2,1.0,2.0,1.0,1.3333333333333333,-1.0,2335.48,44444.36,1,0.49999999999999994,0.8660254037844387,0,0.3115264797507788,15
33.74.16,Tugu,2022-02-01,DBD,3,32100,322.0,26.4,85.8,304.4,26.3,86.4,506.2,26.6,87.8,351.0,26.8,87.2,810.5999999999999,4.0,1.0,2.0,2.3333333333333335,3.0,2272.32,26300.16,2,0.8660254037844386,0.5000000000000001,0,1.2461059190031152,15
33.74.16,Tugu,2022-03-01,DBD,6,32100,371.9,26.7,87.1,322.0,26.4,85.8,304.4,26.3,86.4,506.2,26.6,87.8,626.4,3.0,4.0,1.0,2.6666666666666665,-1.0,2265.12,27627.6,3,1.0,6.123233995736766e-17,1,0.9345794392523364,15
33.74.16,Tugu,2022-04-01,DBD,1,32100,180.4,27.2,83.7,371.9,26.7,87.1,322.0,26.4,85.8,304.4,26.3,86.4,693.9,6.0,3.0,4.0,4.333333333333333,3.0,2325.5699999999997,32392.489999999994,4,0.8660254037844387,-0.4999999999999998,1,1.8691588785046729,15
33.74.16,Tugu,2022-05-01,DBD,4,32100,189.5,27.4,83.5,180.4,27.2,83.7,371.9,26.7,87.1,322.0,26.4,85.8,552.3,1.0,6.0,3.0,3.3333333333333335,-5.0,2276.64,15099.480000000001,5,0.49999999999999994,-0.8660254037844387,0,0.3115264797507788,15
33.74.16,Tugu,2022-06-01,DBD,1,32100,180.9,26.8,82.5,189.5,27.4,83.5,180.4,27.2,83.7,371.9,26.7,87.1,369.9,4.0,1.0,6.0,3.6666666666666665,3.0,2287.9,15823.25,6,1.2246467991473532e-16,-1.0,0,1.2461059190031152,15
33.74.16,Tugu,2022-07-01,DBD,1,32100,71.1,27.3,75.5,180.9,26.8,82.5,189.5,27.4,83.5,180.4,27.2,83.7,370.4,1.0,4.0,1.0,2.0,-3.0,2211.0,14924.25,7,-0.4999999999999997,-0.8660254037844388,0,0.3115264797507788,15
33.74.16,Tugu,2022-08-01,DBD,2,32100,53.8,27.9,71.3,71.1,27.3,75.5,180.9,26.8,82.5,189.5,27.4,83.5,252.0,1.0,1.0,4.0,2.0,0.0,2061.15,5368.049999999999,8,-0.8660254037844385,-0.5000000000000004,0,0.3115264797507788,15
33.74.16,Tugu,2022-09-01,DBD,0,32100,86.0,28.1,73.3,53.8,27.9,71.3,71.1,27.3,75.5,180.9,26.8,82.5,124.89999999999999,2.0,1.0,1.0,1.3333333333333333,1.0,1989.2699999999998,3835.9399999999996,9,-1.0,-1.8369701987210297e-16,0,0.6230529595015576,15
33.74.16,Tugu,2022-10-01,DBD,2,32100,341.3,26.6,84.8,86.0,28.1,73.3,53.8,27.9,71.3,71.1,27.3,75.5,139.8,0.0,2.0,1.0,1.0,-2.0,2059.73,6303.8,10,-0.8660254037844386,0.5000000000000001,1,0.0,15
33.74.16,Tugu,2022-11-01,DBD,2,32100,391.0,26.6,86.6,341.3,26.6,84.8,86.0,28.1,73.3,53.8,27.9,71.3,427.3,2.0,0.0,2.0,1.3333333333333333,2.0,2255.68,28942.24,11,-0.5000000000000004,0.8660254037844384,1,0.6230529595015576,15
33.74.16,Tugu,2022-12-01,DBD,2,32100,312.9,26.5,85.6,391.0,26.6,86.6,341.3,26.6,84.8,86.0,28.1,73.3,732.3,2.0,2.0,0.0,1.3333333333333333,0.0,2303.56,33860.6,12,-2.4492935982947064e-16,1.0,0,0.6230529595015576,15
33.74.16,Tugu,2023-01-01,DBD,0,32100,338.0,26.2,86.6,312.9,26.5,85.6,391.0,26.6,86.6,341.3,26.6,84.8,703.9,2.0,2.0,2.0,2.0,0.0,2268.3999999999996,26784.239999999998,1,0.49999999999999994,0.8660254037844387,0,0.6230529595015576,15
33.74.16,Tugu,2023-02-01,DBD,2,32100,392.6,26.0,86.9,338.0,26.2,86.6,312.9,26.5,85.6,391.0,26.6,86.6,650.9,0.0,2.0,2.0,1.3333333333333333,-2.0,2268.9199999999996,29270.8,2,0.8660254037844386,0.5000000000000001,0,0.0,15
33.74.16,Tugu,2023-03-01,DBD,0,32100,323.7,26.6,86.3,392.6,26.0,86.9,338.0,26.2,86.6,312.9,26.5,85.6,730.6,2.0,0.0,2.0,1.3333333333333333,2.0,2259.4,34116.94,3,1.0,6.123233995736766e-17,1,0.6230529595015576,15
33.74.16,Tugu,2023-04-01,DBD,2,32100,269.8,27.1,84.8,323.7,26.6,86.3,392.6,26.0,86.9,338.0,26.2,86.6,716.3,0.0,2.0,0.0,0.6666666666666666,-2.0,2295.58,27935.309999999998,4,0.8660254037844387,-0.4999999999999998,1,0.0,15
33.74.16,Tugu,2023-05-01,DBD,1,32100,66.1,28.0,75.8,269.8,27.1,84.8,323.7,26.6,86.3,392.6,26.0,86.9,593.5,2.0,0.0,2.0,1.3333333333333333,2.0,2298.08,22879.04,5,0.49999999999999994,-0.8660254037844387,0,0.6230529595015576,15
33.74.16,Tugu,2023-06-01,DBD,0,32100,39.1,28.4,72.1,66.1,28.0,75.8,269.8,27.1,84.8,323.7,26.6,86.3,335.9,1.0,2.0,0.0,1.0,-1.0,2122.4,5010.379999999999,6,1.2246467991473532e-16,-1.0,0,0.3115264797507788,15
33.74.16,Tugu,2023-07-01,DBD,0,32100,25.1,28.2,64.5,39.1,28.4,72.1,66.1,28.0,75.8,269.8,27.1,84.8,105.19999999999999,0.0,1.0,2.0,1.0,-1.0,2047.6399999999996,2819.1099999999997,7,-0.4999999999999997,-0.8660254037844388,0,0.0,15
33.74.16,Tugu,2023-08-01,DBD,0,32100,1.7,28.6,61.1,25.1,28.2,64.5,39.1,28.4,72.1,66.1,28.0,75.8,64.2,0.0,0.0,1.0,0.3333333333333333,0.0,1818.8999999999999,1618.95,8,-0.8660254037844385,-0.5000000000000004,0,0.0,15
33.74.16,Tugu,2023-09-01,DBD,0,32100,7.1,29.1,56.1,1.7,28.6,61.1,25.1,28.2,64.5,39.1,28.4,72.1,26.8,0.0,0.0,0.0,0.0,0.0,1747.46,103.87,9,-1.0,-1.8369701987210297e-16,0,0.0,15
33.74.16,Tugu,2023-10-01,DBD,0,32100,40.7,29.8,63.7,7.1,29.1,56.1,1.7,28.6,61.1,25.1,28.2,64.5,8.799999999999999,0.0,0.0,0.0,0.0,0.0,1632.5100000000002,398.31,10,-0.8660254037844386,0.5000000000000001,1,0.0,15
33.74.16,Tugu,2023-11-01,DBD,0,32100,126.2,28.6,77.7,40.7,29.8,63.7,7.1,29.1,56.1,1.7,28.6,61.1,47.800000000000004,0.0,0.0,0.0,0.0,0.0,1898.2600000000002,2592.59,11,-0.5000000000000004,0.8660254037844384,1,0.0,15
33.74.16,Tugu,2023-12-01,DBD,0,32100,136.1,28.2,77.8,126.2,28.6,77.7,40.7,29.8,63.7,7.1,29.1,56.1,166.9,0.0,0.0,0.0,0.0,0.0,2222.2200000000003,9805.74,12,-2.4492935982947064e-16,1.0,0,0.0,15
33.74.16,Tugu,2024-01-01,DBD,1,32100,325.4,27.2,85.9,136.1,28.2,77.8,126.2,28.6,77.7,40.7,29.8,63.7,262.3,0.0,0.0,0.0,0.0,0.0,2193.96,10588.58,1,0.49999999999999994,0.8660254037844387,0,0.0,15
33.74.16,Tugu,2024-02-01,DBD,1,32100,305.7,27.3,86.4,325.4,27.2,85.9,136.1,28.2,77.8,126.2,28.6,77.7,461.5,1.0,0.0,0.0,0.3333333333333333,1.0,2336.48,27951.86,2,0.8660254037844386,0.5000000000000001,0,0.3115264797507788,15
33.74.16,Tugu,2024-03-01,DBD,2,32100,307.7,27.4,85.5,305.7,27.3,86.4,325.4,27.2,85.9,136.1,28.2,77.8,631.0999999999999,1.0,1.0,0.0,0.6666666666666666,0.0,2358.7200000000003,26412.48,3,1.0,6.123233995736766e-17,1,0.3115264797507788,15
33.74.16,Tugu,2024-04-01,DBD,1,32100,244.6,28.0,85.1,307.7,27.4,85.5,305.7,27.3,86.4,325.4,27.2,85.9,613.4,2.0,1.0,1.0,1.3333333333333333,1.0,2342.7,26308.35,4,0.8660254037844387,-0.4999999999999998,1,0.6230529595015576,15
33.74.16,Tugu,2024-05-01,DBD,1,32100,26.2,29.5,70.5,244.6,28.0,85.1,307.7,27.4,85.5,305.7,27.3,86.4,552.3,1.0,2.0,1.0,1.3333333333333333,-1.0,2382.7999999999997,20815.46,5,0.49999999999999994,-0.8660254037844387,0,0.3115264797507788,15
33.74.16,Tugu,2024-06-01,DBD,1,32100,63.9,28.6,72.7,26.2,29.5,70.5,244.6,28.0,85.1,307.7,27.4,85.5,270.8,1.0,1.0,2.0,1.3333333333333333,0.0,2079.75,1847.1,6,1.2246467991473532e-16,-1.0,0,0.3115264797507788,15
33.74.16,Tugu,2024-07-01,DBD,1,32100,36.6,28.3,65.4,63.9,28.6,72.7,26.2,29.5,70.5,244.6,28.0,85.1,90.1,1.0,1.0,1.0,1.0,0.0,2079.2200000000003,4645.53,7,-0.4999999999999997,-0.8660254037844388,0,0.3115264797507788,15
33.74.16,Tugu,2024-08-01,DBD,0,32100,14.5,28.7,61.8,36.6,28.3,65.4,63.9,28.6,72.7,26.2,29.5,70.5,100.5,1.0,1.0,1.0,1.0,0.0,1850.8200000000002,2393.6400000000003,8,-0.8660254037844385,-0.5000000000000004,0,0.3115264797507788,15
33.74.16,Tugu,2024-09-01,DBD,0,32100,64.5,28.8,66.6,14.5,28.7,61.8,36.6,28.3,65.4,63.9,28.6,72.7,51.1,0.0,1.0,1.0,0.6666666666666666,-1.0,1773.6599999999999,896.0999999999999,9,-1.0,-1.8369701987210297e-16,0,0.0,15
33.74.16,Tugu,2024-10-01,DBD,0,32100,55.4,29.5,65.9,64.5,28.8,66.6,14.5,28.7,61.8,36.6,28.3,65.4,79.0,0.0,0.0,1.0,0.3333333333333333,0.0,1918.08,4295.7,10,-0.8660254037844386,0.5000000000000001,1,0.0,15
33.74.16,Tugu,2024-11-01,DBD,0,32100,274.4,28.1,80.7,55.4,29.5,65.9,64.5,28.8,66.6,14.5,28.7,61.8,119.9,0.0,0.0,0.0,0.0,0.0,1944.0500000000002,3650.86,11,-0.5000000000000004,0.8660254037844384,1,0.0,15
33.74.16,Tugu,2024-12-01,DBD,0,32100,404.3,27.1,86.3,274.4,28.1,80.7,55.4,29.5,65.9,64.5,28.8,66.6,329.79999999999995,0.0,0.0,0.0,0.0,0.0,2267.67,22144.079999999998,12,-2.4492935982947064e-16,1.0,0,0.0,15
33.74.16,Tugu,2025-01-01,DBD,2,32100,388.8,26.5,87.0,404.3,27.1,86.3,274.4,28.1,80.7,55.4,29.5,65.9,678.7,0.0,0.0,0.0,0.0,0.0,2338.73,34891.09,1,0.49999999999999994,0.8660254037844387,0,0.0,15
33.74.16,Tugu,2025-02-01,DBD,2,32100,198.0,26.6,85.5,388.8,26.5,87.0,404.3,27.1,86.3,274.4,28.1,80.7,793.1,2.0,0.0,0.0,0.6666666666666666,2.0,2305.5,33825.6,2,0.8660254037844386,0.5000000000000001,0,0.6230529595015576,15
33.74.16,Tugu,2025-03-01,DBD,0,32100,187.8,27.3,83.9,198.0,26.6,85.5,388.8,26.5,87.0,404.3,27.1,86.3,586.8,2.0,2.0,0.0,1.3333333333333333,0.0,2274.3,16929.0,3,1.0,6.123233995736766e-17,1,0.6230529595015576,15
33.74.16,Tugu,2025-04-01,DBD,1,32100,138.8,27.6,80.4,187.8,27.3,83.9,198.0,26.6,85.5,388.8,26.5,87.0,385.8,0.0,2.0,2.0,1.3333333333333333,-2.0,2290.4700000000003,15756.420000000002,4,0.8660254037844387,-0.4999999999999998,1,0.0,15
33.74.16,Tugu,2025-05-01,DBD,1,32100,202.9,27.6,82.3,138.8,27.6,80.4,187.8,27.3,83.9,198.0,26.6,85.5,326.6,1.0,0.0,2.0,1.0,1.0,2219.0400000000004,11159.520000000002,5,0.49999999999999994,-0.8660254037844387,0,0.3115264797507788,15
33.74.16,Tugu,2025-06-01,DBD,0,32100,95.9,28.2,73.2,202.9,27.6,82.3,138.8,27.6,80.4,187.8,27.3,83.9,341.70000000000005,1.0,1.0,0.0,0.6666666666666666,0.0,2271.48,16698.67,6,1.2246467991473532e-16,-1.0,0,0.3115264797507788,15
33.74.16,Tugu,2025-07-01,DBD,0,32100,40.0,28.6,65.0,95.9,28.2,73.2,202.9,27.6,82.3,138.8,27.6,80.4,298.8,0.0,1.0,1.0,0.6666666666666666,-1.0,2064.2400000000002,7019.880000000001,7,-0.4999999999999997,-0.8660254037844388,0,0.0,15
33.74.16,Tugu,2025-08-01,DBD,1,32100,103.1,27.9,71.7,40.0,28.6,65.0,95.9,28.2,73.2,202.9,27.6,82.3,135.9,0.0,0.0,1.0,0.3333333333333333,0.0,1859.0,2600.0,8,-0.8660254037844385,-0.5000000000000004,0,0.0,15
33.74.16,Tugu,2025-09-01,DBD,1,32100,127.1,28.5,69.9,103.1,27.9,71.7,40.0,28.6,65.0,95.9,28.2,73.2,143.1,1.0,0.0,0.0,0.3333333333333333,1.0,2000.43,7392.2699999999995,9,-1.0,-1.8369701987210297e-16,0,0.3115264797507788,15
33.74.16,Tugu,2025-10-01,DBD,0,32100,290.3,28.4,75.5,127.1,28.5,69.9,103.1,27.9,71.7,40.0,28.6,65.0,230.2,1.0,1.0,0.0,0.6666666666666666,0.0,1992.15,8884.29,10,-0.8660254037844386,0.5000000000000001,1,0.3115264797507788,15
33.74.16,Tugu,2025-11-01,DBD,0,32100,242.4,27.5,82.0,290.3,28.4,75.5,127.1,28.5,69.9,103.1,27.9,71.7,417.4,0.0,1.0,1.0,0.6666666666666666,-1.0,2144.2,21917.65,11,-0.5000000000000004,0.8660254037844384,1,0.0,15
33.74.16,Tugu,2025-12-01,DBD,0,32100,289.2,27.2,84.4,242.4,27.5,82.0,290.3,28.4,75.5,127.1,28.5,69.9,532.7,0.0,0.0,1.0,0.3333333333333333,0.0,2255.0,19876.8,12,-2.4492935982947064e-16,1.0,0,0.0,15
