kecamatan_id,kecamatan_nama,week_start,disease,cases,population,rainfall_mm,temp_mean_c,humidity_pct
33.74.01,Semarang Tengah,2021-01-04,DBD,0,62540,74.4,26.0,87.6
33.74.01,Semarang Tengah,2021-01-11,DBD,0,62540,53.9,26.0,87.4
33.74.01,Semarang Tengah,2021-01-18,DBD,0,62540,73.4,25.5,87.4
33.74.01,Semarang Tengah,2021-01-25,DBD,0,62540,66.6,25.3,88.1
33.74.01,Semarang Tengah,2021-02-01,DBD,0,62540,48.8,25.6,86.4
33.74.01,Semarang Tengah,2021-02-08,DBD,0,62540,79.4,25.7,88.6
33.74.01,Semarang Tengah,2021-02-15,DBD,0,62540,182.1,25.2,88.0
33.74.01,Semarang Tengah,2021-02-22,DBD,0,62540,53.7,25.8,86.7
33.74.01,Semarang Tengah,2021-03-01,DBD,0,62540,46.5,26.1,85.6
33.74.01,Semarang Tengah,2021-03-08,DBD,0,62540,33.4,25.8,85.1
33.74.01,Semarang Tengah,2021-03-15,DBD,0,62540,26.9,26.5,86.4
33.74.01,Semarang Tengah,2021-03-22,DBD,1,62540,40.7,26.4,87.6
33.74.01,Semarang Tengah,2021-03-29,DBD,0,62540,17.1,26.9,84.4
33.74.01,Semarang Tengah,2021-04-05,DBD,0,62540,40.0,26.9,84.0
33.74.01,Semarang Tengah,2021-04-12,DBD,0,62540,20.1,26.7,84.6
33.74.01,Semarang Tengah,2021-04-19,DBD,0,62540,7.7,27.0,76.9
33.74.01,Semarang Tengah,2021-04-26,DBD,0,62540,13.2,27.5,77.6
33.74.01,Semarang Tengah,2021-05-03,DBD,0,62540,21.2,27.5,78.4
33.74.01,Semarang Tengah,2021-05-10,DBD,0,62540,1.7,28.6,70.4
33.74.01,Semarang Tengah,2021-05-17,DBD,0,62540,17.1,27.8,76.9
33.74.01,Semarang Tengah,2021-05-24,DBD,0,62540,107.4,27.5,79.7
33.74.01,Semarang Tengah,2021-05-31,DBD,0,62540,7.1,27.9,77.9
33.74.01,Semarang Tengah,2021-06-07,DBD,0,62540,15.0,27.6,77.7
33.74.01,Semarang Tengah,2021-06-14,DBD,0,62540,51.0,26.2,83.6
33.74.01,Semarang Tengah,2021-06-21,DBD,0,62540,21.6,26.6,82.6
33.74.01,Semarang Tengah,2021-06-28,DBD,0,62540,18.8,27.1,75.7
33.74.01,Semarang Tengah,2021-07-05,DBD,0,62540,6.3,27.8,65.1
33.74.01,Semarang Tengah,2021-07-12,DBD,0,62540,0.5,28.6,58.7
33.74.01,Semarang Tengah,2021-07-19,DBD,0,62540,0.7,29.0,62.0
33.74.01,Semarang Tengah,2021-07-26,DBD,0,62540,4.5,28.1,61.0
33.74.01,Semarang Tengah,2021-08-02,DBD,0,62540,17.1,28.6,65.7
33.74.01,Semarang Tengah,2021-08-09,DBD,0,62540,27.1,28.6,64.1
33.74.01,Semarang Tengah,2021-08-16,DBD,0,62540,14.0,28.1,67.7
33.74.01,Semarang Tengah,2021-08-23,DBD,0,62540,1.3,28.6,59.4
33.74.01,Semarang Tengah,2021-08-30,DBD,1,62540,3.3,28.9,60.0
33.74.01,Semarang Tengah,2021-09-06,DBD,1,62540,15.2,28.6,64.9
33.74.01,Semarang Tengah,2021-09-13,DBD,0,62540,9.8,28.3,69.6
33.74.01,Semarang Tengah,2021-09-20,DBD,0,62540,31.2,28.0,71.1
33.74.01,Semarang Tengah,2021-09-27,DBD,0,62540,3.3,28.2,71.1
33.74.01,Semarang Tengah,2021-10-04,DBD,0,62540,2.1,28.5,62.0
33.74.01,Semarang Tengah,2021-10-11,DBD,0,62540,3.5,29.5,62.4
33.74.01,Semarang Tengah,2021-10-18,DBD,0,62540,47.0,27.4,79.7
33.74.01,Semarang Tengah,2021-10-25,DBD,0,62540,67.4,27.2,82.1
33.74.01,Semarang Tengah,2021-11-01,DBD,0,62540,32.0,26.9,82.9
33.74.01,Semarang Tengah,2021-11-08,DBD,1,62540,75.4,26.3,87.1
33.74.01,Semarang Tengah,2021-11-15,DBD,0,62540,37.2,26.3,85.9
33.74.01,Semarang Tengah,2021-11-22,DBD,0,62540,95.0,26.1,87.3
33.74.01,Semarang Tengah,2021-11-29,DBD,0,62540,44.0,26.5,83.4
33.74.01,Semarang Tengah,2021-12-06,DBD,0,62540,50.9,26.2,86.7
33.74.01,Semarang Tengah,2021-12-13,DBD,0,62540,58.3,26.5,87.4
33.74.01,Semarang Tengah,2021-12-20,DBD,1,62540,63.3,26.2,86.7
33.74.01,Semarang Tengah,2021-12-27,DBD,0,62540,101.0,26.0,86.9
33.74.02,Semarang Utara,2021-01-04,DBD,1,128450,74.4,26.2,87.7
33.74.02,Semarang Utara,2021-01-11,DBD,0,128450,53.9,26.2,87.4
33.74.02,Semarang Utara,2021-01-18,DBD,0,128450,73.4,25.8,87.4
33.74.02,Semarang Utara,2021-01-25,DBD,0,128450,66.6,25.5,88.1
33.74.02,Semarang Utara,2021-02-01,DBD,0,128450,48.8,25.8,86.4
33.74.02,Semarang Utara,2021-02-08,DBD,0,128450,79.4,25.9,88.7
33.74.02,Semarang Utara,2021-02-15,DBD,0,128450,182.1,25.4,88.0
33.74.02,Semarang Utara,2021-02-22,DBD,0,128450,53.7,26.0,86.7
33.74.02,Semarang Utara,2021-03-01,DBD,0,128450,46.5,26.4,85.6
33.74.02,Semarang Utara,2021-03-08,DBD,0,128450,33.4,26.1,85.1
33.74.02,Semarang Utara,2021-03-15,DBD,0,128450,26.9,26.7,86.4
33.74.02,Semarang Utara,2021-03-22,DBD,0,128450,40.7,26.6,87.6
33.74.02,Semarang Utara,2021-03-29,DBD,0,128450,17.1,27.1,84.4
33.74.02,Semarang Utara,2021-04-05,DBD,0,128450,40.0,27.1,84.0
33.74.02,Semarang Utara,2021-04-12,DBD,0,128450,20.1,26.9,84.6
33.74.02,Semarang Utara,2021-04-19,DBD,0,128450,7.7,27.2,76.9
33.74.02,Semarang Utara,2021-04-26,DBD,0,128450,13.2,27.7,77.7
33.74.02,Semarang Utara,2021-05-03,DBD,0,128450,21.2,27.7,78.4
33.74.02,Semarang Utara,2021-05-10,DBD,0,128450,1.7,28.8,70.6
33.74.02,Semarang Utara,2021-05-17,DBD,1,128450,17.1,28.0,77.0
33.74.02,Semarang Utara,2021-05-24,DBD,0,128450,107.4,27.7,79.7
33.74.02,Semarang Utara,2021-05-31,DBD,0,128450,7.1,28.1,77.9
33.74.02,Semarang Utara,2021-06-07,DBD,0,128450,15.0,27.8,77.7
33.74.02,Semarang Utara,2021-06-14,DBD,0,128450,51.0,26.5,83.6
33.74.02,Semarang Utara,2021-06-21,DBD,0,128450,21.6,26.8,82.6
33.74.02,Semarang Utara,2021-06-28,DBD,0,128450,18.8,27.3,75.7
33.74.02,Semarang Utara,2021-07-05,DBD,0,128450,6.3,28.0,65.1
33.74.02,Semarang Utara,2021-07-12,DBD,0,128450,0.5,28.9,58.9
33.74.02,Semarang Utara,2021-07-19,DBD,0,128450,0.7,29.2,62.0
33.74.02,Semarang Utara,2021-07-26,DBD,0,128450,4.5,28.3,61.0
33.74.02,Semarang Utara,2021-08-02,DBD,0,128450,17.1,28.9,65.9
33.74.02,Semarang Utara,2021-08-09,DBD,0,128450,27.1,28.8,64.3
33.74.02,Semarang Utara,2021-08-16,DBD,0,128450,14.0,28.3,67.7
33.74.02,Semarang Utara,2021-08-23,DBD,0,128450,1.3,28.8,59.6
33.74.02,Semarang Utara,2021-08-30,DBD,0,128450,3.3,29.1,60.1
33.74.02,Semarang Utara,2021-09-06,DBD,0,128450,15.2,28.8,64.9
33.74.02,Semarang Utara,2021-09-13,DBD,0,128450,9.8,28.5,69.6
33.74.02,Semarang Utara,2021-09-20,DBD,0,128450,31.2,28.3,71.1
33.74.02,Semarang Utara,2021-09-27,DBD,0,128450,3.3,28.4,71.3
33.74.02,Semarang Utara,2021-10-04,DBD,0,128450,2.1,28.7,62.0
33.74.02,Semarang Utara,2021-10-11,DBD,0,128450,3.5,29.7,62.6
33.74.02,Semarang Utara,2021-10-18,DBD,0,128450,47.0,27.7,79.9
33.74.02,Semarang Utara,2021-10-25,DBD,0,128450,67.4,27.4,82.1
33.74.02,Semarang Utara,2021-11-01,DBD,0,128450,32.0,27.1,82.9
33.74.02,Semarang Utara,2021-11-08,DBD,0,128450,75.4,26.5,87.1
33.74.02,Semarang Utara,2021-11-15,DBD,0,128450,37.2,26.5,85.9
33.74.02,Semarang Utara,2021-11-22,DBD,0,128450,95.0,26.3,87.3
33.74.02,Semarang Utara,2021-11-29,DBD,0,128450,44.0,26.7,83.4
33.74.02,Semarang Utara,2021-12-06,DBD,0,128450,50.9,26.4,86.7
33.74.02,Semarang Utara,2021-12-13,DBD,0,128450,58.3,26.8,87.4
33.74.02,Semarang Utara,2021-12-20,DBD,1,128450,63.3,26.4,86.7
33.74.02,Semarang Utara,2021-12-27,DBD,0,128450,101.0,26.2,86.9
33.74.03,Semarang Timur,2021-01-04,DBD,0,72130,74.4,26.0,87.6
33.74.03,Semarang Timur,2021-01-11,DBD,0,72130,53.9,26.0,87.4
33.74.03,Semarang Timur,2021-01-18,DBD,0,72130,73.4,25.5,87.4
33.74.03,Semarang Timur,2021-01-25,DBD,0,72130,66.6,25.3,88.1
33.74.03,Semarang Timur,2021-02-01,DBD,1,72130,48.8,25.6,86.4
33.74.03,Semarang Timur,2021-02-08,DBD,0,72130,79.4,25.7,88.6
33.74.03,Semarang Timur,2021-02-15,DBD,0,72130,182.1,25.2,88.0
33.74.03,Semarang Timur,2021-02-22,DBD,0,72130,53.7,25.8,86.7
33.74.03,Semarang Timur,2021-03-01,DBD,0,72130,46.5,26.1,85.6
33.74.03,Semarang Timur,2021-03-08,DBD,0,72130,33.4,25.8,85.1
33.74.03,Semarang Timur,2021-03-15,DBD,0,72130,26.9,26.5,86.4
33.74.03,Semarang Timur,2021-03-22,DBD,0,72130,40.7,26.4,87.6
33.74.03,Semarang Timur,2021-03-29,DBD,1,72130,17.1,26.9,84.4
33.74.03,Semarang Timur,2021-04-05,DBD,0,72130,40.0,26.9,84.0
33.74.03,Semarang Timur,2021-04-12,DBD,0,72130,20.1,26.7,84.6
33.74.03,Semarang Timur,2021-04-19,DBD,1,72130,7.7,27.0,76.9
33.74.03,Semarang Timur,2021-04-26,DBD,0,72130,13.2,27.5,77.6
33.74.03,Semarang Timur,2021-05-03,DBD,0,72130,21.2,27.5,78.4
33.74.03,Semarang Timur,2021-05-10,DBD,1,72130,1.7,28.6,70.4
33.74.03,Semarang Timur,2021-05-17,DBD,0,72130,17.1,27.8,76.9
33.74.03,Semarang Timur,2021-05-24,DBD,0,72130,107.4,27.5,79.7
33.74.03,Semarang Timur,2021-05-31,DBD,0,72130,7.1,27.9,77.9
33.74.03,Semarang Timur,2021-06-07,DBD,0,72130,15.0,27.6,77.7
33.74.03,Semarang Timur,2021-06-14,DBD,0,72130,51.0,26.2,83.6
33.74.03,Semarang Timur,2021-06-21,DBD,0,72130,21.6,26.6,82.6
33.74.03,Semarang Timur,2021-06-28,DBD,0,72130,18.8,27.1,75.7
33.74.03,Semarang Timur,2021-07-05,DBD,0,72130,6.3,27.8,65.1
33.74.03,Semarang Timur,2021-07-12,DBD,0,72130,0.5,28.6,58.7
33.74.03,Semarang Timur,2021-07-19,DBD,0,72130,0.7,29.0,62.0
33.74.03,Semarang Timur,2021-07-26,DBD,0,72130,4.5,28.1,61.0
33.74.03,Semarang Timur,2021-08-02,DBD,0,72130,17.1,28.6,65.7
33.74.03,Semarang Timur,2021-08-09,DBD,0,72130,27.1,28.6,64.1
33.74.03,Semarang Timur,2021-08-16,DBD,0,72130,14.0,28.1,67.7
33.74.03,Semarang Timur,2021-08-23,DBD,0,72130,1.3,28.6,59.4
33.74.03,Semarang Timur,2021-08-30,DBD,0,72130,3.3,28.9,60.0
33.74.03,Semarang Timur,2021-09-06,DBD,1,72130,15.2,28.6,64.9
33.74.03,Semarang Timur,2021-09-13,DBD,0,72130,9.8,28.3,69.6
33.74.03,Semarang Timur,2021-09-20,DBD,0,72130,31.2,28.0,71.1
33.74.03,Semarang Timur,2021-09-27,DBD,0,72130,3.3,28.2,71.1
33.74.03,Semarang Timur,2021-10-04,DBD,0,72130,2.1,28.5,62.0
33.74.03,Semarang Timur,2021-10-11,DBD,1,72130,3.5,29.5,62.4
33.74.03,Semarang Timur,2021-10-18,DBD,1,72130,47.0,27.4,79.7
33.74.03,Semarang Timur,2021-10-25,DBD,0,72130,67.4,27.2,82.1
33.74.03,Semarang Timur,2021-11-01,DBD,0,72130,32.0,26.9,82.9
33.74.03,Semarang Timur,2021-11-08,DBD,0,72130,75.4,26.3,87.1
33.74.03,Semarang Timur,2021-11-15,DBD,0,72130,37.2,26.3,85.9
33.74.03,Semarang Timur,2021-11-22,DBD,0,72130,95.0,26.1,87.3
33.74.03,Semarang Timur,2021-11-29,DBD,0,72130,44.0,26.5,83.4
33.74.03,Semarang Timur,2021-12-06,DBD,0,72130,50.9,26.2,86.7
33.74.03,Semarang Timur,2021-12-13,DBD,0,72130,58.3,26.5,87.4
33.74.03,Semarang Timur,2021-12-20,DBD,1,72130,63.3,26.2,86.7
33.74.03,Semarang Timur,2021-12-27,DBD,0,72130,101.0,26.0,86.9
33.74.04,Semarang Selatan,2021-01-04,DBD,1,70890,74.4,26.0,87.6
33.74.04,Semarang Selatan,2021-01-11,DBD,0,70890,53.9,26.0,87.4
33.74.04,Semarang Selatan,2021-01-18,DBD,0,70890,73.4,25.5,87.4
33.74.04,Semarang Selatan,2021-01-25,DBD,0,70890,66.6,25.3,88.1
33.74.04,Semarang Selatan,2021-02-01,DBD,1,70890,48.8,25.6,86.4
33.74.04,Semarang Selatan,2021-02-08,DBD,0,70890,79.4,25.7,88.6
33.74.04,Semarang Selatan,2021-02-15,DBD,0,70890,182.1,25.2,88.0
33.74.04,Semarang Selatan,2021-02-22,DBD,0,70890,53.7,25.8,86.7
33.74.04,Semarang Selatan,2021-03-01,DBD,0,70890,46.5,26.1,85.6
33.74.04,Semarang Selatan,2021-03-08,DBD,0,70890,33.4,25.8,85.1
33.74.04,Semarang Selatan,2021-03-15,DBD,0,70890,26.9,26.5,86.4
33.74.04,Semarang Selatan,2021-03-22,DBD,0,70890,40.7,26.4,87.6
33.74.04,Semarang Selatan,2021-03-29,DBD,0,70890,17.1,26.9,84.4
33.74.04,Semarang Selatan,2021-04-05,DBD,0,70890,40.0,26.9,84.0
33.74.04,Semarang Selatan,2021-04-12,DBD,0,70890,20.1,26.7,84.6
33.74.04,Semarang Selatan,2021-04-19,DBD,0,70890,7.7,27.0,76.9
33.74.04,Semarang Selatan,2021-04-26,DBD,0,70890,13.2,27.5,77.6
33.74.04,Semarang Selatan,2021-05-03,DBD,0,70890,21.2,27.5,78.4
33.74.04,Semarang Selatan,2021-05-10,DBD,0,70890,1.7,28.6,70.4
33.74.04,Semarang Selatan,2021-05-17,DBD,0,70890,17.1,27.8,76.9
33.74.04,Semarang Selatan,2021-05-24,DBD,0,70890,107.4,27.5,79.7
33.74.04,Semarang Selatan,2021-05-31,DBD,0,70890,7.1,27.9,77.9
33.74.04,Semarang Selatan,2021-06-07,DBD,0,70890,15.0,27.6,77.7
33.74.04,Semarang Selatan,2021-06-14,DBD,0,70890,51.0,26.2,83.6
33.74.04,Semarang Selatan,2021-06-21,DBD,0,70890,21.6,26.6,82.6
33.74.04,Semarang Selatan,2021-06-28,DBD,0,70890,18.8,27.1,75.7
33.74.04,Semarang Selatan,2021-07-05,DBD,0,70890,6.3,27.8,65.1
33.74.04,Semarang Selatan,2021-07-12,DBD,0,70890,0.5,28.6,58.7
33.74.04,Semarang Selatan,2021-07-19,DBD,0,70890,0.7,29.0,62.0
33.74.04,Semarang Selatan,2021-07-26,DBD,1,70890,4.5,28.1,61.0
33.74.04,Semarang Selatan,2021-08-02,DBD,0,70890,17.1,28.6,65.7
33.74.04,Semarang Selatan,2021-08-09,DBD,0,70890,27.1,28.6,64.1
33.74.04,Semarang Selatan,2021-08-16,DBD,0,70890,14.0,28.1,67.7
33.74.04,Semarang Selatan,2021-08-23,DBD,0,70890,1.3,28.6,59.4
33.74.04,Semarang Selatan,2021-08-30,DBD,1,70890,3.3,28.9,60.0
33.74.04,Semarang Selatan,2021-09-06,DBD,0,70890,15.2,28.6,64.9
33.74.04,Semarang Selatan,2021-09-13,DBD,0,70890,9.8,28.3,69.6
33.74.04,Semarang Selatan,2021-09-20,DBD,1,70890,31.2,28.0,71.1
33.74.04,Semarang Selatan,2021-09-27,DBD,0,70890,3.3,28.2,71.1
33.74.04,Semarang Selatan,2021-10-04,DBD,0,70890,2.1,28.5,62.0
33.74.04,Semarang Selatan,2021-10-11,DBD,0,70890,3.5,29.5,62.4
33.74.04,Semarang Selatan,2021-10-18,DBD,0,70890,47.0,27.4,79.7
33.74.04,Semarang Selatan,2021-10-25,DBD,1,70890,67.4,27.2,82.1
33.74.04,Semarang Selatan,2021-11-01,DBD,1,70890,32.0,26.9,82.9
33.74.04,Semarang Selatan,2021-11-08,DBD,0,70890,75.4,26.3,87.1
33.74.04,Semarang Selatan,2021-11-15,DBD,0,70890,37.2,26.3,85.9
33.74.04,Semarang Selatan,2021-11-22,DBD,0,70890,95.0,26.1,87.3
33.74.04,Semarang Selatan,2021-11-29,DBD,1,70890,44.0,26.5,83.4
33.74.04,Semarang Selatan,2021-12-06,DBD,1,70890,50.9,26.2,86.7
33.74.04,Semarang Selatan,2021-12-13,DBD,0,70890,58.3,26.5,87.4
33.74.04,Semarang Selatan,2021-12-20,DBD,0,70890,63.3,26.2,86.7
33.74.04,Semarang Selatan,2021-12-27,DBD,0,70890,101.0,26.0,86.9
33.74.05,Semarang Barat,2021-01-04,DBD,1,158726,74.4,26.2,87.7
33.74.05,Semarang Barat,2021-01-11,DBD,0,158726,53.9,26.2,87.4
33.74.05,Semarang Barat,2021-01-18,DBD,0,158726,73.4,25.8,87.4
33.74.05,Semarang Barat,2021-01-25,DBD,0,158726,66.6,25.5,88.1
33.74.05,Semarang Barat,2021-02-01,DBD,0,158726,48.8,25.8,86.4
33.74.05,Semarang Barat,2021-02-08,DBD,1,158726,79.4,25.9,88.7
33.74.05,Semarang Barat,2021-02-15,DBD,0,158726,182.1,25.4,88.0
33.74.05,Semarang Barat,2021-02-22,DBD,0,158726,53.7,26.0,86.7
33.74.05,Semarang Barat,2021-03-01,DBD,0,158726,46.5,26.4,85.6
33.74.05,Semarang Barat,2021-03-08,DBD,0,158726,33.4,26.1,85.1
33.74.05,Semarang Barat,2021-03-15,DBD,0,158726,26.9,26.7,86.4
33.74.05,Semarang Barat,2021-03-22,DBD,0,158726,40.7,26.6,87.6
33.74.05,Semarang Barat,2021-03-29,DBD,0,158726,17.1,27.1,84.4
33.74.05,Semarang Barat,2021-04-05,DBD,0,158726,40.0,27.1,84.0
33.74.05,Semarang Barat,2021-04-12,DBD,0,158726,20.1,26.9,84.6
33.74.05,Semarang Barat,2021-04-19,DBD,0,158726,7.7,27.2,76.9
33.74.05,Semarang Barat,2021-04-26,DBD,1,158726,13.2,27.7,77.7
33.74.05,Semarang Barat,2021-05-03,DBD,0,158726,21.2,27.7,78.4
33.74.05,Semarang Barat,2021-05-10,DBD,0,158726,1.7,28.8,70.6
33.74.05,Semarang Barat,2021-05-17,DBD,1,158726,17.1,28.0,77.0
33.74.05,Semarang Barat,2021-05-24,DBD,0,158726,107.4,27.7,79.7
33.74.05,Semarang Barat,2021-05-31,DBD,1,158726,7.1,28.1,77.9
33.74.05,Semarang Barat,2021-06-07,DBD,0,158726,15.0,27.8,77.7
33.74.05,Semarang Barat,2021-06-14,DBD,0,158726,51.0,26.5,83.6
33.74.05,Semarang Barat,2021-06-21,DBD,0,158726,21.6,26.8,82.6
33.74.05,Semarang Barat,2021-06-28,DBD,0,158726,18.8,27.3,75.7
33.74.05,Semarang Barat,2021-07-05,DBD,0,158726,6.3,28.0,65.1
33.74.05,Semarang Barat,2021-07-12,DBD,0,158726,0.5,28.9,58.9
33.74.05,Semarang Barat,2021-07-19,DBD,0,158726,0.7,29.2,62.0
33.74.05,Semarang Barat,2021-07-26,DBD,1,158726,4.5,28.3,61.0
33.74.05,Semarang Barat,2021-08-02,DBD,0,158726,17.1,28.9,65.9
33.74.05,Semarang Barat,2021-08-09,DBD,1,158726,27.1,28.8,64.3
33.74.05,Semarang Barat,2021-08-16,DBD,0,158726,14.0,28.3,67.7
33.74.05,Semarang Barat,2021-08-23,DBD,0,158726,1.3,28.8,59.6
33.74.05,Semarang Barat,2021-08-30,DBD,0,158726,3.3,29.1,60.1
33.74.05,Semarang Barat,2021-09-06,DBD,0,158726,15.2,28.8,64.9
33.74.05,Semarang Barat,2021-09-13,DBD,0,158726,9.8,28.5,69.6
33.74.05,Semarang Barat,2021-09-20,DBD,0,158726,31.2,28.3,71.1
33.74.05,Semarang Barat,2021-09-27,DBD,1,158726,3.3,28.4,71.3
33.74.05,Semarang Barat,2021-10-04,DBD,0,158726,2.1,28.7,62.0
33.74.05,Semarang Barat,2021-10-11,DBD,0,158726,3.5,29.7,62.6
33.74.05,Semarang Barat,2021-10-18,DBD,1,158726,47.0,27.7,79.9
33.74.05,Semarang Barat,2021-10-25,DBD,0,158726,67.4,27.4,82.1
33.74.05,Semarang Barat,2021-11-01,DBD,3,158726,32.0,27.1,82.9
33.74.05,Semarang Barat,2021-11-08,DBD,2,158726,75.4,26.5,87.1
33.74.05,Semarang Barat,2021-11-15,DBD,2,158726,37.2,26.5,85.9
33.74.05,Semarang Barat,2021-11-22,DBD,0,158726,95.0,26.3,87.3
33.74.05,Semarang Barat,2021-11-29,DBD,0,158726,44.0,26.7,83.4
33.74.05,Semarang Barat,2021-12-06,DBD,2,158726,50.9,26.4,86.7
33.74.05,Semarang Barat,2021-12-13,DBD,0,158726,58.3,26.8,87.4
33.74.05,Semarang Barat,2021-12-20,DBD,0,158726,63.3,26.4,86.7
33.74.05,Semarang Barat,2021-12-27,DBD,2,158726,101.0,26.2,86.9
33.74.06,Gayamsari,2021-01-04,DBD,1,68900,74.4,26.0,87.6
33.74.06,Gayamsari,2021-01-11,DBD,0,68900,53.9,26.0,87.4
33.74.06,Gayamsari,2021-01-18,DBD,0,68900,73.4,25.5,87.4
33.74.06,Gayamsari,2021-01-25,DBD,0,68900,66.6,25.3,88.1
33.74.06,Gayamsari,2021-02-01,DBD,0,68900,48.8,25.6,86.4
33.74.06,Gayamsari,2021-02-08,DBD,0,68900,79.4,25.7,88.6
33.74.06,Gayamsari,2021-02-15,DBD,0,68900,182.1,25.2,88.0
33.74.06,Gayamsari,2021-02-22,DBD,0,68900,53.7,25.8,86.7
33.74.06,Gayamsari,2021-03-01,DBD,1,68900,46.5,26.1,85.6
33.74.06,Gayamsari,2021-03-08,DBD,0,68900,33.4,25.8,85.1
33.74.06,Gayamsari,2021-03-15,DBD,0,68900,26.9,26.5,86.4
33.74.06,Gayamsari,2021-03-22,DBD,0,68900,40.7,26.4,87.6
33.74.06,Gayamsari,2021-03-29,DBD,0,68900,17.1,26.9,84.4
33.74.06,Gayamsari,2021-04-05,DBD,1,68900,40.0,26.9,84.0
33.74.06,Gayamsari,2021-04-12,DBD,0,68900,20.1,26.7,84.6
33.74.06,Gayamsari,2021-04-19,DBD,0,68900,7.7,27.0,76.9
33.74.06,Gayamsari,2021-04-26,DBD,0,68900,13.2,27.5,77.6
33.74.06,Gayamsari,2021-05-03,DBD,0,68900,21.2,27.5,78.4
33.74.06,Gayamsari,2021-05-10,DBD,0,68900,1.7,28.6,70.4
33.74.06,Gayamsari,2021-05-17,DBD,0,68900,17.1,27.8,76.9
33.74.06,Gayamsari,2021-05-24,DBD,0,68900,107.4,27.5,79.7
33.74.06,Gayamsari,2021-05-31,DBD,0,68900,7.1,27.9,77.9
33.74.06,Gayamsari,2021-06-07,DBD,0,68900,15.0,27.6,77.7
33.74.06,Gayamsari,2021-06-14,DBD,0,68900,51.0,26.2,83.6
33.74.06,Gayamsari,2021-06-21,DBD,0,68900,21.6,26.6,82.6
33.74.06,Gayamsari,2021-06-28,DBD,0,68900,18.8,27.1,75.7
33.74.06,Gayamsari,2021-07-05,DBD,0,68900,6.3,27.8,65.1
33.74.06,Gayamsari,2021-07-12,DBD,0,68900,0.5,28.6,58.7
33.74.06,Gayamsari,2021-07-19,DBD,0,68900,0.7,29.0,62.0
33.74.06,Gayamsari,2021-07-26,DBD,0,68900,4.5,28.1,61.0
33.74.06,Gayamsari,2021-08-02,DBD,0,68900,17.1,28.6,65.7
33.74.06,Gayamsari,2021-08-09,DBD,0,68900,27.1,28.6,64.1
33.74.06,Gayamsari,2021-08-16,DBD,0,68900,14.0,28.1,67.7
33.74.06,Gayamsari,2021-08-23,DBD,0,68900,1.3,28.6,59.4
33.74.06,Gayamsari,2021-08-30,DBD,0,68900,3.3,28.9,60.0
33.74.06,Gayamsari,2021-09-06,DBD,0,68900,15.2,28.6,64.9
33.74.06,Gayamsari,2021-09-13,DBD,0,68900,9.8,28.3,69.6
33.74.06,Gayamsari,2021-09-20,DBD,0,68900,31.2,28.0,71.1
33.74.06,Gayamsari,2021-09-27,DBD,0,68900,3.3,28.2,71.1
33.74.06,Gayamsari,2021-10-04,DBD,0,68900,2.1,28.5,62.0
33.74.06,Gayamsari,2021-10-11,DBD,0,68900,3.5,29.5,62.4
33.74.06,Gayamsari,2021-10-18,DBD,0,68900,47.0,27.4,79.7
33.74.06,Gayamsari,2021-10-25,DBD,0,68900,67.4,27.2,82.1
33.74.06,Gayamsari,2021-11-01,DBD,0,68900,32.0,26.9,82.9
33.74.06,Gayamsari,2021-11-08,DBD,0,68900,75.4,26.3,87.1
33.74.06,Gayamsari,2021-11-15,DBD,1,68900,37.2,26.3,85.9
33.74.06,Gayamsari,2021-11-22,DBD,0,68900,95.0,26.1,87.3
33.74.06,Gayamsari,2021-11-29,DBD,0,68900,44.0,26.5,83.4
33.74.06,Gayamsari,2021-12-06,DBD,1,68900,50.9,26.2,86.7
33.74.06,Gayamsari,2021-12-13,DBD,1,68900,58.3,26.5,87.4
33.74.06,Gayamsari,2021-12-20,DBD,2,68900,63.3,26.2,86.7
33.74.06,Gayamsari,2021-12-27,DBD,0,68900,101.0,26.0,86.9
33.74.07,Candisari,2021-01-04,DBD,0,78420,74.4,26.0,87.6
33.74.07,Candisari,2021-01-11,DBD,0,78420,53.9,26.0,87.4
33.74.07,Candisari,2021-01-18,DBD,0,78420,73.4,25.5,87.4
33.74.07,Candisari,2021-01-25,DBD,0,78420,66.6,25.3,88.1
33.74.07,Candisari,2021-02-01,DBD,0,78420,48.8,25.6,86.4
33.74.07,Candisari,2021-02-08,DBD,0,78420,79.4,25.7,88.6
33.74.07,Candisari,2021-02-15,DBD,0,78420,182.1,25.2,88.0
33.74.07,Candisari,2021-02-22,DBD,1,78420,53.7,25.8,86.7
33.74.07,Candisari,2021-03-01,DBD,0,78420,46.5,26.1,85.6
33.74.07,Candisari,2021-03-08,DBD,0,78420,33.4,25.8,85.1
33.74.07,Candisari,2021-03-15,DBD,0,78420,26.9,26.5,86.4
33.74.07,Candisari,2021-03-22,DBD,0,78420,40.7,26.4,87.6
33.74.07,Candisari,2021-03-29,DBD,0,78420,17.1,26.9,84.4
33.74.07,Candisari,2021-04-05,DBD,0,78420,40.0,26.9,84.0
33.74.07,Candisari,2021-04-12,DBD,0,78420,20.1,26.7,84.6
33.74.07,Candisari,2021-04-19,DBD,1,78420,7.7,27.0,76.9
33.74.07,Candisari,2021-04-26,DBD,1,78420,13.2,27.5,77.6
33.74.07,Candisari,2021-05-03,DBD,0,78420,21.2,27.5,78.4
33.74.07,Candisari,2021-05-10,DBD,0,78420,1.7,28.6,70.4
33.74.07,Candisari,2021-05-17,DBD,0,78420,17.1,27.8,76.9
33.74.07,Candisari,2021-05-24,DBD,0,78420,107.4,27.5,79.7
33.74.07,Candisari,2021-05-31,DBD,0,78420,7.1,27.9,77.9
33.74.07,Candisari,2021-06-07,DBD,0,78420,15.0,27.6,77.7
33.74.07,Candisari,2021-06-14,DBD,0,78420,51.0,26.2,83.6
33.74.07,Candisari,2021-06-21,DBD,0,78420,21.6,26.6,82.6
33.74.07,Candisari,2021-06-28,DBD,0,78420,18.8,27.1,75.7
33.74.07,Candisari,2021-07-05,DBD,0,78420,6.3,27.8,65.1
33.74.07,Candisari,2021-07-12,DBD,1,78420,0.5,28.6,58.7
33.74.07,Candisari,2021-07-19,DBD,0,78420,0.7,29.0,62.0
33.74.07,Candisari,2021-07-26,DBD,0,78420,4.5,28.1,61.0
33.74.07,Candisari,2021-08-02,DBD,0,78420,17.1,28.6,65.7
33.74.07,Candisari,2021-08-09,DBD,0,78420,27.1,28.6,64.1
33.74.07,Candisari,2021-08-16,DBD,0,78420,14.0,28.1,67.7
33.74.07,Candisari,2021-08-23,DBD,0,78420,1.3,28.6,59.4
33.74.07,Candisari,2021-08-30,DBD,0,78420,3.3,28.9,60.0
33.74.07,Candisari,2021-09-06,DBD,0,78420,15.2,28.6,64.9
33.74.07,Candisari,2021-09-13,DBD,0,78420,9.8,28.3,69.6
33.74.07,Candisari,2021-09-20,DBD,0,78420,31.2,28.0,71.1
33.74.07,Candisari,2021-09-27,DBD,0,78420,3.3,28.2,71.1
33.74.07,Candisari,2021-10-04,DBD,0,78420,2.1,28.5,62.0
33.74.07,Candisari,2021-10-11,DBD,0,78420,3.5,29.5,62.4
33.74.07,Candisari,2021-10-18,DBD,0,78420,47.0,27.4,79.7
33.74.07,Candisari,2021-10-25,DBD,0,78420,67.4,27.2,82.1
33.74.07,Candisari,2021-11-01,DBD,0,78420,32.0,26.9,82.9
33.74.07,Candisari,2021-11-08,DBD,0,78420,75.4,26.3,87.1
33.74.07,Candisari,2021-11-15,DBD,0,78420,37.2,26.3,85.9
33.74.07,Candisari,2021-11-22,DBD,1,78420,95.0,26.1,87.3
33.74.07,Candisari,2021-11-29,DBD,1,78420,44.0,26.5,83.4
33.74.07,Candisari,2021-12-06,DBD,1,78420,50.9,26.2,86.7
33.74.07,Candisari,2021-12-13,DBD,1,78420,58.3,26.5,87.4
33.74.07,Candisari,2021-12-20,DBD,2,78420,63.3,26.2,86.7
33.74.07,Candisari,2021-12-27,DBD,0,78420,101.0,26.0,86.9
33.74.08,Gajahmungkur,2021-01-04,DBD,0,58310,74.4,26.0,87.6
33.74.08,Gajahmungkur,2021-01-11,DBD,0,58310,53.9,26.0,87.4
33.74.08,Gajahmungkur,2021-01-18,DBD,0,58310,73.4,25.5,87.4
33.74.08,Gajahmungkur,2021-01-25,DBD,0,58310,66.6,25.3,88.1
33.74.08,Gajahmungkur,2021-02-01,DBD,0,58310,48.8,25.6,86.4
33.74.08,Gajahmungkur,2021-02-08,DBD,0,58310,79.4,25.7,88.6
33.74.08,Gajahmungkur,2021-02-15,DBD,0,58310,182.1,25.2,88.0
33.74.08,Gajahmungkur,2021-02-22,DBD,0,58310,53.7,25.8,86.7
33.74.08,Gajahmungkur,2021-03-01,DBD,0,58310,46.5,26.1,85.6
33.74.08,Gajahmungkur,2021-03-08,DBD,0,58310,33.4,25.8,85.1
33.74.08,Gajahmungkur,2021-03-15,DBD,1,58310,26.9,26.5,86.4
33.74.08,Gajahmungkur,2021-03-22,DBD,0,58310,40.7,26.4,87.6
33.74.08,Gajahmungkur,2021-03-29,DBD,0,58310,17.1,26.9,84.4
33.74.08,Gajahmungkur,2021-04-05,DBD,0,58310,40.0,26.9,84.0
33.74.08,Gajahmungkur,2021-04-12,DBD,0,58310,20.1,26.7,84.6
33.74.08,Gajahmungkur,2021-04-19,DBD,0,58310,7.7,27.0,76.9
33.74.08,Gajahmungkur,2021-04-26,DBD,1,58310,13.2,27.5,77.6
33.74.08,Gajahmungkur,2021-05-03,DBD,0,58310,21.2,27.5,78.4
33.74.08,Gajahmungkur,2021-05-10,DBD,1,58310,1.7,28.6,70.4
33.74.08,Gajahmungkur,2021-05-17,DBD,1,58310,17.1,27.8,76.9
33.74.08,Gajahmungkur,2021-05-24,DBD,0,58310,107.4,27.5,79.7
33.74.08,Gajahmungkur,2021-05-31,DBD,0,58310,7.1,27.9,77.9
33.74.08,Gajahmungkur,2021-06-07,DBD,0,58310,15.0,27.6,77.7
33.74.08,Gajahmungkur,2021-06-14,DBD,0,58310,51.0,26.2,83.6
33.74.08,Gajahmungkur,2021-06-21,DBD,0,58310,21.6,26.6,82.6
33.74.08,Gajahmungkur,2021-06-28,DBD,0,58310,18.8,27.1,75.7
33.74.08,Gajahmungkur,2021-07-05,DBD,0,58310,6.3,27.8,65.1
33.74.08,Gajahmungkur,2021-07-12,DBD,0,58310,0.5,28.6,58.7
33.74.08,Gajahmungkur,2021-07-19,DBD,0,58310,0.7,29.0,62.0
33.74.08,Gajahmungkur,2021-07-26,DBD,0,58310,4.5,28.1,61.0
33.74.08,Gajahmungkur,2021-08-02,DBD,0,58310,17.1,28.6,65.7
33.74.08,Gajahmungkur,2021-08-09,DBD,0,58310,27.1,28.6,64.1
33.74.08,Gajahmungkur,2021-08-16,DBD,0,58310,14.0,28.1,67.7
33.74.08,Gajahmungkur,2021-08-23,DBD,0,58310,1.3,28.6,59.4
33.74.08,Gajahmungkur,2021-08-30,DBD,0,58310,3.3,28.9,60.0
33.74.08,Gajahmungkur,2021-09-06,DBD,0,58310,15.2,28.6,64.9
33.74.08,Gajahmungkur,2021-09-13,DBD,1,58310,9.8,28.3,69.6
33.74.08,Gajahmungkur,2021-09-20,DBD,1,58310,31.2,28.0,71.1
33.74.08,Gajahmungkur,2021-09-27,DBD,0,58310,3.3,28.2,71.1
33.74.08,Gajahmungkur,2021-10-04,DBD,0,58310,2.1,28.5,62.0
33.74.08,Gajahmungkur,2021-10-11,DBD,0,58310,3.5,29.5,62.4
33.74.08,Gajahmungkur,2021-10-18,DBD,0,58310,47.0,27.4,79.7
33.74.08,Gajahmungkur,2021-10-25,DBD,0,58310,67.4,27.2,82.1
33.74.08,Gajahmungkur,2021-11-01,DBD,2,58310,32.0,26.9,82.9
33.74.08,Gajahmungkur,2021-11-08,DBD,0,58310,75.4,26.3,87.1
33.74.08,Gajahmungkur,2021-11-15,DBD,0,58310,37.2,26.3,85.9
33.74.08,Gajahmungkur,2021-11-22,DBD,1,58310,95.0,26.1,87.3
33.74.08,Gajahmungkur,2021-11-29,DBD,0,58310,44.0,26.5,83.4
33.74.08,Gajahmungkur,2021-12-06,DBD,1,58310,50.9,26.2,86.7
33.74.08,Gajahmungkur,2021-12-13,DBD,0,58310,58.3,26.5,87.4
33.74.08,Gajahmungkur,2021-12-20,DBD,0,58310,63.3,26.2,86.7
33.74.08,Gajahmungkur,2021-12-27,DBD,0,58310,101.0,26.0,86.9
33.74.09,Genuk,2021-01-04,DBD,1,112400,80.8,25.8,89.1
33.74.09,Genuk,2021-01-11,DBD,0,112400,33.6,25.9,88.0
33.74.09,Genuk,2021-01-18,DBD,0,112400,71.6,25.6,87.9
33.74.09,Genuk,2021-01-25,DBD,0,112400,71.4,25.2,89.6
33.74.09,Genuk,2021-02-01,DBD,0,112400,50.4,25.8,86.1
33.74.09,Genuk,2021-02-08,DBD,1,112400,72.9,25.8,88.9
33.74.09,Genuk,2021-02-15,DBD,0,112400,157.4,25.3,89.0
33.74.09,Genuk,2021-02-22,DBD,1,112400,41.8,25.9,87.0
33.74.09,Genuk,2021-03-01,DBD,0,112400,43.4,26.3,85.6
33.74.09,Genuk,2021-03-08,DBD,0,112400,21.4,25.9,84.9
33.74.09,Genuk,2021-03-15,DBD,0,112400,33.2,26.5,86.6
33.74.09,Genuk,2021-03-22,DBD,0,112400,44.4,26.5,88.0
33.74.09,Genuk,2021-03-29,DBD,1,112400,21.1,26.9,84.9
33.74.09,Genuk,2021-04-05,DBD,0,112400,36.7,27.0,84.0
33.74.09,Genuk,2021-04-12,DBD,0,112400,33.4,26.7,85.0
33.74.09,Genuk,2021-04-19,DBD,1,112400,6.3,27.1,76.3
33.74.09,Genuk,2021-04-26,DBD,1,112400,24.1,27.5,79.3
33.74.09,Genuk,2021-05-03,DBD,0,112400,25.3,27.5,79.4
33.74.09,Genuk,2021-05-10,DBD,0,112400,3.4,28.5,72.0
33.74.09,Genuk,2021-05-17,DBD,0,112400,18.9,27.8,78.1
33.74.09,Genuk,2021-05-24,DBD,0,112400,85.1,27.3,82.0
33.74.09,Genuk,2021-05-31,DBD,0,112400,7.5,27.9,79.0
33.74.09,Genuk,2021-06-07,DBD,0,112400,19.3,27.5,80.0
33.74.09,Genuk,2021-06-14,DBD,0,112400,69.7,26.1,85.9
33.74.09,Genuk,2021-06-21,DBD,0,112400,41.1,26.4,84.7
33.74.09,Genuk,2021-06-28,DBD,0,112400,20.8,27.0,77.3
33.74.09,Genuk,2021-07-05,DBD,0,112400,6.3,27.6,67.0
33.74.09,Genuk,2021-07-12,DBD,0,112400,0.4,28.4,61.0
33.74.09,Genuk,2021-07-19,DBD,0,112400,0.9,28.9,63.3
33.74.09,Genuk,2021-07-26,DBD,0,112400,3.4,28.2,60.4
33.74.09,Genuk,2021-08-02,DBD,0,112400,15.1,28.9,64.9
33.74.09,Genuk,2021-08-09,DBD,0,112400,30.9,28.8,61.9
33.74.09,Genuk,2021-08-16,DBD,1,112400,17.3,28.4,66.6
33.74.09,Genuk,2021-08-23,DBD,0,112400,1.6,29.0,56.9
33.74.09,Genuk,2021-08-30,DBD,0,112400,4.6,29.4,57.0
33.74.09,Genuk,2021-09-06,DBD,0,112400,27.2,28.9,64.6
33.74.09,Genuk,2021-09-13,DBD,0,112400,23.4,28.4,69.4
33.74.09,Genuk,2021-09-20,DBD,0,112400,39.2,28.1,72.4
33.74.09,Genuk,2021-09-27,DBD,0,112400,3.9,28.2,71.6
33.74.09,Genuk,2021-10-04,DBD,0,112400,1.9,28.7,63.1
33.74.09,Genuk,2021-10-11,DBD,0,112400,10.3,29.6,63.0
33.74.09,Genuk,2021-10-18,DBD,0,112400,67.1,27.6,79.6
33.74.09,Genuk,2021-10-25,DBD,1,112400,57.2,27.3,82.3
33.74.09,Genuk,2021-11-01,DBD,1,112400,62.1,26.9,84.0
33.74.09,Genuk,2021-11-08,DBD,0,112400,105.7,26.1,88.4
33.74.09,Genuk,2021-11-15,DBD,0,112400,46.3,26.3,87.0
33.74.09,Genuk,2021-11-22,DBD,3,112400,99.5,26.0,87.6
33.74.09,Genuk,2021-11-29,DBD,0,112400,49.1,26.4,84.0
33.74.09,Genuk,2021-12-06,DBD,0,112400,34.9,26.3,86.3
33.74.09,Genuk,2021-12-13,DBD,1,112400,65.6,26.7,87.0
33.74.09,Genuk,2021-12-20,DBD,0,112400,53.3,26.1,87.4
33.74.09,Genuk,2021-12-27,DBD,0,112400,72.9,26.0,86.9
33.74.10,Pedurungan,2021-01-04,DBD,2,192500,80.8,26.0,89.1
33.74.10,Pedurungan,2021-01-11,DBD,2,192500,33.6,26.1,88.0
33.74.10,Pedurungan,2021-01-18,DBD,0,192500,71.6,25.8,87.9
33.74.10,Pedurungan,2021-01-25,DBD,0,192500,71.4,25.4,89.6
33.74.10,Pedurungan,2021-02-01,DBD,0,192500,50.4,26.0,86.1
33.74.10,Pedurungan,2021-02-08,DBD,1,192500,72.9,26.0,88.9
33.74.10,Pedurungan,2021-02-15,DBD,0,192500,157.4,25.4,89.0
33.74.10,Pedurungan,2021-02-22,DBD,0,192500,41.8,26.0,87.0
33.74.10,Pedurungan,2021-03-01,DBD,1,192500,43.4,26.4,85.7
33.74.10,Pedurungan,2021-03-08,DBD,0,192500,21.4,26.1,84.9
33.74.10,Pedurungan,2021-03-15,DBD,0,192500,33.2,26.7,86.6
33.74.10,Pedurungan,2021-03-22,DBD,0,192500,44.4,26.7,88.0
33.74.10,Pedurungan,2021-03-29,DBD,0,192500,21.1,27.0,84.9
33.74.10,Pedurungan,2021-04-05,DBD,0,192500,36.7,27.2,84.0
33.74.10,Pedurungan,2021-04-12,DBD,0,192500,33.4,26.9,85.1
33.74.10,Pedurungan,2021-04-19,DBD,0,192500,6.3,27.3,76.3
33.74.10,Pedurungan,2021-04-26,DBD,1,192500,24.1,27.7,79.3
33.74.10,Pedurungan,2021-05-03,DBD,0,192500,25.3,27.7,79.6
33.74.10,Pedurungan,2021-05-10,DBD,1,192500,3.4,28.7,72.0
33.74.10,Pedurungan,2021-05-17,DBD,2,192500,18.9,28.0,78.1
33.74.10,Pedurungan,2021-05-24,DBD,0,192500,85.1,27.5,82.0
33.74.10,Pedurungan,2021-05-31,DBD,0,192500,7.5,28.1,79.0
33.74.10,Pedurungan,2021-06-07,DBD,1,192500,19.3,27.7,80.0
33.74.10,Pedurungan,2021-06-14,DBD,0,192500,69.7,26.3,85.9
33.74.10,Pedurungan,2021-06-21,DBD,1,192500,41.1,26.6,84.9
33.74.10,Pedurungan,2021-06-28,DBD,0,192500,20.8,27.2,77.3
33.74.10,Pedurungan,2021-07-05,DBD,0,192500,6.3,27.8,67.0
33.74.10,Pedurungan,2021-07-12,DBD,1,192500,0.4,28.6,61.1
33.74.10,Pedurungan,2021-07-19,DBD,0,192500,0.9,29.1,63.3
33.74.10,Pedurungan,2021-07-26,DBD,1,192500,3.4,28.3,60.4
33.74.10,Pedurungan,2021-08-02,DBD,0,192500,15.1,29.0,64.9
33.74.10,Pedurungan,2021-08-09,DBD,2,192500,30.9,29.0,62.0
33.74.10,Pedurungan,2021-08-16,DBD,0,192500,17.3,28.6,66.6
33.74.10,Pedurungan,2021-08-23,DBD,0,192500,1.6,29.1,56.9
33.74.10,Pedurungan,2021-08-30,DBD,2,192500,4.6,29.5,57.0
33.74.10,Pedurungan,2021-09-06,DBD,0,192500,27.2,29.0,64.7
33.74.10,Pedurungan,2021-09-13,DBD,0,192500,23.4,28.5,69.4
33.74.10,Pedurungan,2021-09-20,DBD,1,192500,39.2,28.2,72.4
33.74.10,Pedurungan,2021-09-27,DBD,0,192500,3.9,28.4,71.6
33.74.10,Pedurungan,2021-10-04,DBD,0,192500,1.9,28.8,63.1
33.74.10,Pedurungan,2021-10-11,DBD,0,192500,10.3,29.8,63.0
33.74.10,Pedurungan,2021-10-18,DBD,1,192500,67.1,27.8,79.6
33.74.10,Pedurungan,2021-10-25,DBD,0,192500,57.2,27.4,82.3
33.74.10,Pedurungan,2021-11-01,DBD,0,192500,62.1,27.0,84.0
33.74.10,Pedurungan,2021-11-08,DBD,2,192500,105.7,26.3,88.4
33.74.10,Pedurungan,2021-11-15,DBD,2,192500,46.3,26.4,87.0
33.74.10,Pedurungan,2021-11-22,DBD,0,192500,99.5,26.2,87.6
33.74.10,Pedurungan,2021-11-29,DBD,1,192500,49.1,26.6,84.0
33.74.10,Pedurungan,2021-12-06,DBD,0,192500,34.9,26.5,86.3
33.74.10,Pedurungan,2021-12-13,DBD,0,192500,65.6,26.8,87.0
33.74.10,Pedurungan,2021-12-20,DBD,1,192500,53.3,26.3,87.4
33.74.10,Pedurungan,2021-12-27,DBD,1,192500,72.9,26.1,86.9
33.74.11,Tembalang,2021-01-04,DBD,1,185400,127.4,25.0,90.0
33.74.11,Tembalang,2021-01-11,DBD,0,185400,101.8,25.0,89.9
33.74.11,Tembalang,2021-01-18,DBD,0,185400,93.6,24.6,89.1
33.74.11,Tembalang,2021-01-25,DBD,2,185400,86.7,24.3,89.9
33.74.11,Tembalang,2021-02-01,DBD,3,185400,51.9,24.8,86.4
33.74.11,Tembalang,2021-02-08,DBD,1,185400,122.5,24.8,90.6
33.74.11,Tembalang,2021-02-15,DBD,0,185400,156.7,24.5,89.1
33.74.11,Tembalang,2021-02-22,DBD,0,185400,55.4,24.9,88.3
33.74.11,Tembalang,2021-03-01,DBD,2,185400,76.0,25.2,87.1
33.74.11,Tembalang,2021-03-08,DBD,1,185400,90.7,24.8,86.9
33.74.11,Tembalang,2021-03-15,DBD,0,185400,45.4,25.5,88.4
33.74.11,Tembalang,2021-03-22,DBD,3,185400,60.3,25.5,89.6
33.74.11,Tembalang,2021-03-29,DBD,2,185400,51.7,26.0,85.1
33.74.11,Tembalang,2021-04-05,DBD,2,185400,51.3,26.0,85.6
33.74.11,Tembalang,2021-04-12,DBD,1,185400,43.1,25.8,86.0
33.74.11,Tembalang,2021-04-19,DBD,1,185400,7.4,25.9,78.1
33.74.11,Tembalang,2021-04-26,DBD,0,185400,30.3,26.5,80.4
33.74.11,Tembalang,2021-05-03,DBD,1,185400,26.6,26.6,79.7
33.74.11,Tembalang,2021-05-10,DBD,2,185400,3.3,27.9,69.6
33.74.11,Tembalang,2021-05-17,DBD,0,185400,22.3,26.9,78.0
33.74.11,Tembalang,2021-05-24,DBD,0,185400,116.3,26.5,82.0
33.74.11,Tembalang,2021-05-31,DBD,0,185400,15.1,26.8,80.7
33.74.11,Tembalang,2021-06-07,DBD,1,185400,20.6,26.6,78.9
33.74.11,Tembalang,2021-06-14,DBD,3,185400,64.0,25.3,85.0
33.74.11,Tembalang,2021-06-21,DBD,0,185400,43.3,25.5,84.1
33.74.11,Tembalang,2021-06-28,DBD,0,185400,17.6,26.3,76.6
33.74.11,Tembalang,2021-07-05,DBD,0,185400,6.1,27.0,65.6
33.74.11,Tembalang,2021-07-12,DBD,0,185400,2.0,27.7,60.1
33.74.11,Tembalang,2021-07-19,DBD,2,185400,1.9,28.2,62.4
33.74.11,Tembalang,2021-07-26,DBD,1,185400,5.2,27.6,59.7
33.74.11,Tembalang,2021-08-02,DBD,1,185400,14.7,27.9,66.6
33.74.11,Tembalang,2021-08-09,DBD,0,185400,38.5,27.7,65.1
33.74.11,Tembalang,2021-08-16,DBD,0,185400,25.8,27.3,68.9
33.74.11,Tembalang,2021-08-23,DBD,0,185400,2.8,28.0,58.7
33.74.11,Tembalang,2021-08-30,DBD,0,185400,5.3,28.3,59.3
33.74.11,Tembalang,2021-09-06,DBD,1,185400,18.9,27.9,65.9
33.74.11,Tembalang,2021-09-13,DBD,2,185400,15.5,27.5,70.3
33.74.11,Tembalang,2021-09-20,DBD,7,185400,42.0,27.3,70.9
33.74.11,Tembalang,2021-09-27,DBD,3,185400,5.4,27.3,71.9
33.74.11,Tembalang,2021-10-04,DBD,0,185400,17.3,27.7,63.1
33.74.11,Tembalang,2021-10-11,DBD,1,185400,10.0,28.9,61.6
33.74.11,Tembalang,2021-10-18,DBD,2,185400,45.5,27.0,79.4
33.74.11,Tembalang,2021-10-25,DBD,1,185400,73.0,26.5,82.0
33.74.11,Tembalang,2021-11-01,DBD,0,185400,67.7,26.1,84.4
33.74.11,Tembalang,2021-11-08,DBD,0,185400,132.1,25.5,89.0
33.74.11,Tembalang,2021-11-15,DBD,0,185400,59.1,25.4,87.6
33.74.11,Tembalang,2021-11-22,DBD,3,185400,132.9,25.1,90.0
33.74.11,Tembalang,2021-11-29,DBD,1,185400,79.0,25.4,86.9
33.74.11,Tembalang,2021-12-06,DBD,0,185400,74.6,25.3,89.0
33.74.11,Tembalang,2021-12-13,DBD,1,185400,89.2,25.8,88.7
33.74.11,Tembalang,2021-12-20,DBD,1,185400,74.8,25.2,89.1
33.74.11,Tembalang,2021-12-27,DBD,1,185400,142.1,25.0,89.3
33.74.12,Banyumanik,2021-01-04,DBD,1,142100,127.4,25.0,90.0
33.74.12,Banyumanik,2021-01-11,DBD,0,142100,101.8,25.0,89.9
33.74.12,Banyumanik,2021-01-18,DBD,0,142100,93.6,24.6,89.1
33.74.12,Banyumanik,2021-01-25,DBD,0,142100,86.7,24.3,89.9
33.74.12,Banyumanik,2021-02-01,DBD,2,142100,51.9,24.8,86.4
33.74.12,Banyumanik,2021-02-08,DBD,1,142100,122.5,24.8,90.6
33.74.12,Banyumanik,2021-02-15,DBD,1,142100,156.7,24.5,89.1
33.74.12,Banyumanik,2021-02-22,DBD,1,142100,55.4,24.9,88.3
33.74.12,Banyumanik,2021-03-01,DBD,1,142100,76.0,25.2,87.1
33.74.12,Banyumanik,2021-03-08,DBD,1,142100,90.7,24.8,86.9
33.74.12,Banyumanik,2021-03-15,DBD,1,142100,45.4,25.5,88.4
33.74.12,Banyumanik,2021-03-22,DBD,0,142100,60.3,25.5,89.6
33.74.12,Banyumanik,2021-03-29,DBD,0,142100,51.7,26.0,85.1
33.74.12,Banyumanik,2021-04-05,DBD,2,142100,51.3,26.0,85.6
33.74.12,Banyumanik,2021-04-12,DBD,1,142100,43.1,25.8,86.0
33.74.12,Banyumanik,2021-04-19,DBD,2,142100,7.4,25.9,78.1
33.74.12,Banyumanik,2021-04-26,DBD,0,142100,30.3,26.5,80.4
33.74.12,Banyumanik,2021-05-03,DBD,0,142100,26.6,26.6,79.7
33.74.12,Banyumanik,2021-05-10,DBD,0,142100,3.3,27.9,69.6
33.74.12,Banyumanik,2021-05-17,DBD,1,142100,22.3,26.9,78.0
33.74.12,Banyumanik,2021-05-24,DBD,1,142100,116.3,26.5,82.0
33.74.12,Banyumanik,2021-05-31,DBD,0,142100,15.1,26.8,80.7
33.74.12,Banyumanik,2021-06-07,DBD,1,142100,20.6,26.6,78.9
33.74.12,Banyumanik,2021-06-14,DBD,3,142100,64.0,25.3,85.0
33.74.12,Banyumanik,2021-06-21,DBD,0,142100,43.3,25.5,84.1
33.74.12,Banyumanik,2021-06-28,DBD,0,142100,17.6,26.3,76.6
33.74.12,Banyumanik,2021-07-05,DBD,0,142100,6.1,27.0,65.6
33.74.12,Banyumanik,2021-07-12,DBD,1,142100,2.0,27.7,60.1
33.74.12,Banyumanik,2021-07-19,DBD,0,142100,1.9,28.2,62.4
33.74.12,Banyumanik,2021-07-26,DBD,0,142100,5.2,27.6,59.7
33.74.12,Banyumanik,2021-08-02,DBD,2,142100,14.7,27.9,66.6
33.74.12,Banyumanik,2021-08-09,DBD,2,142100,38.5,27.7,65.1
33.74.12,Banyumanik,2021-08-16,DBD,0,142100,25.8,27.3,68.9
33.74.12,Banyumanik,2021-08-23,DBD,1,142100,2.8,28.0,58.7
33.74.12,Banyumanik,2021-08-30,DBD,1,142100,5.3,28.3,59.3
33.74.12,Banyumanik,2021-09-06,DBD,0,142100,18.9,27.9,65.9
33.74.12,Banyumanik,2021-09-13,DBD,1,142100,15.5,27.5,70.3
33.74.12,Banyumanik,2021-09-20,DBD,6,142100,42.0,27.3,70.9
33.74.12,Banyumanik,2021-09-27,DBD,1,142100,5.4,27.3,71.9
33.74.12,Banyumanik,2021-10-04,DBD,0,142100,17.3,27.7,63.1
33.74.12,Banyumanik,2021-10-11,DBD,1,142100,10.0,28.9,61.6
33.74.12,Banyumanik,2021-10-18,DBD,0,142100,45.5,27.0,79.4
33.74.12,Banyumanik,2021-10-25,DBD,0,142100,73.0,26.5,82.0
33.74.12,Banyumanik,2021-11-01,DBD,1,142100,67.7,26.1,84.4
33.74.12,Banyumanik,2021-11-08,DBD,0,142100,132.1,25.5,89.0
33.74.12,Banyumanik,2021-11-15,DBD,2,142100,59.1,25.4,87.6
33.74.12,Banyumanik,2021-11-22,DBD,2,142100,132.9,25.1,90.0
33.74.12,Banyumanik,2021-11-29,DBD,6,142100,79.0,25.4,86.9
33.74.12,Banyumanik,2021-12-06,DBD,2,142100,74.6,25.3,89.0
33.74.12,Banyumanik,2021-12-13,DBD,3,142100,89.2,25.8,88.7
33.74.12,Banyumanik,2021-12-20,DBD,3,142100,74.8,25.2,89.1
33.74.12,Banyumanik,2021-12-27,DBD,7,142100,142.1,25.0,89.3
33.74.13,Gunungpati,2021-01-04,DBD,0,98200,184.0,24.1,89.6
33.74.13,Gunungpati,2021-01-11,DBD,0,98200,104.8,24.2,87.7
33.74.13,Gunungpati,2021-01-18,DBD,0,98200,97.8,23.6,91.4
33.74.13,Gunungpati,2021-01-25,DBD,0,98200,109.9,23.3,91.1
33.74.13,Gunungpati,2021-02-01,DBD,0,98200,84.5,23.5,91.3
33.74.13,Gunungpati,2021-02-08,DBD,0,98200,171.4,23.8,92.7
33.74.13,Gunungpati,2021-02-15,DBD,0,98200,189.6,23.4,91.4
33.74.13,Gunungpati,2021-02-22,DBD,0,98200,83.5,23.9,89.7
33.74.13,Gunungpati,2021-03-01,DBD,0,98200,83.8,24.2,87.6
33.74.13,Gunungpati,2021-03-08,DBD,0,98200,109.2,23.8,88.4
33.74.13,Gunungpati,2021-03-15,DBD,0,98200,80.5,24.7,88.6
33.74.13,Gunungpati,2021-03-22,DBD,0,98200,112.0,24.5,90.7
33.74.13,Gunungpati,2021-03-29,DBD,0,98200,73.2,25.1,86.3
33.74.13,Gunungpati,2021-04-05,DBD,0,98200,63.5,24.9,87.9
33.74.13,Gunungpati,2021-04-12,DBD,1,98200,72.5,24.7,87.3
33.74.13,Gunungpati,2021-04-19,DBD,0,98200,11.4,24.9,79.3
33.74.13,Gunungpati,2021-04-26,DBD,1,98200,25.8,25.3,82.9
33.74.13,Gunungpati,2021-05-03,DBD,0,98200,40.9,25.5,82.1
33.74.13,Gunungpati,2021-05-10,DBD,0,98200,1.8,26.4,74.3
33.74.13,Gunungpati,2021-05-17,DBD,2,98200,27.6,25.6,82.6
33.74.13,Gunungpati,2021-05-24,DBD,1,98200,103.2,25.5,83.6
33.74.13,Gunungpati,2021-05-31,DBD,0,98200,17.8,25.7,83.3
33.74.13,Gunungpati,2021-06-07,DBD,0,98200,21.5,25.4,82.6
33.74.13,Gunungpati,2021-06-14,DBD,1,98200,80.3,24.3,87.4
33.74.13,Gunungpati,2021-06-21,DBD,1,98200,63.2,24.5,86.1
33.74.13,Gunungpati,2021-06-28,DBD,0,98200,20.7,25.0,81.0
33.74.13,Gunungpati,2021-07-05,DBD,0,98200,10.1,25.4,71.7
33.74.13,Gunungpati,2021-07-12,DBD,0,98200,2.0,26.1,65.3
33.74.13,Gunungpati,2021-07-19,DBD,0,98200,1.7,26.6,66.4
33.74.13,Gunungpati,2021-07-26,DBD,0,98200,6.4,26.2,61.7
33.74.13,Gunungpati,2021-08-02,DBD,1,98200,24.8,26.3,70.4
33.74.13,Gunungpati,2021-08-09,DBD,0,98200,26.3,26.3,67.4
33.74.13,Gunungpati,2021-08-16,DBD,0,98200,27.7,25.9,71.1
33.74.13,Gunungpati,2021-08-23,DBD,0,98200,4.6,26.2,63.0
33.74.13,Gunungpati,2021-08-30,DBD,0,98200,9.2,26.4,64.7
33.74.13,Gunungpati,2021-09-06,DBD,0,98200,25.1,26.4,68.7
33.74.13,Gunungpati,2021-09-13,DBD,1,98200,35.0,25.8,75.9
33.74.13,Gunungpati,2021-09-20,DBD,3,98200,54.2,25.9,75.0
33.74.13,Gunungpati,2021-09-27,DBD,0,98200,10.8,26.0,73.6
33.74.13,Gunungpati,2021-10-04,DBD,0,98200,15.1,26.0,67.0
33.74.13,Gunungpati,2021-10-11,DBD,0,98200,19.1,27.2,65.9
33.74.13,Gunungpati,2021-10-18,DBD,0,98200,51.3,25.6,81.9
33.74.13,Gunungpati,2021-10-25,DBD,1,98200,90.3,25.4,83.4
33.74.13,Gunungpati,2021-11-01,DBD,0,98200,83.4,25.1,85.9
33.74.13,Gunungpati,2021-11-08,DBD,0,98200,135.3,24.6,87.7
33.74.13,Gunungpati,2021-11-15,DBD,1,98200,85.6,24.4,87.9
33.74.13,Gunungpati,2021-11-22,DBD,0,98200,176.3,24.3,89.3
33.74.13,Gunungpati,2021-11-29,DBD,2,98200,98.9,24.6,85.9
33.74.13,Gunungpati,2021-12-06,DBD,1,98200,90.4,24.4,88.7
33.74.13,Gunungpati,2021-12-13,DBD,2,98200,124.1,24.9,88.3
33.74.13,Gunungpati,2021-12-20,DBD,6,98200,76.2,24.4,88.7
33.74.13,Gunungpati,2021-12-27,DBD,2,98200,152.8,24.2,88.0
33.74.14,Mijen,2021-01-04,DBD,1,78900,176.3,24.7,90.1
33.74.14,Mijen,2021-01-11,DBD,0,78900,112.3,24.8,87.3
33.74.14,Mijen,2021-01-18,DBD,0,78900,110.5,24.0,93.1
33.74.14,Mijen,2021-01-25,DBD,0,78900,98.0,23.8,92.4
33.74.14,Mijen,2021-02-01,DBD,0,78900,90.7,24.0,93.7
33.74.14,Mijen,2021-02-08,DBD,0,78900,178.8,24.3,94.3
33.74.14,Mijen,2021-02-15,DBD,0,78900,241.5,23.7,93.1
33.74.14,Mijen,2021-02-22,DBD,0,78900,86.6,24.4,90.6
33.74.14,Mijen,2021-03-01,DBD,1,78900,76.3,24.7,88.0
33.74.14,Mijen,2021-03-08,DBD,0,78900,93.9,24.2,89.7
33.74.14,Mijen,2021-03-15,DBD,0,78900,88.5,25.2,88.4
33.74.14,Mijen,2021-03-22,DBD,0,78900,133.6,25.2,90.0
33.74.14,Mijen,2021-03-29,DBD,0,78900,89.0,25.5,87.4
33.74.14,Mijen,2021-04-05,DBD,0,78900,64.2,25.4,89.0
33.74.14,Mijen,2021-04-12,DBD,0,78900,86.4,25.3,88.1
33.74.14,Mijen,2021-04-19,DBD,0,78900,18.1,25.6,80.0
33.74.14,Mijen,2021-04-26,DBD,2,78900,33.4,25.9,84.1
33.74.14,Mijen,2021-05-03,DBD,0,78900,39.3,25.9,84.0
33.74.14,Mijen,2021-05-10,DBD,0,78900,5.9,26.8,77.4
33.74.14,Mijen,2021-05-17,DBD,0,78900,34.5,25.9,84.9
33.74.14,Mijen,2021-05-24,DBD,0,78900,117.7,26.0,85.3
33.74.14,Mijen,2021-05-31,DBD,0,78900,18.0,26.3,84.9
33.74.14,Mijen,2021-06-07,DBD,0,78900,32.7,25.8,83.7
33.74.14,Mijen,2021-06-14,DBD,0,78900,103.1,24.8,89.0
33.74.14,Mijen,2021-06-21,DBD,0,78900,91.4,25.0,87.6
33.74.14,Mijen,2021-06-28,DBD,0,78900,38.2,25.3,84.0
33.74.14,Mijen,2021-07-05,DBD,0,78900,13.4,25.5,76.9
33.74.14,Mijen,2021-07-12,DBD,1,78900,2.7,25.9,72.1
33.74.14,Mijen,2021-07-19,DBD,0,78900,4.0,26.5,72.3
33.74.14,Mijen,2021-07-26,DBD,0,78900,5.5,26.2,67.0
33.74.14,Mijen,2021-08-02,DBD,0,78900,24.3,26.6,74.0
33.74.14,Mijen,2021-08-09,DBD,1,78900,18.1,26.7,70.3
33.74.14,Mijen,2021-08-16,DBD,0,78900,26.2,26.4,71.7
33.74.14,Mijen,2021-08-23,DBD,0,78900,4.4,26.4,65.7
33.74.14,Mijen,2021-08-30,DBD,1,78900,9.5,26.4,69.4
33.74.14,Mijen,2021-09-06,DBD,1,78900,26.2,26.8,70.6
33.74.14,Mijen,2021-09-13,DBD,1,78900,31.3,26.3,77.4
33.74.14,Mijen,2021-09-20,DBD,0,78900,57.2,26.4,77.1
33.74.14,Mijen,2021-09-27,DBD,0,78900,9.3,26.5,74.4
33.74.14,Mijen,2021-10-04,DBD,0,78900,6.7,26.4,68.0
33.74.14,Mijen,2021-10-11,DBD,1,78900,22.7,27.4,68.1
33.74.14,Mijen,2021-10-18,DBD,0,78900,58.6,26.2,82.4
33.74.14,Mijen,2021-10-25,DBD,0,78900,104.0,25.9,84.7
33.74.14,Mijen,2021-11-01,DBD,0,78900,81.2,25.6,86.7
33.74.14,Mijen,2021-11-08,DBD,1,78900,128.6,25.3,86.9
33.74.14,Mijen,2021-11-15,DBD,0,78900,132.5,25.0,88.9
33.74.14,Mijen,2021-11-22,DBD,0,78900,126.3,24.9,88.7
33.74.14,Mijen,2021-11-29,DBD,1,78900,63.2,25.3,84.7
33.74.14,Mijen,2021-12-06,DBD,1,78900,90.0,25.0,89.0
33.74.14,Mijen,2021-12-13,DBD,0,78900,124.3,25.5,87.4
33.74.14,Mijen,2021-12-20,DBD,3,78900,79.6,25.0,88.4
33.74.14,Mijen,2021-12-27,DBD,0,78900,131.3,24.9,87.4
33.74.15,Ngaliyan,2021-01-04,DBD,2,145800,102.8,25.6,88.3
33.74.15,Ngaliyan,2021-01-11,DBD,0,145800,78.4,25.7,88.3
33.74.15,Ngaliyan,2021-01-18,DBD,0,145800,96.0,25.0,88.9
33.74.15,Ngaliyan,2021-01-25,DBD,0,145800,85.6,24.9,89.0
33.74.15,Ngaliyan,2021-02-01,DBD,1,145800,67.5,25.1,88.4
33.74.15,Ngaliyan,2021-02-08,DBD,1,145800,119.8,25.2,90.1
33.74.15,Ngaliyan,2021-02-15,DBD,0,145800,221.8,24.8,89.3
33.74.15,Ngaliyan,2021-02-22,DBD,1,145800,72.8,25.3,88.3
33.74.15,Ngaliyan,2021-03-01,DBD,0,145800,72.0,25.7,86.9
33.74.15,Ngaliyan,2021-03-08,DBD,0,145800,52.3,25.4,86.6
33.74.15,Ngaliyan,2021-03-15,DBD,4,145800,52.3,26.1,88.4
33.74.15,Ngaliyan,2021-03-22,DBD,1,145800,47.6,26.0,89.3
33.74.15,Ngaliyan,2021-03-29,DBD,2,145800,28.0,26.5,86.4
33.74.15,Ngaliyan,2021-04-05,DBD,0,145800,58.4,26.4,85.9
33.74.15,Ngaliyan,2021-04-12,DBD,1,145800,28.2,26.2,87.6
33.74.15,Ngaliyan,2021-04-19,DBD,2,145800,8.1,26.5,80.4
33.74.15,Ngaliyan,2021-04-26,DBD,1,145800,12.5,27.0,80.1
33.74.15,Ngaliyan,2021-05-03,DBD,0,145800,25.3,27.0,81.3
33.74.15,Ngaliyan,2021-05-10,DBD,1,145800,0.6,28.0,73.9
33.74.15,Ngaliyan,2021-05-17,DBD,1,145800,16.4,27.2,80.4
33.74.15,Ngaliyan,2021-05-24,DBD,2,145800,117.1,27.1,81.4
33.74.15,Ngaliyan,2021-05-31,DBD,1,145800,6.5,27.4,80.3
33.74.15,Ngaliyan,2021-06-07,DBD,3,145800,20.8,27.0,80.7
33.74.15,Ngaliyan,2021-06-14,DBD,0,145800,62.9,25.9,84.7
33.74.15,Ngaliyan,2021-06-21,DBD,1,145800,24.1,26.1,85.0
33.74.15,Ngaliyan,2021-06-28,DBD,2,145800,12.3,26.6,79.6
33.74.15,Ngaliyan,2021-07-05,DBD,0,145800,8.2,27.2,69.4
33.74.15,Ngaliyan,2021-07-12,DBD,0,145800,0.8,27.9,62.7
33.74.15,Ngaliyan,2021-07-19,DBD,0,145800,0.6,28.2,65.6
33.74.15,Ngaliyan,2021-07-26,DBD,0,145800,2.2,27.6,63.3
33.74.15,Ngaliyan,2021-08-02,DBD,1,145800,12.2,28.1,67.7
33.74.15,Ngaliyan,2021-08-09,DBD,1,145800,20.9,28.0,66.4
33.74.15,Ngaliyan,2021-08-16,DBD,0,145800,17.7,27.4,70.9
33.74.15,Ngaliyan,2021-08-23,DBD,0,145800,0.8,27.8,62.6
33.74.15,Ngaliyan,2021-08-30,DBD,0,145800,2.6,28.1,62.4
33.74.15,Ngaliyan,2021-09-06,DBD,0,145800,13.6,28.0,67.0
33.74.15,Ngaliyan,2021-09-13,DBD,0,145800,7.4,27.6,73.0
33.74.15,Ngaliyan,2021-09-20,DBD,3,145800,31.4,27.5,73.3
33.74.15,Ngaliyan,2021-09-27,DBD,1,145800,2.7,27.6,73.4
33.74.15,Ngaliyan,2021-10-04,DBD,0,145800,2.9,27.9,63.1
33.74.15,Ngaliyan,2021-10-11,DBD,0,145800,3.3,28.8,64.1
33.74.15,Ngaliyan,2021-10-18,DBD,2,145800,34.9,26.9,82.3
33.74.15,Ngaliyan,2021-10-25,DBD,1,145800,53.1,26.6,84.7
33.74.15,Ngaliyan,2021-11-01,DBD,3,145800,37.6,26.5,85.1
33.74.15,Ngaliyan,2021-11-08,DBD,1,145800,129.9,26.1,88.6
33.74.15,Ngaliyan,2021-11-15,DBD,2,145800,53.4,25.9,87.0
33.74.15,Ngaliyan,2021-11-22,DBD,2,145800,119.2,25.7,88.3
33.74.15,Ngaliyan,2021-11-29,DBD,2,145800,87.5,26.1,85.9
33.74.15,Ngaliyan,2021-12-06,DBD,3,145800,101.6,25.8,87.9
33.74.15,Ngaliyan,2021-12-13,DBD,2,145800,89.3,26.2,88.7
33.74.15,Ngaliyan,2021-12-20,DBD,3,145800,88.2,25.8,87.9
33.74.15,Ngaliyan,2021-12-27,DBD,1,145800,176.0,25.7,87.7
33.74.16,Tugu,2021-01-04,DBD,1,32100,102.8,26.3,88.4
33.74.16,Tugu,2021-01-11,DBD,0,32100,78.4,26.4,88.3
33.74.16,Tugu,2021-01-18,DBD,0,32100,96.0,25.7,89.0
33.74.16,Tugu,2021-01-25,DBD,0,32100,85.6,25.6,89.3
33.74.16,Tugu,2021-02-01,DBD,0,32100,67.5,25.7,88.4
33.74.16,Tugu,2021-02-08,DBD,0,32100,119.8,25.9,90.1
33.74.16,Tugu,2021-02-15,DBD,0,32100,221.8,25.4,89.4
33.74.16,Tugu,2021-02-22,DBD,0,32100,72.8,26.0,88.3
33.74.16,Tugu,2021-03-01,DBD,0,32100,72.0,26.4,86.9
33.74.16,Tugu,2021-03-08,DBD,0,32100,52.3,26.1,86.6
33.74.16,Tugu,2021-03-15,DBD,0,32100,52.3,26.8,88.4
33.74.16,Tugu,2021-03-22,DBD,0,32100,47.6,26.7,89.3
33.74.16,Tugu,2021-03-29,DBD,0,32100,28.0,27.2,86.4
33.74.16,Tugu,2021-04-05,DBD,0,32100,58.4,27.1,85.9
33.74.16,Tugu,2021-04-12,DBD,0,32100,28.2,26.9,87.6
33.74.16,Tugu,2021-04-19,DBD,0,32100,8.1,27.2,80.4
33.74.16,Tugu,2021-04-26,DBD,0,32100,12.5,27.7,80.3
33.74.16,Tugu,2021-05-03,DBD,0,32100,25.3,27.7,81.4
33.74.16,Tugu,2021-05-10,DBD,0,32100,0.6,28.7,73.9
33.74.16,Tugu,2021-05-17,DBD,0,32100,16.4,27.9,80.4
33.74.16,Tugu,2021-05-24,DBD,0,32100,117.1,27.8,81.4
33.74.16,Tugu,2021-05-31,DBD,0,32100,6.5,28.1,80.3
33.74.16,Tugu,2021-06-07,DBD,0,32100,20.8,27.7,80.7
33.74.16,Tugu,2021-06-14,DBD,0,32100,62.9,26.6,84.9
33.74.16,Tugu,2021-06-21,DBD,0,32100,24.1,26.8,85.0
33.74.16,Tugu,2021-06-28,DBD,0,32100,12.3,27.3,79.6
33.74.16,Tugu,2021-07-05,DBD,0,32100,8.2,27.9,69.6
33.74.16,Tugu,2021-07-12,DBD,0,32100,0.8,28.6,62.7
33.74.16,Tugu,2021-07-19,DBD,0,32100,0.6,28.9,65.9
33.74.16,Tugu,2021-07-26,DBD,0,32100,2.2,28.3,63.3
33.74.16,Tugu,2021-08-02,DBD,0,32100,12.2,28.8,67.9
33.74.16,Tugu,2021-08-09,DBD,0,32100,20.9,28.7,66.6
33.74.16,Tugu,2021-08-16,DBD,0,32100,17.7,28.1,71.1
33.74.16,Tugu,2021-08-23,DBD,0,32100,0.8,28.5,63.1
33.74.16,Tugu,2021-08-30,DBD,0,32100,2.6,28.8,62.6
33.74.16,Tugu,2021-09-06,DBD,0,32100,13.6,28.7,67.3
33.74.16,Tugu,2021-09-13,DBD,0,32100,7.4,28.3,73.0
33.74.16,Tugu,2021-09-20,DBD,0,32100,31.4,28.2,73.6
33.74.16,Tugu,2021-09-27,DBD,0,32100,2.7,28.3,73.6
33.74.16,Tugu,2021-10-04,DBD,0,32100,2.9,28.6,63.3
33.74.16,Tugu,2021-10-11,DBD,0,32100,3.3,29.5,64.1
33.74.16,Tugu,2021-10-18,DBD,1,32100,34.9,27.6,82.4
33.74.16,Tugu,2021-10-25,DBD,0,32100,53.1,27.3,84.7
33.74.16,Tugu,2021-11-01,DBD,0,32100,37.6,27.2,85.1
33.74.16,Tugu,2021-11-08,DBD,0,32100,129.9,26.8,88.6
33.74.16,Tugu,2021-11-15,DBD,2,32100,53.4,26.6,87.1
33.74.16,Tugu,2021-11-22,DBD,0,32100,119.2,26.4,88.4
33.74.16,Tugu,2021-11-29,DBD,0,32100,87.5,26.8,85.9
33.74.16,Tugu,2021-12-06,DBD,0,32100,101.6,26.5,88.0
33.74.16,Tugu,2021-12-13,DBD,0,32100,89.3,26.9,88.7
33.74.16,Tugu,2021-12-20,DBD,1,32100,88.2,26.5,87.9
33.74.16,Tugu,2021-12-27,DBD,0,32100,176.0,26.4,87.7
33.74.01,Semarang Tengah,2022-01-03,DBD,1,62540,35.3,26.3,82.6
33.74.01,Semarang Tengah,2022-01-10,DBD,2,62540,55.9,25.8,85.4
33.74.01,Semarang Tengah,2022-01-17,DBD,0,62540,100.6,25.6,86.7
33.74.01,Semarang Tengah,2022-01-24,DBD,0,62540,25.7,26.3,84.3
33.74.01,Semarang Tengah,2022-01-31,DBD,2,62540,75.4,26.2,84.3
33.74.01,Semarang Tengah,2022-02-07,DBD,1,62540,76.4,26.1,83.9
33.74.01,Semarang Tengah,2022-02-14,DBD,0,62540,57.2,25.9,85.9
33.74.01,Semarang Tengah,2022-02-21,DBD,0,62540,35.6,26.3,83.7
33.74.01,Semarang Tengah,2022-02-28,DBD,0,62540,56.9,26.3,85.3
33.74.01,Semarang Tengah,2022-03-07,DBD,0,62540,90.7,25.8,89.4
33.74.01,Semarang Tengah,2022-03-14,DBD,0,62540,72.6,26.3,87.7
33.74.01,Semarang Tengah,2022-03-21,DBD,1,62540,17.0,26.8,83.1
33.74.01,Semarang Tengah,2022-03-28,DBD,1,62540,33.2,26.9,82.9
33.74.01,Semarang Tengah,2022-04-04,DBD,0,62540,31.4,26.3,83.9
33.74.01,Semarang Tengah,2022-04-11,DBD,0,62540,14.9,27.6,76.3
33.74.01,Semarang Tengah,2022-04-18,DBD,2,62540,33.9,26.8,82.9
33.74.01,Semarang Tengah,2022-04-25,DBD,1,62540,31.0,26.7,84.0
33.74.01,Semarang Tengah,2022-05-02,DBD,0,62540,21.4,27.5,79.0
33.74.01,Semarang Tengah,2022-05-09,DBD,1,62540,61.7,26.9,86.7
33.74.01,Semarang Tengah,2022-05-16,DBD,1,62540,55.3,26.6,84.7
33.74.01,Semarang Tengah,2022-05-23,DBD,0,62540,27.3,26.7,80.4
33.74.01,Semarang Tengah,2022-05-30,DBD,0,62540,22.5,26.9,81.0
33.74.01,Semarang Tengah,2022-06-06,DBD,0,62540,61.3,26.4,82.6
33.74.01,Semarang Tengah,2022-06-13,DBD,0,62540,65.7,25.9,84.7
33.74.01,Semarang Tengah,2022-06-20,DBD,0,62540,18.3,26.6,77.1
33.74.01,Semarang Tengah,2022-06-27,DBD,0,62540,18.6,27.0,71.9
33.74.01,Semarang Tengah,2022-07-04,DBD,0,62540,22.7,27.0,72.7
33.74.01,Semarang Tengah,2022-07-11,DBD,0,62540,40.9,26.8,77.4
33.74.01,Semarang Tengah,2022-07-18,DBD,0,62540,6.9,27.5,72.3
33.74.01,Semarang Tengah,2022-07-25,DBD,0,62540,0.0,27.6,63.7
33.74.01,Semarang Tengah,2022-08-01,DBD,1,62540,6.1,27.6,70.0
33.74.01,Semarang Tengah,2022-08-08,DBD,0,62540,25.7,27.9,70.4
33.74.01,Semarang Tengah,2022-08-15,DBD,0,62540,7.4,27.8,68.0
33.74.01,Semarang Tengah,2022-08-22,DBD,0,62540,2.6,28.3,62.7
33.74.01,Semarang Tengah,2022-08-29,DBD,0,62540,5.6,28.4,65.6
33.74.01,Semarang Tengah,2022-09-05,DBD,0,62540,47.5,26.9,78.1
33.74.01,Semarang Tengah,2022-09-12,DBD,0,62540,3.0,28.1,69.4
33.74.01,Semarang Tengah,2022-09-19,DBD,0,62540,10.6,28.3,68.1
33.74.01,Semarang Tengah,2022-09-26,DBD,0,62540,20.0,28.5,66.7
33.74.01,Semarang Tengah,2022-10-03,DBD,0,62540,73.0,26.2,85.3
33.74.01,Semarang Tengah,2022-10-10,DBD,0,62540,37.3,26.6,83.1
33.74.01,Semarang Tengah,2022-10-17,DBD,1,62540,40.3,26.4,85.0
33.74.01,Semarang Tengah,2022-10-24,DBD,0,62540,43.7,26.1,81.3
33.74.01,Semarang Tengah,2022-10-31,DBD,0,62540,143.4,26.6,81.6
33.74.01,Semarang Tengah,2022-11-07,DBD,0,62540,78.4,26.1,86.7
33.74.01,Semarang Tengah,2022-11-14,DBD,0,62540,53.7,26.5,84.3
33.74.01,Semarang Tengah,2022-11-21,DBD,0,62540,64.7,26.0,85.7
33.74.01,Semarang Tengah,2022-11-28,DBD,0,62540,32.6,26.1,85.9
33.74.01,Semarang Tengah,2022-12-05,DBD,1,62540,28.0,26.8,81.9
33.74.01,Semarang Tengah,2022-12-12,DBD,0,62540,45.7,26.5,84.0
33.74.01,Semarang Tengah,2022-12-19,DBD,0,62540,59.2,26.2,83.7
33.74.01,Semarang Tengah,2022-12-26,DBD,1,62540,73.6,25.2,85.4
33.74.02,Semarang Utara,2022-01-03,DBD,0,128450,35.3,26.5,82.6
33.74.02,Semarang Utara,2022-01-10,DBD,7,128450,55.9,26.0,85.4
33.74.02,Semarang Utara,2022-01-17,DBD,1,128450,100.6,25.8,86.7
33.74.02,Semarang Utara,2022-01-24,DBD,1,128450,25.7,26.5,84.3
33.74.02,Semarang Utara,2022-01-31,DBD,0,128450,75.4,26.4,84.3
33.74.02,Semarang Utara,2022-02-07,DBD,4,128450,76.4,26.3,83.9
33.74.02,Semarang Utara,2022-02-14,DBD,0,128450,57.2,26.1,85.9
33.74.02,Semarang Utara,2022-02-21,DBD,3,128450,35.6,26.5,83.7
33.74.02,Semarang Utara,2022-02-28,DBD,0,128450,56.9,26.5,85.3
33.74.02,Semarang Utara,2022-03-07,DBD,0,128450,90.7,26.0,89.4
33.74.02,Semarang Utara,2022-03-14,DBD,0,128450,72.6,26.5,87.7
33.74.02,Semarang Utara,2022-03-21,DBD,1,128450,17.0,27.0,83.1
33.74.02,Semarang Utara,2022-03-28,DBD,2,128450,33.2,27.1,82.9
33.74.02,Semarang Utara,2022-04-04,DBD,0,128450,31.4,26.5,83.9
33.74.02,Semarang Utara,2022-04-11,DBD,2,128450,14.9,27.8,76.3
33.74.02,Semarang Utara,2022-04-18,DBD,1,128450,33.9,27.0,82.9
33.74.02,Semarang Utara,2022-04-25,DBD,2,128450,31.0,26.9,84.0
33.74.02,Semarang Utara,2022-05-02,DBD,1,128450,21.4,27.8,79.0
33.74.02,Semarang Utara,2022-05-09,DBD,2,128450,61.7,27.1,86.7
33.74.02,Semarang Utara,2022-05-16,DBD,2,128450,55.3,26.8,84.7
33.74.02,Semarang Utara,2022-05-23,DBD,0,128450,27.3,26.9,80.4
33.74.02,Semarang Utara,2022-05-30,DBD,0,128450,22.5,27.1,81.0
33.74.02,Semarang Utara,2022-06-06,DBD,3,128450,61.3,26.6,82.6
33.74.02,Semarang Utara,2022-06-13,DBD,4,128450,65.7,26.1,84.7
33.74.02,Semarang Utara,2022-06-20,DBD,1,128450,18.3,26.9,77.1
33.74.02,Semarang Utara,2022-06-27,DBD,0,128450,18.6,27.3,71.9
33.74.02,Semarang Utara,2022-07-04,DBD,1,128450,22.7,27.2,72.7
33.74.02,Semarang Utara,2022-07-11,DBD,1,128450,40.9,27.0,77.4
33.74.02,Semarang Utara,2022-07-18,DBD,0,128450,6.9,27.7,72.3
33.74.02,Semarang Utara,2022-07-25,DBD,0,128450,0.0,27.8,63.7
33.74.02,Semarang Utara,2022-08-01,DBD,3,128450,6.1,27.8,70.0
33.74.02,Semarang Utara,2022-08-08,DBD,2,128450,25.7,28.2,70.4
33.74.02,Semarang Utara,2022-08-15,DBD,0,128450,7.4,28.0,68.0
33.74.02,Semarang Utara,2022-08-22,DBD,1,128450,2.6,28.5,62.7
33.74.02,Semarang Utara,2022-08-29,DBD,1,128450,5.6,28.6,65.6
33.74.02,Semarang Utara,2022-09-05,DBD,1,128450,47.5,27.2,78.1
33.74.02,Semarang Utara,2022-09-12,DBD,0,128450,3.0,28.3,69.4
33.74.02,Semarang Utara,2022-09-19,DBD,0,128450,10.6,28.6,68.1
33.74.02,Semarang Utara,2022-09-26,DBD,2,128450,20.0,28.7,66.7
33.74.02,Semarang Utara,2022-10-03,DBD,0,128450,73.0,26.4,85.4
33.74.02,Semarang Utara,2022-10-10,DBD,2,128450,37.3,26.8,83.1
33.74.02,Semarang Utara,2022-10-17,DBD,0,128450,40.3,26.6,85.0
33.74.02,Semarang Utara,2022-10-24,DBD,0,128450,43.7,26.3,81.3
33.74.02,Semarang Utara,2022-10-31,DBD,0,128450,143.4,26.8,81.7
33.74.02,Semarang Utara,2022-11-07,DBD,2,128450,78.4,26.3,86.7
33.74.02,Semarang Utara,2022-11-14,DBD,3,128450,53.7,26.7,84.3
33.74.02,Semarang Utara,2022-11-21,DBD,2,128450,64.7,26.3,85.7
33.74.02,Semarang Utara,2022-11-28,DBD,2,128450,32.6,26.3,86.0
33.74.02,Semarang Utara,2022-12-05,DBD,1,128450,28.0,27.0,82.0
33.74.02,Semarang Utara,2022-12-12,DBD,0,128450,45.7,26.7,84.0
33.74.02,Semarang Utara,2022-12-19,DBD,2,128450,59.2,26.4,83.7
33.74.02,Semarang Utara,2022-12-26,DBD,3,128450,73.6,25.5,85.6
33.74.03,Semarang Timur,2022-01-03,DBD,1,72130,35.3,26.3,82.6
33.74.03,Semarang Timur,2022-01-10,DBD,0,72130,55.9,25.8,85.4
33.74.03,Semarang Timur,2022-01-17,DBD,0,72130,100.6,25.6,86.7
33.74.03,Semarang Timur,2022-01-24,DBD,0,72130,25.7,26.3,84.3
33.74.03,Semarang Timur,2022-01-31,DBD,0,72130,75.4,26.2,84.3
33.74.03,Semarang Timur,2022-02-07,DBD,0,72130,76.4,26.1,83.9
33.74.03,Semarang Timur,2022-02-14,DBD,0,72130,57.2,25.9,85.9
33.74.03,Semarang Timur,2022-02-21,DBD,0,72130,35.6,26.3,83.7
33.74.03,Semarang Timur,2022-02-28,DBD,1,72130,56.9,26.3,85.3
33.74.03,Semarang Timur,2022-03-07,DBD,1,72130,90.7,25.8,89.4
33.74.03,Semarang Timur,2022-03-14,DBD,0,72130,72.6,26.3,87.7
33.74.03,Semarang Timur,2022-03-21,DBD,0,72130,17.0,26.8,83.1
33.74.03,Semarang Timur,2022-03-28,DBD,0,72130,33.2,26.9,82.9
33.74.03,Semarang Timur,2022-04-04,DBD,1,72130,31.4,26.3,83.9
33.74.03,Semarang Timur,2022-04-11,DBD,0,72130,14.9,27.6,76.3
33.74.03,Semarang Timur,2022-04-18,DBD,1,72130,33.9,26.8,82.9
33.74.03,Semarang Timur,2022-04-25,DBD,0,72130,31.0,26.7,84.0
33.74.03,Semarang Timur,2022-05-02,DBD,0,72130,21.4,27.5,79.0
33.74.03,Semarang Timur,2022-05-09,DBD,1,72130,61.7,26.9,86.7
33.74.03,Semarang Timur,2022-05-16,DBD,0,72130,55.3,26.6,84.7
33.74.03,Semarang Timur,2022-05-23,DBD,2,72130,27.3,26.7,80.4
33.74.03,Semarang Timur,2022-05-30,DBD,1,72130,22.5,26.9,81.0
33.74.03,Semarang Timur,2022-06-06,DBD,0,72130,61.3,26.4,82.6
33.74.03,Semarang Timur,2022-06-13,DBD,1,72130,65.7,25.9,84.7
33.74.03,Semarang Timur,2022-06-20,DBD,0,72130,18.3,26.6,77.1
33.74.03,Semarang Timur,2022-06-27,DBD,1,72130,18.6,27.0,71.9
33.74.03,Semarang Timur,2022-07-04,DBD,1,72130,22.7,27.0,72.7
33.74.03,Semarang Timur,2022-07-11,DBD,0,72130,40.9,26.8,77.4
33.74.03,Semarang Timur,2022-07-18,DBD,0,72130,6.9,27.5,72.3
33.74.03,Semarang Timur,2022-07-25,DBD,0,72130,0.0,27.6,63.7
33.74.03,Semarang Timur,2022-08-01,DBD,1,72130,6.1,27.6,70.0
33.74.03,Semarang Timur,2022-08-08,DBD,1,72130,25.7,27.9,70.4
33.74.03,Semarang Timur,2022-08-15,DBD,0,72130,7.4,27.8,68.0
33.74.03,Semarang Timur,2022-08-22,DBD,0,72130,2.6,28.3,62.7
33.74.03,Semarang Timur,2022-08-29,DBD,1,72130,5.6,28.4,65.6
33.74.03,Semarang Timur,2022-09-05,DBD,2,72130,47.5,26.9,78.1
33.74.03,Semarang Timur,2022-09-12,DBD,0,72130,3.0,28.1,69.4
33.74.03,Semarang Timur,2022-09-19,DBD,0,72130,10.6,28.3,68.1
33.74.03,Semarang Timur,2022-09-26,DBD,0,72130,20.0,28.5,66.7
33.74.03,Semarang Timur,2022-10-03,DBD,0,72130,73.0,26.2,85.3
33.74.03,Semarang Timur,2022-10-10,DBD,1,72130,37.3,26.6,83.1
33.74.03,Semarang Timur,2022-10-17,DBD,0,72130,40.3,26.4,85.0
33.74.03,Semarang Timur,2022-10-24,DBD,0,72130,43.7,26.1,81.3
33.74.03,Semarang Timur,2022-10-31,DBD,0,72130,143.4,26.6,81.6
33.74.03,Semarang Timur,2022-11-07,DBD,0,72130,78.4,26.1,86.7
33.74.03,Semarang Timur,2022-11-14,DBD,1,72130,53.7,26.5,84.3
33.74.03,Semarang Timur,2022-11-21,DBD,1,72130,64.7,26.0,85.7
33.74.03,Semarang Timur,2022-11-28,DBD,0,72130,32.6,26.1,85.9
33.74.03,Semarang Timur,2022-12-05,DBD,0,72130,28.0,26.8,81.9
33.74.03,Semarang Timur,2022-12-12,DBD,0,72130,45.7,26.5,84.0
33.74.03,Semarang Timur,2022-12-19,DBD,1,72130,59.2,26.2,83.7
33.74.03,Semarang Timur,2022-12-26,DBD,0,72130,73.6,25.2,85.4
33.74.04,Semarang Selatan,2022-01-03,DBD,1,70890,35.3,26.3,82.6
33.74.04,Semarang Selatan,2022-01-10,DBD,1,70890,55.9,25.8,85.4
33.74.04,Semarang Selatan,2022-01-17,DBD,1,70890,100.6,25.6,86.7
33.74.04,Semarang Selatan,2022-01-24,DBD,1,70890,25.7,26.3,84.3
33.74.04,Semarang Selatan,2022-01-31,DBD,0,70890,75.4,26.2,84.3
33.74.04,Semarang Selatan,2022-02-07,DBD,3,70890,76.4,26.1,83.9
33.74.04,Semarang Selatan,2022-02-14,DBD,0,70890,57.2,25.9,85.9
33.74.04,Semarang Selatan,2022-02-21,DBD,0,70890,35.6,26.3,83.7
33.74.04,Semarang Selatan,2022-02-28,DBD,0,70890,56.9,26.3,85.3
33.74.04,Semarang Selatan,2022-03-07,DBD,0,70890,90.7,25.8,89.4
33.74.04,Semarang Selatan,2022-03-14,DBD,0,70890,72.6,26.3,87.7
33.74.04,Semarang Selatan,2022-03-21,DBD,1,70890,17.0,26.8,83.1
33.74.04,Semarang Selatan,2022-03-28,DBD,0,70890,33.2,26.9,82.9
33.74.04,Semarang Selatan,2022-04-04,DBD,1,70890,31.4,26.3,83.9
33.74.04,Semarang Selatan,2022-04-11,DBD,0,70890,14.9,27.6,76.3
33.74.04,Semarang Selatan,2022-04-18,DBD,0,70890,33.9,26.8,82.9
33.74.04,Semarang Selatan,2022-04-25,DBD,0,70890,31.0,26.7,84.0
33.74.04,Semarang Selatan,2022-05-02,DBD,0,70890,21.4,27.5,79.0
33.74.04,Semarang Selatan,2022-05-09,DBD,2,70890,61.7,26.9,86.7
33.74.04,Semarang Selatan,2022-05-16,DBD,0,70890,55.3,26.6,84.7
33.74.04,Semarang Selatan,2022-05-23,DBD,1,70890,27.3,26.7,80.4
33.74.04,Semarang Selatan,2022-05-30,DBD,0,70890,22.5,26.9,81.0
33.74.04,Semarang Selatan,2022-06-06,DBD,1,70890,61.3,26.4,82.6
33.74.04,Semarang Selatan,2022-06-13,DBD,2,70890,65.7,25.9,84.7
33.74.04,Semarang Selatan,2022-06-20,DBD,1,70890,18.3,26.6,77.1
33.74.04,Semarang Selatan,2022-06-27,DBD,0,70890,18.6,27.0,71.9
33.74.04,Semarang Selatan,2022-07-04,DBD,0,70890,22.7,27.0,72.7
33.74.04,Semarang Selatan,2022-07-11,DBD,0,70890,40.9,26.8,77.4
33.74.04,Semarang Selatan,2022-07-18,DBD,1,70890,6.9,27.5,72.3
33.74.04,Semarang Selatan,2022-07-25,DBD,0,70890,0.0,27.6,63.7
33.74.04,Semarang Selatan,2022-08-01,DBD,1,70890,6.1,27.6,70.0
33.74.04,Semarang Selatan,2022-08-08,DBD,1,70890,25.7,27.9,70.4
33.74.04,Semarang Selatan,2022-08-15,DBD,0,70890,7.4,27.8,68.0
33.74.04,Semarang Selatan,2022-08-22,DBD,1,70890,2.6,28.3,62.7
33.74.04,Semarang Selatan,2022-08-29,DBD,0,70890,5.6,28.4,65.6
33.74.04,Semarang Selatan,2022-09-05,DBD,0,70890,47.5,26.9,78.1
33.74.04,Semarang Selatan,2022-09-12,DBD,1,70890,3.0,28.1,69.4
33.74.04,Semarang Selatan,2022-09-19,DBD,0,70890,10.6,28.3,68.1
33.74.04,Semarang Selatan,2022-09-26,DBD,0,70890,20.0,28.5,66.7
33.74.04,Semarang Selatan,2022-10-03,DBD,0,70890,73.0,26.2,85.3
33.74.04,Semarang Selatan,2022-10-10,DBD,0,70890,37.3,26.6,83.1
33.74.04,Semarang Selatan,2022-10-17,DBD,1,70890,40.3,26.4,85.0
33.74.04,Semarang Selatan,2022-10-24,DBD,1,70890,43.7,26.1,81.3
33.74.04,Semarang Selatan,2022-10-31,DBD,1,70890,143.4,26.6,81.6
33.74.04,Semarang Selatan,2022-11-07,DBD,0,70890,78.4,26.1,86.7
33.74.04,Semarang Selatan,2022-11-14,DBD,1,70890,53.7,26.5,84.3
33.74.04,Semarang Selatan,2022-11-21,DBD,0,70890,64.7,26.0,85.7
33.74.04,Semarang Selatan,2022-11-28,DBD,0,70890,32.6,26.1,85.9
33.74.04,Semarang Selatan,2022-12-05,DBD,1,70890,28.0,26.8,81.9
33.74.04,Semarang Selatan,2022-12-12,DBD,0,70890,45.7,26.5,84.0
33.74.04,Semarang Selatan,2022-12-19,DBD,2,70890,59.2,26.2,83.7
33.74.04,Semarang Selatan,2022-12-26,DBD,0,70890,73.6,25.2,85.4
33.74.05,Semarang Barat,2022-01-03,DBD,1,158726,35.3,26.5,82.6
33.74.05,Semarang Barat,2022-01-10,DBD,1,158726,55.9,26.0,85.4
33.74.05,Semarang Barat,2022-01-17,DBD,2,158726,100.6,25.8,86.7
33.74.05,Semarang Barat,2022-01-24,DBD,3,158726,25.7,26.5,84.3
33.74.05,Semarang Barat,2022-01-31,DBD,4,158726,75.4,26.4,84.3
33.74.05,Semarang Barat,2022-02-07,DBD,4,158726,76.4,26.3,83.9
33.74.05,Semarang Barat,2022-02-14,DBD,2,158726,57.2,26.1,85.9
33.74.05,Semarang Barat,2022-02-21,DBD,2,158726,35.6,26.5,83.7
33.74.05,Semarang Barat,2022-02-28,DBD,2,158726,56.9,26.5,85.3
33.74.05,Semarang Barat,2022-03-07,DBD,1,158726,90.7,26.0,89.4
33.74.05,Semarang Barat,2022-03-14,DBD,1,158726,72.6,26.5,87.7
33.74.05,Semarang Barat,2022-03-21,DBD,0,158726,17.0,27.0,83.1
33.74.05,Semarang Barat,2022-03-28,DBD,6,158726,33.2,27.1,82.9
33.74.05,Semarang Barat,2022-04-04,DBD,5,158726,31.4,26.5,83.9
33.74.05,Semarang Barat,2022-04-11,DBD,0,158726,14.9,27.8,76.3
33.74.05,Semarang Barat,2022-04-18,DBD,2,158726,33.9,27.0,82.9
33.74.05,Semarang Barat,2022-04-25,DBD,4,158726,31.0,26.9,84.0
33.74.05,Semarang Barat,2022-05-02,DBD,0,158726,21.4,27.8,79.0
33.74.05,Semarang Barat,2022-05-09,DBD,2,158726,61.7,27.1,86.7
33.74.05,Semarang Barat,2022-05-16,DBD,3,158726,55.3,26.8,84.7
33.74.05,Semarang Barat,2022-05-23,DBD,0,158726,27.3,26.9,80.4
33.74.05,Semarang Barat,2022-05-30,DBD,1,158726,22.5,27.1,81.0
33.74.05,Semarang Barat,2022-06-06,DBD,1,158726,61.3,26.6,82.6
33.74.05,Semarang Barat,2022-06-13,DBD,3,158726,65.7,26.1,84.7
33.74.05,Semarang Barat,2022-06-20,DBD,3,158726,18.3,26.9,77.1
33.74.05,Semarang Barat,2022-06-27,DBD,2,158726,18.6,27.3,71.9
33.74.05,Semarang Barat,2022-07-04,DBD,1,158726,22.7,27.2,72.7
33.74.05,Semarang Barat,2022-07-11,DBD,2,158726,40.9,27.0,77.4
33.74.05,Semarang Barat,2022-07-18,DBD,2,158726,6.9,27.7,72.3
33.74.05,Semarang Barat,2022-07-25,DBD,0,158726,0.0,27.8,63.7
33.74.05,Semarang Barat,2022-08-01,DBD,2,158726,6.1,27.8,70.0
33.74.05,Semarang Barat,2022-08-08,DBD,0,158726,25.7,28.2,70.4
33.74.05,Semarang Barat,2022-08-15,DBD,0,158726,7.4,28.0,68.0
33.74.05,Semarang Barat,2022-08-22,DBD,0,158726,2.6,28.5,62.7
33.74.05,Semarang Barat,2022-08-29,DBD,0,158726,5.6,28.6,65.6
33.74.05,Semarang Barat,2022-09-05,DBD,0,158726,47.5,27.2,78.1
33.74.05,Semarang Barat,2022-09-12,DBD,1,158726,3.0,28.3,69.4
33.74.05,Semarang Barat,2022-09-19,DBD,0,158726,10.6,28.6,68.1
33.74.05,Semarang Barat,2022-09-26,DBD,1,158726,20.0,28.7,66.7
33.74.05,Semarang Barat,2022-10-03,DBD,0,158726,73.0,26.4,85.4
33.74.05,Semarang Barat,2022-10-10,DBD,1,158726,37.3,26.8,83.1
33.74.05,Semarang Barat,2022-10-17,DBD,0,158726,40.3,26.6,85.0
33.74.05,Semarang Barat,2022-10-24,DBD,1,158726,43.7,26.3,81.3
33.74.05,Semarang Barat,2022-10-31,DBD,0,158726,143.4,26.8,81.7
33.74.05,Semarang Barat,2022-11-07,DBD,1,158726,78.4,26.3,86.7
33.74.05,Semarang Barat,2022-11-14,DBD,2,158726,53.7,26.7,84.3
33.74.05,Semarang Barat,2022-11-21,DBD,1,158726,64.7,26.3,85.7
33.74.05,Semarang Barat,2022-11-28,DBD,1,158726,32.6,26.3,86.0
33.74.05,Semarang Barat,2022-12-05,DBD,0,158726,28.0,27.0,82.0
33.74.05,Semarang Barat,2022-12-12,DBD,2,158726,45.7,26.7,84.0
33.74.05,Semarang Barat,2022-12-19,DBD,0,158726,59.2,26.4,83.7
33.74.05,Semarang Barat,2022-12-26,DBD,2,158726,73.6,25.5,85.6
33.74.06,Gayamsari,2022-01-03,DBD,1,68900,35.3,26.3,82.6
33.74.06,Gayamsari,2022-01-10,DBD,0,68900,55.9,25.8,85.4
33.74.06,Gayamsari,2022-01-17,DBD,1,68900,100.6,25.6,86.7
33.74.06,Gayamsari,2022-01-24,DBD,0,68900,25.7,26.3,84.3
33.74.06,Gayamsari,2022-01-31,DBD,2,68900,75.4,26.2,84.3
33.74.06,Gayamsari,2022-02-07,DBD,0,68900,76.4,26.1,83.9
33.74.06,Gayamsari,2022-02-14,DBD,0,68900,57.2,25.9,85.9
33.74.06,Gayamsari,2022-02-21,DBD,0,68900,35.6,26.3,83.7
33.74.06,Gayamsari,2022-02-28,DBD,0,68900,56.9,26.3,85.3
33.74.06,Gayamsari,2022-03-07,DBD,0,68900,90.7,25.8,89.4
33.74.06,Gayamsari,2022-03-14,DBD,0,68900,72.6,26.3,87.7
33.74.06,Gayamsari,2022-03-21,DBD,1,68900,17.0,26.8,83.1
33.74.06,Gayamsari,2022-03-28,DBD,0,68900,33.2,26.9,82.9
33.74.06,Gayamsari,2022-04-04,DBD,0,68900,31.4,26.3,83.9
33.74.06,Gayamsari,2022-04-11,DBD,0,68900,14.9,27.6,76.3
33.74.06,Gayamsari,2022-04-18,DBD,0,68900,33.9,26.8,82.9
33.74.06,Gayamsari,2022-04-25,DBD,0,68900,31.0,26.7,84.0
33.74.06,Gayamsari,2022-05-02,DBD,0,68900,21.4,27.5,79.0
33.74.06,Gayamsari,2022-05-09,DBD,0,68900,61.7,26.9,86.7
33.74.06,Gayamsari,2022-05-16,DBD,0,68900,55.3,26.6,84.7
33.74.06,Gayamsari,2022-05-23,DBD,0,68900,27.3,26.7,80.4
33.74.06,Gayamsari,2022-05-30,DBD,0,68900,22.5,26.9,81.0
33.74.06,Gayamsari,2022-06-06,DBD,0,68900,61.3,26.4,82.6
33.74.06,Gayamsari,2022-06-13,DBD,0,68900,65.7,25.9,84.7
33.74.06,Gayamsari,2022-06-20,DBD,1,68900,18.3,26.6,77.1
33.74.06,Gayamsari,2022-06-27,DBD,0,68900,18.6,27.0,71.9
33.74.06,Gayamsari,2022-07-04,DBD,0,68900,22.7,27.0,72.7
33.74.06,Gayamsari,2022-07-11,DBD,0,68900,40.9,26.8,77.4
33.74.06,Gayamsari,2022-07-18,DBD,0,68900,6.9,27.5,72.3
33.74.06,Gayamsari,2022-07-25,DBD,1,68900,0.0,27.6,63.7
33.74.06,Gayamsari,2022-08-01,DBD,0,68900,6.1,27.6,70.0
33.74.06,Gayamsari,2022-08-08,DBD,0,68900,25.7,27.9,70.4
33.74.06,Gayamsari,2022-08-15,DBD,0,68900,7.4,27.8,68.0
33.74.06,Gayamsari,2022-08-22,DBD,1,68900,2.6,28.3,62.7
33.74.06,Gayamsari,2022-08-29,DBD,1,68900,5.6,28.4,65.6
33.74.06,Gayamsari,2022-09-05,DBD,0,68900,47.5,26.9,78.1
33.74.06,Gayamsari,2022-09-12,DBD,0,68900,3.0,28.1,69.4
33.74.06,Gayamsari,2022-09-19,DBD,0,68900,10.6,28.3,68.1
33.74.06,Gayamsari,2022-09-26,DBD,0,68900,20.0,28.5,66.7
33.74.06,Gayamsari,2022-10-03,DBD,0,68900,73.0,26.2,85.3
33.74.06,Gayamsari,2022-10-10,DBD,0,68900,37.3,26.6,83.1
33.74.06,Gayamsari,2022-10-17,DBD,0,68900,40.3,26.4,85.0
33.74.06,Gayamsari,2022-10-24,DBD,0,68900,43.7,26.1,81.3
33.74.06,Gayamsari,2022-10-31,DBD,0,68900,143.4,26.6,81.6
33.74.06,Gayamsari,2022-11-07,DBD,0,68900,78.4,26.1,86.7
33.74.06,Gayamsari,2022-11-14,DBD,0,68900,53.7,26.5,84.3
33.74.06,Gayamsari,2022-11-21,DBD,0,68900,64.7,26.0,85.7
33.74.06,Gayamsari,2022-11-28,DBD,0,68900,32.6,26.1,85.9
33.74.06,Gayamsari,2022-12-05,DBD,0,68900,28.0,26.8,81.9
33.74.06,Gayamsari,2022-12-12,DBD,0,68900,45.7,26.5,84.0
33.74.06,Gayamsari,2022-12-19,DBD,0,68900,59.2,26.2,83.7
33.74.06,Gayamsari,2022-12-26,DBD,0,68900,73.6,25.2,85.4
33.74.07,Candisari,2022-01-03,DBD,1,78420,35.3,26.3,82.6
33.74.07,Candisari,2022-01-10,DBD,2,78420,55.9,25.8,85.4
33.74.07,Candisari,2022-01-17,DBD,0,78420,100.6,25.6,86.7
33.74.07,Candisari,2022-01-24,DBD,4,78420,25.7,26.3,84.3
33.74.07,Candisari,2022-01-31,DBD,1,78420,75.4,26.2,84.3
33.74.07,Candisari,2022-02-07,DBD,4,78420,76.4,26.1,83.9
33.74.07,Candisari,2022-02-14,DBD,1,78420,57.2,25.9,85.9
33.74.07,Candisari,2022-02-21,DBD,1,78420,35.6,26.3,83.7
33.74.07,Candisari,2022-02-28,DBD,1,78420,56.9,26.3,85.3
33.74.07,Candisari,2022-03-07,DBD,0,78420,90.7,25.8,89.4
33.74.07,Candisari,2022-03-14,DBD,0,78420,72.6,26.3,87.7
33.74.07,Candisari,2022-03-21,DBD,0,78420,17.0,26.8,83.1
33.74.07,Candisari,2022-03-28,DBD,0,78420,33.2,26.9,82.9
33.74.07,Candisari,2022-04-04,DBD,2,78420,31.4,26.3,83.9
33.74.07,Candisari,2022-04-11,DBD,1,78420,14.9,27.6,76.3
33.74.07,Candisari,2022-04-18,DBD,0,78420,33.9,26.8,82.9
33.74.07,Candisari,2022-04-25,DBD,4,78420,31.0,26.7,84.0
33.74.07,Candisari,2022-05-02,DBD,2,78420,21.4,27.5,79.0
33.74.07,Candisari,2022-05-09,DBD,3,78420,61.7,26.9,86.7
33.74.07,Candisari,2022-05-16,DBD,4,78420,55.3,26.6,84.7
33.74.07,Candisari,2022-05-23,DBD,0,78420,27.3,26.7,80.4
33.74.07,Candisari,2022-05-30,DBD,0,78420,22.5,26.9,81.0
33.74.07,Candisari,2022-06-06,DBD,1,78420,61.3,26.4,82.6
33.74.07,Candisari,2022-06-13,DBD,1,78420,65.7,25.9,84.7
33.74.07,Candisari,2022-06-20,DBD,0,78420,18.3,26.6,77.1
33.74.07,Candisari,2022-06-27,DBD,1,78420,18.6,27.0,71.9
33.74.07,Candisari,2022-07-04,DBD,0,78420,22.7,27.0,72.7
33.74.07,Candisari,2022-07-11,DBD,0,78420,40.9,26.8,77.4
33.74.07,Candisari,2022-07-18,DBD,1,78420,6.9,27.5,72.3
33.74.07,Candisari,2022-07-25,DBD,1,78420,0.0,27.6,63.7
33.74.07,Candisari,2022-08-01,DBD,1,78420,6.1,27.6,70.0
33.74.07,Candisari,2022-08-08,DBD,0,78420,25.7,27.9,70.4
33.74.07,Candisari,2022-08-15,DBD,1,78420,7.4,27.8,68.0
33.74.07,Candisari,2022-08-22,DBD,0,78420,2.6,28.3,62.7
33.74.07,Candisari,2022-08-29,DBD,0,78420,5.6,28.4,65.6
33.74.07,Candisari,2022-09-05,DBD,1,78420,47.5,26.9,78.1
33.74.07,Candisari,2022-09-12,DBD,2,78420,3.0,28.1,69.4
33.74.07,Candisari,2022-09-19,DBD,1,78420,10.6,28.3,68.1
33.74.07,Candisari,2022-09-26,DBD,1,78420,20.0,28.5,66.7
33.74.07,Candisari,2022-10-03,DBD,0,78420,73.0,26.2,85.3
33.74.07,Candisari,2022-10-10,DBD,1,78420,37.3,26.6,83.1
33.74.07,Candisari,2022-10-17,DBD,0,78420,40.3,26.4,85.0
33.74.07,Candisari,2022-10-24,DBD,0,78420,43.7,26.1,81.3
33.74.07,Candisari,2022-10-31,DBD,0,78420,143.4,26.6,81.6
33.74.07,Candisari,2022-11-07,DBD,0,78420,78.4,26.1,86.7
33.74.07,Candisari,2022-11-14,DBD,1,78420,53.7,26.5,84.3
33.74.07,Candisari,2022-11-21,DBD,0,78420,64.7,26.0,85.7
33.74.07,Candisari,2022-11-28,DBD,0,78420,32.6,26.1,85.9
33.74.07,Candisari,2022-12-05,DBD,0,78420,28.0,26.8,81.9
33.74.07,Candisari,2022-12-12,DBD,1,78420,45.7,26.5,84.0
33.74.07,Candisari,2022-12-19,DBD,0,78420,59.2,26.2,83.7
33.74.07,Candisari,2022-12-26,DBD,3,78420,73.6,25.2,85.4
33.74.08,Gajahmungkur,2022-01-03,DBD,1,58310,35.3,26.3,82.6
33.74.08,Gajahmungkur,2022-01-10,DBD,1,58310,55.9,25.8,85.4
33.74.08,Gajahmungkur,2022-01-17,DBD,0,58310,100.6,25.6,86.7
33.74.08,Gajahmungkur,2022-01-24,DBD,0,58310,25.7,26.3,84.3
33.74.08,Gajahmungkur,2022-01-31,DBD,2,58310,75.4,26.2,84.3
33.74.08,Gajahmungkur,2022-02-07,DBD,0,58310,76.4,26.1,83.9
33.74.08,Gajahmungkur,2022-02-14,DBD,1,58310,57.2,25.9,85.9
33.74.08,Gajahmungkur,2022-02-21,DBD,0,58310,35.6,26.3,83.7
33.74.08,Gajahmungkur,2022-02-28,DBD,0,58310,56.9,26.3,85.3
33.74.08,Gajahmungkur,2022-03-07,DBD,1,58310,90.7,25.8,89.4
33.74.08,Gajahmungkur,2022-03-14,DBD,1,58310,72.6,26.3,87.7
33.74.08,Gajahmungkur,2022-03-21,DBD,0,58310,17.0,26.8,83.1
33.74.08,Gajahmungkur,2022-03-28,DBD,1,58310,33.2,26.9,82.9
33.74.08,Gajahmungkur,2022-04-04,DBD,2,58310,31.4,26.3,83.9
33.74.08,Gajahmungkur,2022-04-11,DBD,1,58310,14.9,27.6,76.3
33.74.08,Gajahmungkur,2022-04-18,DBD,1,58310,33.9,26.8,82.9
33.74.08,Gajahmungkur,2022-04-25,DBD,1,58310,31.0,26.7,84.0
33.74.08,Gajahmungkur,2022-05-02,DBD,0,58310,21.4,27.5,79.0
33.74.08,Gajahmungkur,2022-05-09,DBD,1,58310,61.7,26.9,86.7
33.74.08,Gajahmungkur,2022-05-16,DBD,1,58310,55.3,26.6,84.7
33.74.08,Gajahmungkur,2022-05-23,DBD,0,58310,27.3,26.7,80.4
33.74.08,Gajahmungkur,2022-05-30,DBD,1,58310,22.5,26.9,81.0
33.74.08,Gajahmungkur,2022-06-06,DBD,1,58310,61.3,26.4,82.6
33.74.08,Gajahmungkur,2022-06-13,DBD,0,58310,65.7,25.9,84.7
33.74.08,Gajahmungkur,2022-06-20,DBD,1,58310,18.3,26.6,77.1
33.74.08,Gajahmungkur,2022-06-27,DBD,0,58310,18.6,27.0,71.9
33.74.08,Gajahmungkur,2022-07-04,DBD,0,58310,22.7,27.0,72.7
33.74.08,Gajahmungkur,2022-07-11,DBD,1,58310,40.9,26.8,77.4
33.74.08,Gajahmungkur,2022-07-18,DBD,0,58310,6.9,27.5,72.3
33.74.08,Gajahmungkur,2022-07-25,DBD,0,58310,0.0,27.6,63.7
33.74.08,Gajahmungkur,2022-08-01,DBD,1,58310,6.1,27.6,70.0
33.74.08,Gajahmungkur,2022-08-08,DBD,0,58310,25.7,27.9,70.4
33.74.08,Gajahmungkur,2022-08-15,DBD,0,58310,7.4,27.8,68.0
33.74.08,Gajahmungkur,2022-08-22,DBD,0,58310,2.6,28.3,62.7
33.74.08,Gajahmungkur,2022-08-29,DBD,0,58310,5.6,28.4,65.6
33.74.08,Gajahmungkur,2022-09-05,DBD,1,58310,47.5,26.9,78.1
33.74.08,Gajahmungkur,2022-09-12,DBD,0,58310,3.0,28.1,69.4
33.74.08,Gajahmungkur,2022-09-19,DBD,0,58310,10.6,28.3,68.1
33.74.08,Gajahmungkur,2022-09-26,DBD,0,58310,20.0,28.5,66.7
33.74.08,Gajahmungkur,2022-10-03,DBD,0,58310,73.0,26.2,85.3
33.74.08,Gajahmungkur,2022-10-10,DBD,0,58310,37.3,26.6,83.1
33.74.08,Gajahmungkur,2022-10-17,DBD,0,58310,40.3,26.4,85.0
33.74.08,Gajahmungkur,2022-10-24,DBD,0,58310,43.7,26.1,81.3
33.74.08,Gajahmungkur,2022-10-31,DBD,0,58310,143.4,26.6,81.6
33.74.08,Gajahmungkur,2022-11-07,DBD,1,58310,78.4,26.1,86.7
33.74.08,Gajahmungkur,2022-11-14,DBD,0,58310,53.7,26.5,84.3
33.74.08,Gajahmungkur,2022-11-21,DBD,0,58310,64.7,26.0,85.7
33.74.08,Gajahmungkur,2022-11-28,DBD,1,58310,32.6,26.1,85.9
33.74.08,Gajahmungkur,2022-12-05,DBD,0,58310,28.0,26.8,81.9
33.74.08,Gajahmungkur,2022-12-12,DBD,0,58310,45.7,26.5,84.0
33.74.08,Gajahmungkur,2022-12-19,DBD,0,58310,59.2,26.2,83.7
33.74.08,Gajahmungkur,2022-12-26,DBD,0,58310,73.6,25.2,85.4
33.74.09,Genuk,2022-01-03,DBD,0,112400,26.4,26.4,82.1
33.74.09,Genuk,2022-01-10,DBD,4,112400,56.7,25.9,85.3
33.74.09,Genuk,2022-01-17,DBD,2,112400,94.1,25.7,86.7
33.74.09,Genuk,2022-01-24,DBD,0,112400,18.3,26.5,83.9
33.74.09,Genuk,2022-01-31,DBD,1,112400,88.5,26.3,84.9
33.74.09,Genuk,2022-02-07,DBD,3,112400,76.2,26.3,84.1
33.74.09,Genuk,2022-02-14,DBD,0,112400,68.9,25.9,87.4
33.74.09,Genuk,2022-02-21,DBD,1,112400,29.5,26.3,83.4
33.74.09,Genuk,2022-02-28,DBD,0,112400,28.4,26.4,84.4
33.74.09,Genuk,2022-03-07,DBD,1,112400,77.7,25.8,89.1
33.74.09,Genuk,2022-03-14,DBD,0,112400,76.3,26.2,88.9
33.74.09,Genuk,2022-03-21,DBD,2,112400,17.4,26.8,83.6
33.74.09,Genuk,2022-03-28,DBD,4,112400,45.8,26.8,83.0
33.74.09,Genuk,2022-04-04,DBD,4,112400,32.4,26.5,83.6
33.74.09,Genuk,2022-04-11,DBD,2,112400,13.1,27.5,78.3
33.74.09,Genuk,2022-04-18,DBD,0,112400,41.8,26.7,84.7
33.74.09,Genuk,2022-04-25,DBD,2,112400,47.7,26.8,85.0
33.74.09,Genuk,2022-05-02,DBD,0,112400,24.3,27.6,79.3
33.74.09,Genuk,2022-05-09,DBD,0,112400,48.7,26.9,87.0
33.74.09,Genuk,2022-05-16,DBD,0,112400,63.2,26.4,86.0
33.74.09,Genuk,2022-05-23,DBD,1,112400,23.0,26.5,83.0
33.74.09,Genuk,2022-05-30,DBD,1,112400,23.3,26.9,82.0
33.74.09,Genuk,2022-06-06,DBD,1,112400,66.9,26.2,85.0
33.74.09,Genuk,2022-06-13,DBD,1,112400,67.2,25.6,87.6
33.74.09,Genuk,2022-06-20,DBD,0,112400,20.6,26.6,78.3
33.74.09,Genuk,2022-06-27,DBD,4,112400,9.4,27.2,71.0
33.74.09,Genuk,2022-07-04,DBD,0,112400,10.3,27.1,72.7
33.74.09,Genuk,2022-07-11,DBD,1,112400,42.5,26.8,78.9
33.74.09,Genuk,2022-07-18,DBD,0,112400,5.7,27.9,69.4
33.74.09,Genuk,2022-07-25,DBD,1,112400,0.0,27.9,63.0
33.74.09,Genuk,2022-08-01,DBD,2,112400,7.5,27.9,67.9
33.74.09,Genuk,2022-08-08,DBD,0,112400,28.9,28.2,69.1
33.74.09,Genuk,2022-08-15,DBD,0,112400,6.7,28.0,67.1
33.74.09,Genuk,2022-08-22,DBD,1,112400,2.5,28.7,59.9
33.74.09,Genuk,2022-08-29,DBD,1,112400,3.2,28.5,65.6
33.74.09,Genuk,2022-09-05,DBD,0,112400,50.5,26.9,79.4
33.74.09,Genuk,2022-09-12,DBD,2,112400,8.5,28.2,69.1
33.74.09,Genuk,2022-09-19,DBD,0,112400,17.5,28.5,67.4
33.74.09,Genuk,2022-09-26,DBD,0,112400,25.5,28.5,67.4
33.74.09,Genuk,2022-10-03,DBD,1,112400,70.8,26.3,84.7
33.74.09,Genuk,2022-10-10,DBD,1,112400,31.1,26.7,81.6
33.74.09,Genuk,2022-10-17,DBD,0,112400,52.7,26.5,85.3
33.74.09,Genuk,2022-10-24,DBD,0,112400,40.0,26.1,80.7
33.74.09,Genuk,2022-10-31,DBD,0,112400,146.5,26.7,82.1
33.74.09,Genuk,2022-11-07,DBD,3,112400,74.0,26.1,87.9
33.74.09,Genuk,2022-11-14,DBD,0,112400,74.1,26.5,85.3
33.74.09,Genuk,2022-11-21,DBD,2,112400,68.9,26.0,86.3
33.74.09,Genuk,2022-11-28,DBD,0,112400,46.6,26.1,86.3
33.74.09,Genuk,2022-12-05,DBD,0,112400,36.3,26.7,82.7
33.74.09,Genuk,2022-12-12,DBD,0,112400,51.9,26.4,85.0
33.74.09,Genuk,2022-12-19,DBD,2,112400,48.4,26.3,84.3
33.74.09,Genuk,2022-12-26,DBD,1,112400,66.9,25.4,85.3
33.74.10,Pedurungan,2022-01-03,DBD,1,192500,26.4,26.6,82.1
33.74.10,Pedurungan,2022-01-10,DBD,4,192500,56.7,26.1,85.3
33.74.10,Pedurungan,2022-01-17,DBD,2,192500,94.1,25.8,86.7
33.74.10,Pedurungan,2022-01-24,DBD,4,192500,18.3,26.6,83.9
33.74.10,Pedurungan,2022-01-31,DBD,1,192500,88.5,26.5,84.9
33.74.10,Pedurungan,2022-02-07,DBD,5,192500,76.2,26.5,84.1
33.74.10,Pedurungan,2022-02-14,DBD,2,192500,68.9,26.0,87.4
33.74.10,Pedurungan,2022-02-21,DBD,2,192500,29.5,26.5,83.4
33.74.10,Pedurungan,2022-02-28,DBD,2,192500,28.4,26.6,84.4
33.74.10,Pedurungan,2022-03-07,DBD,2,192500,77.7,26.0,89.1
33.74.10,Pedurungan,2022-03-14,DBD,2,192500,76.3,26.3,89.0
33.74.10,Pedurungan,2022-03-21,DBD,0,192500,17.4,26.9,83.6
33.74.10,Pedurungan,2022-03-28,DBD,0,192500,45.8,27.0,83.0
33.74.10,Pedurungan,2022-04-04,DBD,5,192500,32.4,26.6,83.6
33.74.10,Pedurungan,2022-04-11,DBD,2,192500,13.1,27.6,78.3
33.74.10,Pedurungan,2022-04-18,DBD,2,192500,41.8,26.9,84.7
33.74.10,Pedurungan,2022-04-25,DBD,2,192500,47.7,26.9,85.0
33.74.10,Pedurungan,2022-05-02,DBD,0,192500,24.3,27.8,79.3
33.74.10,Pedurungan,2022-05-09,DBD,1,192500,48.7,27.0,87.0
33.74.10,Pedurungan,2022-05-16,DBD,2,192500,63.2,26.6,86.0
33.74.10,Pedurungan,2022-05-23,DBD,1,192500,23.0,26.7,83.0
33.74.10,Pedurungan,2022-05-30,DBD,0,192500,23.3,27.0,82.0
33.74.10,Pedurungan,2022-06-06,DBD,1,192500,66.9,26.4,85.0
33.74.10,Pedurungan,2022-06-13,DBD,0,192500,67.2,25.8,87.6
33.74.10,Pedurungan,2022-06-20,DBD,2,192500,20.6,26.8,78.4
33.74.10,Pedurungan,2022-06-27,DBD,0,192500,9.4,27.3,71.0
33.74.10,Pedurungan,2022-07-04,DBD,2,192500,10.3,27.2,72.7
33.74.10,Pedurungan,2022-07-11,DBD,1,192500,42.5,27.0,78.9
33.74.10,Pedurungan,2022-07-18,DBD,2,192500,5.7,28.0,69.4
33.74.10,Pedurungan,2022-07-25,DBD,0,192500,0.0,28.1,63.0
33.74.10,Pedurungan,2022-08-01,DBD,0,192500,7.5,28.1,67.9
33.74.10,Pedurungan,2022-08-08,DBD,2,192500,28.9,28.4,69.1
33.74.10,Pedurungan,2022-08-15,DBD,1,192500,6.7,28.1,67.1
33.74.10,Pedurungan,2022-08-22,DBD,2,192500,2.5,28.8,59.9
33.74.10,Pedurungan,2022-08-29,DBD,1,192500,3.2,28.6,65.6
33.74.10,Pedurungan,2022-09-05,DBD,1,192500,50.5,27.0,79.4
33.74.10,Pedurungan,2022-09-12,DBD,2,192500,8.5,28.3,69.1
33.74.10,Pedurungan,2022-09-19,DBD,2,192500,17.5,28.6,67.4
33.74.10,Pedurungan,2022-09-26,DBD,0,192500,25.5,28.6,67.4
33.74.10,Pedurungan,2022-10-03,DBD,1,192500,70.8,26.4,84.7
33.74.10,Pedurungan,2022-10-10,DBD,0,192500,31.1,26.9,81.6
33.74.10,Pedurungan,2022-10-17,DBD,0,192500,52.7,26.7,85.3
33.74.10,Pedurungan,2022-10-24,DBD,4,192500,40.0,26.3,80.9
33.74.10,Pedurungan,2022-10-31,DBD,0,192500,146.5,26.8,82.1
33.74.10,Pedurungan,2022-11-07,DBD,1,192500,74.0,26.2,87.9
33.74.10,Pedurungan,2022-11-14,DBD,2,192500,74.1,26.6,85.3
33.74.10,Pedurungan,2022-11-21,DBD,2,192500,68.9,26.2,86.3
33.74.10,Pedurungan,2022-11-28,DBD,3,192500,46.6,26.3,86.3
33.74.10,Pedurungan,2022-12-05,DBD,0,192500,36.3,26.8,82.7
33.74.10,Pedurungan,2022-12-12,DBD,1,192500,51.9,26.6,85.0
33.74.10,Pedurungan,2022-12-19,DBD,2,192500,48.4,26.5,84.3
33.74.10,Pedurungan,2022-12-26,DBD,3,192500,66.9,25.5,85.3
33.74.11,Tembalang,2022-01-03,DBD,0,185400,92.7,25.3,83.7
33.74.11,Tembalang,2022-01-10,DBD,3,185400,57.3,24.8,86.9
33.74.11,Tembalang,2022-01-17,DBD,0,185400,95.2,24.7,88.4
33.74.11,Tembalang,2022-01-24,DBD,1,185400,36.5,25.4,86.0
33.74.11,Tembalang,2022-01-31,DBD,4,185400,106.6,25.3,86.4
33.74.11,Tembalang,2022-02-07,DBD,3,185400,87.0,25.2,85.6
33.74.11,Tembalang,2022-02-14,DBD,3,185400,69.7,25.1,87.0
33.74.11,Tembalang,2022-02-21,DBD,3,185400,66.7,25.2,85.9
33.74.11,Tembalang,2022-02-28,DBD,3,185400,107.6,25.3,87.7
33.74.11,Tembalang,2022-03-07,DBD,1,185400,152.2,25.0,90.6
33.74.11,Tembalang,2022-03-14,DBD,1,185400,135.0,25.4,88.6
33.74.11,Tembalang,2022-03-21,DBD,1,185400,40.0,25.8,85.4
33.74.11,Tembalang,2022-03-28,DBD,4,185400,70.5,25.9,84.4
33.74.11,Tembalang,2022-04-04,DBD,5,185400,79.9,25.5,85.1
33.74.11,Tembalang,2022-04-11,DBD,0,185400,17.7,26.6,78.0
33.74.11,Tembalang,2022-04-18,DBD,6,185400,64.8,25.9,85.3
33.74.11,Tembalang,2022-04-25,DBD,1,185400,72.8,25.7,86.0
33.74.11,Tembalang,2022-05-02,DBD,2,185400,35.3,26.6,80.4
33.74.11,Tembalang,2022-05-09,DBD,5,185400,80.9,26.0,88.6
33.74.11,Tembalang,2022-05-16,DBD,5,185400,53.5,25.7,85.4
33.74.11,Tembalang,2022-05-23,DBD,4,185400,20.0,25.8,82.0
33.74.11,Tembalang,2022-05-30,DBD,3,185400,43.0,25.9,81.9
33.74.11,Tembalang,2022-06-06,DBD,2,185400,49.6,25.4,84.1
33.74.11,Tembalang,2022-06-13,DBD,4,185400,49.6,25.0,85.3
33.74.11,Tembalang,2022-06-20,DBD,1,185400,24.8,25.8,78.4
33.74.11,Tembalang,2022-06-27,DBD,4,185400,19.1,26.2,73.0
33.74.11,Tembalang,2022-07-04,DBD,2,185400,18.2,26.1,73.9
33.74.11,Tembalang,2022-07-11,DBD,4,185400,37.5,25.9,78.9
33.74.11,Tembalang,2022-07-18,DBD,3,185400,4.6,26.7,72.6
33.74.11,Tembalang,2022-07-25,DBD,2,185400,0.1,26.9,63.7
33.74.11,Tembalang,2022-08-01,DBD,3,185400,9.5,27.2,68.3
33.74.11,Tembalang,2022-08-08,DBD,4,185400,41.7,27.2,71.1
33.74.11,Tembalang,2022-08-15,DBD,0,185400,9.7,26.8,70.0
33.74.11,Tembalang,2022-08-22,DBD,0,185400,9.7,27.5,63.0
33.74.11,Tembalang,2022-08-29,DBD,2,185400,7.6,27.7,65.6
33.74.11,Tembalang,2022-09-05,DBD,0,185400,55.9,26.1,79.3
33.74.11,Tembalang,2022-09-12,DBD,3,185400,5.4,27.4,68.9
33.74.11,Tembalang,2022-09-19,DBD,1,185400,14.6,27.7,66.9
33.74.11,Tembalang,2022-09-26,DBD,4,185400,33.2,27.7,68.1
33.74.11,Tembalang,2022-10-03,DBD,0,185400,114.8,25.3,85.6
33.74.11,Tembalang,2022-10-10,DBD,1,185400,54.0,25.6,83.3
33.74.11,Tembalang,2022-10-17,DBD,2,185400,109.2,25.5,86.6
33.74.11,Tembalang,2022-10-24,DBD,2,185400,103.8,25.1,83.3
33.74.11,Tembalang,2022-10-31,DBD,1,185400,143.0,25.8,83.1
33.74.11,Tembalang,2022-11-07,DBD,1,185400,105.1,25.2,88.3
33.74.11,Tembalang,2022-11-14,DBD,3,185400,111.4,25.4,86.4
33.74.11,Tembalang,2022-11-21,DBD,1,185400,122.7,25.1,87.6
33.74.11,Tembalang,2022-11-28,DBD,8,185400,112.1,25.2,87.4
33.74.11,Tembalang,2022-12-05,DBD,3,185400,50.0,25.9,82.7
33.74.11,Tembalang,2022-12-12,DBD,1,185400,83.2,25.7,84.6
33.74.11,Tembalang,2022-12-19,DBD,0,185400,126.1,25.1,86.4
33.74.11,Tembalang,2022-12-26,DBD,1,185400,61.1,24.3,88.0
33.74.12,Banyumanik,2022-01-03,DBD,2,142100,92.7,25.3,83.7
33.74.12,Banyumanik,2022-01-10,DBD,1,142100,57.3,24.8,86.9
33.74.12,Banyumanik,2022-01-17,DBD,0,142100,95.2,24.7,88.4
33.74.12,Banyumanik,2022-01-24,DBD,1,142100,36.5,25.4,86.0
33.74.12,Banyumanik,2022-01-31,DBD,3,142100,106.6,25.3,86.4
33.74.12,Banyumanik,2022-02-07,DBD,7,142100,87.0,25.2,85.6
33.74.12,Banyumanik,2022-02-14,DBD,3,142100,69.7,25.1,87.0
33.74.12,Banyumanik,2022-02-21,DBD,3,142100,66.7,25.2,85.9
33.74.12,Banyumanik,2022-02-28,DBD,1,142100,107.6,25.3,87.7
33.74.12,Banyumanik,2022-03-07,DBD,1,142100,152.2,25.0,90.6
33.74.12,Banyumanik,2022-03-14,DBD,1,142100,135.0,25.4,88.6
33.74.12,Banyumanik,2022-03-21,DBD,6,142100,40.0,25.8,85.4
33.74.12,Banyumanik,2022-03-28,DBD,0,142100,70.5,25.9,84.4
33.74.12,Banyumanik,2022-04-04,DBD,5,142100,79.9,25.5,85.1
33.74.12,Banyumanik,2022-04-11,DBD,2,142100,17.7,26.6,78.0
33.74.12,Banyumanik,2022-04-18,DBD,2,142100,64.8,25.9,85.3
33.74.12,Banyumanik,2022-04-25,DBD,3,142100,72.8,25.7,86.0
33.74.12,Banyumanik,2022-05-02,DBD,1,142100,35.3,26.6,80.4
33.74.12,Banyumanik,2022-05-09,DBD,5,142100,80.9,26.0,88.6
33.74.12,Banyumanik,2022-05-16,DBD,4,142100,53.5,25.7,85.4
33.74.12,Banyumanik,2022-05-23,DBD,1,142100,20.0,25.8,82.0
33.74.12,Banyumanik,2022-05-30,DBD,0,142100,43.0,25.9,81.9
33.74.12,Banyumanik,2022-06-06,DBD,2,142100,49.6,25.4,84.1
33.74.12,Banyumanik,2022-06-13,DBD,4,142100,49.6,25.0,85.3
33.74.12,Banyumanik,2022-06-20,DBD,1,142100,24.8,25.8,78.4
33.74.12,Banyumanik,2022-06-27,DBD,2,142100,19.1,26.2,73.0
33.74.12,Banyumanik,2022-07-04,DBD,2,142100,18.2,26.1,73.9
33.74.12,Banyumanik,2022-07-11,DBD,3,142100,37.5,25.9,78.9
33.74.12,Banyumanik,2022-07-18,DBD,1,142100,4.6,26.7,72.6
33.74.12,Banyumanik,2022-07-25,DBD,2,142100,0.1,26.9,63.7
33.74.12,Banyumanik,2022-08-01,DBD,4,142100,9.5,27.2,68.3
33.74.12,Banyumanik,2022-08-08,DBD,1,142100,41.7,27.2,71.1
33.74.12,Banyumanik,2022-08-15,DBD,0,142100,9.7,26.8,70.0
33.74.12,Banyumanik,2022-08-22,DBD,4,142100,9.7,27.5,63.0
33.74.12,Banyumanik,2022-08-29,DBD,1,142100,7.6,27.7,65.6
33.74.12,Banyumanik,2022-09-05,DBD,2,142100,55.9,26.1,79.3
33.74.12,Banyumanik,2022-09-12,DBD,1,142100,5.4,27.4,68.9
33.74.12,Banyumanik,2022-09-19,DBD,0,142100,14.6,27.7,66.9
33.74.12,Banyumanik,2022-09-26,DBD,2,142100,33.2,27.7,68.1
33.74.12,Banyumanik,2022-10-03,DBD,0,142100,114.8,25.3,85.6
33.74.12,Banyumanik,2022-10-10,DBD,1,142100,54.0,25.6,83.3
33.74.12,Banyumanik,2022-10-17,DBD,0,142100,109.2,25.5,86.6
33.74.12,Banyumanik,2022-10-24,DBD,1,142100,103.8,25.1,83.3
33.74.12,Banyumanik,2022-10-31,DBD,0,142100,143.0,25.8,83.1
33.74.12,Banyumanik,2022-11-07,DBD,1,142100,105.1,25.2,88.3
33.74.12,Banyumanik,2022-11-14,DBD,4,142100,111.4,25.4,86.4
33.74.12,Banyumanik,2022-11-21,DBD,0,142100,122.7,25.1,87.6
33.74.12,Banyumanik,2022-11-28,DBD,2,142100,112.1,25.2,87.4
33.74.12,Banyumanik,2022-12-05,DBD,0,142100,50.0,25.9,82.7
33.74.12,Banyumanik,2022-12-12,DBD,2,142100,83.2,25.7,84.6
33.74.12,Banyumanik,2022-12-19,DBD,0,142100,126.1,25.1,86.4
33.74.12,Banyumanik,2022-12-26,DBD,3,142100,61.1,24.3,88.0
33.74.13,Gunungpati,2022-01-03,DBD,3,98200,89.5,24.5,82.1
33.74.13,Gunungpati,2022-01-10,DBD,1,98200,98.0,23.6,89.0
33.74.13,Gunungpati,2022-01-17,DBD,0,98200,127.6,23.8,88.7
33.74.13,Gunungpati,2022-01-24,DBD,0,98200,48.3,24.5,86.7
33.74.13,Gunungpati,2022-01-31,DBD,0,98200,96.7,24.2,87.4
33.74.13,Gunungpati,2022-02-07,DBD,2,98200,86.6,24.1,88.1
33.74.13,Gunungpati,2022-02-14,DBD,0,98200,64.4,24.3,86.7
33.74.13,Gunungpati,2022-02-21,DBD,2,98200,70.8,24.4,84.6
33.74.13,Gunungpati,2022-02-28,DBD,0,98200,139.2,24.4,87.9
33.74.13,Gunungpati,2022-03-07,DBD,0,98200,196.8,24.2,90.4
33.74.13,Gunungpati,2022-03-14,DBD,1,98200,126.9,24.7,88.6
33.74.13,Gunungpati,2022-03-21,DBD,1,98200,58.1,24.8,85.9
33.74.13,Gunungpati,2022-03-28,DBD,0,98200,89.3,24.9,85.1
33.74.13,Gunungpati,2022-04-04,DBD,0,98200,93.4,24.6,84.3
33.74.13,Gunungpati,2022-04-11,DBD,0,98200,26.0,25.5,79.3
33.74.13,Gunungpati,2022-04-18,DBD,2,98200,80.3,24.9,85.7
33.74.13,Gunungpati,2022-04-25,DBD,2,98200,76.1,24.8,87.0
33.74.13,Gunungpati,2022-05-02,DBD,1,98200,34.4,25.7,81.4
33.74.13,Gunungpati,2022-05-09,DBD,3,98200,97.6,25.1,88.4
33.74.13,Gunungpati,2022-05-16,DBD,2,98200,59.0,24.9,86.3
33.74.13,Gunungpati,2022-05-23,DBD,1,98200,24.4,24.9,82.1
33.74.13,Gunungpati,2022-05-30,DBD,1,98200,57.1,25.0,83.4
33.74.13,Gunungpati,2022-06-06,DBD,0,98200,40.1,24.7,84.3
33.74.13,Gunungpati,2022-06-13,DBD,0,98200,48.8,24.3,85.7
33.74.13,Gunungpati,2022-06-20,DBD,0,98200,35.4,24.8,79.3
33.74.13,Gunungpati,2022-06-27,DBD,0,98200,30.3,25.0,74.9
33.74.13,Gunungpati,2022-07-04,DBD,1,98200,36.2,24.9,76.6
33.74.13,Gunungpati,2022-07-11,DBD,3,98200,44.1,24.7,81.7
33.74.13,Gunungpati,2022-07-18,DBD,0,98200,10.6,25.1,77.9
33.74.13,Gunungpati,2022-07-25,DBD,0,98200,0.1,25.2,70.3
33.74.13,Gunungpati,2022-08-01,DBD,1,98200,13.9,25.6,72.6
33.74.13,Gunungpati,2022-08-08,DBD,3,98200,54.4,25.8,73.6
33.74.13,Gunungpati,2022-08-15,DBD,0,98200,14.2,25.5,74.0
33.74.13,Gunungpati,2022-08-22,DBD,1,98200,12.5,25.6,68.7
33.74.13,Gunungpati,2022-08-29,DBD,0,98200,12.3,26.0,70.6
33.74.13,Gunungpati,2022-09-05,DBD,0,98200,82.3,24.9,81.9
33.74.13,Gunungpati,2022-09-12,DBD,3,98200,8.7,26.0,71.7
33.74.13,Gunungpati,2022-09-19,DBD,3,98200,22.9,26.1,71.1
33.74.13,Gunungpati,2022-09-26,DBD,0,98200,53.7,26.1,71.4
33.74.13,Gunungpati,2022-10-03,DBD,1,98200,145.4,24.3,86.1
33.74.13,Gunungpati,2022-10-10,DBD,1,98200,101.6,24.6,84.3
33.74.13,Gunungpati,2022-10-17,DBD,1,98200,119.4,24.4,87.6
33.74.13,Gunungpati,2022-10-24,DBD,0,98200,130.6,24.3,82.0
33.74.13,Gunungpati,2022-10-31,DBD,0,98200,144.3,24.8,83.4
33.74.13,Gunungpati,2022-11-07,DBD,0,98200,147.0,24.3,88.4
33.74.13,Gunungpati,2022-11-14,DBD,1,98200,93.2,24.5,87.1
33.74.13,Gunungpati,2022-11-21,DBD,0,98200,159.9,24.2,88.0
33.74.13,Gunungpati,2022-11-28,DBD,0,98200,129.6,24.3,86.1
33.74.13,Gunungpati,2022-12-05,DBD,0,98200,65.2,25.0,82.7
33.74.13,Gunungpati,2022-12-12,DBD,1,98200,83.3,24.8,83.6
33.74.13,Gunungpati,2022-12-19,DBD,1,98200,117.7,24.2,87.1
33.74.13,Gunungpati,2022-12-26,DBD,2,98200,81.3,23.1,91.0
33.74.14,Mijen,2022-01-03,DBD,1,78900,68.3,25.1,81.4
33.74.14,Mijen,2022-01-10,DBD,5,78900,120.7,23.9,91.6
33.74.14,Mijen,2022-01-17,DBD,0,78900,125.0,24.3,89.9
33.74.14,Mijen,2022-01-24,DBD,1,78900,44.2,24.9,88.3
33.74.14,Mijen,2022-01-31,DBD,2,78900,99.7,24.6,89.0
33.74.14,Mijen,2022-02-07,DBD,4,78900,104.4,24.5,89.9
33.74.14,Mijen,2022-02-14,DBD,0,78900,92.7,24.9,86.3
33.74.14,Mijen,2022-02-21,DBD,1,78900,78.4,24.9,84.9
33.74.14,Mijen,2022-02-28,DBD,2,78900,107.7,24.9,88.0
33.74.14,Mijen,2022-03-07,DBD,3,78900,196.5,24.7,91.0
33.74.14,Mijen,2022-03-14,DBD,1,78900,146.9,25.3,88.4
33.74.14,Mijen,2022-03-21,DBD,1,78900,66.9,25.3,86.6
33.74.14,Mijen,2022-03-28,DBD,2,78900,111.3,25.4,86.1
33.74.14,Mijen,2022-04-04,DBD,3,78900,73.5,25.4,83.1
33.74.14,Mijen,2022-04-11,DBD,1,78900,34.7,25.8,81.9
33.74.14,Mijen,2022-04-18,DBD,0,78900,83.0,25.4,87.1
33.74.14,Mijen,2022-04-25,DBD,3,78900,86.6,25.4,88.1
33.74.14,Mijen,2022-05-02,DBD,1,78900,48.9,26.3,82.9
33.74.14,Mijen,2022-05-09,DBD,2,78900,103.9,25.7,88.4
33.74.14,Mijen,2022-05-16,DBD,0,78900,71.4,25.5,87.4
33.74.14,Mijen,2022-05-23,DBD,1,78900,19.8,25.4,83.1
33.74.14,Mijen,2022-05-30,DBD,0,78900,50.4,25.5,83.6
33.74.14,Mijen,2022-06-06,DBD,1,78900,57.8,25.2,86.0
33.74.14,Mijen,2022-06-13,DBD,0,78900,86.1,24.7,88.0
33.74.14,Mijen,2022-06-20,DBD,1,78900,49.6,25.3,81.6
33.74.14,Mijen,2022-06-27,DBD,4,78900,53.5,25.5,77.0
33.74.14,Mijen,2022-07-04,DBD,0,78900,25.6,25.2,79.6
33.74.14,Mijen,2022-07-11,DBD,3,78900,67.8,25.2,84.3
33.74.14,Mijen,2022-07-18,DBD,1,78900,11.8,25.5,79.1
33.74.14,Mijen,2022-07-25,DBD,1,78900,0.0,25.4,73.7
33.74.14,Mijen,2022-08-01,DBD,1,78900,17.0,26.0,74.4
33.74.14,Mijen,2022-08-08,DBD,1,78900,64.2,26.1,76.0
33.74.14,Mijen,2022-08-15,DBD,1,78900,22.3,25.8,76.6
33.74.14,Mijen,2022-08-22,DBD,1,78900,8.5,25.8,72.1
33.74.14,Mijen,2022-08-29,DBD,0,78900,18.7,26.3,72.9
33.74.14,Mijen,2022-09-05,DBD,0,78900,67.4,25.3,84.4
33.74.14,Mijen,2022-09-12,DBD,0,78900,14.5,26.3,75.3
33.74.14,Mijen,2022-09-19,DBD,1,78900,34.6,26.2,75.4
33.74.14,Mijen,2022-09-26,DBD,0,78900,66.3,26.1,76.0
33.74.14,Mijen,2022-10-03,DBD,0,78900,150.6,25.0,86.0
33.74.14,Mijen,2022-10-10,DBD,0,78900,86.1,25.3,83.9
33.74.14,Mijen,2022-10-17,DBD,0,78900,119.2,25.0,88.0
33.74.14,Mijen,2022-10-24,DBD,0,78900,61.6,25.0,80.7
33.74.14,Mijen,2022-10-31,DBD,0,78900,164.0,25.4,83.7
33.74.14,Mijen,2022-11-07,DBD,0,78900,136.1,24.9,88.9
33.74.14,Mijen,2022-11-14,DBD,0,78900,70.9,25.0,88.1
33.74.14,Mijen,2022-11-21,DBD,0,78900,130.0,24.9,87.3
33.74.14,Mijen,2022-11-28,DBD,1,78900,91.0,25.0,84.7
33.74.14,Mijen,2022-12-05,DBD,1,78900,72.6,25.6,83.0
33.74.14,Mijen,2022-12-12,DBD,0,78900,85.2,25.4,83.4
33.74.14,Mijen,2022-12-19,DBD,1,78900,108.6,24.6,87.9
33.74.14,Mijen,2022-12-26,DBD,2,78900,104.1,23.5,93.0
33.74.15,Ngaliyan,2022-01-03,DBD,1,145800,62.9,26.0,84.4
33.74.15,Ngaliyan,2022-01-10,DBD,2,145800,54.8,25.2,87.3
33.74.15,Ngaliyan,2022-01-17,DBD,1,145800,104.1,25.3,87.7
33.74.15,Ngaliyan,2022-01-24,DBD,0,145800,35.5,25.9,85.7
33.74.15,Ngaliyan,2022-01-31,DBD,4,145800,88.2,25.7,86.1
33.74.15,Ngaliyan,2022-02-07,DBD,5,145800,86.1,25.6,85.6
33.74.15,Ngaliyan,2022-02-14,DBD,2,145800,69.8,25.6,86.4
33.74.15,Ngaliyan,2022-02-21,DBD,1,145800,80.2,25.9,84.9
33.74.15,Ngaliyan,2022-02-28,DBD,1,145800,97.8,25.9,87.0
33.74.15,Ngaliyan,2022-03-07,DBD,4,145800,137.2,25.5,90.0
33.74.15,Ngaliyan,2022-03-14,DBD,2,145800,85.7,26.0,88.1
33.74.15,Ngaliyan,2022-03-21,DBD,1,145800,53.7,26.4,84.7
33.74.15,Ngaliyan,2022-03-28,DBD,0,145800,38.2,26.5,84.3
33.74.15,Ngaliyan,2022-04-04,DBD,2,145800,73.0,26.1,85.0
33.74.15,Ngaliyan,2022-04-11,DBD,2,145800,18.1,27.1,78.9
33.74.15,Ngaliyan,2022-04-18,DBD,2,145800,37.3,26.4,84.6
33.74.15,Ngaliyan,2022-04-25,DBD,3,145800,44.8,26.4,85.9
33.74.15,Ngaliyan,2022-05-02,DBD,1,145800,27.1,27.2,80.9
33.74.15,Ngaliyan,2022-05-09,DBD,3,145800,54.2,26.6,87.4
33.74.15,Ngaliyan,2022-05-16,DBD,3,145800,63.2,26.3,85.9
33.74.15,Ngaliyan,2022-05-23,DBD,3,145800,30.8,26.4,80.7
33.74.15,Ngaliyan,2022-05-30,DBD,2,145800,32.6,26.5,83.7
33.74.15,Ngaliyan,2022-06-06,DBD,4,145800,51.4,26.2,83.9
33.74.15,Ngaliyan,2022-06-13,DBD,0,145800,52.1,25.7,86.0
33.74.15,Ngaliyan,2022-06-20,DBD,1,145800,24.6,26.3,79.9
33.74.15,Ngaliyan,2022-06-27,DBD,0,145800,21.4,26.6,73.4
33.74.15,Ngaliyan,2022-07-04,DBD,2,145800,19.4,26.5,76.1
33.74.15,Ngaliyan,2022-07-11,DBD,4,145800,42.3,26.2,80.4
33.74.15,Ngaliyan,2022-07-18,DBD,1,145800,8.2,26.7,76.6
33.74.15,Ngaliyan,2022-07-25,DBD,3,145800,0.0,26.7,69.4
33.74.15,Ngaliyan,2022-08-01,DBD,0,145800,7.7,27.0,73.7
33.74.15,Ngaliyan,2022-08-08,DBD,5,145800,27.3,27.4,72.9
33.74.15,Ngaliyan,2022-08-15,DBD,0,145800,5.4,27.1,71.7
33.74.15,Ngaliyan,2022-08-22,DBD,0,145800,6.7,27.4,67.0
33.74.15,Ngaliyan,2022-08-29,DBD,2,145800,9.0,27.7,68.6
33.74.15,Ngaliyan,2022-09-05,DBD,0,145800,47.9,26.4,81.0
33.74.15,Ngaliyan,2022-09-12,DBD,1,145800,3.6,27.4,73.7
33.74.15,Ngaliyan,2022-09-19,DBD,1,145800,15.7,27.5,72.6
33.74.15,Ngaliyan,2022-09-26,DBD,2,145800,33.3,27.7,70.6
33.74.15,Ngaliyan,2022-10-03,DBD,1,145800,90.1,25.7,86.6
33.74.15,Ngaliyan,2022-10-10,DBD,1,145800,89.4,26.0,85.4
33.74.15,Ngaliyan,2022-10-17,DBD,1,145800,58.3,26.0,86.7
33.74.15,Ngaliyan,2022-10-24,DBD,2,145800,83.3,25.8,82.4
33.74.15,Ngaliyan,2022-10-31,DBD,0,145800,124.9,26.3,83.6
33.74.15,Ngaliyan,2022-11-07,DBD,1,145800,85.6,25.7,87.6
33.74.15,Ngaliyan,2022-11-14,DBD,0,145800,54.9,26.0,86.0
33.74.15,Ngaliyan,2022-11-21,DBD,1,145800,104.4,25.7,87.3
33.74.15,Ngaliyan,2022-11-28,DBD,4,145800,55.1,25.8,86.1
33.74.15,Ngaliyan,2022-12-05,DBD,0,145800,41.3,26.4,83.6
33.74.15,Ngaliyan,2022-12-12,DBD,2,145800,51.9,26.3,85.1
33.74.15,Ngaliyan,2022-12-19,DBD,3,145800,100.8,25.7,86.1
33.74.15,Ngaliyan,2022-12-26,DBD,3,145800,96.4,24.7,87.6
33.74.16,Tugu,2022-01-03,DBD,0,32100,62.9,26.7,84.4
33.74.16,Tugu,2022-01-10,DBD,1,32100,54.8,25.9,87.3
33.74.16,Tugu,2022-01-17,DBD,0,32100,104.1,25.9,87.7
33.74.16,Tugu,2022-01-24,DBD,2,32100,35.5,26.6,86.0
33.74.16,Tugu,2022-01-31,DBD,1,32100,88.2,26.4,86.1
33.74.16,Tugu,2022-02-07,DBD,2,32100,86.1,26.3,85.7
33.74.16,Tugu,2022-02-14,DBD,0,32100,69.8,26.3,86.4
33.74.16,Tugu,2022-02-21,DBD,0,32100,80.2,26.6,84.9
33.74.16,Tugu,2022-02-28,DBD,1,32100,97.8,26.6,87.0
33.74.16,Tugu,2022-03-07,DBD,2,32100,137.2,26.2,90.0
33.74.16,Tugu,2022-03-14,DBD,1,32100,85.7,26.7,88.3
33.74.16,Tugu,2022-03-21,DBD,1,32100,53.7,27.1,84.7
33.74.16,Tugu,2022-03-28,DBD,2,32100,38.2,27.2,84.3
33.74.16,Tugu,2022-04-04,DBD,0,32100,73.0,26.8,85.0
33.74.16,Tugu,2022-04-11,DBD,0,32100,18.1,27.8,78.9
33.74.16,Tugu,2022-04-18,DBD,1,32100,37.3,27.1,84.6
33.74.16,Tugu,2022-04-25,DBD,0,32100,44.8,27.1,86.0
33.74.16,Tugu,2022-05-02,DBD,1,32100,27.1,27.9,80.9
33.74.16,Tugu,2022-05-09,DBD,2,32100,54.2,27.3,87.4
33.74.16,Tugu,2022-05-16,DBD,0,32100,63.2,27.0,86.0
33.74.16,Tugu,2022-05-23,DBD,0,32100,30.8,27.1,80.9
33.74.16,Tugu,2022-05-30,DBD,1,32100,32.6,27.2,83.9
33.74.16,Tugu,2022-06-06,DBD,0,32100,51.4,26.9,84.0
33.74.16,Tugu,2022-06-13,DBD,1,32100,52.1,26.4,86.0
33.74.16,Tugu,2022-06-20,DBD,0,32100,24.6,27.0,79.9
33.74.16,Tugu,2022-06-27,DBD,0,32100,21.4,27.3,73.4
33.74.16,Tugu,2022-07-04,DBD,0,32100,19.4,27.2,76.1
33.74.16,Tugu,2022-07-11,DBD,1,32100,42.3,26.9,80.4
33.74.16,Tugu,2022-07-18,DBD,0,32100,8.2,27.4,76.7
33.74.16,Tugu,2022-07-25,DBD,0,32100,0.0,27.4,69.6
33.74.16,Tugu,2022-08-01,DBD,0,32100,7.7,27.7,73.9
33.74.16,Tugu,2022-08-08,DBD,1,32100,27.3,28.0,73.1
33.74.16,Tugu,2022-08-15,DBD,1,32100,5.4,27.8,72.0
33.74.16,Tugu,2022-08-22,DBD,0,32100,6.7,28.1,67.4
33.74.16,Tugu,2022-08-29,DBD,0,32100,9.0,28.4,68.6
33.74.16,Tugu,2022-09-05,DBD,0,32100,47.9,27.1,81.1
33.74.16,Tugu,2022-09-12,DBD,0,32100,3.6,28.1,73.9
33.74.16,Tugu,2022-09-19,DBD,0,32100,15.7,28.2,72.7
33.74.16,Tugu,2022-09-26,DBD,0,32100,33.3,28.4,70.6
33.74.16,Tugu,2022-10-03,DBD,0,32100,90.1,26.4,86.6
33.74.16,Tugu,2022-10-10,DBD,0,32100,89.4,26.7,85.4
33.74.16,Tugu,2022-10-17,DBD,0,32100,58.3,26.7,86.7
33.74.16,Tugu,2022-10-24,DBD,0,32100,83.3,26.5,82.4
33.74.16,Tugu,2022-10-31,DBD,2,32100,124.9,27.0,83.6
33.74.16,Tugu,2022-11-07,DBD,0,32100,85.6,26.4,87.7
33.74.16,Tugu,2022-11-14,DBD,1,32100,54.9,26.7,86.1
33.74.16,Tugu,2022-11-21,DBD,0,32100,104.4,26.4,87.3
33.74.16,Tugu,2022-11-28,DBD,1,32100,55.1,26.5,86.1
33.74.16,Tugu,2022-12-05,DBD,1,32100,41.3,27.1,83.6
33.74.16,Tugu,2022-12-12,DBD,0,32100,51.9,27.0,85.1
33.74.16,Tugu,2022-12-19,DBD,1,32100,100.8,26.4,86.1
33.74.16,Tugu,2022-12-26,DBD,0,32100,96.4,25.4,87.6
33.74.01,Semarang Tengah,2023-01-02,DBD,0,62540,53.8,25.8,85.6
33.74.01,Semarang Tengah,2023-01-09,DBD,0,62540,24.5,26.2,85.4
33.74.01,Semarang Tengah,2023-01-16,DBD,0,62540,40.9,26.0,85.4
33.74.01,Semarang Tengah,2023-01-23,DBD,0,62540,74.8,25.7,86.7
33.74.01,Semarang Tengah,2023-01-30,DBD,0,62540,44.1,26.1,84.7
33.74.01,Semarang Tengah,2023-02-06,DBD,0,62540,45.0,25.9,84.7
33.74.01,Semarang Tengah,2023-02-13,DBD,0,62540,128.5,25.6,88.3
33.74.01,Semarang Tengah,2023-02-20,DBD,1,62540,54.4,25.8,84.3
33.74.01,Semarang Tengah,2023-02-27,DBD,0,62540,201.3,25.2,87.6
33.74.01,Semarang Tengah,2023-03-06,DBD,0,62540,22.3,26.2,85.6
33.74.01,Semarang Tengah,2023-03-13,DBD,0,62540,34.5,26.3,84.0
33.74.01,Semarang Tengah,2023-03-20,DBD,0,62540,48.4,26.8,83.9
33.74.01,Semarang Tengah,2023-03-27,DBD,0,62540,56.9,26.1,85.4
33.74.01,Semarang Tengah,2023-04-03,DBD,0,62540,18.6,26.4,82.4
33.74.01,Semarang Tengah,2023-04-10,DBD,0,62540,69.5,26.2,87.0
33.74.01,Semarang Tengah,2023-04-17,DBD,1,62540,35.4,27.3,80.7
33.74.01,Semarang Tengah,2023-04-24,DBD,0,62540,28.6,27.3,81.9
33.74.01,Semarang Tengah,2023-05-01,DBD,0,62540,44.1,27.2,83.7
33.74.01,Semarang Tengah,2023-05-08,DBD,1,62540,20.2,27.6,78.9
33.74.01,Semarang Tengah,2023-05-15,DBD,0,62540,0.9,27.4,70.6
33.74.01,Semarang Tengah,2023-05-22,DBD,0,62540,0.9,28.0,68.0
33.74.01,Semarang Tengah,2023-05-29,DBD,0,62540,0.9,28.7,66.3
33.74.01,Semarang Tengah,2023-06-05,DBD,0,62540,24.8,28.0,72.4
33.74.01,Semarang Tengah,2023-06-12,DBD,0,62540,11.9,28.1,72.1
33.74.01,Semarang Tengah,2023-06-19,DBD,1,62540,6.6,27.9,70.9
33.74.01,Semarang Tengah,2023-06-26,DBD,0,62540,5.5,28.3,66.4
33.74.01,Semarang Tengah,2023-07-03,DBD,0,62540,11.8,27.8,72.0
33.74.01,Semarang Tengah,2023-07-10,DBD,0,62540,3.8,28.2,65.4
33.74.01,Semarang Tengah,2023-07-17,DBD,0,62540,0.3,28.4,56.0
33.74.01,Semarang Tengah,2023-07-24,DBD,0,62540,0.4,28.0,60.1
33.74.01,Semarang Tengah,2023-07-31,DBD,0,62540,0.3,28.7,60.4
33.74.01,Semarang Tengah,2023-08-07,DBD,0,62540,0.6,27.7,63.0
33.74.01,Semarang Tengah,2023-08-14,DBD,1,62540,0.5,28.3,58.9
33.74.01,Semarang Tengah,2023-08-21,DBD,0,62540,0.4,28.6,59.7
33.74.01,Semarang Tengah,2023-08-28,DBD,0,62540,0.3,27.9,59.1
33.74.01,Semarang Tengah,2023-09-04,DBD,0,62540,0.0,28.2,56.1
33.74.01,Semarang Tengah,2023-09-11,DBD,0,62540,10.4,29.2,58.7
33.74.01,Semarang Tengah,2023-09-18,DBD,0,62540,1.2,28.7,57.7
33.74.01,Semarang Tengah,2023-09-25,DBD,0,62540,2.1,29.4,56.4
33.74.01,Semarang Tengah,2023-10-02,DBD,0,62540,2.9,29.6,60.4
33.74.01,Semarang Tengah,2023-10-09,DBD,0,62540,5.2,29.7,62.4
33.74.01,Semarang Tengah,2023-10-16,DBD,0,62540,2.2,30.1,61.1
33.74.01,Semarang Tengah,2023-10-23,DBD,0,62540,14.1,29.3,66.4
33.74.01,Semarang Tengah,2023-10-30,DBD,0,62540,26.1,28.7,74.3
33.74.01,Semarang Tengah,2023-11-06,DBD,0,62540,18.7,28.4,75.3
33.74.01,Semarang Tengah,2023-11-13,DBD,0,62540,15.8,28.5,77.4
33.74.01,Semarang Tengah,2023-11-20,DBD,0,62540,34.0,28.3,77.9
33.74.01,Semarang Tengah,2023-11-27,DBD,0,62540,42.2,27.1,83.1
33.74.01,Semarang Tengah,2023-12-04,DBD,0,62540,32.9,27.0,86.4
33.74.01,Semarang Tengah,2023-12-11,DBD,0,62540,3.2,28.3,72.6
33.74.01,Semarang Tengah,2023-12-18,DBD,0,62540,10.5,29.1,64.7
33.74.01,Semarang Tengah,2023-12-25,DBD,0,62540,39.5,27.7,82.4
33.74.02,Semarang Utara,2023-01-02,DBD,0,128450,53.8,26.0,85.6
33.74.02,Semarang Utara,2023-01-09,DBD,2,128450,24.5,26.4,85.4
33.74.02,Semarang Utara,2023-01-16,DBD,1,128450,40.9,26.2,85.4
33.74.02,Semarang Utara,2023-01-23,DBD,2,128450,74.8,26.0,86.9
33.74.02,Semarang Utara,2023-01-30,DBD,0,128450,44.1,26.3,84.9
33.74.02,Semarang Utara,2023-02-06,DBD,1,128450,45.0,26.2,84.7
33.74.02,Semarang Utara,2023-02-13,DBD,2,128450,128.5,25.8,88.3
33.74.02,Semarang Utara,2023-02-20,DBD,1,128450,54.4,26.1,84.3
33.74.02,Semarang Utara,2023-02-27,DBD,1,128450,201.3,25.4,87.6
33.74.02,Semarang Utara,2023-03-06,DBD,1,128450,22.3,26.4,85.6
33.74.02,Semarang Utara,2023-03-13,DBD,3,128450,34.5,26.5,84.0
33.74.02,Semarang Utara,2023-03-20,DBD,0,128450,48.4,27.0,83.9
33.74.02,Semarang Utara,2023-03-27,DBD,1,128450,56.9,26.3,85.4
33.74.02,Semarang Utara,2023-04-03,DBD,0,128450,18.6,26.7,82.4
33.74.02,Semarang Utara,2023-04-10,DBD,7,128450,69.5,26.5,87.0
33.74.02,Semarang Utara,2023-04-17,DBD,3,128450,35.4,27.5,80.7
33.74.02,Semarang Utara,2023-04-24,DBD,1,128450,28.6,27.5,82.0
33.74.02,Semarang Utara,2023-05-01,DBD,1,128450,44.1,27.4,83.7
33.74.02,Semarang Utara,2023-05-08,DBD,1,128450,20.2,27.8,78.9
33.74.02,Semarang Utara,2023-05-15,DBD,0,128450,0.9,27.6,70.6
33.74.02,Semarang Utara,2023-05-22,DBD,0,128450,0.9,28.3,68.0
33.74.02,Semarang Utara,2023-05-29,DBD,1,128450,0.9,28.9,66.3
33.74.02,Semarang Utara,2023-06-05,DBD,0,128450,24.8,28.3,72.4
33.74.02,Semarang Utara,2023-06-12,DBD,1,128450,11.9,28.3,72.1
33.74.02,Semarang Utara,2023-06-19,DBD,0,128450,6.6,28.1,70.9
33.74.02,Semarang Utara,2023-06-26,DBD,1,128450,5.5,28.5,66.6
33.74.02,Semarang Utara,2023-07-03,DBD,0,128450,11.8,28.1,72.0
33.74.02,Semarang Utara,2023-07-10,DBD,0,128450,3.8,28.4,65.4
33.74.02,Semarang Utara,2023-07-17,DBD,0,128450,0.3,28.6,56.1
33.74.02,Semarang Utara,2023-07-24,DBD,0,128450,0.4,28.2,60.1
33.74.02,Semarang Utara,2023-07-31,DBD,0,128450,0.3,29.0,60.4
33.74.02,Semarang Utara,2023-08-07,DBD,0,128450,0.6,27.9,63.0
33.74.02,Semarang Utara,2023-08-14,DBD,1,128450,0.5,28.5,59.0
33.74.02,Semarang Utara,2023-08-21,DBD,0,128450,0.4,28.8,59.7
33.74.02,Semarang Utara,2023-08-28,DBD,0,128450,0.3,28.1,59.1
33.74.02,Semarang Utara,2023-09-04,DBD,0,128450,0.0,28.4,56.1
33.74.02,Semarang Utara,2023-09-11,DBD,0,128450,10.4,29.4,58.7
33.74.02,Semarang Utara,2023-09-18,DBD,0,128450,1.2,28.9,57.7
33.74.02,Semarang Utara,2023-09-25,DBD,0,128450,2.1,29.6,56.4
33.74.02,Semarang Utara,2023-10-02,DBD,0,128450,2.9,29.9,60.4
33.74.02,Semarang Utara,2023-10-09,DBD,0,128450,5.2,29.9,62.4
33.74.02,Semarang Utara,2023-10-16,DBD,0,128450,2.2,30.3,61.1
33.74.02,Semarang Utara,2023-10-23,DBD,0,128450,14.1,29.5,66.4
33.74.02,Semarang Utara,2023-10-30,DBD,1,128450,26.1,28.9,74.3
33.74.02,Semarang Utara,2023-11-06,DBD,0,128450,18.7,28.6,75.3
33.74.02,Semarang Utara,2023-11-13,DBD,0,128450,15.8,28.7,77.4
33.74.02,Semarang Utara,2023-11-20,DBD,0,128450,34.0,28.5,77.9
33.74.02,Semarang Utara,2023-11-27,DBD,0,128450,42.2,27.3,83.1
33.74.02,Semarang Utara,2023-12-04,DBD,0,128450,32.9,27.3,86.4
33.74.02,Semarang Utara,2023-12-11,DBD,0,128450,3.2,28.6,72.6
33.74.02,Semarang Utara,2023-12-18,DBD,0,128450,10.5,29.3,64.7
33.74.02,Semarang Utara,2023-12-25,DBD,0,128450,39.5,27.9,82.4
33.74.03,Semarang Timur,2023-01-02,DBD,2,72130,53.8,25.8,85.6
33.74.03,Semarang Timur,2023-01-09,DBD,0,72130,24.5,26.2,85.4
33.74.03,Semarang Timur,2023-01-16,DBD,4,72130,40.9,26.0,85.4
33.74.03,Semarang Timur,2023-01-23,DBD,0,72130,74.8,25.7,86.7
33.74.03,Semarang Timur,2023-01-30,DBD,2,72130,44.1,26.1,84.7
33.74.03,Semarang Timur,2023-02-06,DBD,1,72130,45.0,25.9,84.7
33.74.03,Semarang Timur,2023-02-13,DBD,2,72130,128.5,25.6,88.3
33.74.03,Semarang Timur,2023-02-20,DBD,2,72130,54.4,25.8,84.3
33.74.03,Semarang Timur,2023-02-27,DBD,1,72130,201.3,25.2,87.6
33.74.03,Semarang Timur,2023-03-06,DBD,1,72130,22.3,26.2,85.6
33.74.03,Semarang Timur,2023-03-13,DBD,0,72130,34.5,26.3,84.0
33.74.03,Semarang Timur,2023-03-20,DBD,0,72130,48.4,26.8,83.9
33.74.03,Semarang Timur,2023-03-27,DBD,1,72130,56.9,26.1,85.4
33.74.03,Semarang Timur,2023-04-03,DBD,0,72130,18.6,26.4,82.4
33.74.03,Semarang Timur,2023-04-10,DBD,3,72130,69.5,26.2,87.0
33.74.03,Semarang Timur,2023-04-17,DBD,1,72130,35.4,27.3,80.7
33.74.03,Semarang Timur,2023-04-24,DBD,3,72130,28.6,27.3,81.9
33.74.03,Semarang Timur,2023-05-01,DBD,1,72130,44.1,27.2,83.7
33.74.03,Semarang Timur,2023-05-08,DBD,2,72130,20.2,27.6,78.9
33.74.03,Semarang Timur,2023-05-15,DBD,0,72130,0.9,27.4,70.6
33.74.03,Semarang Timur,2023-05-22,DBD,1,72130,0.9,28.0,68.0
33.74.03,Semarang Timur,2023-05-29,DBD,1,72130,0.9,28.7,66.3
33.74.03,Semarang Timur,2023-06-05,DBD,0,72130,24.8,28.0,72.4
33.74.03,Semarang Timur,2023-06-12,DBD,0,72130,11.9,28.1,72.1
33.74.03,Semarang Timur,2023-06-19,DBD,0,72130,6.6,27.9,70.9
33.74.03,Semarang Timur,2023-06-26,DBD,0,72130,5.5,28.3,66.4
33.74.03,Semarang Timur,2023-07-03,DBD,0,72130,11.8,27.8,72.0
33.74.03,Semarang Timur,2023-07-10,DBD,0,72130,3.8,28.2,65.4
33.74.03,Semarang Timur,2023-07-17,DBD,0,72130,0.3,28.4,56.0
33.74.03,Semarang Timur,2023-07-24,DBD,0,72130,0.4,28.0,60.1
33.74.03,Semarang Timur,2023-07-31,DBD,0,72130,0.3,28.7,60.4
33.74.03,Semarang Timur,2023-08-07,DBD,0,72130,0.6,27.7,63.0
33.74.03,Semarang Timur,2023-08-14,DBD,0,72130,0.5,28.3,58.9
33.74.03,Semarang Timur,2023-08-21,DBD,0,72130,0.4,28.6,59.7
33.74.03,Semarang Timur,2023-08-28,DBD,1,72130,0.3,27.9,59.1
33.74.03,Semarang Timur,2023-09-04,DBD,0,72130,0.0,28.2,56.1
33.74.03,Semarang Timur,2023-09-11,DBD,1,72130,10.4,29.2,58.7
33.74.03,Semarang Timur,2023-09-18,DBD,0,72130,1.2,28.7,57.7
33.74.03,Semarang Timur,2023-09-25,DBD,0,72130,2.1,29.4,56.4
33.74.03,Semarang Timur,2023-10-02,DBD,0,72130,2.9,29.6,60.4
33.74.03,Semarang Timur,2023-10-09,DBD,0,72130,5.2,29.7,62.4
33.74.03,Semarang Timur,2023-10-16,DBD,0,72130,2.2,30.1,61.1
33.74.03,Semarang Timur,2023-10-23,DBD,0,72130,14.1,29.3,66.4
33.74.03,Semarang Timur,2023-10-30,DBD,0,72130,26.1,28.7,74.3
33.74.03,Semarang Timur,2023-11-06,DBD,0,72130,18.7,28.4,75.3
33.74.03,Semarang Timur,2023-11-13,DBD,0,72130,15.8,28.5,77.4
33.74.03,Semarang Timur,2023-11-20,DBD,0,72130,34.0,28.3,77.9
33.74.03,Semarang Timur,2023-11-27,DBD,0,72130,42.2,27.1,83.1
33.74.03,Semarang Timur,2023-12-04,DBD,0,72130,32.9,27.0,86.4
33.74.03,Semarang Timur,2023-12-11,DBD,0,72130,3.2,28.3,72.6
33.74.03,Semarang Timur,2023-12-18,DBD,0,72130,10.5,29.1,64.7
33.74.03,Semarang Timur,2023-12-25,DBD,1,72130,39.5,27.7,82.4
33.74.04,Semarang Selatan,2023-01-02,DBD,0,70890,53.8,25.8,85.6
33.74.04,Semarang Selatan,2023-01-09,DBD,0,70890,24.5,26.2,85.4
33.74.04,Semarang Selatan,2023-01-16,DBD,1,70890,40.9,26.0,85.4
33.74.04,Semarang Selatan,2023-01-23,DBD,0,70890,74.8,25.7,86.7
33.74.04,Semarang Selatan,2023-01-30,DBD,0,70890,44.1,26.1,84.7
33.74.04,Semarang Selatan,2023-02-06,DBD,3,70890,45.0,25.9,84.7
33.74.04,Semarang Selatan,2023-02-13,DBD,0,70890,128.5,25.6,88.3
33.74.04,Semarang Selatan,2023-02-20,DBD,0,70890,54.4,25.8,84.3
33.74.04,Semarang Selatan,2023-02-27,DBD,1,70890,201.3,25.2,87.6
33.74.04,Semarang Selatan,2023-03-06,DBD,0,70890,22.3,26.2,85.6
33.74.04,Semarang Selatan,2023-03-13,DBD,0,70890,34.5,26.3,84.0
33.74.04,Semarang Selatan,2023-03-20,DBD,0,70890,48.4,26.8,83.9
33.74.04,Semarang Selatan,2023-03-27,DBD,0,70890,56.9,26.1,85.4
33.74.04,Semarang Selatan,2023-04-03,DBD,0,70890,18.6,26.4,82.4
33.74.04,Semarang Selatan,2023-04-10,DBD,1,70890,69.5,26.2,87.0
33.74.04,Semarang Selatan,2023-04-17,DBD,0,70890,35.4,27.3,80.7
33.74.04,Semarang Selatan,2023-04-24,DBD,0,70890,28.6,27.3,81.9
33.74.04,Semarang Selatan,2023-05-01,DBD,2,70890,44.1,27.2,83.7
33.74.04,Semarang Selatan,2023-05-08,DBD,0,70890,20.2,27.6,78.9
33.74.04,Semarang Selatan,2023-05-15,DBD,0,70890,0.9,27.4,70.6
33.74.04,Semarang Selatan,2023-05-22,DBD,0,70890,0.9,28.0,68.0
33.74.04,Semarang Selatan,2023-05-29,DBD,0,70890,0.9,28.7,66.3
33.74.04,Semarang Selatan,2023-06-05,DBD,0,70890,24.8,28.0,72.4
33.74.04,Semarang Selatan,2023-06-12,DBD,0,70890,11.9,28.1,72.1
33.74.04,Semarang Selatan,2023-06-19,DBD,0,70890,6.6,27.9,70.9
33.74.04,Semarang Selatan,2023-06-26,DBD,1,70890,5.5,28.3,66.4
33.74.04,Semarang Selatan,2023-07-03,DBD,0,70890,11.8,27.8,72.0
33.74.04,Semarang Selatan,2023-07-10,DBD,0,70890,3.8,28.2,65.4
33.74.04,Semarang Selatan,2023-07-17,DBD,0,70890,0.3,28.4,56.0
33.74.04,Semarang Selatan,2023-07-24,DBD,0,70890,0.4,28.0,60.1
33.74.04,Semarang Selatan,2023-07-31,DBD,0,70890,0.3,28.7,60.4
33.74.04,Semarang Selatan,2023-08-07,DBD,0,70890,0.6,27.7,63.0
33.74.04,Semarang Selatan,2023-08-14,DBD,0,70890,0.5,28.3,58.9
33.74.04,Semarang Selatan,2023-08-21,DBD,0,70890,0.4,28.6,59.7
33.74.04,Semarang Selatan,2023-08-28,DBD,0,70890,0.3,27.9,59.1
33.74.04,Semarang Selatan,2023-09-04,DBD,0,70890,0.0,28.2,56.1
33.74.04,Semarang Selatan,2023-09-11,DBD,0,70890,10.4,29.2,58.7
33.74.04,Semarang Selatan,2023-09-18,DBD,0,70890,1.2,28.7,57.7
33.74.04,Semarang Selatan,2023-09-25,DBD,0,70890,2.1,29.4,56.4
33.74.04,Semarang Selatan,2023-10-02,DBD,0,70890,2.9,29.6,60.4
33.74.04,Semarang Selatan,2023-10-09,DBD,0,70890,5.2,29.7,62.4
33.74.04,Semarang Selatan,2023-10-16,DBD,0,70890,2.2,30.1,61.1
33.74.04,Semarang Selatan,2023-10-23,DBD,0,70890,14.1,29.3,66.4
33.74.04,Semarang Selatan,2023-10-30,DBD,0,70890,26.1,28.7,74.3
33.74.04,Semarang Selatan,2023-11-06,DBD,0,70890,18.7,28.4,75.3
33.74.04,Semarang Selatan,2023-11-13,DBD,0,70890,15.8,28.5,77.4
33.74.04,Semarang Selatan,2023-11-20,DBD,0,70890,34.0,28.3,77.9
33.74.04,Semarang Selatan,2023-11-27,DBD,0,70890,42.2,27.1,83.1
33.74.04,Semarang Selatan,2023-12-04,DBD,0,70890,32.9,27.0,86.4
33.74.04,Semarang Selatan,2023-12-11,DBD,0,70890,3.2,28.3,72.6
33.74.04,Semarang Selatan,2023-12-18,DBD,0,70890,10.5,29.1,64.7
33.74.04,Semarang Selatan,2023-12-25,DBD,0,70890,39.5,27.7,82.4
33.74.05,Semarang Barat,2023-01-02,DBD,1,158726,53.8,26.0,85.6
33.74.05,Semarang Barat,2023-01-09,DBD,0,158726,24.5,26.4,85.4
33.74.05,Semarang Barat,2023-01-16,DBD,1,158726,40.9,26.2,85.4
33.74.05,Semarang Barat,2023-01-23,DBD,1,158726,74.8,26.0,86.9
33.74.05,Semarang Barat,2023-01-30,DBD,2,158726,44.1,26.3,84.9
33.74.05,Semarang Barat,2023-02-06,DBD,2,158726,45.0,26.2,84.7
33.74.05,Semarang Barat,2023-02-13,DBD,1,158726,128.5,25.8,88.3
33.74.05,Semarang Barat,2023-02-20,DBD,0,158726,54.4,26.1,84.3
33.74.05,Semarang Barat,2023-02-27,DBD,0,158726,201.3,25.4,87.6
33.74.05,Semarang Barat,2023-03-06,DBD,0,158726,22.3,26.4,85.6
33.74.05,Semarang Barat,2023-03-13,DBD,0,158726,34.5,26.5,84.0
33.74.05,Semarang Barat,2023-03-20,DBD,0,158726,48.4,27.0,83.9
33.74.05,Semarang Barat,2023-03-27,DBD,2,158726,56.9,26.3,85.4
33.74.05,Semarang Barat,2023-04-03,DBD,0,158726,18.6,26.7,82.4
33.74.05,Semarang Barat,2023-04-10,DBD,3,158726,69.5,26.5,87.0
33.74.05,Semarang Barat,2023-04-17,DBD,1,158726,35.4,27.5,80.7
33.74.05,Semarang Barat,2023-04-24,DBD,0,158726,28.6,27.5,82.0
33.74.05,Semarang Barat,2023-05-01,DBD,0,158726,44.1,27.4,83.7
33.74.05,Semarang Barat,2023-05-08,DBD,4,158726,20.2,27.8,78.9
33.74.05,Semarang Barat,2023-05-15,DBD,1,158726,0.9,27.6,70.6
33.74.05,Semarang Barat,2023-05-22,DBD,2,158726,0.9,28.3,68.0
33.74.05,Semarang Barat,2023-05-29,DBD,1,158726,0.9,28.9,66.3
33.74.05,Semarang Barat,2023-06-05,DBD,0,158726,24.8,28.3,72.4
33.74.05,Semarang Barat,2023-06-12,DBD,1,158726,11.9,28.3,72.1
33.74.05,Semarang Barat,2023-06-19,DBD,0,158726,6.6,28.1,70.9
33.74.05,Semarang Barat,2023-06-26,DBD,1,158726,5.5,28.5,66.6
33.74.05,Semarang Barat,2023-07-03,DBD,0,158726,11.8,28.1,72.0
33.74.05,Semarang Barat,2023-07-10,DBD,0,158726,3.8,28.4,65.4
33.74.05,Semarang Barat,2023-07-17,DBD,0,158726,0.3,28.6,56.1
33.74.05,Semarang Barat,2023-07-24,DBD,0,158726,0.4,28.2,60.1
33.74.05,Semarang Barat,2023-07-31,DBD,0,158726,0.3,29.0,60.4
33.74.05,Semarang Barat,2023-08-07,DBD,0,158726,0.6,27.9,63.0
33.74.05,Semarang Barat,2023-08-14,DBD,0,158726,0.5,28.5,59.0
33.74.05,Semarang Barat,2023-08-21,DBD,0,158726,0.4,28.8,59.7
33.74.05,Semarang Barat,2023-08-28,DBD,0,158726,0.3,28.1,59.1
33.74.05,Semarang Barat,2023-09-04,DBD,0,158726,0.0,28.4,56.1
33.74.05,Semarang Barat,2023-09-11,DBD,1,158726,10.4,29.4,58.7
33.74.05,Semarang Barat,2023-09-18,DBD,1,158726,1.2,28.9,57.7
33.74.05,Semarang Barat,2023-09-25,DBD,1,158726,2.1,29.6,56.4
33.74.05,Semarang Barat,2023-10-02,DBD,0,158726,2.9,29.9,60.4
33.74.05,Semarang Barat,2023-10-09,DBD,0,158726,5.2,29.9,62.4
33.74.05,Semarang Barat,2023-10-16,DBD,0,158726,2.2,30.3,61.1
33.74.05,Semarang Barat,2023-10-23,DBD,0,158726,14.1,29.5,66.4
33.74.05,Semarang Barat,2023-10-30,DBD,0,158726,26.1,28.9,74.3
33.74.05,Semarang Barat,2023-11-06,DBD,0,158726,18.7,28.6,75.3
33.74.05,Semarang Barat,2023-11-13,DBD,0,158726,15.8,28.7,77.4
33.74.05,Semarang Barat,2023-11-20,DBD,0,158726,34.0,28.5,77.9
33.74.05,Semarang Barat,2023-11-27,DBD,0,158726,42.2,27.3,83.1
33.74.05,Semarang Barat,2023-12-04,DBD,0,158726,32.9,27.3,86.4
33.74.05,Semarang Barat,2023-12-11,DBD,0,158726,3.2,28.6,72.6
33.74.05,Semarang Barat,2023-12-18,DBD,0,158726,10.5,29.3,64.7
33.74.05,Semarang Barat,2023-12-25,DBD,0,158726,39.5,27.9,82.4
33.74.06,Gayamsari,2023-01-02,DBD,1,68900,53.8,25.8,85.6
33.74.06,Gayamsari,2023-01-09,DBD,0,68900,24.5,26.2,85.4
33.74.06,Gayamsari,2023-01-16,DBD,2,68900,40.9,26.0,85.4
33.74.06,Gayamsari,2023-01-23,DBD,1,68900,74.8,25.7,86.7
33.74.06,Gayamsari,2023-01-30,DBD,0,68900,44.1,26.1,84.7
33.74.06,Gayamsari,2023-02-06,DBD,2,68900,45.0,25.9,84.7
33.74.06,Gayamsari,2023-02-13,DBD,0,68900,128.5,25.6,88.3
33.74.06,Gayamsari,2023-02-20,DBD,2,68900,54.4,25.8,84.3
33.74.06,Gayamsari,2023-02-27,DBD,0,68900,201.3,25.2,87.6
33.74.06,Gayamsari,2023-03-06,DBD,0,68900,22.3,26.2,85.6
33.74.06,Gayamsari,2023-03-13,DBD,1,68900,34.5,26.3,84.0
33.74.06,Gayamsari,2023-03-20,DBD,2,68900,48.4,26.8,83.9
33.74.06,Gayamsari,2023-03-27,DBD,1,68900,56.9,26.1,85.4
33.74.06,Gayamsari,2023-04-03,DBD,1,68900,18.6,26.4,82.4
33.74.06,Gayamsari,2023-04-10,DBD,0,68900,69.5,26.2,87.0
33.74.06,Gayamsari,2023-04-17,DBD,1,68900,35.4,27.3,80.7
33.74.06,Gayamsari,2023-04-24,DBD,0,68900,28.6,27.3,81.9
33.74.06,Gayamsari,2023-05-01,DBD,1,68900,44.1,27.2,83.7
33.74.06,Gayamsari,2023-05-08,DBD,1,68900,20.2,27.6,78.9
33.74.06,Gayamsari,2023-05-15,DBD,0,68900,0.9,27.4,70.6
33.74.06,Gayamsari,2023-05-22,DBD,0,68900,0.9,28.0,68.0
33.74.06,Gayamsari,2023-05-29,DBD,0,68900,0.9,28.7,66.3
33.74.06,Gayamsari,2023-06-05,DBD,1,68900,24.8,28.0,72.4
33.74.06,Gayamsari,2023-06-12,DBD,0,68900,11.9,28.1,72.1
33.74.06,Gayamsari,2023-06-19,DBD,0,68900,6.6,27.9,70.9
33.74.06,Gayamsari,2023-06-26,DBD,0,68900,5.5,28.3,66.4
33.74.06,Gayamsari,2023-07-03,DBD,1,68900,11.8,27.8,72.0
33.74.06,Gayamsari,2023-07-10,DBD,0,68900,3.8,28.2,65.4
33.74.06,Gayamsari,2023-07-17,DBD,0,68900,0.3,28.4,56.0
33.74.06,Gayamsari,2023-07-24,DBD,0,68900,0.4,28.0,60.1
33.74.06,Gayamsari,2023-07-31,DBD,0,68900,0.3,28.7,60.4
33.74.06,Gayamsari,2023-08-07,DBD,0,68900,0.6,27.7,63.0
33.74.06,Gayamsari,2023-08-14,DBD,0,68900,0.5,28.3,58.9
33.74.06,Gayamsari,2023-08-21,DBD,0,68900,0.4,28.6,59.7
33.74.06,Gayamsari,2023-08-28,DBD,0,68900,0.3,27.9,59.1
33.74.06,Gayamsari,2023-09-04,DBD,0,68900,0.0,28.2,56.1
33.74.06,Gayamsari,2023-09-11,DBD,0,68900,10.4,29.2,58.7
33.74.06,Gayamsari,2023-09-18,DBD,0,68900,1.2,28.7,57.7
33.74.06,Gayamsari,2023-09-25,DBD,0,68900,2.1,29.4,56.4
33.74.06,Gayamsari,2023-10-02,DBD,0,68900,2.9,29.6,60.4
33.74.06,Gayamsari,2023-10-09,DBD,0,68900,5.2,29.7,62.4
33.74.06,Gayamsari,2023-10-16,DBD,0,68900,2.2,30.1,61.1
33.74.06,Gayamsari,2023-10-23,DBD,0,68900,14.1,29.3,66.4
33.74.06,Gayamsari,2023-10-30,DBD,0,68900,26.1,28.7,74.3
33.74.06,Gayamsari,2023-11-06,DBD,0,68900,18.7,28.4,75.3
33.74.06,Gayamsari,2023-11-13,DBD,0,68900,15.8,28.5,77.4
33.74.06,Gayamsari,2023-11-20,DBD,2,68900,34.0,28.3,77.9
33.74.06,Gayamsari,2023-11-27,DBD,0,68900,42.2,27.1,83.1
33.74.06,Gayamsari,2023-12-04,DBD,0,68900,32.9,27.0,86.4
33.74.06,Gayamsari,2023-12-11,DBD,0,68900,3.2,28.3,72.6
33.74.06,Gayamsari,2023-12-18,DBD,0,68900,10.5,29.1,64.7
33.74.06,Gayamsari,2023-12-25,DBD,0,68900,39.5,27.7,82.4
33.74.07,Candisari,2023-01-02,DBD,0,78420,53.8,25.8,85.6
33.74.07,Candisari,2023-01-09,DBD,1,78420,24.5,26.2,85.4
33.74.07,Candisari,2023-01-16,DBD,1,78420,40.9,26.0,85.4
33.74.07,Candisari,2023-01-23,DBD,0,78420,74.8,25.7,86.7
33.74.07,Candisari,2023-01-30,DBD,0,78420,44.1,26.1,84.7
33.74.07,Candisari,2023-02-06,DBD,0,78420,45.0,25.9,84.7
33.74.07,Candisari,2023-02-13,DBD,0,78420,128.5,25.6,88.3
33.74.07,Candisari,2023-02-20,DBD,1,78420,54.4,25.8,84.3
33.74.07,Candisari,2023-02-27,DBD,0,78420,201.3,25.2,87.6
33.74.07,Candisari,2023-03-06,DBD,0,78420,22.3,26.2,85.6
33.74.07,Candisari,2023-03-13,DBD,0,78420,34.5,26.3,84.0
33.74.07,Candisari,2023-03-20,DBD,2,78420,48.4,26.8,83.9
33.74.07,Candisari,2023-03-27,DBD,1,78420,56.9,26.1,85.4
33.74.07,Candisari,2023-04-03,DBD,0,78420,18.6,26.4,82.4
33.74.07,Candisari,2023-04-10,DBD,3,78420,69.5,26.2,87.0
33.74.07,Candisari,2023-04-17,DBD,0,78420,35.4,27.3,80.7
33.74.07,Candisari,2023-04-24,DBD,0,78420,28.6,27.3,81.9
33.74.07,Candisari,2023-05-01,DBD,1,78420,44.1,27.2,83.7
33.74.07,Candisari,2023-05-08,DBD,1,78420,20.2,27.6,78.9
33.74.07,Candisari,2023-05-15,DBD,0,78420,0.9,27.4,70.6
33.74.07,Candisari,2023-05-22,DBD,0,78420,0.9,28.0,68.0
33.74.07,Candisari,2023-05-29,DBD,0,78420,0.9,28.7,66.3
33.74.07,Candisari,2023-06-05,DBD,1,78420,24.8,28.0,72.4
33.74.07,Candisari,2023-06-12,DBD,0,78420,11.9,28.1,72.1
33.74.07,Candisari,2023-06-19,DBD,0,78420,6.6,27.9,70.9
33.74.07,Candisari,2023-06-26,DBD,0,78420,5.5,28.3,66.4
33.74.07,Candisari,2023-07-03,DBD,0,78420,11.8,27.8,72.0
33.74.07,Candisari,2023-07-10,DBD,0,78420,3.8,28.2,65.4
33.74.07,Candisari,2023-07-17,DBD,0,78420,0.3,28.4,56.0
33.74.07,Candisari,2023-07-24,DBD,0,78420,0.4,28.0,60.1
33.74.07,Candisari,2023-07-31,DBD,0,78420,0.3,28.7,60.4
33.74.07,Candisari,2023-08-07,DBD,0,78420,0.6,27.7,63.0
33.74.07,Candisari,2023-08-14,DBD,0,78420,0.5,28.3,58.9
33.74.07,Candisari,2023-08-21,DBD,0,78420,0.4,28.6,59.7
33.74.07,Candisari,2023-08-28,DBD,0,78420,0.3,27.9,59.1
33.74.07,Candisari,2023-09-04,DBD,0,78420,0.0,28.2,56.1
33.74.07,Candisari,2023-09-11,DBD,0,78420,10.4,29.2,58.7
33.74.07,Candisari,2023-09-18,DBD,0,78420,1.2,28.7,57.7
33.74.07,Candisari,2023-09-25,DBD,0,78420,2.1,29.4,56.4
33.74.07,Candisari,2023-10-02,DBD,0,78420,2.9,29.6,60.4
33.74.07,Candisari,2023-10-09,DBD,0,78420,5.2,29.7,62.4
33.74.07,Candisari,2023-10-16,DBD,0,78420,2.2,30.1,61.1
33.74.07,Candisari,2023-10-23,DBD,0,78420,14.1,29.3,66.4
33.74.07,Candisari,2023-10-30,DBD,0,78420,26.1,28.7,74.3
33.74.07,Candisari,2023-11-06,DBD,0,78420,18.7,28.4,75.3
33.74.07,Candisari,2023-11-13,DBD,0,78420,15.8,28.5,77.4
33.74.07,Candisari,2023-11-20,DBD,0,78420,34.0,28.3,77.9
33.74.07,Candisari,2023-11-27,DBD,1,78420,42.2,27.1,83.1
33.74.07,Candisari,2023-12-04,DBD,0,78420,32.9,27.0,86.4
33.74.07,Candisari,2023-12-11,DBD,0,78420,3.2,28.3,72.6
33.74.07,Candisari,2023-12-18,DBD,0,78420,10.5,29.1,64.7
33.74.07,Candisari,2023-12-25,DBD,0,78420,39.5,27.7,82.4
33.74.08,Gajahmungkur,2023-01-02,DBD,0,58310,53.8,25.8,85.6
33.74.08,Gajahmungkur,2023-01-09,DBD,0,58310,24.5,26.2,85.4
33.74.08,Gajahmungkur,2023-01-16,DBD,0,58310,40.9,26.0,85.4
33.74.08,Gajahmungkur,2023-01-23,DBD,0,58310,74.8,25.7,86.7
33.74.08,Gajahmungkur,2023-01-30,DBD,0,58310,44.1,26.1,84.7
33.74.08,Gajahmungkur,2023-02-06,DBD,2,58310,45.0,25.9,84.7
33.74.08,Gajahmungkur,2023-02-13,DBD,1,58310,128.5,25.6,88.3
33.74.08,Gajahmungkur,2023-02-20,DBD,0,58310,54.4,25.8,84.3
33.74.08,Gajahmungkur,2023-02-27,DBD,0,58310,201.3,25.2,87.6
33.74.08,Gajahmungkur,2023-03-06,DBD,0,58310,22.3,26.2,85.6
33.74.08,Gajahmungkur,2023-03-13,DBD,0,58310,34.5,26.3,84.0
33.74.08,Gajahmungkur,2023-03-20,DBD,0,58310,48.4,26.8,83.9
33.74.08,Gajahmungkur,2023-03-27,DBD,0,58310,56.9,26.1,85.4
33.74.08,Gajahmungkur,2023-04-03,DBD,0,58310,18.6,26.4,82.4
33.74.08,Gajahmungkur,2023-04-10,DBD,0,58310,69.5,26.2,87.0
33.74.08,Gajahmungkur,2023-04-17,DBD,0,58310,35.4,27.3,80.7
33.74.08,Gajahmungkur,2023-04-24,DBD,0,58310,28.6,27.3,81.9
33.74.08,Gajahmungkur,2023-05-01,DBD,0,58310,44.1,27.2,83.7
33.74.08,Gajahmungkur,2023-05-08,DBD,0,58310,20.2,27.6,78.9
33.74.08,Gajahmungkur,2023-05-15,DBD,0,58310,0.9,27.4,70.6
33.74.08,Gajahmungkur,2023-05-22,DBD,0,58310,0.9,28.0,68.0
33.74.08,Gajahmungkur,2023-05-29,DBD,0,58310,0.9,28.7,66.3
33.74.08,Gajahmungkur,2023-06-05,DBD,1,58310,24.8,28.0,72.4
33.74.08,Gajahmungkur,2023-06-12,DBD,0,58310,11.9,28.1,72.1
33.74.08,Gajahmungkur,2023-06-19,DBD,0,58310,6.6,27.9,70.9
33.74.08,Gajahmungkur,2023-06-26,DBD,0,58310,5.5,28.3,66.4
33.74.08,Gajahmungkur,2023-07-03,DBD,0,58310,11.8,27.8,72.0
33.74.08,Gajahmungkur,2023-07-10,DBD,0,58310,3.8,28.2,65.4
33.74.08,Gajahmungkur,2023-07-17,DBD,0,58310,0.3,28.4,56.0
33.74.08,Gajahmungkur,2023-07-24,DBD,0,58310,0.4,28.0,60.1
33.74.08,Gajahmungkur,2023-07-31,DBD,0,58310,0.3,28.7,60.4
33.74.08,Gajahmungkur,2023-08-07,DBD,0,58310,0.6,27.7,63.0
33.74.08,Gajahmungkur,2023-08-14,DBD,0,58310,0.5,28.3,58.9
33.74.08,Gajahmungkur,2023-08-21,DBD,0,58310,0.4,28.6,59.7
33.74.08,Gajahmungkur,2023-08-28,DBD,0,58310,0.3,27.9,59.1
33.74.08,Gajahmungkur,2023-09-04,DBD,0,58310,0.0,28.2,56.1
33.74.08,Gajahmungkur,2023-09-11,DBD,0,58310,10.4,29.2,58.7
33.74.08,Gajahmungkur,2023-09-18,DBD,0,58310,1.2,28.7,57.7
33.74.08,Gajahmungkur,2023-09-25,DBD,0,58310,2.1,29.4,56.4
33.74.08,Gajahmungkur,2023-10-02,DBD,0,58310,2.9,29.6,60.4
33.74.08,Gajahmungkur,2023-10-09,DBD,0,58310,5.2,29.7,62.4
33.74.08,Gajahmungkur,2023-10-16,DBD,0,58310,2.2,30.1,61.1
33.74.08,Gajahmungkur,2023-10-23,DBD,0,58310,14.1,29.3,66.4
33.74.08,Gajahmungkur,2023-10-30,DBD,0,58310,26.1,28.7,74.3
33.74.08,Gajahmungkur,2023-11-06,DBD,0,58310,18.7,28.4,75.3
33.74.08,Gajahmungkur,2023-11-13,DBD,0,58310,15.8,28.5,77.4
33.74.08,Gajahmungkur,2023-11-20,DBD,0,58310,34.0,28.3,77.9
33.74.08,Gajahmungkur,2023-11-27,DBD,0,58310,42.2,27.1,83.1
33.74.08,Gajahmungkur,2023-12-04,DBD,0,58310,32.9,27.0,86.4
33.74.08,Gajahmungkur,2023-12-11,DBD,0,58310,3.2,28.3,72.6
33.74.08,Gajahmungkur,2023-12-18,DBD,0,58310,10.5,29.1,64.7
33.74.08,Gajahmungkur,2023-12-25,DBD,0,58310,39.5,27.7,82.4
33.74.09,Genuk,2023-01-02,DBD,1,112400,36.3,25.8,85.4
33.74.09,Genuk,2023-01-09,DBD,3,112400,17.7,26.4,84.0
33.74.09,Genuk,2023-01-16,DBD,1,112400,26.7,26.1,84.9
33.74.09,Genuk,2023-01-23,DBD,2,112400,69.9,25.8,87.1
33.74.09,Genuk,2023-01-30,DBD,0,112400,31.9,26.2,84.4
33.74.09,Genuk,2023-02-06,DBD,1,112400,44.0,26.0,84.7
33.74.09,Genuk,2023-02-13,DBD,2,112400,94.1,25.5,88.4
33.74.09,Genuk,2023-02-20,DBD,5,112400,52.3,26.1,83.6
33.74.09,Genuk,2023-02-27,DBD,0,112400,166.4,25.2,88.3
33.74.09,Genuk,2023-03-06,DBD,0,112400,29.7,26.2,85.3
33.74.09,Genuk,2023-03-13,DBD,2,112400,53.5,26.3,85.0
33.74.09,Genuk,2023-03-20,DBD,0,112400,49.6,26.7,84.6
33.74.09,Genuk,2023-03-27,DBD,2,112400,49.0,26.1,85.9
33.74.09,Genuk,2023-04-03,DBD,3,112400,6.1,26.5,82.7
33.74.09,Genuk,2023-04-10,DBD,3,112400,45.9,26.3,86.4
33.74.09,Genuk,2023-04-17,DBD,1,112400,45.1,27.3,81.9
33.74.09,Genuk,2023-04-24,DBD,1,112400,48.2,27.2,83.4
33.74.09,Genuk,2023-05-01,DBD,2,112400,62.1,27.2,84.9
33.74.09,Genuk,2023-05-08,DBD,1,112400,16.8,27.5,79.3
33.74.09,Genuk,2023-05-15,DBD,0,112400,0.5,27.7,68.1
33.74.09,Genuk,2023-05-22,DBD,1,112400,1.3,28.4,66.0
33.74.09,Genuk,2023-05-29,DBD,0,112400,1.3,29.2,63.7
33.74.09,Genuk,2023-06-05,DBD,2,112400,26.2,28.2,71.1
33.74.09,Genuk,2023-06-12,DBD,0,112400,17.6,28.1,72.6
33.74.09,Genuk,2023-06-19,DBD,1,112400,5.7,28.0,71.0
33.74.09,Genuk,2023-06-26,DBD,0,112400,3.2,28.7,64.3
33.74.09,Genuk,2023-07-03,DBD,0,112400,18.3,28.0,71.1
33.74.09,Genuk,2023-07-10,DBD,0,112400,2.3,28.4,62.9
33.74.09,Genuk,2023-07-17,DBD,0,112400,2.4,28.5,54.6
33.74.09,Genuk,2023-07-24,DBD,0,112400,1.1,27.9,59.7
33.74.09,Genuk,2023-07-31,DBD,1,112400,0.1,28.8,58.9
33.74.09,Genuk,2023-08-07,DBD,2,112400,0.7,27.7,63.1
33.74.09,Genuk,2023-08-14,DBD,0,112400,0.3,28.3,57.9
33.74.09,Genuk,2023-08-21,DBD,0,112400,0.9,28.7,59.6
33.74.09,Genuk,2023-08-28,DBD,0,112400,0.0,28.0,58.0
33.74.09,Genuk,2023-09-04,DBD,1,112400,0.0,28.3,55.0
33.74.09,Genuk,2023-09-11,DBD,0,112400,5.2,29.3,57.1
33.74.09,Genuk,2023-09-18,DBD,0,112400,0.9,28.8,56.9
33.74.09,Genuk,2023-09-25,DBD,0,112400,1.6,29.6,54.6
33.74.09,Genuk,2023-10-02,DBD,0,112400,5.0,29.7,60.6
33.74.09,Genuk,2023-10-09,DBD,0,112400,4.7,29.8,63.0
33.74.09,Genuk,2023-10-16,DBD,0,112400,4.4,30.2,62.3
33.74.09,Genuk,2023-10-23,DBD,0,112400,13.0,29.5,66.0
33.74.09,Genuk,2023-10-30,DBD,0,112400,38.7,28.8,74.1
33.74.09,Genuk,2023-11-06,DBD,0,112400,18.3,28.6,74.9
33.74.09,Genuk,2023-11-13,DBD,0,112400,13.0,28.7,75.3
33.74.09,Genuk,2023-11-20,DBD,0,112400,36.7,28.3,77.1
33.74.09,Genuk,2023-11-27,DBD,0,112400,68.7,27.0,83.4
33.74.09,Genuk,2023-12-04,DBD,0,112400,46.8,26.9,86.9
33.74.09,Genuk,2023-12-11,DBD,0,112400,2.9,28.3,73.1
33.74.09,Genuk,2023-12-18,DBD,0,112400,13.5,29.0,66.9
33.74.09,Genuk,2023-12-25,DBD,1,112400,64.0,27.6,83.9
33.74.10,Pedurungan,2023-01-02,DBD,2,192500,36.3,26.0,85.4
33.74.10,Pedurungan,2023-01-09,DBD,3,192500,17.7,26.6,84.0
33.74.10,Pedurungan,2023-01-16,DBD,1,192500,26.7,26.3,85.0
33.74.10,Pedurungan,2023-01-23,DBD,4,192500,69.9,26.0,87.1
33.74.10,Pedurungan,2023-01-30,DBD,3,192500,31.9,26.3,84.4
33.74.10,Pedurungan,2023-02-06,DBD,3,192500,44.0,26.2,84.7
33.74.10,Pedurungan,2023-02-13,DBD,2,192500,94.1,25.7,88.4
33.74.10,Pedurungan,2023-02-20,DBD,3,192500,52.3,26.2,83.6
33.74.10,Pedurungan,2023-02-27,DBD,2,192500,166.4,25.3,88.3
33.74.10,Pedurungan,2023-03-06,DBD,1,192500,29.7,26.4,85.3
33.74.10,Pedurungan,2023-03-13,DBD,3,192500,53.5,26.4,85.0
33.74.10,Pedurungan,2023-03-20,DBD,2,192500,49.6,26.9,84.6
33.74.10,Pedurungan,2023-03-27,DBD,0,192500,49.0,26.2,86.0
33.74.10,Pedurungan,2023-04-03,DBD,1,192500,6.1,26.6,82.7
33.74.10,Pedurungan,2023-04-10,DBD,4,192500,45.9,26.5,86.4
33.74.10,Pedurungan,2023-04-17,DBD,4,192500,45.1,27.5,81.9
33.74.10,Pedurungan,2023-04-24,DBD,2,192500,48.2,27.4,83.4
33.74.10,Pedurungan,2023-05-01,DBD,3,192500,62.1,27.3,84.9
33.74.10,Pedurungan,2023-05-08,DBD,2,192500,16.8,27.7,79.3
33.74.10,Pedurungan,2023-05-15,DBD,1,192500,0.5,27.9,68.3
33.74.10,Pedurungan,2023-05-22,DBD,0,192500,1.3,28.6,66.0
33.74.10,Pedurungan,2023-05-29,DBD,1,192500,1.3,29.3,63.7
33.74.10,Pedurungan,2023-06-05,DBD,2,192500,26.2,28.4,71.3
33.74.10,Pedurungan,2023-06-12,DBD,0,192500,17.6,28.3,72.6
33.74.10,Pedurungan,2023-06-19,DBD,0,192500,5.7,28.2,71.0
33.74.10,Pedurungan,2023-06-26,DBD,2,192500,3.2,28.8,64.3
33.74.10,Pedurungan,2023-07-03,DBD,1,192500,18.3,28.1,71.3
33.74.10,Pedurungan,2023-07-10,DBD,4,192500,2.3,28.6,62.9
33.74.10,Pedurungan,2023-07-17,DBD,1,192500,2.4,28.7,54.6
33.74.10,Pedurungan,2023-07-24,DBD,0,192500,1.1,28.1,59.7
33.74.10,Pedurungan,2023-07-31,DBD,0,192500,0.1,29.0,58.9
33.74.10,Pedurungan,2023-08-07,DBD,0,192500,0.7,27.9,63.1
33.74.10,Pedurungan,2023-08-14,DBD,0,192500,0.3,28.4,57.9
33.74.10,Pedurungan,2023-08-21,DBD,1,192500,0.9,28.8,59.6
33.74.10,Pedurungan,2023-08-28,DBD,0,192500,0.0,28.2,58.1
33.74.10,Pedurungan,2023-09-04,DBD,0,192500,0.0,28.5,55.1
33.74.10,Pedurungan,2023-09-11,DBD,1,192500,5.2,29.4,57.4
33.74.10,Pedurungan,2023-09-18,DBD,0,192500,0.9,29.0,56.9
33.74.10,Pedurungan,2023-09-25,DBD,0,192500,1.6,29.8,54.7
33.74.10,Pedurungan,2023-10-02,DBD,0,192500,5.0,29.9,60.6
33.74.10,Pedurungan,2023-10-09,DBD,0,192500,4.7,29.9,63.0
33.74.10,Pedurungan,2023-10-16,DBD,0,192500,4.4,30.3,62.4
33.74.10,Pedurungan,2023-10-23,DBD,0,192500,13.0,29.6,66.0
33.74.10,Pedurungan,2023-10-30,DBD,0,192500,38.7,29.0,74.1
33.74.10,Pedurungan,2023-11-06,DBD,0,192500,18.3,28.7,75.0
33.74.10,Pedurungan,2023-11-13,DBD,0,192500,13.0,28.8,75.3
33.74.10,Pedurungan,2023-11-20,DBD,0,192500,36.7,28.5,77.1
33.74.10,Pedurungan,2023-11-27,DBD,0,192500,68.7,27.1,83.4
33.74.10,Pedurungan,2023-12-04,DBD,0,192500,46.8,27.1,87.0
33.74.10,Pedurungan,2023-12-11,DBD,0,192500,2.9,28.5,73.1
33.74.10,Pedurungan,2023-12-18,DBD,0,192500,13.5,29.1,67.0
33.74.10,Pedurungan,2023-12-25,DBD,1,192500,64.0,27.8,83.9
33.74.11,Tembalang,2023-01-02,DBD,1,185400,88.7,24.9,86.7
33.74.11,Tembalang,2023-01-09,DBD,2,185400,53.4,25.4,86.0
33.74.11,Tembalang,2023-01-16,DBD,2,185400,72.7,25.0,88.0
33.74.11,Tembalang,2023-01-23,DBD,6,185400,102.6,24.7,89.1
33.74.11,Tembalang,2023-01-30,DBD,1,185400,52.1,25.1,86.3
33.74.11,Tembalang,2023-02-06,DBD,2,185400,79.4,25.0,86.6
33.74.11,Tembalang,2023-02-13,DBD,3,185400,184.4,24.6,90.3
33.74.11,Tembalang,2023-02-20,DBD,3,185400,73.6,24.9,86.0
33.74.11,Tembalang,2023-02-27,DBD,0,185400,142.2,24.3,89.4
33.74.11,Tembalang,2023-03-06,DBD,2,185400,54.1,25.4,86.3
33.74.11,Tembalang,2023-03-13,DBD,1,185400,61.1,25.4,85.3
33.74.11,Tembalang,2023-03-20,DBD,2,185400,79.6,25.9,84.6
33.74.11,Tembalang,2023-03-27,DBD,1,185400,105.2,25.1,87.4
33.74.11,Tembalang,2023-04-03,DBD,1,185400,40.0,25.5,83.3
33.74.11,Tembalang,2023-04-10,DBD,5,185400,125.9,25.3,88.6
33.74.11,Tembalang,2023-04-17,DBD,2,185400,50.1,26.4,82.6
33.74.11,Tembalang,2023-04-24,DBD,1,185400,51.6,26.3,83.4
33.74.11,Tembalang,2023-05-01,DBD,2,185400,44.8,26.3,84.6
33.74.11,Tembalang,2023-05-08,DBD,3,185400,27.9,26.6,80.1
33.74.11,Tembalang,2023-05-15,DBD,0,185400,1.8,26.6,70.6
33.74.11,Tembalang,2023-05-22,DBD,1,185400,1.7,27.1,68.9
33.74.11,Tembalang,2023-05-29,DBD,0,185400,2.9,27.9,66.7
33.74.11,Tembalang,2023-06-05,DBD,3,185400,39.2,27.1,74.6
33.74.11,Tembalang,2023-06-12,DBD,2,185400,9.3,27.4,71.7
33.74.11,Tembalang,2023-06-19,DBD,2,185400,9.3,27.2,70.6
33.74.11,Tembalang,2023-06-26,DBD,0,185400,15.7,27.4,68.3
33.74.11,Tembalang,2023-07-03,DBD,0,185400,32.4,26.6,76.1
33.74.11,Tembalang,2023-07-10,DBD,0,185400,3.9,27.2,67.0
33.74.11,Tembalang,2023-07-17,DBD,0,185400,0.3,27.2,59.0
33.74.11,Tembalang,2023-07-24,DBD,0,185400,1.2,26.7,63.3
33.74.11,Tembalang,2023-07-31,DBD,0,185400,1.2,27.8,61.9
33.74.11,Tembalang,2023-08-07,DBD,1,185400,0.7,26.7,64.4
33.74.11,Tembalang,2023-08-14,DBD,0,185400,2.1,27.3,59.9
33.74.11,Tembalang,2023-08-21,DBD,0,185400,1.4,27.8,61.6
33.74.11,Tembalang,2023-08-28,DBD,0,185400,0.6,27.1,58.4
33.74.11,Tembalang,2023-09-04,DBD,0,185400,0.0,27.5,56.6
33.74.11,Tembalang,2023-09-11,DBD,1,185400,6.5,28.6,58.7
33.74.11,Tembalang,2023-09-18,DBD,0,185400,1.5,28.1,56.7
33.74.11,Tembalang,2023-09-25,DBD,0,185400,3.6,28.8,55.7
33.74.11,Tembalang,2023-10-02,DBD,0,185400,2.3,29.0,60.4
33.74.11,Tembalang,2023-10-09,DBD,0,185400,3.2,29.1,61.6
33.74.11,Tembalang,2023-10-16,DBD,0,185400,2.9,29.5,60.7
33.74.11,Tembalang,2023-10-23,DBD,0,185400,16.1,28.9,64.0
33.74.11,Tembalang,2023-10-30,DBD,1,185400,29.3,28.1,73.9
33.74.11,Tembalang,2023-11-06,DBD,0,185400,17.0,27.8,75.4
33.74.11,Tembalang,2023-11-13,DBD,0,185400,27.8,27.9,76.7
33.74.11,Tembalang,2023-11-20,DBD,0,185400,37.9,27.7,77.7
33.74.11,Tembalang,2023-11-27,DBD,0,185400,91.7,26.2,84.4
33.74.11,Tembalang,2023-12-04,DBD,0,185400,69.3,26.2,87.4
33.74.11,Tembalang,2023-12-11,DBD,0,185400,14.9,27.4,74.3
33.74.11,Tembalang,2023-12-18,DBD,0,185400,8.9,28.1,67.4
33.74.11,Tembalang,2023-12-25,DBD,2,185400,64.4,26.9,83.9
33.74.12,Banyumanik,2023-01-02,DBD,2,142100,88.7,24.9,86.7
33.74.12,Banyumanik,2023-01-09,DBD,0,142100,53.4,25.4,86.0
33.74.12,Banyumanik,2023-01-16,DBD,2,142100,72.7,25.0,88.0
33.74.12,Banyumanik,2023-01-23,DBD,5,142100,102.6,24.7,89.1
33.74.12,Banyumanik,2023-01-30,DBD,1,142100,52.1,25.1,86.3
33.74.12,Banyumanik,2023-02-06,DBD,4,142100,79.4,25.0,86.6
33.74.12,Banyumanik,2023-02-13,DBD,0,142100,184.4,24.6,90.3
33.74.12,Banyumanik,2023-02-20,DBD,1,142100,73.6,24.9,86.0
33.74.12,Banyumanik,2023-02-27,DBD,0,142100,142.2,24.3,89.4
33.74.12,Banyumanik,2023-03-06,DBD,1,142100,54.1,25.4,86.3
33.74.12,Banyumanik,2023-03-13,DBD,3,142100,61.1,25.4,85.3
33.74.12,Banyumanik,2023-03-20,DBD,0,142100,79.6,25.9,84.6
33.74.12,Banyumanik,2023-03-27,DBD,1,142100,105.2,25.1,87.4
33.74.12,Banyumanik,2023-04-03,DBD,0,142100,40.0,25.5,83.3
33.74.12,Banyumanik,2023-04-10,DBD,2,142100,125.9,25.3,88.6
33.74.12,Banyumanik,2023-04-17,DBD,1,142100,50.1,26.4,82.6
33.74.12,Banyumanik,2023-04-24,DBD,3,142100,51.6,26.3,83.4
33.74.12,Banyumanik,2023-05-01,DBD,1,142100,44.8,26.3,84.6
33.74.12,Banyumanik,2023-05-08,DBD,0,142100,27.9,26.6,80.1
33.74.12,Banyumanik,2023-05-15,DBD,0,142100,1.8,26.6,70.6
33.74.12,Banyumanik,2023-05-22,DBD,0,142100,1.7,27.1,68.9
33.74.12,Banyumanik,2023-05-29,DBD,0,142100,2.9,27.9,66.7
33.74.12,Banyumanik,2023-06-05,DBD,1,142100,39.2,27.1,74.6
33.74.12,Banyumanik,2023-06-12,DBD,2,142100,9.3,27.4,71.7
33.74.12,Banyumanik,2023-06-19,DBD,0,142100,9.3,27.2,70.6
33.74.12,Banyumanik,2023-06-26,DBD,1,142100,15.7,27.4,68.3
33.74.12,Banyumanik,2023-07-03,DBD,0,142100,32.4,26.6,76.1
33.74.12,Banyumanik,2023-07-10,DBD,1,142100,3.9,27.2,67.0
33.74.12,Banyumanik,2023-07-17,DBD,0,142100,0.3,27.2,59.0
33.74.12,Banyumanik,2023-07-24,DBD,0,142100,1.2,26.7,63.3
33.74.12,Banyumanik,2023-07-31,DBD,0,142100,1.2,27.8,61.9
33.74.12,Banyumanik,2023-08-07,DBD,0,142100,0.7,26.7,64.4
33.74.12,Banyumanik,2023-08-14,DBD,0,142100,2.1,27.3,59.9
33.74.12,Banyumanik,2023-08-21,DBD,0,142100,1.4,27.8,61.6
33.74.12,Banyumanik,2023-08-28,DBD,0,142100,0.6,27.1,58.4
33.74.12,Banyumanik,2023-09-04,DBD,0,142100,0.0,27.5,56.6
33.74.12,Banyumanik,2023-09-11,DBD,0,142100,6.5,28.6,58.7
33.74.12,Banyumanik,2023-09-18,DBD,1,142100,1.5,28.1,56.7
33.74.12,Banyumanik,2023-09-25,DBD,0,142100,3.6,28.8,55.7
33.74.12,Banyumanik,2023-10-02,DBD,0,142100,2.3,29.0,60.4
33.74.12,Banyumanik,2023-10-09,DBD,0,142100,3.2,29.1,61.6
33.74.12,Banyumanik,2023-10-16,DBD,0,142100,2.9,29.5,60.7
33.74.12,Banyumanik,2023-10-23,DBD,0,142100,16.1,28.9,64.0
33.74.12,Banyumanik,2023-10-30,DBD,0,142100,29.3,28.1,73.9
33.74.12,Banyumanik,2023-11-06,DBD,0,142100,17.0,27.8,75.4
33.74.12,Banyumanik,2023-11-13,DBD,0,142100,27.8,27.9,76.7
33.74.12,Banyumanik,2023-11-20,DBD,0,142100,37.9,27.7,77.7
33.74.12,Banyumanik,2023-11-27,DBD,0,142100,91.7,26.2,84.4
33.74.12,Banyumanik,2023-12-04,DBD,0,142100,69.3,26.2,87.4
33.74.12,Banyumanik,2023-12-11,DBD,0,142100,14.9,27.4,74.3
33.74.12,Banyumanik,2023-12-18,DBD,0,142100,8.9,28.1,67.4
33.74.12,Banyumanik,2023-12-25,DBD,1,142100,64.4,26.9,83.9
33.74.13,Gunungpati,2023-01-02,DBD,1,98200,106.9,24.0,86.6
33.74.13,Gunungpati,2023-01-09,DBD,0,98200,63.6,24.5,84.3
33.74.13,Gunungpati,2023-01-16,DBD,0,98200,102.2,24.1,87.3
33.74.13,Gunungpati,2023-01-23,DBD,1,98200,115.7,23.8,88.7
33.74.13,Gunungpati,2023-01-30,DBD,0,98200,59.2,24.2,87.1
33.74.13,Gunungpati,2023-02-06,DBD,0,98200,82.1,23.9,87.6
33.74.13,Gunungpati,2023-02-13,DBD,0,98200,192.6,23.8,88.6
33.74.13,Gunungpati,2023-02-20,DBD,0,98200,82.4,23.7,88.3
33.74.13,Gunungpati,2023-02-27,DBD,0,98200,162.4,23.4,89.6
33.74.13,Gunungpati,2023-03-06,DBD,0,98200,81.6,24.5,85.7
33.74.13,Gunungpati,2023-03-13,DBD,0,98200,64.2,24.5,85.7
33.74.13,Gunungpati,2023-03-20,DBD,1,98200,88.6,25.1,85.1
33.74.13,Gunungpati,2023-03-27,DBD,2,98200,120.0,24.3,87.3
33.74.13,Gunungpati,2023-04-03,DBD,2,98200,56.0,24.6,82.7
33.74.13,Gunungpati,2023-04-10,DBD,0,98200,145.5,24.6,86.6
33.74.13,Gunungpati,2023-04-17,DBD,0,98200,73.9,25.4,83.9
33.74.13,Gunungpati,2023-04-24,DBD,2,98200,49.6,25.4,84.1
33.74.13,Gunungpati,2023-05-01,DBD,1,98200,65.1,25.4,85.9
33.74.13,Gunungpati,2023-05-08,DBD,0,98200,24.8,25.7,80.7
33.74.13,Gunungpati,2023-05-15,DBD,0,98200,6.0,25.3,73.0
33.74.13,Gunungpati,2023-05-22,DBD,0,98200,2.8,25.8,72.0
33.74.13,Gunungpati,2023-05-29,DBD,1,98200,4.3,26.5,69.7
33.74.13,Gunungpati,2023-06-05,DBD,0,98200,27.0,25.8,75.9
33.74.13,Gunungpati,2023-06-12,DBD,0,98200,13.8,26.1,74.4
33.74.13,Gunungpati,2023-06-19,DBD,0,98200,17.1,25.7,74.4
33.74.13,Gunungpati,2023-06-26,DBD,0,98200,14.0,25.9,71.9
33.74.13,Gunungpati,2023-07-03,DBD,0,98200,43.7,25.4,77.1
33.74.13,Gunungpati,2023-07-10,DBD,0,98200,9.0,25.6,72.1
33.74.13,Gunungpati,2023-07-17,DBD,0,98200,0.0,25.7,63.0
33.74.13,Gunungpati,2023-07-24,DBD,0,98200,2.7,25.5,65.6
33.74.13,Gunungpati,2023-07-31,DBD,0,98200,2.4,26.8,62.7
33.74.13,Gunungpati,2023-08-07,DBD,0,98200,2.2,25.6,66.0
33.74.13,Gunungpati,2023-08-14,DBD,0,98200,0.3,26.3,59.3
33.74.13,Gunungpati,2023-08-21,DBD,0,98200,2.3,26.7,62.0
33.74.13,Gunungpati,2023-08-28,DBD,0,98200,0.0,26.1,59.4
33.74.13,Gunungpati,2023-09-04,DBD,0,98200,0.2,26.6,56.0
33.74.13,Gunungpati,2023-09-11,DBD,0,98200,10.0,27.3,60.0
33.74.13,Gunungpati,2023-09-18,DBD,0,98200,2.2,26.8,57.0
33.74.13,Gunungpati,2023-09-25,DBD,0,98200,2.8,27.7,56.3
33.74.13,Gunungpati,2023-10-02,DBD,0,98200,2.7,28.0,60.9
33.74.13,Gunungpati,2023-10-09,DBD,0,98200,8.0,27.9,63.0
33.74.13,Gunungpati,2023-10-16,DBD,0,98200,4.2,28.3,63.0
33.74.13,Gunungpati,2023-10-23,DBD,0,98200,17.8,27.7,65.4
33.74.13,Gunungpati,2023-10-30,DBD,0,98200,31.6,27.2,73.3
33.74.13,Gunungpati,2023-11-06,DBD,0,98200,32.6,26.8,76.7
33.74.13,Gunungpati,2023-11-13,DBD,0,98200,51.3,26.6,77.0
33.74.13,Gunungpati,2023-11-20,DBD,0,98200,52.2,26.5,79.1
33.74.13,Gunungpati,2023-11-27,DBD,0,98200,130.8,25.2,85.4
33.74.13,Gunungpati,2023-12-04,DBD,0,98200,104.4,25.3,86.6
33.74.13,Gunungpati,2023-12-11,DBD,1,98200,17.1,26.2,75.7
33.74.13,Gunungpati,2023-12-18,DBD,0,98200,6.4,26.6,72.0
33.74.13,Gunungpati,2023-12-25,DBD,0,98200,92.4,25.7,86.1
33.74.14,Mijen,2023-01-02,DBD,2,78900,102.9,24.5,86.7
33.74.14,Mijen,2023-01-09,DBD,0,78900,61.2,25.3,83.3
33.74.14,Mijen,2023-01-16,DBD,4,78900,81.3,24.7,87.1
33.74.14,Mijen,2023-01-23,DBD,0,78900,129.9,24.3,89.6
33.74.14,Mijen,2023-01-30,DBD,0,78900,87.8,24.6,88.7
33.74.14,Mijen,2023-02-06,DBD,0,78900,80.6,24.3,88.9
33.74.14,Mijen,2023-02-13,DBD,2,78900,193.4,24.2,89.0
33.74.14,Mijen,2023-02-20,DBD,1,78900,108.1,24.1,90.7
33.74.14,Mijen,2023-02-27,DBD,0,78900,179.7,23.9,90.7
33.74.14,Mijen,2023-03-06,DBD,0,78900,89.7,25.0,86.6
33.74.14,Mijen,2023-03-13,DBD,1,78900,67.4,24.9,87.3
33.74.14,Mijen,2023-03-20,DBD,0,78900,90.5,25.6,86.6
33.74.14,Mijen,2023-03-27,DBD,2,78900,99.1,24.7,88.7
33.74.14,Mijen,2023-04-03,DBD,2,78900,54.0,25.2,82.4
33.74.14,Mijen,2023-04-10,DBD,1,78900,113.3,25.3,85.9
33.74.14,Mijen,2023-04-17,DBD,2,78900,78.4,25.9,85.9
33.74.14,Mijen,2023-04-24,DBD,0,78900,64.9,25.9,85.3
33.74.14,Mijen,2023-05-01,DBD,2,78900,130.2,25.9,87.3
33.74.14,Mijen,2023-05-08,DBD,0,78900,22.9,26.3,81.6
33.74.14,Mijen,2023-05-15,DBD,0,78900,5.2,26.0,73.6
33.74.14,Mijen,2023-05-22,DBD,0,78900,4.0,26.4,73.0
33.74.14,Mijen,2023-05-29,DBD,1,78900,2.7,27.0,70.7
33.74.14,Mijen,2023-06-05,DBD,0,78900,27.9,26.4,76.1
33.74.14,Mijen,2023-06-12,DBD,0,78900,15.8,26.5,76.1
33.74.14,Mijen,2023-06-19,DBD,0,78900,22.8,26.1,76.0
33.74.14,Mijen,2023-06-26,DBD,0,78900,15.1,26.3,73.6
33.74.14,Mijen,2023-07-03,DBD,0,78900,41.3,26.0,77.4
33.74.14,Mijen,2023-07-10,DBD,0,78900,6.7,25.8,75.7
33.74.14,Mijen,2023-07-17,DBD,0,78900,0.5,25.7,68.4
33.74.14,Mijen,2023-07-24,DBD,0,78900,3.1,25.7,67.6
33.74.14,Mijen,2023-07-31,DBD,0,78900,3.9,27.1,65.3
33.74.14,Mijen,2023-08-07,DBD,0,78900,5.7,26.0,67.7
33.74.14,Mijen,2023-08-14,DBD,0,78900,0.0,26.5,62.1
33.74.14,Mijen,2023-08-21,DBD,0,78900,2.8,27.0,63.3
33.74.14,Mijen,2023-08-28,DBD,0,78900,0.1,26.6,59.9
33.74.14,Mijen,2023-09-04,DBD,0,78900,0.4,27.2,56.1
33.74.14,Mijen,2023-09-11,DBD,0,78900,16.9,27.6,62.4
33.74.14,Mijen,2023-09-18,DBD,0,78900,2.3,27.4,57.0
33.74.14,Mijen,2023-09-25,DBD,0,78900,6.7,28.2,57.3
33.74.14,Mijen,2023-10-02,DBD,0,78900,4.2,28.5,62.3
33.74.14,Mijen,2023-10-09,DBD,0,78900,9.6,28.5,63.0
33.74.14,Mijen,2023-10-16,DBD,0,78900,17.0,28.7,65.9
33.74.14,Mijen,2023-10-23,DBD,0,78900,29.0,28.0,68.0
33.74.14,Mijen,2023-10-30,DBD,0,78900,46.9,27.8,73.4
33.74.14,Mijen,2023-11-06,DBD,0,78900,39.1,27.5,75.9
33.74.14,Mijen,2023-11-13,DBD,0,78900,50.0,27.4,75.0
33.74.14,Mijen,2023-11-20,DBD,0,78900,63.9,27.2,78.4
33.74.14,Mijen,2023-11-27,DBD,1,78900,120.0,25.9,85.1
33.74.14,Mijen,2023-12-04,DBD,0,78900,94.6,25.9,86.1
33.74.14,Mijen,2023-12-11,DBD,0,78900,11.3,26.9,75.4
33.74.14,Mijen,2023-12-18,DBD,0,78900,9.5,27.0,73.1
33.74.14,Mijen,2023-12-25,DBD,0,78900,108.5,26.3,87.0
33.74.15,Ngaliyan,2023-01-02,DBD,1,145800,96.2,25.4,86.4
33.74.15,Ngaliyan,2023-01-09,DBD,1,145800,37.8,25.9,86.0
33.74.15,Ngaliyan,2023-01-16,DBD,3,145800,80.4,25.6,86.4
33.74.15,Ngaliyan,2023-01-23,DBD,3,145800,96.6,25.3,87.7
33.74.15,Ngaliyan,2023-01-30,DBD,0,145800,63.8,25.7,85.6
33.74.15,Ngaliyan,2023-02-06,DBD,1,145800,50.7,25.5,86.0
33.74.15,Ngaliyan,2023-02-13,DBD,0,145800,185.0,25.3,88.0
33.74.15,Ngaliyan,2023-02-20,DBD,1,145800,68.5,25.3,86.1
33.74.15,Ngaliyan,2023-02-27,DBD,0,145800,209.7,24.9,88.3
33.74.15,Ngaliyan,2023-03-06,DBD,2,145800,36.3,25.8,87.0
33.74.15,Ngaliyan,2023-03-13,DBD,2,145800,35.1,26.0,85.6
33.74.15,Ngaliyan,2023-03-20,DBD,2,145800,56.2,26.5,85.3
33.74.15,Ngaliyan,2023-03-27,DBD,1,145800,71.3,25.8,86.6
33.74.15,Ngaliyan,2023-04-03,DBD,3,145800,42.5,26.1,84.1
33.74.15,Ngaliyan,2023-04-10,DBD,2,145800,116.3,26.1,87.1
33.74.15,Ngaliyan,2023-04-17,DBD,5,145800,29.5,27.0,82.6
33.74.15,Ngaliyan,2023-04-24,DBD,1,145800,40.2,26.9,83.7
33.74.15,Ngaliyan,2023-05-01,DBD,0,145800,50.6,26.9,85.6
33.74.15,Ngaliyan,2023-05-08,DBD,2,145800,13.8,27.3,79.0
33.74.15,Ngaliyan,2023-05-15,DBD,0,145800,1.0,27.1,71.7
33.74.15,Ngaliyan,2023-05-22,DBD,1,145800,0.5,27.6,69.9
33.74.15,Ngaliyan,2023-05-29,DBD,0,145800,0.6,28.2,68.1
33.74.15,Ngaliyan,2023-06-05,DBD,0,145800,16.4,27.6,73.9
33.74.15,Ngaliyan,2023-06-12,DBD,2,145800,10.8,27.7,73.4
33.74.15,Ngaliyan,2023-06-19,DBD,0,145800,8.5,27.3,73.7
33.74.15,Ngaliyan,2023-06-26,DBD,2,145800,4.8,27.9,66.7
33.74.15,Ngaliyan,2023-07-03,DBD,0,145800,15.0,27.4,72.0
33.74.15,Ngaliyan,2023-07-10,DBD,0,145800,7.4,27.5,67.1
33.74.15,Ngaliyan,2023-07-17,DBD,0,145800,0.1,27.7,57.6
33.74.15,Ngaliyan,2023-07-24,DBD,0,145800,0.8,27.4,60.7
33.74.15,Ngaliyan,2023-07-31,DBD,0,145800,0.6,28.3,60.9
33.74.15,Ngaliyan,2023-08-07,DBD,0,145800,0.3,27.3,62.9
33.74.15,Ngaliyan,2023-08-14,DBD,0,145800,0.3,27.9,58.3
33.74.15,Ngaliyan,2023-08-21,DBD,0,145800,0.3,28.1,60.7
33.74.15,Ngaliyan,2023-08-28,DBD,0,145800,0.2,27.5,58.6
33.74.15,Ngaliyan,2023-09-04,DBD,0,145800,0.5,27.9,55.9
33.74.15,Ngaliyan,2023-09-11,DBD,1,145800,5.0,28.7,58.4
33.74.15,Ngaliyan,2023-09-18,DBD,1,145800,0.8,28.4,55.4
33.74.15,Ngaliyan,2023-09-25,DBD,0,145800,0.8,29.0,56.0
33.74.15,Ngaliyan,2023-10-02,DBD,0,145800,5.4,29.1,61.4
33.74.15,Ngaliyan,2023-10-09,DBD,0,145800,8.3,29.0,64.4
33.74.15,Ngaliyan,2023-10-16,DBD,0,145800,1.0,29.6,61.7
33.74.15,Ngaliyan,2023-10-23,DBD,0,145800,23.8,28.9,66.0
33.74.15,Ngaliyan,2023-10-30,DBD,0,145800,35.3,28.4,74.9
33.74.15,Ngaliyan,2023-11-06,DBD,0,145800,12.5,28.1,75.1
33.74.15,Ngaliyan,2023-11-13,DBD,0,145800,27.0,28.2,76.6
33.74.15,Ngaliyan,2023-11-20,DBD,1,145800,31.0,27.8,79.0
33.74.15,Ngaliyan,2023-11-27,DBD,0,145800,56.7,26.7,83.6
33.74.15,Ngaliyan,2023-12-04,DBD,0,145800,47.6,26.7,86.4
33.74.15,Ngaliyan,2023-12-11,DBD,0,145800,3.4,28.0,72.1
33.74.15,Ngaliyan,2023-12-18,DBD,0,145800,7.2,28.7,64.6
33.74.15,Ngaliyan,2023-12-25,DBD,0,145800,43.8,27.3,83.3
33.74.16,Tugu,2023-01-02,DBD,0,32100,96.2,26.1,86.6
33.74.16,Tugu,2023-01-09,DBD,0,32100,37.8,26.6,86.0
33.74.16,Tugu,2023-01-16,DBD,0,32100,80.4,26.3,86.6
33.74.16,Tugu,2023-01-23,DBD,0,32100,96.6,26.0,87.7
33.74.16,Tugu,2023-01-30,DBD,0,32100,63.8,26.4,85.6
33.74.16,Tugu,2023-02-06,DBD,1,32100,50.7,26.2,86.0
33.74.16,Tugu,2023-02-13,DBD,0,32100,185.0,26.0,88.1
33.74.16,Tugu,2023-02-20,DBD,0,32100,68.5,26.0,86.3
33.74.16,Tugu,2023-02-27,DBD,1,32100,209.7,25.6,88.3
33.74.16,Tugu,2023-03-06,DBD,0,32100,36.3,26.5,87.0
33.74.16,Tugu,2023-03-13,DBD,0,32100,35.1,26.7,85.7
33.74.16,Tugu,2023-03-20,DBD,0,32100,56.2,27.2,85.4
33.74.16,Tugu,2023-03-27,DBD,0,32100,71.3,26.5,86.7
33.74.16,Tugu,2023-04-03,DBD,1,32100,42.5,26.8,84.3
33.74.16,Tugu,2023-04-10,DBD,0,32100,116.3,26.8,87.3
33.74.16,Tugu,2023-04-17,DBD,1,32100,29.5,27.7,82.7
33.74.16,Tugu,2023-04-24,DBD,0,32100,40.2,27.6,83.7
33.74.16,Tugu,2023-05-01,DBD,1,32100,50.6,27.6,85.9
33.74.16,Tugu,2023-05-08,DBD,0,32100,13.8,28.0,79.3
33.74.16,Tugu,2023-05-15,DBD,0,32100,1.0,27.8,72.0
33.74.16,Tugu,2023-05-22,DBD,0,32100,0.5,28.3,70.0
33.74.16,Tugu,2023-05-29,DBD,0,32100,0.6,28.9,68.3
33.74.16,Tugu,2023-06-05,DBD,0,32100,16.4,28.3,73.9
33.74.16,Tugu,2023-06-12,DBD,0,32100,10.8,28.4,73.4
33.74.16,Tugu,2023-06-19,DBD,0,32100,8.5,28.0,73.7
33.74.16,Tugu,2023-06-26,DBD,0,32100,4.8,28.6,67.0
33.74.16,Tugu,2023-07-03,DBD,0,32100,15.0,28.1,72.4
33.74.16,Tugu,2023-07-10,DBD,0,32100,7.4,28.2,67.6
33.74.16,Tugu,2023-07-17,DBD,0,32100,0.1,28.4,57.9
33.74.16,Tugu,2023-07-24,DBD,0,32100,0.8,28.1,61.0
33.74.16,Tugu,2023-07-31,DBD,0,32100,0.6,29.0,61.1
33.74.16,Tugu,2023-08-07,DBD,0,32100,0.3,28.0,62.9
33.74.16,Tugu,2023-08-14,DBD,0,32100,0.3,28.6,58.3
33.74.16,Tugu,2023-08-21,DBD,0,32100,0.3,28.8,61.0
33.74.16,Tugu,2023-08-28,DBD,0,32100,0.2,28.2,58.7
33.74.16,Tugu,2023-09-04,DBD,0,32100,0.5,28.6,56.0
33.74.16,Tugu,2023-09-11,DBD,0,32100,5.0,29.4,58.4
33.74.16,Tugu,2023-09-18,DBD,0,32100,0.8,29.1,55.7
33.74.16,Tugu,2023-09-25,DBD,0,32100,0.8,29.6,56.1
33.74.16,Tugu,2023-10-02,DBD,0,32100,5.4,29.8,61.6
33.74.16,Tugu,2023-10-09,DBD,0,32100,8.3,29.7,64.6
33.74.16,Tugu,2023-10-16,DBD,0,32100,1.0,30.3,61.9
33.74.16,Tugu,2023-10-23,DBD,0,32100,23.8,29.6,66.1
33.74.16,Tugu,2023-10-30,DBD,0,32100,35.3,29.1,74.9
33.74.16,Tugu,2023-11-06,DBD,0,32100,12.5,28.8,75.3
33.74.16,Tugu,2023-11-13,DBD,0,32100,27.0,28.9,76.7
33.74.16,Tugu,2023-11-20,DBD,0,32100,31.0,28.5,79.0
33.74.16,Tugu,2023-11-27,DBD,0,32100,56.7,27.4,83.6
33.74.16,Tugu,2023-12-04,DBD,0,32100,47.6,27.4,86.4
33.74.16,Tugu,2023-12-11,DBD,0,32100,3.4,28.7,72.3
33.74.16,Tugu,2023-12-18,DBD,0,32100,7.2,29.4,65.1
33.74.16,Tugu,2023-12-25,DBD,0,32100,43.8,28.0,83.3
33.74.01,Semarang Tengah,2024-01-01,DBD,0,62540,109.7,26.9,86.7
33.74.01,Semarang Tengah,2024-01-08,DBD,0,62540,34.3,27.2,84.3
33.74.01,Semarang Tengah,2024-01-15,DBD,0,62540,39.7,26.8,86.3
33.74.01,Semarang Tengah,2024-01-22,DBD,1,62540,55.5,26.5,86.3
33.74.01,Semarang Tengah,2024-01-29,DBD,0,62540,89.0,26.5,86.9
33.74.01,Semarang Tengah,2024-02-05,DBD,0,62540,73.8,26.5,86.0
33.74.01,Semarang Tengah,2024-02-12,DBD,1,62540,52.4,27.1,86.1
33.74.01,Semarang Tengah,2024-02-19,DBD,0,62540,37.0,27.4,84.3
33.74.01,Semarang Tengah,2024-02-26,DBD,1,62540,47.2,27.3,83.9
33.74.01,Semarang Tengah,2024-03-04,DBD,0,62540,90.6,27.1,86.1
33.74.01,Semarang Tengah,2024-03-11,DBD,0,62540,63.7,26.4,85.9
33.74.01,Semarang Tengah,2024-03-18,DBD,0,62540,14.9,27.3,81.1
33.74.01,Semarang Tengah,2024-03-25,DBD,0,62540,31.3,28.0,81.3
33.74.01,Semarang Tengah,2024-04-01,DBD,0,62540,29.1,27.7,84.6
33.74.01,Semarang Tengah,2024-04-08,DBD,0,62540,41.3,27.7,83.1
33.74.01,Semarang Tengah,2024-04-15,DBD,0,62540,55.3,27.7,83.7
33.74.01,Semarang Tengah,2024-04-22,DBD,0,62540,67.2,27.8,82.6
33.74.01,Semarang Tengah,2024-04-29,DBD,0,62540,6.1,29.3,71.3
33.74.01,Semarang Tengah,2024-05-06,DBD,0,62540,6.6,29.7,64.0
33.74.01,Semarang Tengah,2024-05-13,DBD,0,62540,2.0,30.5,61.6
33.74.01,Semarang Tengah,2024-05-20,DBD,1,62540,13.7,29.2,70.0
33.74.01,Semarang Tengah,2024-05-27,DBD,0,62540,20.5,29.5,69.7
33.74.01,Semarang Tengah,2024-06-03,DBD,1,62540,4.5,28.4,73.1
33.74.01,Semarang Tengah,2024-06-10,DBD,1,62540,29.8,27.8,77.7
33.74.01,Semarang Tengah,2024-06-17,DBD,0,62540,3.1,28.5,63.0
33.74.01,Semarang Tengah,2024-06-24,DBD,0,62540,14.4,28.7,71.1
33.74.01,Semarang Tengah,2024-07-01,DBD,0,62540,33.3,27.6,76.1
33.74.01,Semarang Tengah,2024-07-08,DBD,0,62540,0.4,27.7,63.6
33.74.01,Semarang Tengah,2024-07-15,DBD,0,62540,0.5,28.2,59.4
33.74.01,Semarang Tengah,2024-07-22,DBD,0,62540,0.5,28.5,61.9
33.74.01,Semarang Tengah,2024-07-29,DBD,0,62540,13.1,28.3,67.0
33.74.01,Semarang Tengah,2024-08-05,DBD,0,62540,2.5,28.1,66.6
33.74.01,Semarang Tengah,2024-08-12,DBD,0,62540,0.0,28.0,58.1
33.74.01,Semarang Tengah,2024-08-19,DBD,1,62540,0.0,28.6,61.3
33.74.01,Semarang Tengah,2024-08-26,DBD,0,62540,0.2,29.4,56.4
33.74.01,Semarang Tengah,2024-09-02,DBD,0,62540,17.8,29.3,62.4
33.74.01,Semarang Tengah,2024-09-09,DBD,0,62540,37.2,28.1,69.4
33.74.01,Semarang Tengah,2024-09-16,DBD,0,62540,0.4,28.3,59.0
33.74.01,Semarang Tengah,2024-09-23,DBD,0,62540,23.0,28.1,74.9
33.74.01,Semarang Tengah,2024-09-30,DBD,0,62540,9.0,29.5,66.7
33.74.01,Semarang Tengah,2024-10-07,DBD,0,62540,28.7,30.0,63.0
33.74.01,Semarang Tengah,2024-10-14,DBD,0,62540,11.1,28.4,67.0
33.74.01,Semarang Tengah,2024-10-21,DBD,0,62540,5.9,29.3,65.0
33.74.01,Semarang Tengah,2024-10-28,DBD,0,62540,53.2,28.4,74.3
33.74.01,Semarang Tengah,2024-11-04,DBD,0,62540,48.7,27.9,77.0
33.74.01,Semarang Tengah,2024-11-11,DBD,0,62540,70.6,28.2,77.9
33.74.01,Semarang Tengah,2024-11-18,DBD,0,62540,73.8,27.3,84.4
33.74.01,Semarang Tengah,2024-11-25,DBD,0,62540,55.8,27.5,85.9
33.74.01,Semarang Tengah,2024-12-02,DBD,0,62540,80.5,26.7,88.0
33.74.01,Semarang Tengah,2024-12-09,DBD,0,62540,73.1,26.9,86.4
33.74.01,Semarang Tengah,2024-12-16,DBD,0,62540,74.7,27.0,84.9
33.74.01,Semarang Tengah,2024-12-23,DBD,0,62540,59.1,26.6,87.6
33.74.02,Semarang Utara,2024-01-01,DBD,1,128450,109.7,27.1,86.7
33.74.02,Semarang Utara,2024-01-08,DBD,0,128450,34.3,27.4,84.3
33.74.02,Semarang Utara,2024-01-15,DBD,0,128450,39.7,27.0,86.3
33.74.02,Semarang Utara,2024-01-22,DBD,1,128450,55.5,26.7,86.3
33.74.02,Semarang Utara,2024-01-29,DBD,0,128450,89.0,26.8,87.0
33.74.02,Semarang Utara,2024-02-05,DBD,0,128450,73.8,26.8,86.0
33.74.02,Semarang Utara,2024-02-12,DBD,0,128450,52.4,27.3,86.3
33.74.02,Semarang Utara,2024-02-19,DBD,2,128450,37.0,27.7,84.4
33.74.02,Semarang Utara,2024-02-26,DBD,1,128450,47.2,27.6,83.9
33.74.02,Semarang Utara,2024-03-04,DBD,1,128450,90.6,27.3,86.1
33.74.02,Semarang Utara,2024-03-11,DBD,1,128450,63.7,26.6,86.0
33.74.02,Semarang Utara,2024-03-18,DBD,0,128450,14.9,27.6,81.1
33.74.02,Semarang Utara,2024-03-25,DBD,0,128450,31.3,28.2,81.3
33.74.02,Semarang Utara,2024-04-01,DBD,0,128450,29.1,27.9,84.6
33.74.02,Semarang Utara,2024-04-08,DBD,0,128450,41.3,27.9,83.1
33.74.02,Semarang Utara,2024-04-15,DBD,0,128450,55.3,27.9,83.7
33.74.02,Semarang Utara,2024-04-22,DBD,1,128450,67.2,28.0,82.6
33.74.02,Semarang Utara,2024-04-29,DBD,1,128450,6.1,29.5,71.3
33.74.02,Semarang Utara,2024-05-06,DBD,1,128450,6.6,29.9,64.0
33.74.02,Semarang Utara,2024-05-13,DBD,0,128450,2.0,30.7,61.7
33.74.02,Semarang Utara,2024-05-20,DBD,1,128450,13.7,29.4,70.0
33.74.02,Semarang Utara,2024-05-27,DBD,1,128450,20.5,29.7,69.7
33.74.02,Semarang Utara,2024-06-03,DBD,1,128450,4.5,28.6,73.1
33.74.02,Semarang Utara,2024-06-10,DBD,1,128450,29.8,28.1,77.7
33.74.02,Semarang Utara,2024-06-17,DBD,0,128450,3.1,28.7,63.0
33.74.02,Semarang Utara,2024-06-24,DBD,0,128450,14.4,28.9,71.3
33.74.02,Semarang Utara,2024-07-01,DBD,0,128450,33.3,27.8,76.1
33.74.02,Semarang Utara,2024-07-08,DBD,0,128450,0.4,27.9,63.6
33.74.02,Semarang Utara,2024-07-15,DBD,0,128450,0.5,28.4,59.4
33.74.02,Semarang Utara,2024-07-22,DBD,0,128450,0.5,28.7,62.1
33.74.02,Semarang Utara,2024-07-29,DBD,1,128450,13.1,28.5,67.0
33.74.02,Semarang Utara,2024-08-05,DBD,0,128450,2.5,28.3,66.6
33.74.02,Semarang Utara,2024-08-12,DBD,0,128450,0.0,28.2,58.1
33.74.02,Semarang Utara,2024-08-19,DBD,0,128450,0.0,28.8,61.3
33.74.02,Semarang Utara,2024-08-26,DBD,0,128450,0.2,29.7,56.6
33.74.02,Semarang Utara,2024-09-02,DBD,0,128450,17.8,29.5,62.4
33.74.02,Semarang Utara,2024-09-09,DBD,0,128450,37.2,28.3,69.4
33.74.02,Semarang Utara,2024-09-16,DBD,0,128450,0.4,28.5,59.0
33.74.02,Semarang Utara,2024-09-23,DBD,0,128450,23.0,28.3,74.9
33.74.02,Semarang Utara,2024-09-30,DBD,0,128450,9.0,29.7,66.7
33.74.02,Semarang Utara,2024-10-07,DBD,0,128450,28.7,30.3,63.0
33.74.02,Semarang Utara,2024-10-14,DBD,0,128450,11.1,28.6,67.0
33.74.02,Semarang Utara,2024-10-21,DBD,1,128450,5.9,29.5,65.0
33.74.02,Semarang Utara,2024-10-28,DBD,0,128450,53.2,28.6,74.6
33.74.02,Semarang Utara,2024-11-04,DBD,0,128450,48.7,28.1,77.0
33.74.02,Semarang Utara,2024-11-11,DBD,0,128450,70.6,28.4,77.9
33.74.02,Semarang Utara,2024-11-18,DBD,0,128450,73.8,27.5,84.4
33.74.02,Semarang Utara,2024-11-25,DBD,0,128450,55.8,27.7,85.9
33.74.02,Semarang Utara,2024-12-02,DBD,0,128450,80.5,26.9,88.0
33.74.02,Semarang Utara,2024-12-09,DBD,0,128450,73.1,27.1,86.4
33.74.02,Semarang Utara,2024-12-16,DBD,0,128450,74.7,27.2,84.9
33.74.02,Semarang Utara,2024-12-23,DBD,1,128450,59.1,26.8,87.6
33.74.03,Semarang Timur,2024-01-01,DBD,0,72130,109.7,26.9,86.7
33.74.03,Semarang Timur,2024-01-08,DBD,0,72130,34.3,27.2,84.3
33.74.03,Semarang Timur,2024-01-15,DBD,0,72130,39.7,26.8,86.3
33.74.03,Semarang Timur,2024-01-22,DBD,0,72130,55.5,26.5,86.3
33.74.03,Semarang Timur,2024-01-29,DBD,0,72130,89.0,26.5,86.9
33.74.03,Semarang Timur,2024-02-05,DBD,1,72130,73.8,26.5,86.0
33.74.03,Semarang Timur,2024-02-12,DBD,0,72130,52.4,27.1,86.1
33.74.03,Semarang Timur,2024-02-19,DBD,0,72130,37.0,27.4,84.3
33.74.03,Semarang Timur,2024-02-26,DBD,0,72130,47.2,27.3,83.9
33.74.03,Semarang Timur,2024-03-04,DBD,1,72130,90.6,27.1,86.1
33.74.03,Semarang Timur,2024-03-11,DBD,0,72130,63.7,26.4,85.9
33.74.03,Semarang Timur,2024-03-18,DBD,0,72130,14.9,27.3,81.1
33.74.03,Semarang Timur,2024-03-25,DBD,0,72130,31.3,28.0,81.3
33.74.03,Semarang Timur,2024-04-01,DBD,0,72130,29.1,27.7,84.6
33.74.03,Semarang Timur,2024-04-08,DBD,0,72130,41.3,27.7,83.1
33.74.03,Semarang Timur,2024-04-15,DBD,0,72130,55.3,27.7,83.7
33.74.03,Semarang Timur,2024-04-22,DBD,1,72130,67.2,27.8,82.6
33.74.03,Semarang Timur,2024-04-29,DBD,0,72130,6.1,29.3,71.3
33.74.03,Semarang Timur,2024-05-06,DBD,0,72130,6.6,29.7,64.0
33.74.03,Semarang Timur,2024-05-13,DBD,3,72130,2.0,30.5,61.6
33.74.03,Semarang Timur,2024-05-20,DBD,0,72130,13.7,29.2,70.0
33.74.03,Semarang Timur,2024-05-27,DBD,0,72130,20.5,29.5,69.7
33.74.03,Semarang Timur,2024-06-03,DBD,0,72130,4.5,28.4,73.1
33.74.03,Semarang Timur,2024-06-10,DBD,0,72130,29.8,27.8,77.7
33.74.03,Semarang Timur,2024-06-17,DBD,0,72130,3.1,28.5,63.0
33.74.03,Semarang Timur,2024-06-24,DBD,1,72130,14.4,28.7,71.1
33.74.03,Semarang Timur,2024-07-01,DBD,0,72130,33.3,27.6,76.1
33.74.03,Semarang Timur,2024-07-08,DBD,0,72130,0.4,27.7,63.6
33.74.03,Semarang Timur,2024-07-15,DBD,0,72130,0.5,28.2,59.4
33.74.03,Semarang Timur,2024-07-22,DBD,1,72130,0.5,28.5,61.9
33.74.03,Semarang Timur,2024-07-29,DBD,1,72130,13.1,28.3,67.0
33.74.03,Semarang Timur,2024-08-05,DBD,0,72130,2.5,28.1,66.6
33.74.03,Semarang Timur,2024-08-12,DBD,0,72130,0.0,28.0,58.1
33.74.03,Semarang Timur,2024-08-19,DBD,0,72130,0.0,28.6,61.3
33.74.03,Semarang Timur,2024-08-26,DBD,0,72130,0.2,29.4,56.4
33.74.03,Semarang Timur,2024-09-02,DBD,0,72130,17.8,29.3,62.4
33.74.03,Semarang Timur,2024-09-09,DBD,0,72130,37.2,28.1,69.4
33.74.03,Semarang Timur,2024-09-16,DBD,0,72130,0.4,28.3,59.0
33.74.03,Semarang Timur,2024-09-23,DBD,0,72130,23.0,28.1,74.9
33.74.03,Semarang Timur,2024-09-30,DBD,0,72130,9.0,29.5,66.7
33.74.03,Semarang Timur,2024-10-07,DBD,0,72130,28.7,30.0,63.0
33.74.03,Semarang Timur,2024-10-14,DBD,0,72130,11.1,28.4,67.0
33.74.03,Semarang Timur,2024-10-21,DBD,0,72130,5.9,29.3,65.0
33.74.03,Semarang Timur,2024-10-28,DBD,0,72130,53.2,28.4,74.3
33.74.03,Semarang Timur,2024-11-04,DBD,0,72130,48.7,27.9,77.0
33.74.03,Semarang Timur,2024-11-11,DBD,1,72130,70.6,28.2,77.9
33.74.03,Semarang Timur,2024-11-18,DBD,0,72130,73.8,27.3,84.4
33.74.03,Semarang Timur,2024-11-25,DBD,0,72130,55.8,27.5,85.9
33.74.03,Semarang Timur,2024-12-02,DBD,0,72130,80.5,26.7,88.0
33.74.03,Semarang Timur,2024-12-09,DBD,1,72130,73.1,26.9,86.4
33.74.03,Semarang Timur,2024-12-16,DBD,0,72130,74.7,27.0,84.9
33.74.03,Semarang Timur,2024-12-23,DBD,0,72130,59.1,26.6,87.6
33.74.04,Semarang Selatan,2024-01-01,DBD,0,70890,109.7,26.9,86.7
33.74.04,Semarang Selatan,2024-01-08,DBD,0,70890,34.3,27.2,84.3
33.74.04,Semarang Selatan,2024-01-15,DBD,0,70890,39.7,26.8,86.3
33.74.04,Semarang Selatan,2024-01-22,DBD,0,70890,55.5,26.5,86.3
33.74.04,Semarang Selatan,2024-01-29,DBD,0,70890,89.0,26.5,86.9
33.74.04,Semarang Selatan,2024-02-05,DBD,0,70890,73.8,26.5,86.0
33.74.04,Semarang Selatan,2024-02-12,DBD,1,70890,52.4,27.1,86.1
33.74.04,Semarang Selatan,2024-02-19,DBD,0,70890,37.0,27.4,84.3
33.74.04,Semarang Selatan,2024-02-26,DBD,1,70890,47.2,27.3,83.9
33.74.04,Semarang Selatan,2024-03-04,DBD,0,70890,90.6,27.1,86.1
33.74.04,Semarang Selatan,2024-03-11,DBD,0,70890,63.7,26.4,85.9
33.74.04,Semarang Selatan,2024-03-18,DBD,1,70890,14.9,27.3,81.1
33.74.04,Semarang Selatan,2024-03-25,DBD,0,70890,31.3,28.0,81.3
33.74.04,Semarang Selatan,2024-04-01,DBD,0,70890,29.1,27.7,84.6
33.74.04,Semarang Selatan,2024-04-08,DBD,0,70890,41.3,27.7,83.1
33.74.04,Semarang Selatan,2024-04-15,DBD,0,70890,55.3,27.7,83.7
33.74.04,Semarang Selatan,2024-04-22,DBD,0,70890,67.2,27.8,82.6
33.74.04,Semarang Selatan,2024-04-29,DBD,0,70890,6.1,29.3,71.3
33.74.04,Semarang Selatan,2024-05-06,DBD,0,70890,6.6,29.7,64.0
33.74.04,Semarang Selatan,2024-05-13,DBD,1,70890,2.0,30.5,61.6
33.74.04,Semarang Selatan,2024-05-20,DBD,0,70890,13.7,29.2,70.0
33.74.04,Semarang Selatan,2024-05-27,DBD,0,70890,20.5,29.5,69.7
33.74.04,Semarang Selatan,2024-06-03,DBD,1,70890,4.5,28.4,73.1
33.74.04,Semarang Selatan,2024-06-10,DBD,0,70890,29.8,27.8,77.7
33.74.04,Semarang Selatan,2024-06-17,DBD,1,70890,3.1,28.5,63.0
33.74.04,Semarang Selatan,2024-06-24,DBD,0,70890,14.4,28.7,71.1
33.74.04,Semarang Selatan,2024-07-01,DBD,0,70890,33.3,27.6,76.1
33.74.04,Semarang Selatan,2024-07-08,DBD,0,70890,0.4,27.7,63.6
33.74.04,Semarang Selatan,2024-07-15,DBD,0,70890,0.5,28.2,59.4
33.74.04,Semarang Selatan,2024-07-22,DBD,0,70890,0.5,28.5,61.9
33.74.04,Semarang Selatan,2024-07-29,DBD,0,70890,13.1,28.3,67.0
33.74.04,Semarang Selatan,2024-08-05,DBD,0,70890,2.5,28.1,66.6
33.74.04,Semarang Selatan,2024-08-12,DBD,1,70890,0.0,28.0,58.1
33.74.04,Semarang Selatan,2024-08-19,DBD,0,70890,0.0,28.6,61.3
33.74.04,Semarang Selatan,2024-08-26,DBD,0,70890,0.2,29.4,56.4
33.74.04,Semarang Selatan,2024-09-02,DBD,1,70890,17.8,29.3,62.4
33.74.04,Semarang Selatan,2024-09-09,DBD,0,70890,37.2,28.1,69.4
33.74.04,Semarang Selatan,2024-09-16,DBD,0,70890,0.4,28.3,59.0
33.74.04,Semarang Selatan,2024-09-23,DBD,0,70890,23.0,28.1,74.9
33.74.04,Semarang Selatan,2024-09-30,DBD,0,70890,9.0,29.5,66.7
33.74.04,Semarang Selatan,2024-10-07,DBD,0,70890,28.7,30.0,63.0
33.74.04,Semarang Selatan,2024-10-14,DBD,0,70890,11.1,28.4,67.0
33.74.04,Semarang Selatan,2024-10-21,DBD,0,70890,5.9,29.3,65.0
33.74.04,Semarang Selatan,2024-10-28,DBD,0,70890,53.2,28.4,74.3
33.74.04,Semarang Selatan,2024-11-04,DBD,0,70890,48.7,27.9,77.0
33.74.04,Semarang Selatan,2024-11-11,DBD,0,70890,70.6,28.2,77.9
33.74.04,Semarang Selatan,2024-11-18,DBD,0,70890,73.8,27.3,84.4
33.74.04,Semarang Selatan,2024-11-25,DBD,0,70890,55.8,27.5,85.9
33.74.04,Semarang Selatan,2024-12-02,DBD,0,70890,80.5,26.7,88.0
33.74.04,Semarang Selatan,2024-12-09,DBD,1,70890,73.1,26.9,86.4
33.74.04,Semarang Selatan,2024-12-16,DBD,0,70890,74.7,27.0,84.9
33.74.04,Semarang Selatan,2024-12-23,DBD,1,70890,59.1,26.6,87.6
33.74.05,Semarang Barat,2024-01-01,DBD,0,158726,109.7,27.1,86.7
33.74.05,Semarang Barat,2024-01-08,DBD,0,158726,34.3,27.4,84.3
33.74.05,Semarang Barat,2024-01-15,DBD,0,158726,39.7,27.0,86.3
33.74.05,Semarang Barat,2024-01-22,DBD,0,158726,55.5,26.7,86.3
33.74.05,Semarang Barat,2024-01-29,DBD,0,158726,89.0,26.8,87.0
33.74.05,Semarang Barat,2024-02-05,DBD,0,158726,73.8,26.8,86.0
33.74.05,Semarang Barat,2024-02-12,DBD,1,158726,52.4,27.3,86.3
33.74.05,Semarang Barat,2024-02-19,DBD,0,158726,37.0,27.7,84.4
33.74.05,Semarang Barat,2024-02-26,DBD,1,158726,47.2,27.6,83.9
33.74.05,Semarang Barat,2024-03-04,DBD,0,158726,90.6,27.3,86.1
33.74.05,Semarang Barat,2024-03-11,DBD,1,158726,63.7,26.6,86.0
33.74.05,Semarang Barat,2024-03-18,DBD,0,158726,14.9,27.6,81.1
33.74.05,Semarang Barat,2024-03-25,DBD,3,158726,31.3,28.2,81.3
33.74.05,Semarang Barat,2024-04-01,DBD,0,158726,29.1,27.9,84.6
33.74.05,Semarang Barat,2024-04-08,DBD,1,158726,41.3,27.9,83.1
33.74.05,Semarang Barat,2024-04-15,DBD,0,158726,55.3,27.9,83.7
33.74.05,Semarang Barat,2024-04-22,DBD,1,158726,67.2,28.0,82.6
33.74.05,Semarang Barat,2024-04-29,DBD,0,158726,6.1,29.5,71.3
33.74.05,Semarang Barat,2024-05-06,DBD,0,158726,6.6,29.9,64.0
33.74.05,Semarang Barat,2024-05-13,DBD,4,158726,2.0,30.7,61.7
33.74.05,Semarang Barat,2024-05-20,DBD,0,158726,13.7,29.4,70.0
33.74.05,Semarang Barat,2024-05-27,DBD,0,158726,20.5,29.7,69.7
33.74.05,Semarang Barat,2024-06-03,DBD,0,158726,4.5,28.6,73.1
33.74.05,Semarang Barat,2024-06-10,DBD,1,158726,29.8,28.1,77.7
33.74.05,Semarang Barat,2024-06-17,DBD,0,158726,3.1,28.7,63.0
33.74.05,Semarang Barat,2024-06-24,DBD,0,158726,14.4,28.9,71.3
33.74.05,Semarang Barat,2024-07-01,DBD,1,158726,33.3,27.8,76.1
33.74.05,Semarang Barat,2024-07-08,DBD,0,158726,0.4,27.9,63.6
33.74.05,Semarang Barat,2024-07-15,DBD,0,158726,0.5,28.4,59.4
33.74.05,Semarang Barat,2024-07-22,DBD,2,158726,0.5,28.7,62.1
33.74.05,Semarang Barat,2024-07-29,DBD,0,158726,13.1,28.5,67.0
33.74.05,Semarang Barat,2024-08-05,DBD,1,158726,2.5,28.3,66.6
33.74.05,Semarang Barat,2024-08-12,DBD,0,158726,0.0,28.2,58.1
33.74.05,Semarang Barat,2024-08-19,DBD,1,158726,0.0,28.8,61.3
33.74.05,Semarang Barat,2024-08-26,DBD,0,158726,0.2,29.7,56.6
33.74.05,Semarang Barat,2024-09-02,DBD,1,158726,17.8,29.5,62.4
33.74.05,Semarang Barat,2024-09-09,DBD,1,158726,37.2,28.3,69.4
33.74.05,Semarang Barat,2024-09-16,DBD,0,158726,0.4,28.5,59.0
33.74.05,Semarang Barat,2024-09-23,DBD,1,158726,23.0,28.3,74.9
33.74.05,Semarang Barat,2024-09-30,DBD,0,158726,9.0,29.7,66.7
33.74.05,Semarang Barat,2024-10-07,DBD,0,158726,28.7,30.3,63.0
33.74.05,Semarang Barat,2024-10-14,DBD,0,158726,11.1,28.6,67.0
33.74.05,Semarang Barat,2024-10-21,DBD,0,158726,5.9,29.5,65.0
33.74.05,Semarang Barat,2024-10-28,DBD,0,158726,53.2,28.6,74.6
33.74.05,Semarang Barat,2024-11-04,DBD,0,158726,48.7,28.1,77.0
33.74.05,Semarang Barat,2024-11-11,DBD,0,158726,70.6,28.4,77.9
33.74.05,Semarang Barat,2024-11-18,DBD,0,158726,73.8,27.5,84.4
33.74.05,Semarang Barat,2024-11-25,DBD,0,158726,55.8,27.7,85.9
33.74.05,Semarang Barat,2024-12-02,DBD,0,158726,80.5,26.9,88.0
33.74.05,Semarang Barat,2024-12-09,DBD,0,158726,73.1,27.1,86.4
33.74.05,Semarang Barat,2024-12-16,DBD,0,158726,74.7,27.2,84.9
33.74.05,Semarang Barat,2024-12-23,DBD,1,158726,59.1,26.8,87.6
33.74.06,Gayamsari,2024-01-01,DBD,0,68900,109.7,26.9,86.7
33.74.06,Gayamsari,2024-01-08,DBD,0,68900,34.3,27.2,84.3
33.74.06,Gayamsari,2024-01-15,DBD,0,68900,39.7,26.8,86.3
33.74.06,Gayamsari,2024-01-22,DBD,0,68900,55.5,26.5,86.3
33.74.06,Gayamsari,2024-01-29,DBD,2,68900,89.0,26.5,86.9
33.74.06,Gayamsari,2024-02-05,DBD,0,68900,73.8,26.5,86.0
33.74.06,Gayamsari,2024-02-12,DBD,0,68900,52.4,27.1,86.1
33.74.06,Gayamsari,2024-02-19,DBD,1,68900,37.0,27.4,84.3
33.74.06,Gayamsari,2024-02-26,DBD,0,68900,47.2,27.3,83.9
33.74.06,Gayamsari,2024-03-04,DBD,0,68900,90.6,27.1,86.1
33.74.06,Gayamsari,2024-03-11,DBD,1,68900,63.7,26.4,85.9
33.74.06,Gayamsari,2024-03-18,DBD,0,68900,14.9,27.3,81.1
33.74.06,Gayamsari,2024-03-25,DBD,0,68900,31.3,28.0,81.3
33.74.06,Gayamsari,2024-04-01,DBD,2,68900,29.1,27.7,84.6
33.74.06,Gayamsari,2024-04-08,DBD,1,68900,41.3,27.7,83.1
33.74.06,Gayamsari,2024-04-15,DBD,0,68900,55.3,27.7,83.7
33.74.06,Gayamsari,2024-04-22,DBD,0,68900,67.2,27.8,82.6
33.74.06,Gayamsari,2024-04-29,DBD,1,68900,6.1,29.3,71.3
33.74.06,Gayamsari,2024-05-06,DBD,0,68900,6.6,29.7,64.0
33.74.06,Gayamsari,2024-05-13,DBD,0,68900,2.0,30.5,61.6
33.74.06,Gayamsari,2024-05-20,DBD,0,68900,13.7,29.2,70.0
33.74.06,Gayamsari,2024-05-27,DBD,0,68900,20.5,29.5,69.7
33.74.06,Gayamsari,2024-06-03,DBD,1,68900,4.5,28.4,73.1
33.74.06,Gayamsari,2024-06-10,DBD,0,68900,29.8,27.8,77.7
33.74.06,Gayamsari,2024-06-17,DBD,2,68900,3.1,28.5,63.0
33.74.06,Gayamsari,2024-06-24,DBD,0,68900,14.4,28.7,71.1
33.74.06,Gayamsari,2024-07-01,DBD,0,68900,33.3,27.6,76.1
33.74.06,Gayamsari,2024-07-08,DBD,0,68900,0.4,27.7,63.6
33.74.06,Gayamsari,2024-07-15,DBD,1,68900,0.5,28.2,59.4
33.74.06,Gayamsari,2024-07-22,DBD,0,68900,0.5,28.5,61.9
33.74.06,Gayamsari,2024-07-29,DBD,0,68900,13.1,28.3,67.0
33.74.06,Gayamsari,2024-08-05,DBD,0,68900,2.5,28.1,66.6
33.74.06,Gayamsari,2024-08-12,DBD,0,68900,0.0,28.0,58.1
33.74.06,Gayamsari,2024-08-19,DBD,0,68900,0.0,28.6,61.3
33.74.06,Gayamsari,2024-08-26,DBD,0,68900,0.2,29.4,56.4
33.74.06,Gayamsari,2024-09-02,DBD,1,68900,17.8,29.3,62.4
33.74.06,Gayamsari,2024-09-09,DBD,0,68900,37.2,28.1,69.4
33.74.06,Gayamsari,2024-09-16,DBD,0,68900,0.4,28.3,59.0
33.74.06,Gayamsari,2024-09-23,DBD,1,68900,23.0,28.1,74.9
33.74.06,Gayamsari,2024-09-30,DBD,0,68900,9.0,29.5,66.7
33.74.06,Gayamsari,2024-10-07,DBD,0,68900,28.7,30.0,63.0
33.74.06,Gayamsari,2024-10-14,DBD,0,68900,11.1,28.4,67.0
33.74.06,Gayamsari,2024-10-21,DBD,0,68900,5.9,29.3,65.0
33.74.06,Gayamsari,2024-10-28,DBD,0,68900,53.2,28.4,74.3
33.74.06,Gayamsari,2024-11-04,DBD,0,68900,48.7,27.9,77.0
33.74.06,Gayamsari,2024-11-11,DBD,0,68900,70.6,28.2,77.9
33.74.06,Gayamsari,2024-11-18,DBD,0,68900,73.8,27.3,84.4
33.74.06,Gayamsari,2024-11-25,DBD,0,68900,55.8,27.5,85.9
33.74.06,Gayamsari,2024-12-02,DBD,0,68900,80.5,26.7,88.0
33.74.06,Gayamsari,2024-12-09,DBD,0,68900,73.1,26.9,86.4
33.74.06,Gayamsari,2024-12-16,DBD,1,68900,74.7,27.0,84.9
33.74.06,Gayamsari,2024-12-23,DBD,0,68900,59.1,26.6,87.6
33.74.07,Candisari,2024-01-01,DBD,2,78420,109.7,26.9,86.7
33.74.07,Candisari,2024-01-08,DBD,0,78420,34.3,27.2,84.3
33.74.07,Candisari,2024-01-15,DBD,0,78420,39.7,26.8,86.3
33.74.07,Candisari,2024-01-22,DBD,1,78420,55.5,26.5,86.3
33.74.07,Candisari,2024-01-29,DBD,0,78420,89.0,26.5,86.9
33.74.07,Candisari,2024-02-05,DBD,2,78420,73.8,26.5,86.0
33.74.07,Candisari,2024-02-12,DBD,0,78420,52.4,27.1,86.1
33.74.07,Candisari,2024-02-19,DBD,0,78420,37.0,27.4,84.3
33.74.07,Candisari,2024-02-26,DBD,1,78420,47.2,27.3,83.9
33.74.07,Candisari,2024-03-04,DBD,0,78420,90.6,27.1,86.1
33.74.07,Candisari,2024-03-11,DBD,1,78420,63.7,26.4,85.9
33.74.07,Candisari,2024-03-18,DBD,1,78420,14.9,27.3,81.1
33.74.07,Candisari,2024-03-25,DBD,0,78420,31.3,28.0,81.3
33.74.07,Candisari,2024-04-01,DBD,1,78420,29.1,27.7,84.6
33.74.07,Candisari,2024-04-08,DBD,0,78420,41.3,27.7,83.1
33.74.07,Candisari,2024-04-15,DBD,0,78420,55.3,27.7,83.7
33.74.07,Candisari,2024-04-22,DBD,0,78420,67.2,27.8,82.6
33.74.07,Candisari,2024-04-29,DBD,2,78420,6.1,29.3,71.3
33.74.07,Candisari,2024-05-06,DBD,0,78420,6.6,29.7,64.0
33.74.07,Candisari,2024-05-13,DBD,0,78420,2.0,30.5,61.6
33.74.07,Candisari,2024-05-20,DBD,1,78420,13.7,29.2,70.0
33.74.07,Candisari,2024-05-27,DBD,1,78420,20.5,29.5,69.7
33.74.07,Candisari,2024-06-03,DBD,0,78420,4.5,28.4,73.1
33.74.07,Candisari,2024-06-10,DBD,0,78420,29.8,27.8,77.7
33.74.07,Candisari,2024-06-17,DBD,0,78420,3.1,28.5,63.0
33.74.07,Candisari,2024-06-24,DBD,0,78420,14.4,28.7,71.1
33.74.07,Candisari,2024-07-01,DBD,0,78420,33.3,27.6,76.1
33.74.07,Candisari,2024-07-08,DBD,0,78420,0.4,27.7,63.6
33.74.07,Candisari,2024-07-15,DBD,0,78420,0.5,28.2,59.4
33.74.07,Candisari,2024-07-22,DBD,1,78420,0.5,28.5,61.9
33.74.07,Candisari,2024-07-29,DBD,0,78420,13.1,28.3,67.0
33.74.07,Candisari,2024-08-05,DBD,1,78420,2.5,28.1,66.6
33.74.07,Candisari,2024-08-12,DBD,0,78420,0.0,28.0,58.1
33.74.07,Candisari,2024-08-19,DBD,0,78420,0.0,28.6,61.3
33.74.07,Candisari,2024-08-26,DBD,0,78420,0.2,29.4,56.4
33.74.07,Candisari,2024-09-02,DBD,0,78420,17.8,29.3,62.4
33.74.07,Candisari,2024-09-09,DBD,0,78420,37.2,28.1,69.4
33.74.07,Candisari,2024-09-16,DBD,0,78420,0.4,28.3,59.0
33.74.07,Candisari,2024-09-23,DBD,0,78420,23.0,28.1,74.9
33.74.07,Candisari,2024-09-30,DBD,0,78420,9.0,29.5,66.7
33.74.07,Candisari,2024-10-07,DBD,0,78420,28.7,30.0,63.0
33.74.07,Candisari,2024-10-14,DBD,0,78420,11.1,28.4,67.0
33.74.07,Candisari,2024-10-21,DBD,0,78420,5.9,29.3,65.0
33.74.07,Candisari,2024-10-28,DBD,0,78420,53.2,28.4,74.3
33.74.07,Candisari,2024-11-04,DBD,0,78420,48.7,27.9,77.0
33.74.07,Candisari,2024-11-11,DBD,0,78420,70.6,28.2,77.9
33.74.07,Candisari,2024-11-18,DBD,0,78420,73.8,27.3,84.4
33.74.07,Candisari,2024-11-25,DBD,0,78420,55.8,27.5,85.9
33.74.07,Candisari,2024-12-02,DBD,0,78420,80.5,26.7,88.0
33.74.07,Candisari,2024-12-09,DBD,0,78420,73.1,26.9,86.4
33.74.07,Candisari,2024-12-16,DBD,0,78420,74.7,27.0,84.9
33.74.07,Candisari,2024-12-23,DBD,1,78420,59.1,26.6,87.6
33.74.08,Gajahmungkur,2024-01-01,DBD,0,58310,109.7,26.9,86.7
33.74.08,Gajahmungkur,2024-01-08,DBD,0,58310,34.3,27.2,84.3
33.74.08,Gajahmungkur,2024-01-15,DBD,0,58310,39.7,26.8,86.3
33.74.08,Gajahmungkur,2024-01-22,DBD,1,58310,55.5,26.5,86.3
33.74.08,Gajahmungkur,2024-01-29,DBD,1,58310,89.0,26.5,86.9
33.74.08,Gajahmungkur,2024-02-05,DBD,0,58310,73.8,26.5,86.0
33.74.08,Gajahmungkur,2024-02-12,DBD,2,58310,52.4,27.1,86.1
33.74.08,Gajahmungkur,2024-02-19,DBD,0,58310,37.0,27.4,84.3
33.74.08,Gajahmungkur,2024-02-26,DBD,0,58310,47.2,27.3,83.9
33.74.08,Gajahmungkur,2024-03-04,DBD,0,58310,90.6,27.1,86.1
33.74.08,Gajahmungkur,2024-03-11,DBD,0,58310,63.7,26.4,85.9
33.74.08,Gajahmungkur,2024-03-18,DBD,1,58310,14.9,27.3,81.1
33.74.08,Gajahmungkur,2024-03-25,DBD,0,58310,31.3,28.0,81.3
33.74.08,Gajahmungkur,2024-04-01,DBD,0,58310,29.1,27.7,84.6
33.74.08,Gajahmungkur,2024-04-08,DBD,0,58310,41.3,27.7,83.1
33.74.08,Gajahmungkur,2024-04-15,DBD,0,58310,55.3,27.7,83.7
33.74.08,Gajahmungkur,2024-04-22,DBD,0,58310,67.2,27.8,82.6
33.74.08,Gajahmungkur,2024-04-29,DBD,0,58310,6.1,29.3,71.3
33.74.08,Gajahmungkur,2024-05-06,DBD,0,58310,6.6,29.7,64.0
33.74.08,Gajahmungkur,2024-05-13,DBD,1,58310,2.0,30.5,61.6
33.74.08,Gajahmungkur,2024-05-20,DBD,2,58310,13.7,29.2,70.0
33.74.08,Gajahmungkur,2024-05-27,DBD,0,58310,20.5,29.5,69.7
33.74.08,Gajahmungkur,2024-06-03,DBD,1,58310,4.5,28.4,73.1
33.74.08,Gajahmungkur,2024-06-10,DBD,0,58310,29.8,27.8,77.7
33.74.08,Gajahmungkur,2024-06-17,DBD,0,58310,3.1,28.5,63.0
33.74.08,Gajahmungkur,2024-06-24,DBD,0,58310,14.4,28.7,71.1
33.74.08,Gajahmungkur,2024-07-01,DBD,0,58310,33.3,27.6,76.1
33.74.08,Gajahmungkur,2024-07-08,DBD,1,58310,0.4,27.7,63.6
33.74.08,Gajahmungkur,2024-07-15,DBD,0,58310,0.5,28.2,59.4
33.74.08,Gajahmungkur,2024-07-22,DBD,0,58310,0.5,28.5,61.9
33.74.08,Gajahmungkur,2024-07-29,DBD,0,58310,13.1,28.3,67.0
33.74.08,Gajahmungkur,2024-08-05,DBD,0,58310,2.5,28.1,66.6
33.74.08,Gajahmungkur,2024-08-12,DBD,1,58310,0.0,28.0,58.1
33.74.08,Gajahmungkur,2024-08-19,DBD,0,58310,0.0,28.6,61.3
33.74.08,Gajahmungkur,2024-08-26,DBD,0,58310,0.2,29.4,56.4
33.74.08,Gajahmungkur,2024-09-02,DBD,0,58310,17.8,29.3,62.4
33.74.08,Gajahmungkur,2024-09-09,DBD,0,58310,37.2,28.1,69.4
33.74.08,Gajahmungkur,2024-09-16,DBD,0,58310,0.4,28.3,59.0
33.74.08,Gajahmungkur,2024-09-23,DBD,0,58310,23.0,28.1,74.9
33.74.08,Gajahmungkur,2024-09-30,DBD,0,58310,9.0,29.5,66.7
33.74.08,Gajahmungkur,2024-10-07,DBD,0,58310,28.7,30.0,63.0
33.74.08,Gajahmungkur,2024-10-14,DBD,0,58310,11.1,28.4,67.0
33.74.08,Gajahmungkur,2024-10-21,DBD,0,58310,5.9,29.3,65.0
33.74.08,Gajahmungkur,2024-10-28,DBD,0,58310,53.2,28.4,74.3
33.74.08,Gajahmungkur,2024-11-04,DBD,0,58310,48.7,27.9,77.0
33.74.08,Gajahmungkur,2024-11-11,DBD,0,58310,70.6,28.2,77.9
33.74.08,Gajahmungkur,2024-11-18,DBD,0,58310,73.8,27.3,84.4
33.74.08,Gajahmungkur,2024-11-25,DBD,0,58310,55.8,27.5,85.9
33.74.08,Gajahmungkur,2024-12-02,DBD,0,58310,80.5,26.7,88.0
33.74.08,Gajahmungkur,2024-12-09,DBD,0,58310,73.1,26.9,86.4
33.74.08,Gajahmungkur,2024-12-16,DBD,0,58310,74.7,27.0,84.9
33.74.08,Gajahmungkur,2024-12-23,DBD,1,58310,59.1,26.6,87.6
33.74.09,Genuk,2024-01-01,DBD,1,112400,112.4,26.7,88.7
33.74.09,Genuk,2024-01-08,DBD,0,112400,41.3,27.1,86.0
33.74.09,Genuk,2024-01-15,DBD,0,112400,39.5,26.5,87.3
33.74.09,Genuk,2024-01-22,DBD,0,112400,42.8,26.3,88.0
33.74.09,Genuk,2024-01-29,DBD,0,112400,64.0,26.5,87.9
33.74.09,Genuk,2024-02-05,DBD,1,112400,74.2,26.4,86.9
33.74.09,Genuk,2024-02-12,DBD,0,112400,38.9,27.2,86.0
33.74.09,Genuk,2024-02-19,DBD,1,112400,70.6,27.5,84.7
33.74.09,Genuk,2024-02-26,DBD,1,112400,31.8,27.5,83.0
33.74.09,Genuk,2024-03-04,DBD,0,112400,75.1,27.2,86.1
33.74.09,Genuk,2024-03-11,DBD,2,112400,59.5,26.5,86.0
33.74.09,Genuk,2024-03-18,DBD,0,112400,17.8,27.5,81.0
33.74.09,Genuk,2024-03-25,DBD,0,112400,40.5,28.0,81.0
33.74.09,Genuk,2024-04-01,DBD,1,112400,50.2,27.8,83.9
33.74.09,Genuk,2024-04-08,DBD,0,112400,35.0,27.8,82.9
33.74.09,Genuk,2024-04-15,DBD,0,112400,61.6,27.6,84.9
33.74.09,Genuk,2024-04-22,DBD,1,112400,64.3,27.7,83.9
33.74.09,Genuk,2024-04-29,DBD,1,112400,2.6,29.7,67.6
33.74.09,Genuk,2024-05-06,DBD,2,112400,8.1,29.8,64.0
33.74.09,Genuk,2024-05-13,DBD,1,112400,1.4,30.8,59.1
33.74.09,Genuk,2024-05-20,DBD,2,112400,20.7,29.3,69.1
33.74.09,Genuk,2024-05-27,DBD,2,112400,16.9,29.6,68.7
33.74.09,Genuk,2024-06-03,DBD,1,112400,5.0,28.6,71.6
33.74.09,Genuk,2024-06-10,DBD,2,112400,53.6,27.8,78.7
33.74.09,Genuk,2024-06-17,DBD,0,112400,2.1,28.3,64.6
33.74.09,Genuk,2024-06-24,DBD,1,112400,9.3,28.7,71.6
33.74.09,Genuk,2024-07-01,DBD,0,112400,38.9,27.7,76.1
33.74.09,Genuk,2024-07-08,DBD,0,112400,0.6,27.6,64.0
33.74.09,Genuk,2024-07-15,DBD,1,112400,1.2,28.2,59.0
33.74.09,Genuk,2024-07-22,DBD,0,112400,0.0,28.7,60.0
33.74.09,Genuk,2024-07-29,DBD,0,112400,20.6,28.5,65.1
33.74.09,Genuk,2024-08-05,DBD,0,112400,0.0,28.4,63.1
33.74.09,Genuk,2024-08-12,DBD,0,112400,0.0,28.4,54.1
33.74.09,Genuk,2024-08-19,DBD,0,112400,0.1,28.9,58.9
33.74.09,Genuk,2024-08-26,DBD,0,112400,0.0,29.9,52.0
33.74.09,Genuk,2024-09-02,DBD,1,112400,9.8,29.7,59.3
33.74.09,Genuk,2024-09-09,DBD,1,112400,41.0,28.1,68.4
33.74.09,Genuk,2024-09-16,DBD,0,112400,0.5,28.2,60.1
33.74.09,Genuk,2024-09-23,DBD,1,112400,50.0,27.9,77.6
33.74.09,Genuk,2024-09-30,DBD,1,112400,4.9,29.3,67.4
33.74.09,Genuk,2024-10-07,DBD,0,112400,28.3,29.9,64.6
33.74.09,Genuk,2024-10-14,DBD,0,112400,17.2,28.3,67.0
33.74.09,Genuk,2024-10-21,DBD,0,112400,4.5,29.4,64.9
33.74.09,Genuk,2024-10-28,DBD,0,112400,55.9,28.5,73.9
33.74.09,Genuk,2024-11-04,DBD,0,112400,46.1,27.8,78.9
33.74.09,Genuk,2024-11-11,DBD,0,112400,68.5,28.0,79.6
33.74.09,Genuk,2024-11-18,DBD,1,112400,107.7,27.2,85.0
33.74.09,Genuk,2024-11-25,DBD,0,112400,32.3,27.8,81.7
33.74.09,Genuk,2024-12-02,DBD,0,112400,67.0,27.0,85.1
33.74.09,Genuk,2024-12-09,DBD,0,112400,39.3,27.1,85.1
33.74.09,Genuk,2024-12-16,DBD,0,112400,50.6,27.2,83.3
33.74.09,Genuk,2024-12-23,DBD,1,112400,26.6,26.9,85.0
33.74.10,Pedurungan,2024-01-01,DBD,0,192500,112.4,26.9,88.7
33.74.10,Pedurungan,2024-01-08,DBD,0,192500,41.3,27.2,86.0
33.74.10,Pedurungan,2024-01-15,DBD,0,192500,39.5,26.7,87.3
33.74.10,Pedurungan,2024-01-22,DBD,1,192500,42.8,26.4,88.0
33.74.10,Pedurungan,2024-01-29,DBD,1,192500,64.0,26.6,87.9
33.74.10,Pedurungan,2024-02-05,DBD,2,192500,74.2,26.6,86.9
33.74.10,Pedurungan,2024-02-12,DBD,3,192500,38.9,27.3,86.0
33.74.10,Pedurungan,2024-02-19,DBD,1,192500,70.6,27.7,84.7
33.74.10,Pedurungan,2024-02-26,DBD,1,192500,31.8,27.7,83.0
33.74.10,Pedurungan,2024-03-04,DBD,0,192500,75.1,27.4,86.1
33.74.10,Pedurungan,2024-03-11,DBD,3,192500,59.5,26.6,86.0
33.74.10,Pedurungan,2024-03-18,DBD,0,192500,17.8,27.6,81.0
33.74.10,Pedurungan,2024-03-25,DBD,1,192500,40.5,28.2,81.0
33.74.10,Pedurungan,2024-04-01,DBD,1,192500,50.2,27.9,83.9
33.74.10,Pedurungan,2024-04-08,DBD,0,192500,35.0,28.0,82.9
33.74.10,Pedurungan,2024-04-15,DBD,0,192500,61.6,27.7,84.9
33.74.10,Pedurungan,2024-04-22,DBD,1,192500,64.3,27.9,83.9
33.74.10,Pedurungan,2024-04-29,DBD,2,192500,2.6,29.9,67.6
33.74.10,Pedurungan,2024-05-06,DBD,0,192500,8.1,29.9,64.0
33.74.10,Pedurungan,2024-05-13,DBD,2,192500,1.4,30.9,59.1
33.74.10,Pedurungan,2024-05-20,DBD,1,192500,20.7,29.4,69.3
33.74.10,Pedurungan,2024-05-27,DBD,2,192500,16.9,29.7,68.7
33.74.10,Pedurungan,2024-06-03,DBD,1,192500,5.0,28.8,71.6
33.74.10,Pedurungan,2024-06-10,DBD,3,192500,53.6,28.0,78.7
33.74.10,Pedurungan,2024-06-17,DBD,0,192500,2.1,28.4,64.7
33.74.10,Pedurungan,2024-06-24,DBD,0,192500,9.3,28.9,71.6
33.74.10,Pedurungan,2024-07-01,DBD,0,192500,38.9,27.8,76.1
33.74.10,Pedurungan,2024-07-08,DBD,0,192500,0.6,27.8,64.0
33.74.10,Pedurungan,2024-07-15,DBD,1,192500,1.2,28.3,59.0
33.74.10,Pedurungan,2024-07-22,DBD,0,192500,0.0,28.9,60.0
33.74.10,Pedurungan,2024-07-29,DBD,1,192500,20.6,28.7,65.1
33.74.10,Pedurungan,2024-08-05,DBD,0,192500,0.0,28.5,63.1
33.74.10,Pedurungan,2024-08-12,DBD,0,192500,0.0,28.6,54.1
33.74.10,Pedurungan,2024-08-19,DBD,0,192500,0.1,29.0,58.9
33.74.10,Pedurungan,2024-08-26,DBD,0,192500,0.0,30.0,52.0
33.74.10,Pedurungan,2024-09-02,DBD,0,192500,9.8,29.8,59.3
33.74.10,Pedurungan,2024-09-09,DBD,0,192500,41.0,28.2,68.4
33.74.10,Pedurungan,2024-09-16,DBD,0,192500,0.5,28.3,60.1
33.74.10,Pedurungan,2024-09-23,DBD,0,192500,50.0,28.0,77.6
33.74.10,Pedurungan,2024-09-30,DBD,1,192500,4.9,29.5,67.4
33.74.10,Pedurungan,2024-10-07,DBD,1,192500,28.3,30.1,64.7
33.74.10,Pedurungan,2024-10-14,DBD,0,192500,17.2,28.4,67.0
33.74.10,Pedurungan,2024-10-21,DBD,0,192500,4.5,29.5,64.9
33.74.10,Pedurungan,2024-10-28,DBD,2,192500,55.9,28.6,73.9
33.74.10,Pedurungan,2024-11-04,DBD,0,192500,46.1,27.9,78.9
33.74.10,Pedurungan,2024-11-11,DBD,1,192500,68.5,28.1,79.6
33.74.10,Pedurungan,2024-11-18,DBD,0,192500,107.7,27.4,85.1
33.74.10,Pedurungan,2024-11-25,DBD,1,192500,32.3,28.0,81.7
33.74.10,Pedurungan,2024-12-02,DBD,1,192500,67.0,27.1,85.1
33.74.10,Pedurungan,2024-12-09,DBD,0,192500,39.3,27.2,85.1
33.74.10,Pedurungan,2024-12-16,DBD,1,192500,50.6,27.3,83.3
33.74.10,Pedurungan,2024-12-23,DBD,0,192500,26.6,27.1,85.0
33.74.11,Tembalang,2024-01-01,DBD,0,185400,109.9,26.1,88.9
33.74.11,Tembalang,2024-01-08,DBD,0,185400,62.7,26.3,85.9
33.74.11,Tembalang,2024-01-15,DBD,1,185400,99.5,25.9,88.4
33.74.11,Tembalang,2024-01-22,DBD,2,185400,85.0,25.6,88.9
33.74.11,Tembalang,2024-01-29,DBD,0,185400,132.7,25.6,89.1
33.74.11,Tembalang,2024-02-05,DBD,1,185400,113.3,25.5,88.4
33.74.11,Tembalang,2024-02-12,DBD,0,185400,78.2,26.3,87.4
33.74.11,Tembalang,2024-02-19,DBD,1,185400,80.5,26.6,85.7
33.74.11,Tembalang,2024-02-26,DBD,2,185400,81.2,26.3,86.7
33.74.11,Tembalang,2024-03-04,DBD,1,185400,111.6,26.2,88.9
33.74.11,Tembalang,2024-03-11,DBD,1,185400,64.4,25.6,87.4
33.74.11,Tembalang,2024-03-18,DBD,1,185400,25.7,26.5,82.7
33.74.11,Tembalang,2024-03-25,DBD,0,185400,78.5,27.1,83.3
33.74.11,Tembalang,2024-04-01,DBD,0,185400,66.8,26.8,86.6
33.74.11,Tembalang,2024-04-08,DBD,2,185400,63.0,26.7,85.7
33.74.11,Tembalang,2024-04-15,DBD,3,185400,81.6,26.7,85.7
33.74.11,Tembalang,2024-04-22,DBD,3,185400,97.5,26.9,85.1
33.74.11,Tembalang,2024-04-29,DBD,0,185400,4.6,28.0,75.0
33.74.11,Tembalang,2024-05-06,DBD,2,185400,6.3,28.1,70.1
33.74.11,Tembalang,2024-05-13,DBD,3,185400,3.1,28.8,68.3
33.74.11,Tembalang,2024-05-20,DBD,3,185400,27.7,27.8,75.3
33.74.11,Tembalang,2024-05-27,DBD,1,185400,14.6,28.3,74.0
33.74.11,Tembalang,2024-06-03,DBD,1,185400,6.1,27.5,74.7
33.74.11,Tembalang,2024-06-10,DBD,1,185400,45.8,26.9,79.9
33.74.11,Tembalang,2024-06-17,DBD,0,185400,1.1,27.3,65.6
33.74.11,Tembalang,2024-06-24,DBD,0,185400,19.0,27.7,74.4
33.74.11,Tembalang,2024-07-01,DBD,0,185400,34.5,26.6,78.1
33.74.11,Tembalang,2024-07-08,DBD,0,185400,0.4,26.6,66.1
33.74.11,Tembalang,2024-07-15,DBD,2,185400,1.3,27.1,61.9
33.74.11,Tembalang,2024-07-22,DBD,1,185400,0.6,27.6,63.3
33.74.11,Tembalang,2024-07-29,DBD,0,185400,13.0,27.5,68.7
33.74.11,Tembalang,2024-08-05,DBD,2,185400,3.2,27.3,67.3
33.74.11,Tembalang,2024-08-12,DBD,2,185400,0.0,27.2,58.3
33.74.11,Tembalang,2024-08-19,DBD,1,185400,0.0,28.1,61.1
33.74.11,Tembalang,2024-08-26,DBD,1,185400,0.2,28.9,55.9
33.74.11,Tembalang,2024-09-02,DBD,1,185400,16.7,28.8,61.3
33.74.11,Tembalang,2024-09-09,DBD,1,185400,31.4,27.1,71.1
33.74.11,Tembalang,2024-09-16,DBD,0,185400,2.8,27.3,61.1
33.74.11,Tembalang,2024-09-23,DBD,0,185400,49.9,27.1,77.6
33.74.11,Tembalang,2024-09-30,DBD,0,185400,7.6,28.6,68.3
33.74.11,Tembalang,2024-10-07,DBD,0,185400,14.0,29.2,63.7
33.74.11,Tembalang,2024-10-14,DBD,0,185400,9.5,27.8,66.6
33.74.11,Tembalang,2024-10-21,DBD,0,185400,8.4,28.1,68.3
33.74.11,Tembalang,2024-10-28,DBD,1,185400,59.4,27.6,75.0
33.74.11,Tembalang,2024-11-04,DBD,0,185400,43.5,27.0,78.4
33.74.11,Tembalang,2024-11-11,DBD,0,185400,48.0,27.3,79.1
33.74.11,Tembalang,2024-11-18,DBD,1,185400,65.9,26.6,84.4
33.74.11,Tembalang,2024-11-25,DBD,0,185400,113.2,26.8,84.6
33.74.11,Tembalang,2024-12-02,DBD,0,185400,110.7,25.8,89.4
33.74.11,Tembalang,2024-12-09,DBD,0,185400,86.0,26.0,87.7
33.74.11,Tembalang,2024-12-16,DBD,0,185400,106.9,26.0,85.9
33.74.11,Tembalang,2024-12-23,DBD,1,185400,108.6,25.7,88.9
33.74.12,Banyumanik,2024-01-01,DBD,0,142100,109.9,26.1,88.9
33.74.12,Banyumanik,2024-01-08,DBD,1,142100,62.7,26.3,85.9
33.74.12,Banyumanik,2024-01-15,DBD,0,142100,99.5,25.9,88.4
33.74.12,Banyumanik,2024-01-22,DBD,0,142100,85.0,25.6,88.9
33.74.12,Banyumanik,2024-01-29,DBD,2,142100,132.7,25.6,89.1
33.74.12,Banyumanik,2024-02-05,DBD,1,142100,113.3,25.5,88.4
33.74.12,Banyumanik,2024-02-12,DBD,0,142100,78.2,26.3,87.4
33.74.12,Banyumanik,2024-02-19,DBD,0,142100,80.5,26.6,85.7
33.74.12,Banyumanik,2024-02-26,DBD,0,142100,81.2,26.3,86.7
33.74.12,Banyumanik,2024-03-04,DBD,1,142100,111.6,26.2,88.9
33.74.12,Banyumanik,2024-03-11,DBD,1,142100,64.4,25.6,87.4
33.74.12,Banyumanik,2024-03-18,DBD,0,142100,25.7,26.5,82.7
33.74.12,Banyumanik,2024-03-25,DBD,3,142100,78.5,27.1,83.3
33.74.12,Banyumanik,2024-04-01,DBD,1,142100,66.8,26.8,86.6
33.74.12,Banyumanik,2024-04-08,DBD,0,142100,63.0,26.7,85.7
33.74.12,Banyumanik,2024-04-15,DBD,1,142100,81.6,26.7,85.7
33.74.12,Banyumanik,2024-04-22,DBD,1,142100,97.5,26.9,85.1
33.74.12,Banyumanik,2024-04-29,DBD,0,142100,4.6,28.0,75.0
33.74.12,Banyumanik,2024-05-06,DBD,0,142100,6.3,28.1,70.1
33.74.12,Banyumanik,2024-05-13,DBD,3,142100,3.1,28.8,68.3
33.74.12,Banyumanik,2024-05-20,DBD,1,142100,27.7,27.8,75.3
33.74.12,Banyumanik,2024-05-27,DBD,1,142100,14.6,28.3,74.0
33.74.12,Banyumanik,2024-06-03,DBD,1,142100,6.1,27.5,74.7
33.74.12,Banyumanik,2024-06-10,DBD,0,142100,45.8,26.9,79.9
33.74.12,Banyumanik,2024-06-17,DBD,0,142100,1.1,27.3,65.6
33.74.12,Banyumanik,2024-06-24,DBD,0,142100,19.0,27.7,74.4
33.74.12,Banyumanik,2024-07-01,DBD,0,142100,34.5,26.6,78.1
33.74.12,Banyumanik,2024-07-08,DBD,0,142100,0.4,26.6,66.1
33.74.12,Banyumanik,2024-07-15,DBD,2,142100,1.3,27.1,61.9
33.74.12,Banyumanik,2024-07-22,DBD,3,142100,0.6,27.6,63.3
33.74.12,Banyumanik,2024-07-29,DBD,1,142100,13.0,27.5,68.7
33.74.12,Banyumanik,2024-08-05,DBD,1,142100,3.2,27.3,67.3
33.74.12,Banyumanik,2024-08-12,DBD,0,142100,0.0,27.2,58.3
33.74.12,Banyumanik,2024-08-19,DBD,2,142100,0.0,28.1,61.1
33.74.12,Banyumanik,2024-08-26,DBD,0,142100,0.2,28.9,55.9
33.74.12,Banyumanik,2024-09-02,DBD,1,142100,16.7,28.8,61.3
33.74.12,Banyumanik,2024-09-09,DBD,1,142100,31.4,27.1,71.1
33.74.12,Banyumanik,2024-09-16,DBD,0,142100,2.8,27.3,61.1
33.74.12,Banyumanik,2024-09-23,DBD,0,142100,49.9,27.1,77.6
33.74.12,Banyumanik,2024-09-30,DBD,0,142100,7.6,28.6,68.3
33.74.12,Banyumanik,2024-10-07,DBD,0,142100,14.0,29.2,63.7
33.74.12,Banyumanik,2024-10-14,DBD,0,142100,9.5,27.8,66.6
33.74.12,Banyumanik,2024-10-21,DBD,0,142100,8.4,28.1,68.3
33.74.12,Banyumanik,2024-10-28,DBD,0,142100,59.4,27.6,75.0
33.74.12,Banyumanik,2024-11-04,DBD,0,142100,43.5,27.0,78.4
33.74.12,Banyumanik,2024-11-11,DBD,0,142100,48.0,27.3,79.1
33.74.12,Banyumanik,2024-11-18,DBD,0,142100,65.9,26.6,84.4
33.74.12,Banyumanik,2024-11-25,DBD,0,142100,113.2,26.8,84.6
33.74.12,Banyumanik,2024-12-02,DBD,0,142100,110.7,25.8,89.4
33.74.12,Banyumanik,2024-12-09,DBD,0,142100,86.0,26.0,87.7
33.74.12,Banyumanik,2024-12-16,DBD,0,142100,106.9,26.0,85.9
33.74.12,Banyumanik,2024-12-23,DBD,0,142100,108.6,25.7,88.9
33.74.13,Gunungpati,2024-01-01,DBD,0,98200,128.1,25.1,89.4
33.74.13,Gunungpati,2024-01-08,DBD,1,98200,86.7,25.4,86.4
33.74.13,Gunungpati,2024-01-15,DBD,0,98200,84.4,25.1,87.3
33.74.13,Gunungpati,2024-01-22,DBD,0,98200,96.3,24.8,88.1
33.74.13,Gunungpati,2024-01-29,DBD,0,98200,156.1,24.7,89.0
33.74.13,Gunungpati,2024-02-05,DBD,0,98200,157.7,24.6,88.4
33.74.13,Gunungpati,2024-02-12,DBD,0,98200,122.1,25.3,88.7
33.74.13,Gunungpati,2024-02-19,DBD,1,98200,96.2,25.6,87.1
33.74.13,Gunungpati,2024-02-26,DBD,2,98200,109.5,25.3,88.0
33.74.13,Gunungpati,2024-03-04,DBD,0,98200,170.8,25.2,89.4
33.74.13,Gunungpati,2024-03-11,DBD,1,98200,82.3,24.4,90.4
33.74.13,Gunungpati,2024-03-18,DBD,1,98200,27.3,25.6,83.6
33.74.13,Gunungpati,2024-03-25,DBD,1,98200,70.3,26.0,84.0
33.74.13,Gunungpati,2024-04-01,DBD,1,98200,59.9,25.8,88.3
33.74.13,Gunungpati,2024-04-08,DBD,0,98200,106.6,25.7,87.4
33.74.13,Gunungpati,2024-04-15,DBD,1,98200,86.3,25.9,86.9
33.74.13,Gunungpati,2024-04-22,DBD,0,98200,117.4,26.0,86.0
33.74.13,Gunungpati,2024-04-29,DBD,0,98200,5.4,26.8,77.7
33.74.13,Gunungpati,2024-05-06,DBD,0,98200,7.2,26.8,74.1
33.74.13,Gunungpati,2024-05-13,DBD,0,98200,3.6,27.4,72.0
33.74.13,Gunungpati,2024-05-20,DBD,0,98200,31.4,26.5,77.6
33.74.13,Gunungpati,2024-05-27,DBD,0,98200,18.0,26.9,78.0
33.74.13,Gunungpati,2024-06-03,DBD,0,98200,11.4,26.1,78.9
33.74.13,Gunungpati,2024-06-10,DBD,0,98200,36.8,25.6,83.0
33.74.13,Gunungpati,2024-06-17,DBD,0,98200,1.0,26.0,68.7
33.74.13,Gunungpati,2024-06-24,DBD,0,98200,26.0,26.3,78.3
33.74.13,Gunungpati,2024-07-01,DBD,0,98200,48.7,25.4,81.6
33.74.13,Gunungpati,2024-07-08,DBD,0,98200,0.9,25.2,70.9
33.74.13,Gunungpati,2024-07-15,DBD,0,98200,0.2,25.8,63.9
33.74.13,Gunungpati,2024-07-22,DBD,0,98200,1.3,26.4,65.4
33.74.13,Gunungpati,2024-07-29,DBD,0,98200,20.1,26.3,69.4
33.74.13,Gunungpati,2024-08-05,DBD,0,98200,4.5,26.1,69.1
33.74.13,Gunungpati,2024-08-12,DBD,0,98200,0.0,26.0,59.3
33.74.13,Gunungpati,2024-08-19,DBD,0,98200,0.1,26.7,63.4
33.74.13,Gunungpati,2024-08-26,DBD,0,98200,2.6,27.3,58.0
33.74.13,Gunungpati,2024-09-02,DBD,0,98200,24.2,27.4,63.3
33.74.13,Gunungpati,2024-09-09,DBD,0,98200,42.2,26.0,71.9
33.74.13,Gunungpati,2024-09-16,DBD,0,98200,3.1,26.2,63.0
33.74.13,Gunungpati,2024-09-23,DBD,0,98200,45.9,26.0,79.7
33.74.13,Gunungpati,2024-09-30,DBD,0,98200,10.8,27.1,72.1
33.74.13,Gunungpati,2024-10-07,DBD,0,98200,16.0,27.7,67.6
33.74.13,Gunungpati,2024-10-14,DBD,0,98200,12.3,26.5,68.1
33.74.13,Gunungpati,2024-10-21,DBD,0,98200,28.5,26.7,70.4
33.74.13,Gunungpati,2024-10-28,DBD,0,98200,78.6,26.3,77.7
33.74.13,Gunungpati,2024-11-04,DBD,0,98200,63.7,26.0,80.3
33.74.13,Gunungpati,2024-11-11,DBD,1,98200,68.9,26.0,82.3
33.74.13,Gunungpati,2024-11-18,DBD,0,98200,81.7,25.4,86.3
33.74.13,Gunungpati,2024-11-25,DBD,0,98200,95.8,25.7,84.3
33.74.13,Gunungpati,2024-12-02,DBD,0,98200,141.3,24.7,90.6
33.74.13,Gunungpati,2024-12-09,DBD,0,98200,132.9,25.0,88.0
33.74.13,Gunungpati,2024-12-16,DBD,0,98200,144.1,25.0,87.1
33.74.13,Gunungpati,2024-12-23,DBD,0,98200,138.3,24.7,88.4
33.74.14,Mijen,2024-01-01,DBD,3,78900,135.9,25.7,90.3
33.74.14,Mijen,2024-01-08,DBD,0,78900,90.3,26.1,85.7
33.74.14,Mijen,2024-01-15,DBD,0,78900,80.9,25.7,86.3
33.74.14,Mijen,2024-01-22,DBD,0,78900,103.8,25.3,89.0
33.74.14,Mijen,2024-01-29,DBD,0,78900,120.3,25.3,88.9
33.74.14,Mijen,2024-02-05,DBD,1,78900,135.8,25.2,89.0
33.74.14,Mijen,2024-02-12,DBD,2,78900,148.8,25.8,89.0
33.74.14,Mijen,2024-02-19,DBD,3,78900,91.3,26.1,88.4
33.74.14,Mijen,2024-02-26,DBD,0,78900,92.0,25.8,89.1
33.74.14,Mijen,2024-03-04,DBD,0,78900,147.2,25.8,90.3
33.74.14,Mijen,2024-03-11,DBD,1,78900,93.9,24.9,92.3
33.74.14,Mijen,2024-03-18,DBD,0,78900,27.2,26.1,84.1
33.74.14,Mijen,2024-03-25,DBD,0,78900,87.1,26.4,85.9
33.74.14,Mijen,2024-04-01,DBD,0,78900,79.6,26.4,88.3
33.74.14,Mijen,2024-04-08,DBD,1,78900,145.5,26.2,88.3
33.74.14,Mijen,2024-04-15,DBD,0,78900,109.8,26.4,87.7
33.74.14,Mijen,2024-04-22,DBD,0,78900,103.0,26.6,86.7
33.74.14,Mijen,2024-04-29,DBD,2,78900,12.0,27.4,78.4
33.74.14,Mijen,2024-05-06,DBD,0,78900,7.6,27.2,76.7
33.74.14,Mijen,2024-05-13,DBD,1,78900,3.9,27.9,73.7
33.74.14,Mijen,2024-05-20,DBD,0,78900,64.3,27.0,79.4
33.74.14,Mijen,2024-05-27,DBD,0,78900,28.5,27.1,80.7
33.74.14,Mijen,2024-06-03,DBD,0,78900,13.7,26.4,80.9
33.74.14,Mijen,2024-06-10,DBD,0,78900,55.6,26.0,85.9
33.74.14,Mijen,2024-06-17,DBD,1,78900,1.7,26.3,72.6
33.74.14,Mijen,2024-06-24,DBD,0,78900,30.4,26.6,80.7
33.74.14,Mijen,2024-07-01,DBD,1,78900,61.1,25.8,83.4
33.74.14,Mijen,2024-07-08,DBD,0,78900,2.1,25.4,74.3
33.74.14,Mijen,2024-07-15,DBD,1,78900,0.2,26.0,67.1
33.74.14,Mijen,2024-07-22,DBD,0,78900,0.5,26.7,65.7
33.74.14,Mijen,2024-07-29,DBD,0,78900,19.7,26.8,71.0
33.74.14,Mijen,2024-08-05,DBD,0,78900,3.1,26.6,68.9
33.74.14,Mijen,2024-08-12,DBD,0,78900,0.0,26.5,59.7
33.74.14,Mijen,2024-08-19,DBD,0,78900,1.4,27.1,65.0
33.74.14,Mijen,2024-08-26,DBD,1,78900,0.9,27.5,61.0
33.74.14,Mijen,2024-09-02,DBD,2,78900,20.1,27.9,64.3
33.74.14,Mijen,2024-09-09,DBD,0,78900,56.6,26.4,73.4
33.74.14,Mijen,2024-09-16,DBD,0,78900,3.2,26.6,65.3
33.74.14,Mijen,2024-09-23,DBD,0,78900,66.5,26.5,81.4
33.74.14,Mijen,2024-09-30,DBD,0,78900,11.7,27.6,73.0
33.74.14,Mijen,2024-10-07,DBD,0,78900,13.2,28.0,69.9
33.74.14,Mijen,2024-10-14,DBD,0,78900,19.1,26.9,68.4
33.74.14,Mijen,2024-10-21,DBD,0,78900,14.5,27.2,70.9
33.74.14,Mijen,2024-10-28,DBD,0,78900,96.7,26.8,78.6
33.74.14,Mijen,2024-11-04,DBD,0,78900,86.0,26.3,82.4
33.74.14,Mijen,2024-11-11,DBD,1,78900,92.9,26.3,84.3
33.74.14,Mijen,2024-11-18,DBD,0,78900,119.5,25.9,87.6
33.74.14,Mijen,2024-11-25,DBD,0,78900,91.9,26.4,84.0
33.74.14,Mijen,2024-12-02,DBD,0,78900,158.9,25.3,90.9
33.74.14,Mijen,2024-12-09,DBD,1,78900,131.9,25.6,88.7
33.74.14,Mijen,2024-12-16,DBD,1,78900,110.6,25.6,88.1
33.74.14,Mijen,2024-12-23,DBD,0,78900,116.9,25.3,87.6
33.74.15,Ngaliyan,2024-01-01,DBD,0,145800,103.3,26.5,86.9
33.74.15,Ngaliyan,2024-01-08,DBD,1,145800,53.3,26.9,84.0
33.74.15,Ngaliyan,2024-01-15,DBD,1,145800,67.0,26.5,86.3
33.74.15,Ngaliyan,2024-01-22,DBD,0,145800,66.3,26.2,85.9
33.74.15,Ngaliyan,2024-01-29,DBD,1,145800,119.4,26.2,87.1
33.74.15,Ngaliyan,2024-02-05,DBD,2,145800,101.0,26.1,86.4
33.74.15,Ngaliyan,2024-02-12,DBD,2,145800,59.2,26.7,87.1
33.74.15,Ngaliyan,2024-02-19,DBD,0,145800,24.9,27.0,85.9
33.74.15,Ngaliyan,2024-02-26,DBD,2,145800,66.1,26.8,85.6
33.74.15,Ngaliyan,2024-03-04,DBD,0,145800,131.5,26.6,87.4
33.74.15,Ngaliyan,2024-03-11,DBD,1,145800,85.6,25.9,87.0
33.74.15,Ngaliyan,2024-03-18,DBD,1,145800,14.8,26.9,82.7
33.74.15,Ngaliyan,2024-03-25,DBD,0,145800,46.4,27.4,83.7
33.74.15,Ngaliyan,2024-04-01,DBD,0,145800,48.6,27.1,87.6
33.74.15,Ngaliyan,2024-04-08,DBD,2,145800,60.8,27.2,85.3
33.74.15,Ngaliyan,2024-04-15,DBD,0,145800,44.4,27.3,85.4
33.74.15,Ngaliyan,2024-04-22,DBD,1,145800,88.8,27.4,83.6
33.74.15,Ngaliyan,2024-04-29,DBD,2,145800,5.6,28.2,76.9
33.74.15,Ngaliyan,2024-05-06,DBD,0,145800,4.0,28.8,68.4
33.74.15,Ngaliyan,2024-05-13,DBD,5,145800,1.9,29.5,65.6
33.74.15,Ngaliyan,2024-05-20,DBD,0,145800,13.3,28.4,72.7
33.74.15,Ngaliyan,2024-05-27,DBD,1,145800,17.5,28.7,72.9
33.74.15,Ngaliyan,2024-06-03,DBD,1,145800,4.0,27.8,74.6
33.74.15,Ngaliyan,2024-06-10,DBD,0,145800,27.6,27.3,79.3
33.74.15,Ngaliyan,2024-06-17,DBD,0,145800,1.5,28.3,62.0
33.74.15,Ngaliyan,2024-06-24,DBD,0,145800,16.7,28.1,73.3
33.74.15,Ngaliyan,2024-07-01,DBD,2,145800,34.2,27.1,78.1
33.74.15,Ngaliyan,2024-07-08,DBD,0,145800,0.5,27.3,64.6
33.74.15,Ngaliyan,2024-07-15,DBD,2,145800,0.2,27.8,58.7
33.74.15,Ngaliyan,2024-07-22,DBD,1,145800,0.6,28.2,61.6
33.74.15,Ngaliyan,2024-07-29,DBD,1,145800,10.3,27.9,66.6
33.74.15,Ngaliyan,2024-08-05,DBD,0,145800,4.5,27.8,66.9
33.74.15,Ngaliyan,2024-08-12,DBD,0,145800,0.0,27.6,56.6
33.74.15,Ngaliyan,2024-08-19,DBD,0,145800,0.1,28.1,61.9
33.74.15,Ngaliyan,2024-08-26,DBD,0,145800,0.7,28.9,56.1
33.74.15,Ngaliyan,2024-09-02,DBD,2,145800,11.2,28.9,61.4
33.74.15,Ngaliyan,2024-09-09,DBD,0,145800,26.0,27.7,69.3
33.74.15,Ngaliyan,2024-09-16,DBD,0,145800,1.1,28.1,58.6
33.74.15,Ngaliyan,2024-09-23,DBD,1,145800,25.7,27.7,76.6
33.74.15,Ngaliyan,2024-09-30,DBD,1,145800,9.8,28.8,68.3
33.74.15,Ngaliyan,2024-10-07,DBD,2,145800,26.3,29.5,63.6
33.74.15,Ngaliyan,2024-10-14,DBD,0,145800,8.0,28.0,67.1
33.74.15,Ngaliyan,2024-10-21,DBD,0,145800,4.1,28.9,63.9
33.74.15,Ngaliyan,2024-10-28,DBD,0,145800,56.6,27.9,74.6
33.74.15,Ngaliyan,2024-11-04,DBD,0,145800,39.7,27.5,77.3
33.74.15,Ngaliyan,2024-11-11,DBD,0,145800,39.1,27.9,77.3
33.74.15,Ngaliyan,2024-11-18,DBD,0,145800,43.0,27.2,82.3
33.74.15,Ngaliyan,2024-11-25,DBD,0,145800,122.8,27.3,84.4
33.74.15,Ngaliyan,2024-12-02,DBD,0,145800,95.9,26.3,88.3
33.74.15,Ngaliyan,2024-12-09,DBD,0,145800,79.6,26.7,85.9
33.74.15,Ngaliyan,2024-12-16,DBD,1,145800,105.7,26.6,84.7
33.74.15,Ngaliyan,2024-12-23,DBD,0,145800,91.8,26.3,86.9
33.74.16,Tugu,2024-01-01,DBD,1,32100,103.3,27.2,86.9
33.74.16,Tugu,2024-01-08,DBD,0,32100,53.3,27.6,84.3
33.74.16,Tugu,2024-01-15,DBD,0,32100,67.0,27.2,86.3
33.74.16,Tugu,2024-01-22,DBD,0,32100,66.3,26.9,85.9
33.74.16,Tugu,2024-01-29,DBD,0,32100,119.4,26.9,87.1
33.74.16,Tugu,2024-02-05,DBD,0,32100,101.0,26.8,86.4
33.74.16,Tugu,2024-02-12,DBD,1,32100,59.2,27.4,87.1
33.74.16,Tugu,2024-02-19,DBD,0,32100,24.9,27.7,86.0
33.74.16,Tugu,2024-02-26,DBD,0,32100,66.1,27.5,85.6
33.74.16,Tugu,2024-03-04,DBD,0,32100,131.5,27.3,87.4
33.74.16,Tugu,2024-03-11,DBD,0,32100,85.6,26.6,87.1
33.74.16,Tugu,2024-03-18,DBD,1,32100,14.8,27.6,82.9
33.74.16,Tugu,2024-03-25,DBD,1,32100,46.4,28.1,84.0
33.74.16,Tugu,2024-04-01,DBD,0,32100,48.6,27.8,87.6
33.74.16,Tugu,2024-04-08,DBD,0,32100,60.8,27.9,85.4
33.74.16,Tugu,2024-04-15,DBD,0,32100,44.4,28.0,85.4
33.74.16,Tugu,2024-04-22,DBD,1,32100,88.8,28.1,83.6
33.74.16,Tugu,2024-04-29,DBD,0,32100,5.6,28.9,77.0
33.74.16,Tugu,2024-05-06,DBD,0,32100,4.0,29.5,68.6
33.74.16,Tugu,2024-05-13,DBD,1,32100,1.9,30.2,65.6
33.74.16,Tugu,2024-05-20,DBD,0,32100,13.3,29.1,73.0
33.74.16,Tugu,2024-05-27,DBD,0,32100,17.5,29.4,73.1
33.74.16,Tugu,2024-06-03,DBD,0,32100,4.0,28.5,74.6
33.74.16,Tugu,2024-06-10,DBD,0,32100,27.6,28.0,79.3
33.74.16,Tugu,2024-06-17,DBD,0,32100,1.5,29.0,62.0
33.74.16,Tugu,2024-06-24,DBD,1,32100,16.7,28.8,73.4
33.74.16,Tugu,2024-07-01,DBD,0,32100,34.2,27.8,78.1
33.74.16,Tugu,2024-07-08,DBD,0,32100,0.5,28.0,64.7
33.74.16,Tugu,2024-07-15,DBD,0,32100,0.2,28.5,59.0
33.74.16,Tugu,2024-07-22,DBD,0,32100,0.6,28.9,61.6
33.74.16,Tugu,2024-07-29,DBD,1,32100,10.3,28.6,66.6
33.74.16,Tugu,2024-08-05,DBD,0,32100,4.5,28.5,67.1
33.74.16,Tugu,2024-08-12,DBD,0,32100,0.0,28.3,56.7
33.74.16,Tugu,2024-08-19,DBD,0,32100,0.1,28.8,62.0
33.74.16,Tugu,2024-08-26,DBD,0,32100,0.7,29.6,56.3
33.74.16,Tugu,2024-09-02,DBD,0,32100,11.2,29.6,61.6
33.74.16,Tugu,2024-09-09,DBD,0,32100,26.0,28.4,69.7
33.74.16,Tugu,2024-09-16,DBD,0,32100,1.1,28.8,58.9
33.74.16,Tugu,2024-09-23,DBD,0,32100,25.7,28.4,76.7
33.74.16,Tugu,2024-09-30,DBD,0,32100,9.8,29.5,68.6
33.74.16,Tugu,2024-10-07,DBD,0,32100,26.3,30.1,63.7
33.74.16,Tugu,2024-10-14,DBD,0,32100,8.0,28.7,67.4
33.74.16,Tugu,2024-10-21,DBD,0,32100,4.1,29.6,63.9
33.74.16,Tugu,2024-10-28,DBD,0,32100,56.6,28.6,74.6
33.74.16,Tugu,2024-11-04,DBD,0,32100,39.7,28.2,77.3
33.74.16,Tugu,2024-11-11,DBD,0,32100,39.1,28.6,77.3
33.74.16,Tugu,2024-11-18,DBD,0,32100,43.0,27.9,82.6
33.74.16,Tugu,2024-11-25,DBD,0,32100,122.8,27.9,84.4
33.74.16,Tugu,2024-12-02,DBD,0,32100,95.9,27.0,88.3
33.74.16,Tugu,2024-12-09,DBD,0,32100,79.6,27.4,86.0
33.74.16,Tugu,2024-12-16,DBD,0,32100,105.7,27.3,84.7
33.74.16,Tugu,2024-12-23,DBD,0,32100,91.8,27.0,87.0
33.74.01,Semarang Tengah,2025-01-06,DBD,0,62540,57.0,26.6,84.7
33.74.01,Semarang Tengah,2025-01-13,DBD,0,62540,54.5,26.6,85.7
33.74.01,Semarang Tengah,2025-01-20,DBD,0,62540,68.4,26.2,87.9
33.74.01,Semarang Tengah,2025-01-27,DBD,1,62540,83.1,25.7,86.0
33.74.01,Semarang Tengah,2025-02-03,DBD,1,62540,24.4,26.6,81.7
33.74.01,Semarang Tengah,2025-02-10,DBD,0,62540,21.9,26.7,82.4
33.74.01,Semarang Tengah,2025-02-17,DBD,0,62540,41.2,26.4,84.6
33.74.01,Semarang Tengah,2025-02-24,DBD,1,62540,78.3,26.2,87.6
33.74.01,Semarang Tengah,2025-03-03,DBD,0,62540,57.7,26.8,85.0
33.74.01,Semarang Tengah,2025-03-10,DBD,0,62540,37.5,26.8,84.7
33.74.01,Semarang Tengah,2025-03-17,DBD,2,62540,18.3,27.1,80.0
33.74.01,Semarang Tengah,2025-03-24,DBD,0,62540,20.0,27.5,80.9
33.74.01,Semarang Tengah,2025-03-31,DBD,0,62540,41.7,27.0,82.1
33.74.01,Semarang Tengah,2025-04-07,DBD,0,62540,35.2,27.6,79.9
33.74.01,Semarang Tengah,2025-04-14,DBD,0,62540,35.5,27.1,83.4
33.74.01,Semarang Tengah,2025-04-21,DBD,0,62540,24.8,27.4,80.0
33.74.01,Semarang Tengah,2025-04-28,DBD,1,62540,33.7,28.4,69.9
33.74.01,Semarang Tengah,2025-05-05,DBD,0,62540,31.7,28.0,78.1
33.74.01,Semarang Tengah,2025-05-12,DBD,0,62540,73.0,26.6,86.4
33.74.01,Semarang Tengah,2025-05-19,DBD,0,62540,83.7,26.6,86.0
33.74.01,Semarang Tengah,2025-05-26,DBD,0,62540,23.2,27.4,81.6
33.74.01,Semarang Tengah,2025-06-02,DBD,0,62540,6.8,28.5,70.9
33.74.01,Semarang Tengah,2025-06-09,DBD,0,62540,24.0,27.5,76.7
33.74.01,Semarang Tengah,2025-06-16,DBD,0,62540,42.4,27.1,77.3
33.74.01,Semarang Tengah,2025-06-23,DBD,0,62540,13.7,28.3,67.0
33.74.01,Semarang Tengah,2025-06-30,DBD,0,62540,20.5,27.7,72.3
33.74.01,Semarang Tengah,2025-07-07,DBD,0,62540,3.7,28.0,62.9
33.74.01,Semarang Tengah,2025-07-14,DBD,0,62540,6.4,28.1,64.9
33.74.01,Semarang Tengah,2025-07-21,DBD,1,62540,2.6,28.6,62.1
33.74.01,Semarang Tengah,2025-07-28,DBD,0,62540,15.7,29.2,62.3
33.74.01,Semarang Tengah,2025-08-04,DBD,0,62540,30.0,27.6,75.6
33.74.01,Semarang Tengah,2025-08-11,DBD,0,62540,37.1,27.4,70.3
33.74.01,Semarang Tengah,2025-08-18,DBD,0,62540,52.6,27.3,74.3
33.74.01,Semarang Tengah,2025-08-25,DBD,0,62540,10.4,28.2,65.3
33.74.01,Semarang Tengah,2025-09-01,DBD,0,62540,1.3,29.3,58.3
33.74.01,Semarang Tengah,2025-09-08,DBD,0,62540,37.2,27.7,74.6
33.74.01,Semarang Tengah,2025-09-15,DBD,0,62540,52.0,27.6,73.1
33.74.01,Semarang Tengah,2025-09-22,DBD,0,62540,15.3,29.1,67.0
33.74.01,Semarang Tengah,2025-09-29,DBD,0,62540,32.0,27.9,73.0
33.74.01,Semarang Tengah,2025-10-06,DBD,0,62540,3.6,29.5,62.6
33.74.01,Semarang Tengah,2025-10-13,DBD,0,62540,36.0,29.7,67.6
33.74.01,Semarang Tengah,2025-10-20,DBD,0,62540,150.9,26.8,85.4
33.74.01,Semarang Tengah,2025-10-27,DBD,0,62540,59.8,26.9,84.6
33.74.01,Semarang Tengah,2025-11-03,DBD,0,62540,39.2,27.1,82.9
33.74.01,Semarang Tengah,2025-11-10,DBD,0,62540,66.9,26.6,86.0
33.74.01,Semarang Tengah,2025-11-17,DBD,0,62540,47.2,27.0,82.7
33.74.01,Semarang Tengah,2025-11-24,DBD,0,62540,8.1,28.6,68.4
33.74.01,Semarang Tengah,2025-12-01,DBD,0,62540,25.8,27.3,80.0
33.74.01,Semarang Tengah,2025-12-08,DBD,0,62540,47.5,26.5,86.1
33.74.01,Semarang Tengah,2025-12-15,DBD,0,62540,35.2,27.2,80.4
33.74.01,Semarang Tengah,2025-12-22,DBD,0,62540,47.3,27.1,84.6
33.74.01,Semarang Tengah,2025-12-29,DBD,0,62540,20.8,26.7,82.7
33.74.02,Semarang Utara,2025-01-06,DBD,0,128450,57.0,26.8,84.7
33.74.02,Semarang Utara,2025-01-13,DBD,0,128450,54.5,26.8,85.7
33.74.02,Semarang Utara,2025-01-20,DBD,0,128450,68.4,26.5,87.9
33.74.02,Semarang Utara,2025-01-27,DBD,2,128450,83.1,25.9,86.0
33.74.02,Semarang Utara,2025-02-03,DBD,1,128450,24.4,26.8,81.7
33.74.02,Semarang Utara,2025-02-10,DBD,2,128450,21.9,27.0,82.4
33.74.02,Semarang Utara,2025-02-17,DBD,0,128450,41.2,26.6,84.6
33.74.02,Semarang Utara,2025-02-24,DBD,1,128450,78.3,26.5,87.6
33.74.02,Semarang Utara,2025-03-03,DBD,1,128450,57.7,27.1,85.0
33.74.02,Semarang Utara,2025-03-10,DBD,1,128450,37.5,27.0,84.7
33.74.02,Semarang Utara,2025-03-17,DBD,2,128450,18.3,27.3,80.1
33.74.02,Semarang Utara,2025-03-24,DBD,0,128450,20.0,27.7,80.9
33.74.02,Semarang Utara,2025-03-31,DBD,0,128450,41.7,27.3,82.1
33.74.02,Semarang Utara,2025-04-07,DBD,0,128450,35.2,27.8,79.9
33.74.02,Semarang Utara,2025-04-14,DBD,1,128450,35.5,27.3,83.4
33.74.02,Semarang Utara,2025-04-21,DBD,0,128450,24.8,27.7,80.0
33.74.02,Semarang Utara,2025-04-28,DBD,0,128450,33.7,28.6,69.9
33.74.02,Semarang Utara,2025-05-05,DBD,0,128450,31.7,28.2,78.1
33.74.02,Semarang Utara,2025-05-12,DBD,1,128450,73.0,26.8,86.4
33.74.02,Semarang Utara,2025-05-19,DBD,0,128450,83.7,26.8,86.0
33.74.02,Semarang Utara,2025-05-26,DBD,1,128450,23.2,27.6,81.6
33.74.02,Semarang Utara,2025-06-02,DBD,0,128450,6.8,28.7,70.9
33.74.02,Semarang Utara,2025-06-09,DBD,0,128450,24.0,27.7,76.7
33.74.02,Semarang Utara,2025-06-16,DBD,0,128450,42.4,27.3,77.3
33.74.02,Semarang Utara,2025-06-23,DBD,0,128450,13.7,28.5,67.0
33.74.02,Semarang Utara,2025-06-30,DBD,0,128450,20.5,28.0,72.4
33.74.02,Semarang Utara,2025-07-07,DBD,0,128450,3.7,28.2,62.9
33.74.02,Semarang Utara,2025-07-14,DBD,0,128450,6.4,28.3,64.9
33.74.02,Semarang Utara,2025-07-21,DBD,1,128450,2.6,28.8,62.1
33.74.02,Semarang Utara,2025-07-28,DBD,0,128450,15.7,29.4,62.3
33.74.02,Semarang Utara,2025-08-04,DBD,0,128450,30.0,27.8,75.6
33.74.02,Semarang Utara,2025-08-11,DBD,0,128450,37.1,27.6,70.3
33.74.02,Semarang Utara,2025-08-18,DBD,0,128450,52.6,27.5,74.3
33.74.02,Semarang Utara,2025-08-25,DBD,0,128450,10.4,28.4,65.3
33.74.02,Semarang Utara,2025-09-01,DBD,1,128450,1.3,29.5,58.3
33.74.02,Semarang Utara,2025-09-08,DBD,0,128450,37.2,28.0,74.6
33.74.02,Semarang Utara,2025-09-15,DBD,0,128450,52.0,27.9,73.3
33.74.02,Semarang Utara,2025-09-22,DBD,1,128450,15.3,29.3,67.0
33.74.02,Semarang Utara,2025-09-29,DBD,0,128450,32.0,28.1,73.0
33.74.02,Semarang Utara,2025-10-06,DBD,1,128450,3.6,29.7,62.9
33.74.02,Semarang Utara,2025-10-13,DBD,0,128450,36.0,29.9,67.6
33.74.02,Semarang Utara,2025-10-20,DBD,0,128450,150.9,27.0,85.4
33.74.02,Semarang Utara,2025-10-27,DBD,0,128450,59.8,27.1,84.6
33.74.02,Semarang Utara,2025-11-03,DBD,0,128450,39.2,27.3,83.0
33.74.02,Semarang Utara,2025-11-10,DBD,0,128450,66.9,26.8,86.0
33.74.02,Semarang Utara,2025-11-17,DBD,0,128450,47.2,27.2,82.7
33.74.02,Semarang Utara,2025-11-24,DBD,0,128450,8.1,28.8,68.6
33.74.02,Semarang Utara,2025-12-01,DBD,0,128450,25.8,27.5,80.1
33.74.02,Semarang Utara,2025-12-08,DBD,0,128450,47.5,26.7,86.3
33.74.02,Semarang Utara,2025-12-15,DBD,0,128450,35.2,27.4,80.4
33.74.02,Semarang Utara,2025-12-22,DBD,0,128450,47.3,27.3,84.6
33.74.02,Semarang Utara,2025-12-29,DBD,0,128450,20.8,26.9,82.7
33.74.03,Semarang Timur,2025-01-06,DBD,1,72130,57.0,26.6,84.7
33.74.03,Semarang Timur,2025-01-13,DBD,0,72130,54.5,26.6,85.7
33.74.03,Semarang Timur,2025-01-20,DBD,0,72130,68.4,26.2,87.9
33.74.03,Semarang Timur,2025-01-27,DBD,1,72130,83.1,25.7,86.0
33.74.03,Semarang Timur,2025-02-03,DBD,0,72130,24.4,26.6,81.7
33.74.03,Semarang Timur,2025-02-10,DBD,0,72130,21.9,26.7,82.4
33.74.03,Semarang Timur,2025-02-17,DBD,0,72130,41.2,26.4,84.6
33.74.03,Semarang Timur,2025-02-24,DBD,0,72130,78.3,26.2,87.6
33.74.03,Semarang Timur,2025-03-03,DBD,3,72130,57.7,26.8,85.0
33.74.03,Semarang Timur,2025-03-10,DBD,0,72130,37.5,26.8,84.7
33.74.03,Semarang Timur,2025-03-17,DBD,0,72130,18.3,27.1,80.0
33.74.03,Semarang Timur,2025-03-24,DBD,0,72130,20.0,27.5,80.9
33.74.03,Semarang Timur,2025-03-31,DBD,1,72130,41.7,27.0,82.1
33.74.03,Semarang Timur,2025-04-07,DBD,0,72130,35.2,27.6,79.9
33.74.03,Semarang Timur,2025-04-14,DBD,0,72130,35.5,27.1,83.4
33.74.03,Semarang Timur,2025-04-21,DBD,1,72130,24.8,27.4,80.0
33.74.03,Semarang Timur,2025-04-28,DBD,0,72130,33.7,28.4,69.9
33.74.03,Semarang Timur,2025-05-05,DBD,0,72130,31.7,28.0,78.1
33.74.03,Semarang Timur,2025-05-12,DBD,0,72130,73.0,26.6,86.4
33.74.03,Semarang Timur,2025-05-19,DBD,0,72130,83.7,26.6,86.0
33.74.03,Semarang Timur,2025-05-26,DBD,0,72130,23.2,27.4,81.6
33.74.03,Semarang Timur,2025-06-02,DBD,0,72130,6.8,28.5,70.9
33.74.03,Semarang Timur,2025-06-09,DBD,1,72130,24.0,27.5,76.7
33.74.03,Semarang Timur,2025-06-16,DBD,0,72130,42.4,27.1,77.3
33.74.03,Semarang Timur,2025-06-23,DBD,0,72130,13.7,28.3,67.0
33.74.03,Semarang Timur,2025-06-30,DBD,0,72130,20.5,27.7,72.3
33.74.03,Semarang Timur,2025-07-07,DBD,0,72130,3.7,28.0,62.9
33.74.03,Semarang Timur,2025-07-14,DBD,0,72130,6.4,28.1,64.9
33.74.03,Semarang Timur,2025-07-21,DBD,2,72130,2.6,28.6,62.1
33.74.03,Semarang Timur,2025-07-28,DBD,0,72130,15.7,29.2,62.3
33.74.03,Semarang Timur,2025-08-04,DBD,0,72130,30.0,27.6,75.6
33.74.03,Semarang Timur,2025-08-11,DBD,0,72130,37.1,27.4,70.3
33.74.03,Semarang Timur,2025-08-18,DBD,0,72130,52.6,27.3,74.3
33.74.03,Semarang Timur,2025-08-25,DBD,0,72130,10.4,28.2,65.3
33.74.03,Semarang Timur,2025-09-01,DBD,1,72130,1.3,29.3,58.3
33.74.03,Semarang Timur,2025-09-08,DBD,0,72130,37.2,27.7,74.6
33.74.03,Semarang Timur,2025-09-15,DBD,0,72130,52.0,27.6,73.1
33.74.03,Semarang Timur,2025-09-22,DBD,0,72130,15.3,29.1,67.0
33.74.03,Semarang Timur,2025-09-29,DBD,0,72130,32.0,27.9,73.0
33.74.03,Semarang Timur,2025-10-06,DBD,0,72130,3.6,29.5,62.6
33.74.03,Semarang Timur,2025-10-13,DBD,0,72130,36.0,29.7,67.6
33.74.03,Semarang Timur,2025-10-20,DBD,0,72130,150.9,26.8,85.4
33.74.03,Semarang Timur,2025-10-27,DBD,0,72130,59.8,26.9,84.6
33.74.03,Semarang Timur,2025-11-03,DBD,0,72130,39.2,27.1,82.9
33.74.03,Semarang Timur,2025-11-10,DBD,0,72130,66.9,26.6,86.0
33.74.03,Semarang Timur,2025-11-17,DBD,0,72130,47.2,27.0,82.7
33.74.03,Semarang Timur,2025-11-24,DBD,0,72130,8.1,28.6,68.4
33.74.03,Semarang Timur,2025-12-01,DBD,0,72130,25.8,27.3,80.0
33.74.03,Semarang Timur,2025-12-08,DBD,0,72130,47.5,26.5,86.1
33.74.03,Semarang Timur,2025-12-15,DBD,0,72130,35.2,27.2,80.4
33.74.03,Semarang Timur,2025-12-22,DBD,0,72130,47.3,27.1,84.6
33.74.03,Semarang Timur,2025-12-29,DBD,0,72130,20.8,26.7,82.7
33.74.04,Semarang Selatan,2025-01-06,DBD,0,70890,57.0,26.6,84.7
33.74.04,Semarang Selatan,2025-01-13,DBD,0,70890,54.5,26.6,85.7
33.74.04,Semarang Selatan,2025-01-20,DBD,0,70890,68.4,26.2,87.9
33.74.04,Semarang Selatan,2025-01-27,DBD,0,70890,83.1,25.7,86.0
33.74.04,Semarang Selatan,2025-02-03,DBD,1,70890,24.4,26.6,81.7
33.74.04,Semarang Selatan,2025-02-10,DBD,0,70890,21.9,26.7,82.4
33.74.04,Semarang Selatan,2025-02-17,DBD,0,70890,41.2,26.4,84.6
33.74.04,Semarang Selatan,2025-02-24,DBD,2,70890,78.3,26.2,87.6
33.74.04,Semarang Selatan,2025-03-03,DBD,0,70890,57.7,26.8,85.0
33.74.04,Semarang Selatan,2025-03-10,DBD,1,70890,37.5,26.8,84.7
33.74.04,Semarang Selatan,2025-03-17,DBD,1,70890,18.3,27.1,80.0
33.74.04,Semarang Selatan,2025-03-24,DBD,0,70890,20.0,27.5,80.9
33.74.04,Semarang Selatan,2025-03-31,DBD,0,70890,41.7,27.0,82.1
33.74.04,Semarang Selatan,2025-04-07,DBD,0,70890,35.2,27.6,79.9
33.74.04,Semarang Selatan,2025-04-14,DBD,0,70890,35.5,27.1,83.4
33.74.04,Semarang Selatan,2025-04-21,DBD,2,70890,24.8,27.4,80.0
33.74.04,Semarang Selatan,2025-04-28,DBD,1,70890,33.7,28.4,69.9
33.74.04,Semarang Selatan,2025-05-05,DBD,0,70890,31.7,28.0,78.1
33.74.04,Semarang Selatan,2025-05-12,DBD,0,70890,73.0,26.6,86.4
33.74.04,Semarang Selatan,2025-05-19,DBD,1,70890,83.7,26.6,86.0
33.74.04,Semarang Selatan,2025-05-26,DBD,0,70890,23.2,27.4,81.6
33.74.04,Semarang Selatan,2025-06-02,DBD,0,70890,6.8,28.5,70.9
33.74.04,Semarang Selatan,2025-06-09,DBD,0,70890,24.0,27.5,76.7
33.74.04,Semarang Selatan,2025-06-16,DBD,0,70890,42.4,27.1,77.3
33.74.04,Semarang Selatan,2025-06-23,DBD,0,70890,13.7,28.3,67.0
33.74.04,Semarang Selatan,2025-06-30,DBD,0,70890,20.5,27.7,72.3
33.74.04,Semarang Selatan,2025-07-07,DBD,0,70890,3.7,28.0,62.9
33.74.04,Semarang Selatan,2025-07-14,DBD,0,70890,6.4,28.1,64.9
33.74.04,Semarang Selatan,2025-07-21,DBD,0,70890,2.6,28.6,62.1
33.74.04,Semarang Selatan,2025-07-28,DBD,0,70890,15.7,29.2,62.3
33.74.04,Semarang Selatan,2025-08-04,DBD,0,70890,30.0,27.6,75.6
33.74.04,Semarang Selatan,2025-08-11,DBD,0,70890,37.1,27.4,70.3
33.74.04,Semarang Selatan,2025-08-18,DBD,0,70890,52.6,27.3,74.3
33.74.04,Semarang Selatan,2025-08-25,DBD,0,70890,10.4,28.2,65.3
33.74.04,Semarang Selatan,2025-09-01,DBD,0,70890,1.3,29.3,58.3
33.74.04,Semarang Selatan,2025-09-08,DBD,0,70890,37.2,27.7,74.6
33.74.04,Semarang Selatan,2025-09-15,DBD,0,70890,52.0,27.6,73.1
33.74.04,Semarang Selatan,2025-09-22,DBD,1,70890,15.3,29.1,67.0
33.74.04,Semarang Selatan,2025-09-29,DBD,0,70890,32.0,27.9,73.0
33.74.04,Semarang Selatan,2025-10-06,DBD,0,70890,3.6,29.5,62.6
33.74.04,Semarang Selatan,2025-10-13,DBD,0,70890,36.0,29.7,67.6
33.74.04,Semarang Selatan,2025-10-20,DBD,0,70890,150.9,26.8,85.4
33.74.04,Semarang Selatan,2025-10-27,DBD,0,70890,59.8,26.9,84.6
33.74.04,Semarang Selatan,2025-11-03,DBD,0,70890,39.2,27.1,82.9
33.74.04,Semarang Selatan,2025-11-10,DBD,0,70890,66.9,26.6,86.0
33.74.04,Semarang Selatan,2025-11-17,DBD,0,70890,47.2,27.0,82.7
33.74.04,Semarang Selatan,2025-11-24,DBD,0,70890,8.1,28.6,68.4
33.74.04,Semarang Selatan,2025-12-01,DBD,0,70890,25.8,27.3,80.0
33.74.04,Semarang Selatan,2025-12-08,DBD,0,70890,47.5,26.5,86.1
33.74.04,Semarang Selatan,2025-12-15,DBD,0,70890,35.2,27.2,80.4
33.74.04,Semarang Selatan,2025-12-22,DBD,0,70890,47.3,27.1,84.6
33.74.04,Semarang Selatan,2025-12-29,DBD,0,70890,20.8,26.7,82.7
33.74.05,Semarang Barat,2025-01-06,DBD,1,158726,57.0,26.8,84.7
33.74.05,Semarang Barat,2025-01-13,DBD,1,158726,54.5,26.8,85.7
33.74.05,Semarang Barat,2025-01-20,DBD,0,158726,68.4,26.5,87.9
33.74.05,Semarang Barat,2025-01-27,DBD,1,158726,83.1,25.9,86.0
33.74.05,Semarang Barat,2025-02-03,DBD,3,158726,24.4,26.8,81.7
33.74.05,Semarang Barat,2025-02-10,DBD,0,158726,21.9,27.0,82.4
33.74.05,Semarang Barat,2025-02-17,DBD,0,158726,41.2,26.6,84.6
33.74.05,Semarang Barat,2025-02-24,DBD,1,158726,78.3,26.5,87.6
33.74.05,Semarang Barat,2025-03-03,DBD,0,158726,57.7,27.1,85.0
33.74.05,Semarang Barat,2025-03-10,DBD,1,158726,37.5,27.0,84.7
33.74.05,Semarang Barat,2025-03-17,DBD,3,158726,18.3,27.3,80.1
33.74.05,Semarang Barat,2025-03-24,DBD,1,158726,20.0,27.7,80.9
33.74.05,Semarang Barat,2025-03-31,DBD,0,158726,41.7,27.3,82.1
33.74.05,Semarang Barat,2025-04-07,DBD,1,158726,35.2,27.8,79.9
33.74.05,Semarang Barat,2025-04-14,DBD,1,158726,35.5,27.3,83.4
33.74.05,Semarang Barat,2025-04-21,DBD,0,158726,24.8,27.7,80.0
33.74.05,Semarang Barat,2025-04-28,DBD,0,158726,33.7,28.6,69.9
33.74.05,Semarang Barat,2025-05-05,DBD,1,158726,31.7,28.2,78.1
33.74.05,Semarang Barat,2025-05-12,DBD,1,158726,73.0,26.8,86.4
33.74.05,Semarang Barat,2025-05-19,DBD,0,158726,83.7,26.8,86.0
33.74.05,Semarang Barat,2025-05-26,DBD,1,158726,23.2,27.6,81.6
33.74.05,Semarang Barat,2025-06-02,DBD,0,158726,6.8,28.7,70.9
33.74.05,Semarang Barat,2025-06-09,DBD,0,158726,24.0,27.7,76.7
33.74.05,Semarang Barat,2025-06-16,DBD,0,158726,42.4,27.3,77.3
33.74.05,Semarang Barat,2025-06-23,DBD,0,158726,13.7,28.5,67.0
33.74.05,Semarang Barat,2025-06-30,DBD,1,158726,20.5,28.0,72.4
33.74.05,Semarang Barat,2025-07-07,DBD,1,158726,3.7,28.2,62.9
33.74.05,Semarang Barat,2025-07-14,DBD,0,158726,6.4,28.3,64.9
33.74.05,Semarang Barat,2025-07-21,DBD,0,158726,2.6,28.8,62.1
33.74.05,Semarang Barat,2025-07-28,DBD,0,158726,15.7,29.4,62.3
33.74.05,Semarang Barat,2025-08-04,DBD,0,158726,30.0,27.8,75.6
33.74.05,Semarang Barat,2025-08-11,DBD,0,158726,37.1,27.6,70.3
33.74.05,Semarang Barat,2025-08-18,DBD,0,158726,52.6,27.5,74.3
33.74.05,Semarang Barat,2025-08-25,DBD,0,158726,10.4,28.4,65.3
33.74.05,Semarang Barat,2025-09-01,DBD,0,158726,1.3,29.5,58.3
33.74.05,Semarang Barat,2025-09-08,DBD,0,158726,37.2,28.0,74.6
33.74.05,Semarang Barat,2025-09-15,DBD,0,158726,52.0,27.9,73.3
33.74.05,Semarang Barat,2025-09-22,DBD,1,158726,15.3,29.3,67.0
33.74.05,Semarang Barat,2025-09-29,DBD,0,158726,32.0,28.1,73.0
33.74.05,Semarang Barat,2025-10-06,DBD,1,158726,3.6,29.7,62.9
33.74.05,Semarang Barat,2025-10-13,DBD,0,158726,36.0,29.9,67.6
33.74.05,Semarang Barat,2025-10-20,DBD,0,158726,150.9,27.0,85.4
33.74.05,Semarang Barat,2025-10-27,DBD,0,158726,59.8,27.1,84.6
33.74.05,Semarang Barat,2025-11-03,DBD,0,158726,39.2,27.3,83.0
33.74.05,Semarang Barat,2025-11-10,DBD,0,158726,66.9,26.8,86.0
33.74.05,Semarang Barat,2025-11-17,DBD,0,158726,47.2,27.2,82.7
33.74.05,Semarang Barat,2025-11-24,DBD,0,158726,8.1,28.8,68.6
33.74.05,Semarang Barat,2025-12-01,DBD,0,158726,25.8,27.5,80.1
33.74.05,Semarang Barat,2025-12-08,DBD,0,158726,47.5,26.7,86.3
33.74.05,Semarang Barat,2025-12-15,DBD,1,158726,35.2,27.4,80.4
33.74.05,Semarang Barat,2025-12-22,DBD,0,158726,47.3,27.3,84.6
33.74.05,Semarang Barat,2025-12-29,DBD,0,158726,20.8,26.9,82.7
33.74.06,Gayamsari,2025-01-06,DBD,1,68900,57.0,26.6,84.7
33.74.06,Gayamsari,2025-01-13,DBD,0,68900,54.5,26.6,85.7
33.74.06,Gayamsari,2025-01-20,DBD,2,68900,68.4,26.2,87.9
33.74.06,Gayamsari,2025-01-27,DBD,1,68900,83.1,25.7,86.0
33.74.06,Gayamsari,2025-02-03,DBD,1,68900,24.4,26.6,81.7
33.74.06,Gayamsari,2025-02-10,DBD,2,68900,21.9,26.7,82.4
33.74.06,Gayamsari,2025-02-17,DBD,1,68900,41.2,26.4,84.6
33.74.06,Gayamsari,2025-02-24,DBD,0,68900,78.3,26.2,87.6
33.74.06,Gayamsari,2025-03-03,DBD,0,68900,57.7,26.8,85.0
33.74.06,Gayamsari,2025-03-10,DBD,0,68900,37.5,26.8,84.7
33.74.06,Gayamsari,2025-03-17,DBD,1,68900,18.3,27.1,80.0
33.74.06,Gayamsari,2025-03-24,DBD,1,68900,20.0,27.5,80.9
33.74.06,Gayamsari,2025-03-31,DBD,0,68900,41.7,27.0,82.1
33.74.06,Gayamsari,2025-04-07,DBD,0,68900,35.2,27.6,79.9
33.74.06,Gayamsari,2025-04-14,DBD,0,68900,35.5,27.1,83.4
33.74.06,Gayamsari,2025-04-21,DBD,2,68900,24.8,27.4,80.0
33.74.06,Gayamsari,2025-04-28,DBD,0,68900,33.7,28.4,69.9
33.74.06,Gayamsari,2025-05-05,DBD,0,68900,31.7,28.0,78.1
33.74.06,Gayamsari,2025-05-12,DBD,0,68900,73.0,26.6,86.4
33.74.06,Gayamsari,2025-05-19,DBD,0,68900,83.7,26.6,86.0
33.74.06,Gayamsari,2025-05-26,DBD,1,68900,23.2,27.4,81.6
33.74.06,Gayamsari,2025-06-02,DBD,0,68900,6.8,28.5,70.9
33.74.06,Gayamsari,2025-06-09,DBD,1,68900,24.0,27.5,76.7
33.74.06,Gayamsari,2025-06-16,DBD,0,68900,42.4,27.1,77.3
33.74.06,Gayamsari,2025-06-23,DBD,0,68900,13.7,28.3,67.0
33.74.06,Gayamsari,2025-06-30,DBD,0,68900,20.5,27.7,72.3
33.74.06,Gayamsari,2025-07-07,DBD,0,68900,3.7,28.0,62.9
33.74.06,Gayamsari,2025-07-14,DBD,0,68900,6.4,28.1,64.9
33.74.06,Gayamsari,2025-07-21,DBD,0,68900,2.6,28.6,62.1
33.74.06,Gayamsari,2025-07-28,DBD,0,68900,15.7,29.2,62.3
33.74.06,Gayamsari,2025-08-04,DBD,0,68900,30.0,27.6,75.6
33.74.06,Gayamsari,2025-08-11,DBD,0,68900,37.1,27.4,70.3
33.74.06,Gayamsari,2025-08-18,DBD,0,68900,52.6,27.3,74.3
33.74.06,Gayamsari,2025-08-25,DBD,0,68900,10.4,28.2,65.3
33.74.06,Gayamsari,2025-09-01,DBD,1,68900,1.3,29.3,58.3
33.74.06,Gayamsari,2025-09-08,DBD,0,68900,37.2,27.7,74.6
33.74.06,Gayamsari,2025-09-15,DBD,0,68900,52.0,27.6,73.1
33.74.06,Gayamsari,2025-09-22,DBD,0,68900,15.3,29.1,67.0
33.74.06,Gayamsari,2025-09-29,DBD,0,68900,32.0,27.9,73.0
33.74.06,Gayamsari,2025-10-06,DBD,0,68900,3.6,29.5,62.6
33.74.06,Gayamsari,2025-10-13,DBD,0,68900,36.0,29.7,67.6
33.74.06,Gayamsari,2025-10-20,DBD,0,68900,150.9,26.8,85.4
33.74.06,Gayamsari,2025-10-27,DBD,0,68900,59.8,26.9,84.6
33.74.06,Gayamsari,2025-11-03,DBD,0,68900,39.2,27.1,82.9
33.74.06,Gayamsari,2025-11-10,DBD,0,68900,66.9,26.6,86.0
33.74.06,Gayamsari,2025-11-17,DBD,0,68900,47.2,27.0,82.7
33.74.06,Gayamsari,2025-11-24,DBD,0,68900,8.1,28.6,68.4
33.74.06,Gayamsari,2025-12-01,DBD,0,68900,25.8,27.3,80.0
33.74.06,Gayamsari,2025-12-08,DBD,0,68900,47.5,26.5,86.1
33.74.06,Gayamsari,2025-12-15,DBD,0,68900,35.2,27.2,80.4
33.74.06,Gayamsari,2025-12-22,DBD,0,68900,47.3,27.1,84.6
33.74.06,Gayamsari,2025-12-29,DBD,0,68900,20.8,26.7,82.7
33.74.07,Candisari,2025-01-06,DBD,0,78420,57.0,26.6,84.7
33.74.07,Candisari,2025-01-13,DBD,1,78420,54.5,26.6,85.7
33.74.07,Candisari,2025-01-20,DBD,0,78420,68.4,26.2,87.9
33.74.07,Candisari,2025-01-27,DBD,0,78420,83.1,25.7,86.0
33.74.07,Candisari,2025-02-03,DBD,0,78420,24.4,26.6,81.7
33.74.07,Candisari,2025-02-10,DBD,1,78420,21.9,26.7,82.4
33.74.07,Candisari,2025-02-17,DBD,0,78420,41.2,26.4,84.6
33.74.07,Candisari,2025-02-24,DBD,0,78420,78.3,26.2,87.6
33.74.07,Candisari,2025-03-03,DBD,1,78420,57.7,26.8,85.0
33.74.07,Candisari,2025-03-10,DBD,2,78420,37.5,26.8,84.7
33.74.07,Candisari,2025-03-17,DBD,0,78420,18.3,27.1,80.0
33.74.07,Candisari,2025-03-24,DBD,2,78420,20.0,27.5,80.9
33.74.07,Candisari,2025-03-31,DBD,0,78420,41.7,27.0,82.1
33.74.07,Candisari,2025-04-07,DBD,1,78420,35.2,27.6,79.9
33.74.07,Candisari,2025-04-14,DBD,0,78420,35.5,27.1,83.4
33.74.07,Candisari,2025-04-21,DBD,0,78420,24.8,27.4,80.0
33.74.07,Candisari,2025-04-28,DBD,0,78420,33.7,28.4,69.9
33.74.07,Candisari,2025-05-05,DBD,0,78420,31.7,28.0,78.1
33.74.07,Candisari,2025-05-12,DBD,0,78420,73.0,26.6,86.4
33.74.07,Candisari,2025-05-19,DBD,1,78420,83.7,26.6,86.0
33.74.07,Candisari,2025-05-26,DBD,2,78420,23.2,27.4,81.6
33.74.07,Candisari,2025-06-02,DBD,1,78420,6.8,28.5,70.9
33.74.07,Candisari,2025-06-09,DBD,1,78420,24.0,27.5,76.7
33.74.07,Candisari,2025-06-16,DBD,0,78420,42.4,27.1,77.3
33.74.07,Candisari,2025-06-23,DBD,0,78420,13.7,28.3,67.0
33.74.07,Candisari,2025-06-30,DBD,0,78420,20.5,27.7,72.3
33.74.07,Candisari,2025-07-07,DBD,0,78420,3.7,28.0,62.9
33.74.07,Candisari,2025-07-14,DBD,0,78420,6.4,28.1,64.9
33.74.07,Candisari,2025-07-21,DBD,0,78420,2.6,28.6,62.1
33.74.07,Candisari,2025-07-28,DBD,0,78420,15.7,29.2,62.3
33.74.07,Candisari,2025-08-04,DBD,0,78420,30.0,27.6,75.6
33.74.07,Candisari,2025-08-11,DBD,1,78420,37.1,27.4,70.3
33.74.07,Candisari,2025-08-18,DBD,0,78420,52.6,27.3,74.3
33.74.07,Candisari,2025-08-25,DBD,0,78420,10.4,28.2,65.3
33.74.07,Candisari,2025-09-01,DBD,0,78420,1.3,29.3,58.3
33.74.07,Candisari,2025-09-08,DBD,0,78420,37.2,27.7,74.6
33.74.07,Candisari,2025-09-15,DBD,0,78420,52.0,27.6,73.1
33.74.07,Candisari,2025-09-22,DBD,2,78420,15.3,29.1,67.0
33.74.07,Candisari,2025-09-29,DBD,0,78420,32.0,27.9,73.0
33.74.07,Candisari,2025-10-06,DBD,0,78420,3.6,29.5,62.6
33.74.07,Candisari,2025-10-13,DBD,0,78420,36.0,29.7,67.6
33.74.07,Candisari,2025-10-20,DBD,0,78420,150.9,26.8,85.4
33.74.07,Candisari,2025-10-27,DBD,0,78420,59.8,26.9,84.6
33.74.07,Candisari,2025-11-03,DBD,0,78420,39.2,27.1,82.9
33.74.07,Candisari,2025-11-10,DBD,0,78420,66.9,26.6,86.0
33.74.07,Candisari,2025-11-17,DBD,0,78420,47.2,27.0,82.7
33.74.07,Candisari,2025-11-24,DBD,0,78420,8.1,28.6,68.4
33.74.07,Candisari,2025-12-01,DBD,0,78420,25.8,27.3,80.0
33.74.07,Candisari,2025-12-08,DBD,0,78420,47.5,26.5,86.1
33.74.07,Candisari,2025-12-15,DBD,0,78420,35.2,27.2,80.4
33.74.07,Candisari,2025-12-22,DBD,0,78420,47.3,27.1,84.6
33.74.07,Candisari,2025-12-29,DBD,0,78420,20.8,26.7,82.7
33.74.08,Gajahmungkur,2025-01-06,DBD,1,58310,57.0,26.6,84.7
33.74.08,Gajahmungkur,2025-01-13,DBD,0,58310,54.5,26.6,85.7
33.74.08,Gajahmungkur,2025-01-20,DBD,1,58310,68.4,26.2,87.9
33.74.08,Gajahmungkur,2025-01-27,DBD,2,58310,83.1,25.7,86.0
33.74.08,Gajahmungkur,2025-02-03,DBD,0,58310,24.4,26.6,81.7
33.74.08,Gajahmungkur,2025-02-10,DBD,0,58310,21.9,26.7,82.4
33.74.08,Gajahmungkur,2025-02-17,DBD,0,58310,41.2,26.4,84.6
33.74.08,Gajahmungkur,2025-02-24,DBD,2,58310,78.3,26.2,87.6
33.74.08,Gajahmungkur,2025-03-03,DBD,1,58310,57.7,26.8,85.0
33.74.08,Gajahmungkur,2025-03-10,DBD,0,58310,37.5,26.8,84.7
33.74.08,Gajahmungkur,2025-03-17,DBD,0,58310,18.3,27.1,80.0
33.74.08,Gajahmungkur,2025-03-24,DBD,0,58310,20.0,27.5,80.9
33.74.08,Gajahmungkur,2025-03-31,DBD,0,58310,41.7,27.0,82.1
33.74.08,Gajahmungkur,2025-04-07,DBD,0,58310,35.2,27.6,79.9
33.74.08,Gajahmungkur,2025-04-14,DBD,1,58310,35.5,27.1,83.4
33.74.08,Gajahmungkur,2025-04-21,DBD,1,58310,24.8,27.4,80.0
33.74.08,Gajahmungkur,2025-04-28,DBD,0,58310,33.7,28.4,69.9
33.74.08,Gajahmungkur,2025-05-05,DBD,1,58310,31.7,28.0,78.1
33.74.08,Gajahmungkur,2025-05-12,DBD,1,58310,73.0,26.6,86.4
33.74.08,Gajahmungkur,2025-05-19,DBD,0,58310,83.7,26.6,86.0
33.74.08,Gajahmungkur,2025-05-26,DBD,0,58310,23.2,27.4,81.6
33.74.08,Gajahmungkur,2025-06-02,DBD,0,58310,6.8,28.5,70.9
33.74.08,Gajahmungkur,2025-06-09,DBD,0,58310,24.0,27.5,76.7
33.74.08,Gajahmungkur,2025-06-16,DBD,0,58310,42.4,27.1,77.3
33.74.08,Gajahmungkur,2025-06-23,DBD,0,58310,13.7,28.3,67.0
33.74.08,Gajahmungkur,2025-06-30,DBD,0,58310,20.5,27.7,72.3
33.74.08,Gajahmungkur,2025-07-07,DBD,0,58310,3.7,28.0,62.9
33.74.08,Gajahmungkur,2025-07-14,DBD,0,58310,6.4,28.1,64.9
33.74.08,Gajahmungkur,2025-07-21,DBD,0,58310,2.6,28.6,62.1
33.74.08,Gajahmungkur,2025-07-28,DBD,0,58310,15.7,29.2,62.3
33.74.08,Gajahmungkur,2025-08-04,DBD,0,58310,30.0,27.6,75.6
33.74.08,Gajahmungkur,2025-08-11,DBD,0,58310,37.1,27.4,70.3
33.74.08,Gajahmungkur,2025-08-18,DBD,0,58310,52.6,27.3,74.3
33.74.08,Gajahmungkur,2025-08-25,DBD,0,58310,10.4,28.2,65.3
33.74.08,Gajahmungkur,2025-09-01,DBD,0,58310,1.3,29.3,58.3
33.74.08,Gajahmungkur,2025-09-08,DBD,0,58310,37.2,27.7,74.6
33.74.08,Gajahmungkur,2025-09-15,DBD,0,58310,52.0,27.6,73.1
33.74.08,Gajahmungkur,2025-09-22,DBD,1,58310,15.3,29.1,67.0
33.74.08,Gajahmungkur,2025-09-29,DBD,0,58310,32.0,27.9,73.0
33.74.08,Gajahmungkur,2025-10-06,DBD,0,58310,3.6,29.5,62.6
33.74.08,Gajahmungkur,2025-10-13,DBD,0,58310,36.0,29.7,67.6
33.74.08,Gajahmungkur,2025-10-20,DBD,0,58310,150.9,26.8,85.4
33.74.08,Gajahmungkur,2025-10-27,DBD,0,58310,59.8,26.9,84.6
33.74.08,Gajahmungkur,2025-11-03,DBD,0,58310,39.2,27.1,82.9
33.74.08,Gajahmungkur,2025-11-10,DBD,0,58310,66.9,26.6,86.0
33.74.08,Gajahmungkur,2025-11-17,DBD,0,58310,47.2,27.0,82.7
33.74.08,Gajahmungkur,2025-11-24,DBD,0,58310,8.1,28.6,68.4
33.74.08,Gajahmungkur,2025-12-01,DBD,0,58310,25.8,27.3,80.0
33.74.08,Gajahmungkur,2025-12-08,DBD,0,58310,47.5,26.5,86.1
33.74.08,Gajahmungkur,2025-12-15,DBD,0,58310,35.2,27.2,80.4
33.74.08,Gajahmungkur,2025-12-22,DBD,0,58310,47.3,27.1,84.6
33.74.08,Gajahmungkur,2025-12-29,DBD,0,58310,20.8,26.7,82.7
33.74.09,Genuk,2025-01-06,DBD,0,112400,47.1,26.9,82.0
33.74.09,Genuk,2025-01-13,DBD,0,112400,24.2,27.1,82.3
33.74.09,Genuk,2025-01-20,DBD,0,112400,72.8,26.4,86.7
33.74.09,Genuk,2025-01-27,DBD,0,112400,75.2,25.9,85.6
33.74.09,Genuk,2025-02-03,DBD,3,112400,22.7,26.9,80.6
33.74.09,Genuk,2025-02-10,DBD,1,112400,17.5,27.1,80.3
33.74.09,Genuk,2025-02-17,DBD,0,112400,36.2,26.9,81.0
33.74.09,Genuk,2025-02-24,DBD,0,112400,70.1,26.4,87.0
33.74.09,Genuk,2025-03-03,DBD,1,112400,68.7,26.9,84.6
33.74.09,Genuk,2025-03-10,DBD,1,112400,57.9,26.7,85.9
33.74.09,Genuk,2025-03-17,DBD,2,112400,23.6,27.1,80.6
33.74.09,Genuk,2025-03-24,DBD,1,112400,46.6,27.7,80.3
33.74.09,Genuk,2025-03-31,DBD,0,112400,21.0,27.3,80.9
33.74.09,Genuk,2025-04-07,DBD,1,112400,51.1,27.8,79.4
33.74.09,Genuk,2025-04-14,DBD,1,112400,46.1,27.2,83.3
33.74.09,Genuk,2025-04-21,DBD,2,112400,34.1,27.8,76.6
33.74.09,Genuk,2025-04-28,DBD,2,112400,30.6,28.4,70.1
33.74.09,Genuk,2025-05-05,DBD,1,112400,34.2,27.8,80.0
33.74.09,Genuk,2025-05-12,DBD,2,112400,73.9,26.6,87.1
33.74.09,Genuk,2025-05-19,DBD,0,112400,108.4,26.4,87.0
33.74.09,Genuk,2025-05-26,DBD,1,112400,25.8,27.2,82.7
33.74.09,Genuk,2025-06-02,DBD,1,112400,11.3,28.1,74.3
33.74.09,Genuk,2025-06-09,DBD,2,112400,29.8,27.2,78.0
33.74.09,Genuk,2025-06-16,DBD,0,112400,34.2,26.8,79.0
33.74.09,Genuk,2025-06-23,DBD,0,112400,11.3,28.0,69.6
33.74.09,Genuk,2025-06-30,DBD,0,112400,21.3,27.7,72.7
33.74.09,Genuk,2025-07-07,DBD,0,112400,7.4,27.7,63.7
33.74.09,Genuk,2025-07-14,DBD,0,112400,10.5,27.9,66.1
33.74.09,Genuk,2025-07-21,DBD,0,112400,2.2,28.0,65.4
33.74.09,Genuk,2025-07-28,DBD,0,112400,6.6,28.9,63.9
33.74.09,Genuk,2025-08-04,DBD,2,112400,35.1,27.6,75.3
33.74.09,Genuk,2025-08-11,DBD,1,112400,42.8,27.3,70.3
33.74.09,Genuk,2025-08-18,DBD,0,112400,51.8,27.0,77.3
33.74.09,Genuk,2025-08-25,DBD,0,112400,7.5,28.3,63.3
33.74.09,Genuk,2025-09-01,DBD,0,112400,3.0,29.3,58.0
33.74.09,Genuk,2025-09-08,DBD,0,112400,39.5,27.8,73.3
33.74.09,Genuk,2025-09-15,DBD,0,112400,52.7,27.6,73.7
33.74.09,Genuk,2025-09-22,DBD,1,112400,24.1,28.9,67.7
33.74.09,Genuk,2025-09-29,DBD,0,112400,46.6,27.8,73.0
33.74.09,Genuk,2025-10-06,DBD,0,112400,3.1,29.6,62.1
33.74.09,Genuk,2025-10-13,DBD,0,112400,32.3,29.7,67.7
33.74.09,Genuk,2025-10-20,DBD,0,112400,167.8,26.9,85.0
33.74.09,Genuk,2025-10-27,DBD,0,112400,74.4,27.0,84.3
33.74.09,Genuk,2025-11-03,DBD,0,112400,58.3,27.0,83.6
33.74.09,Genuk,2025-11-10,DBD,0,112400,77.6,26.5,86.0
33.74.09,Genuk,2025-11-17,DBD,0,112400,76.8,27.0,83.3
33.74.09,Genuk,2025-11-24,DBD,0,112400,19.9,27.8,76.6
33.74.09,Genuk,2025-12-01,DBD,0,112400,41.1,27.0,82.1
33.74.09,Genuk,2025-12-08,DBD,0,112400,44.5,26.6,85.4
33.74.09,Genuk,2025-12-15,DBD,0,112400,31.3,27.0,82.1
33.74.09,Genuk,2025-12-22,DBD,1,112400,36.6,27.0,84.1
33.74.09,Genuk,2025-12-29,DBD,0,112400,20.0,26.9,82.3
33.74.10,Pedurungan,2025-01-06,DBD,2,192500,47.1,27.1,82.0
33.74.10,Pedurungan,2025-01-13,DBD,0,192500,24.2,27.2,82.3
33.74.10,Pedurungan,2025-01-20,DBD,1,192500,72.8,26.6,86.7
33.74.10,Pedurungan,2025-01-27,DBD,3,192500,75.2,26.0,85.7
33.74.10,Pedurungan,2025-02-03,DBD,1,192500,22.7,27.1,80.6
33.74.10,Pedurungan,2025-02-10,DBD,3,192500,17.5,27.3,80.6
33.74.10,Pedurungan,2025-02-17,DBD,0,192500,36.2,27.1,81.0
33.74.10,Pedurungan,2025-02-24,DBD,0,192500,70.1,26.6,87.0
33.74.10,Pedurungan,2025-03-03,DBD,3,192500,68.7,27.0,84.6
33.74.10,Pedurungan,2025-03-10,DBD,0,192500,57.9,26.9,85.9
33.74.10,Pedurungan,2025-03-17,DBD,2,192500,23.6,27.3,80.7
33.74.10,Pedurungan,2025-03-24,DBD,2,192500,46.6,27.9,80.3
33.74.10,Pedurungan,2025-03-31,DBD,0,192500,21.0,27.4,80.9
33.74.10,Pedurungan,2025-04-07,DBD,2,192500,51.1,28.0,79.6
33.74.10,Pedurungan,2025-04-14,DBD,1,192500,46.1,27.4,83.4
33.74.10,Pedurungan,2025-04-21,DBD,0,192500,34.1,28.0,76.6
33.74.10,Pedurungan,2025-04-28,DBD,1,192500,30.6,28.6,70.3
33.74.10,Pedurungan,2025-05-05,DBD,1,192500,34.2,28.0,80.0
33.74.10,Pedurungan,2025-05-12,DBD,4,192500,73.9,26.7,87.1
33.74.10,Pedurungan,2025-05-19,DBD,1,192500,108.4,26.6,87.0
33.74.10,Pedurungan,2025-05-26,DBD,2,192500,25.8,27.3,82.7
33.74.10,Pedurungan,2025-06-02,DBD,1,192500,11.3,28.2,74.3
33.74.10,Pedurungan,2025-06-09,DBD,1,192500,29.8,27.4,78.0
33.74.10,Pedurungan,2025-06-16,DBD,0,192500,34.2,27.0,79.0
33.74.10,Pedurungan,2025-06-23,DBD,0,192500,11.3,28.2,69.6
33.74.10,Pedurungan,2025-06-30,DBD,1,192500,21.3,27.8,72.7
33.74.10,Pedurungan,2025-07-07,DBD,0,192500,7.4,27.8,63.7
33.74.10,Pedurungan,2025-07-14,DBD,0,192500,10.5,28.0,66.1
33.74.10,Pedurungan,2025-07-21,DBD,1,192500,2.2,28.2,65.4
33.74.10,Pedurungan,2025-07-28,DBD,0,192500,6.6,29.0,63.9
33.74.10,Pedurungan,2025-08-04,DBD,1,192500,35.1,27.7,75.3
33.74.10,Pedurungan,2025-08-11,DBD,0,192500,42.8,27.4,70.3
33.74.10,Pedurungan,2025-08-18,DBD,0,192500,51.8,27.2,77.3
33.74.10,Pedurungan,2025-08-25,DBD,0,192500,7.5,28.4,63.3
33.74.10,Pedurungan,2025-09-01,DBD,0,192500,3.0,29.4,58.0
33.74.10,Pedurungan,2025-09-08,DBD,0,192500,39.5,28.0,73.3
33.74.10,Pedurungan,2025-09-15,DBD,0,192500,52.7,27.7,73.7
33.74.10,Pedurungan,2025-09-22,DBD,2,192500,24.1,29.0,67.7
33.74.10,Pedurungan,2025-09-29,DBD,0,192500,46.6,28.0,73.0
33.74.10,Pedurungan,2025-10-06,DBD,0,192500,3.1,29.8,62.1
33.74.10,Pedurungan,2025-10-13,DBD,0,192500,32.3,29.9,67.9
33.74.10,Pedurungan,2025-10-20,DBD,0,192500,167.8,27.1,85.0
33.74.10,Pedurungan,2025-10-27,DBD,0,192500,74.4,27.1,84.3
33.74.10,Pedurungan,2025-11-03,DBD,0,192500,58.3,27.1,83.6
33.74.10,Pedurungan,2025-11-10,DBD,0,192500,77.6,26.7,86.0
33.74.10,Pedurungan,2025-11-17,DBD,0,192500,76.8,27.1,83.3
33.74.10,Pedurungan,2025-11-24,DBD,0,192500,19.9,27.9,76.6
33.74.10,Pedurungan,2025-12-01,DBD,0,192500,41.1,27.2,82.1
33.74.10,Pedurungan,2025-12-08,DBD,0,192500,44.5,26.7,85.4
33.74.10,Pedurungan,2025-12-15,DBD,0,192500,31.3,27.1,82.1
33.74.10,Pedurungan,2025-12-22,DBD,0,192500,36.6,27.2,84.1
33.74.10,Pedurungan,2025-12-29,DBD,0,192500,20.0,27.1,82.3
33.74.11,Tembalang,2025-01-06,DBD,4,185400,77.7,25.7,86.4
33.74.11,Tembalang,2025-01-13,DBD,0,185400,91.4,25.6,88.0
33.74.11,Tembalang,2025-01-20,DBD,0,185400,85.2,25.4,88.7
33.74.11,Tembalang,2025-01-27,DBD,3,185400,68.5,24.9,87.0
33.74.11,Tembalang,2025-02-03,DBD,1,185400,34.1,25.9,82.1
33.74.11,Tembalang,2025-02-10,DBD,3,185400,44.6,25.9,83.7
33.74.11,Tembalang,2025-02-17,DBD,3,185400,69.2,25.5,86.6
33.74.11,Tembalang,2025-02-24,DBD,0,185400,111.8,25.5,88.1
33.74.11,Tembalang,2025-03-03,DBD,3,185400,100.2,26.0,85.9
33.74.11,Tembalang,2025-03-10,DBD,0,185400,56.8,25.8,86.6
33.74.11,Tembalang,2025-03-17,DBD,2,185400,46.8,25.9,84.1
33.74.11,Tembalang,2025-03-24,DBD,3,185400,54.0,26.3,83.9
33.74.11,Tembalang,2025-03-31,DBD,0,185400,67.4,25.8,85.1
33.74.11,Tembalang,2025-04-07,DBD,6,185400,50.0,26.5,82.4
33.74.11,Tembalang,2025-04-14,DBD,1,185400,52.2,26.1,85.1
33.74.11,Tembalang,2025-04-21,DBD,2,185400,50.7,26.3,82.9
33.74.11,Tembalang,2025-04-28,DBD,0,185400,47.3,26.7,76.7
33.74.11,Tembalang,2025-05-05,DBD,1,185400,53.2,26.6,82.3
33.74.11,Tembalang,2025-05-12,DBD,1,185400,86.9,25.7,87.9
33.74.11,Tembalang,2025-05-19,DBD,0,185400,81.9,25.6,87.1
33.74.11,Tembalang,2025-05-26,DBD,1,185400,33.4,26.3,82.7
33.74.11,Tembalang,2025-06-02,DBD,1,185400,5.6,26.9,77.3
33.74.11,Tembalang,2025-06-09,DBD,2,185400,19.5,26.4,78.9
33.74.11,Tembalang,2025-06-16,DBD,0,185400,41.9,25.9,80.1
33.74.11,Tembalang,2025-06-23,DBD,0,185400,17.8,26.7,73.1
33.74.11,Tembalang,2025-06-30,DBD,0,185400,32.7,26.6,75.3
33.74.11,Tembalang,2025-07-07,DBD,1,185400,3.0,26.6,66.0
33.74.11,Tembalang,2025-07-14,DBD,0,185400,9.1,26.6,69.1
33.74.11,Tembalang,2025-07-21,DBD,0,185400,4.5,26.8,69.1
33.74.11,Tembalang,2025-07-28,DBD,0,185400,13.8,27.6,68.4
33.74.11,Tembalang,2025-08-04,DBD,1,185400,30.8,26.6,77.0
33.74.11,Tembalang,2025-08-11,DBD,1,185400,32.0,26.3,71.9
33.74.11,Tembalang,2025-08-18,DBD,0,185400,60.9,26.2,77.1
33.74.11,Tembalang,2025-08-25,DBD,0,185400,10.6,27.0,67.1
33.74.11,Tembalang,2025-09-01,DBD,1,185400,1.7,28.2,59.9
33.74.11,Tembalang,2025-09-08,DBD,0,185400,24.3,26.9,73.6
33.74.11,Tembalang,2025-09-15,DBD,0,185400,50.2,26.6,75.6
33.74.11,Tembalang,2025-09-22,DBD,2,185400,15.7,27.9,69.9
33.74.11,Tembalang,2025-09-29,DBD,0,185400,29.5,27.1,73.0
33.74.11,Tembalang,2025-10-06,DBD,0,185400,1.4,28.5,63.4
33.74.11,Tembalang,2025-10-13,DBD,0,185400,25.0,28.9,67.6
33.74.11,Tembalang,2025-10-20,DBD,0,185400,199.9,26.0,87.1
33.74.11,Tembalang,2025-10-27,DBD,0,185400,68.1,26.1,85.0
33.74.11,Tembalang,2025-11-03,DBD,0,185400,61.9,26.1,84.4
33.74.11,Tembalang,2025-11-10,DBD,0,185400,105.5,25.5,88.0
33.74.11,Tembalang,2025-11-17,DBD,0,185400,83.8,25.9,85.6
33.74.11,Tembalang,2025-11-24,DBD,0,185400,29.2,26.7,78.9
33.74.11,Tembalang,2025-12-01,DBD,0,185400,60.6,26.0,84.7
33.74.11,Tembalang,2025-12-08,DBD,0,185400,73.1,25.5,88.6
33.74.11,Tembalang,2025-12-15,DBD,0,185400,69.5,26.0,82.7
33.74.11,Tembalang,2025-12-22,DBD,0,185400,84.2,26.1,87.0
33.74.11,Tembalang,2025-12-29,DBD,0,185400,32.1,25.6,85.3
33.74.12,Banyumanik,2025-01-06,DBD,1,142100,77.7,25.7,86.4
33.74.12,Banyumanik,2025-01-13,DBD,0,142100,91.4,25.6,88.0
33.74.12,Banyumanik,2025-01-20,DBD,2,142100,85.2,25.4,88.7
33.74.12,Banyumanik,2025-01-27,DBD,1,142100,68.5,24.9,87.0
33.74.12,Banyumanik,2025-02-03,DBD,2,142100,34.1,25.9,82.1
33.74.12,Banyumanik,2025-02-10,DBD,3,142100,44.6,25.9,83.7
33.74.12,Banyumanik,2025-02-17,DBD,1,142100,69.2,25.5,86.6
33.74.12,Banyumanik,2025-02-24,DBD,1,142100,111.8,25.5,88.1
33.74.12,Banyumanik,2025-03-03,DBD,0,142100,100.2,26.0,85.9
33.74.12,Banyumanik,2025-03-10,DBD,1,142100,56.8,25.8,86.6
33.74.12,Banyumanik,2025-03-17,DBD,2,142100,46.8,25.9,84.1
33.74.12,Banyumanik,2025-03-24,DBD,2,142100,54.0,26.3,83.9
33.74.12,Banyumanik,2025-03-31,DBD,0,142100,67.4,25.8,85.1
33.74.12,Banyumanik,2025-04-07,DBD,0,142100,50.0,26.5,82.4
33.74.12,Banyumanik,2025-04-14,DBD,2,142100,52.2,26.1,85.1
33.74.12,Banyumanik,2025-04-21,DBD,3,142100,50.7,26.3,82.9
33.74.12,Banyumanik,2025-04-28,DBD,1,142100,47.3,26.7,76.7
33.74.12,Banyumanik,2025-05-05,DBD,1,142100,53.2,26.6,82.3
33.74.12,Banyumanik,2025-05-12,DBD,1,142100,86.9,25.7,87.9
33.74.12,Banyumanik,2025-05-19,DBD,0,142100,81.9,25.6,87.1
33.74.12,Banyumanik,2025-05-26,DBD,1,142100,33.4,26.3,82.7
33.74.12,Banyumanik,2025-06-02,DBD,0,142100,5.6,26.9,77.3
33.74.12,Banyumanik,2025-06-09,DBD,1,142100,19.5,26.4,78.9
33.74.12,Banyumanik,2025-06-16,DBD,0,142100,41.9,25.9,80.1
33.74.12,Banyumanik,2025-06-23,DBD,0,142100,17.8,26.7,73.1
33.74.12,Banyumanik,2025-06-30,DBD,0,142100,32.7,26.6,75.3
33.74.12,Banyumanik,2025-07-07,DBD,0,142100,3.0,26.6,66.0
33.74.12,Banyumanik,2025-07-14,DBD,1,142100,9.1,26.6,69.1
33.74.12,Banyumanik,2025-07-21,DBD,0,142100,4.5,26.8,69.1
33.74.12,Banyumanik,2025-07-28,DBD,0,142100,13.8,27.6,68.4
33.74.12,Banyumanik,2025-08-04,DBD,0,142100,30.8,26.6,77.0
33.74.12,Banyumanik,2025-08-11,DBD,0,142100,32.0,26.3,71.9
33.74.12,Banyumanik,2025-08-18,DBD,0,142100,60.9,26.2,77.1
33.74.12,Banyumanik,2025-08-25,DBD,0,142100,10.6,27.0,67.1
33.74.12,Banyumanik,2025-09-01,DBD,0,142100,1.7,28.2,59.9
33.74.12,Banyumanik,2025-09-08,DBD,0,142100,24.3,26.9,73.6
33.74.12,Banyumanik,2025-09-15,DBD,0,142100,50.2,26.6,75.6
33.74.12,Banyumanik,2025-09-22,DBD,1,142100,15.7,27.9,69.9
33.74.12,Banyumanik,2025-09-29,DBD,0,142100,29.5,27.1,73.0
33.74.12,Banyumanik,2025-10-06,DBD,1,142100,1.4,28.5,63.4
33.74.12,Banyumanik,2025-10-13,DBD,0,142100,25.0,28.9,67.6
33.74.12,Banyumanik,2025-10-20,DBD,0,142100,199.9,26.0,87.1
33.74.12,Banyumanik,2025-10-27,DBD,0,142100,68.1,26.1,85.0
33.74.12,Banyumanik,2025-11-03,DBD,0,142100,61.9,26.1,84.4
33.74.12,Banyumanik,2025-11-10,DBD,0,142100,105.5,25.5,88.0
33.74.12,Banyumanik,2025-11-17,DBD,0,142100,83.8,25.9,85.6
33.74.12,Banyumanik,2025-11-24,DBD,0,142100,29.2,26.7,78.9
33.74.12,Banyumanik,2025-12-01,DBD,0,142100,60.6,26.0,84.7
33.74.12,Banyumanik,2025-12-08,DBD,0,142100,73.1,25.5,88.6
33.74.12,Banyumanik,2025-12-15,DBD,0,142100,69.5,26.0,82.7
33.74.12,Banyumanik,2025-12-22,DBD,0,142100,84.2,26.1,87.0
33.74.12,Banyumanik,2025-12-29,DBD,0,142100,32.1,25.6,85.3
33.74.13,Gunungpati,2025-01-06,DBD,0,98200,111.0,24.6,87.9
33.74.13,Gunungpati,2025-01-13,DBD,0,98200,141.4,24.5,88.3
33.74.13,Gunungpati,2025-01-20,DBD,0,98200,149.8,24.3,90.6
33.74.13,Gunungpati,2025-01-27,DBD,1,98200,113.9,23.6,90.9
33.74.13,Gunungpati,2025-02-03,DBD,0,98200,69.2,24.6,86.3
33.74.13,Gunungpati,2025-02-10,DBD,2,98200,65.7,24.7,84.9
33.74.13,Gunungpati,2025-02-17,DBD,0,98200,102.1,24.2,89.6
33.74.13,Gunungpati,2025-02-24,DBD,1,98200,160.9,24.3,90.6
33.74.13,Gunungpati,2025-03-03,DBD,0,98200,103.9,24.9,87.7
33.74.13,Gunungpati,2025-03-10,DBD,1,98200,94.6,24.7,88.3
33.74.13,Gunungpati,2025-03-17,DBD,0,98200,90.6,24.8,85.9
33.74.13,Gunungpati,2025-03-24,DBD,2,98200,80.8,25.2,85.6
33.74.13,Gunungpati,2025-03-31,DBD,0,98200,87.6,24.5,87.7
33.74.13,Gunungpati,2025-04-07,DBD,0,98200,59.4,25.2,84.7
33.74.13,Gunungpati,2025-04-14,DBD,0,98200,98.3,24.9,87.3
33.74.13,Gunungpati,2025-04-21,DBD,0,98200,104.5,25.0,85.0
33.74.13,Gunungpati,2025-04-28,DBD,0,98200,59.1,25.4,79.9
33.74.13,Gunungpati,2025-05-05,DBD,0,98200,81.0,25.6,83.9
33.74.13,Gunungpati,2025-05-12,DBD,1,98200,145.7,24.7,89.4
33.74.13,Gunungpati,2025-05-19,DBD,0,98200,84.9,24.6,88.7
33.74.13,Gunungpati,2025-05-26,DBD,0,98200,44.5,25.4,82.9
33.74.13,Gunungpati,2025-06-02,DBD,1,98200,11.2,25.8,78.6
33.74.13,Gunungpati,2025-06-09,DBD,0,98200,32.1,25.4,80.7
33.74.13,Gunungpati,2025-06-16,DBD,0,98200,52.2,24.7,83.1
33.74.13,Gunungpati,2025-06-23,DBD,0,98200,35.5,25.4,76.7
33.74.13,Gunungpati,2025-06-30,DBD,0,98200,41.0,25.2,79.1
33.74.13,Gunungpati,2025-07-07,DBD,0,98200,7.9,25.3,69.3
33.74.13,Gunungpati,2025-07-14,DBD,0,98200,8.5,25.3,71.3
33.74.13,Gunungpati,2025-07-21,DBD,0,98200,6.7,25.6,71.0
33.74.13,Gunungpati,2025-07-28,DBD,0,98200,15.5,26.2,72.4
33.74.13,Gunungpati,2025-08-04,DBD,0,98200,27.2,25.4,80.1
33.74.13,Gunungpati,2025-08-11,DBD,0,98200,24.7,25.0,74.7
33.74.13,Gunungpati,2025-08-18,DBD,0,98200,58.1,24.9,79.4
33.74.13,Gunungpati,2025-08-25,DBD,0,98200,30.4,25.4,70.9
33.74.13,Gunungpati,2025-09-01,DBD,0,98200,2.2,26.5,64.3
33.74.13,Gunungpati,2025-09-08,DBD,0,98200,36.9,25.7,75.6
33.74.13,Gunungpati,2025-09-15,DBD,0,98200,85.5,25.3,78.9
33.74.13,Gunungpati,2025-09-22,DBD,0,98200,8.9,26.6,72.4
33.74.13,Gunungpati,2025-09-29,DBD,0,98200,20.6,25.8,74.7
33.74.13,Gunungpati,2025-10-06,DBD,1,98200,7.4,26.9,67.0
33.74.13,Gunungpati,2025-10-13,DBD,0,98200,24.1,27.2,72.9
33.74.13,Gunungpati,2025-10-20,DBD,0,98200,237.5,24.9,88.1
33.74.13,Gunungpati,2025-10-27,DBD,0,98200,69.1,25.0,85.9
33.74.13,Gunungpati,2025-11-03,DBD,0,98200,69.7,25.1,84.3
33.74.13,Gunungpati,2025-11-10,DBD,0,98200,167.8,24.6,88.4
33.74.13,Gunungpati,2025-11-17,DBD,0,98200,125.2,24.8,86.6
33.74.13,Gunungpati,2025-11-24,DBD,0,98200,38.1,25.8,76.9
33.74.13,Gunungpati,2025-12-01,DBD,0,98200,75.6,25.0,85.3
33.74.13,Gunungpati,2025-12-08,DBD,0,98200,103.3,24.6,89.0
33.74.13,Gunungpati,2025-12-15,DBD,0,98200,102.2,25.1,83.4
33.74.13,Gunungpati,2025-12-22,DBD,0,98200,99.9,25.1,87.3
33.74.13,Gunungpati,2025-12-29,DBD,0,98200,40.8,24.4,87.3
33.74.14,Mijen,2025-01-06,DBD,0,78900,122.0,25.2,88.3
33.74.14,Mijen,2025-01-13,DBD,0,78900,129.0,24.9,89.7
33.74.14,Mijen,2025-01-20,DBD,0,78900,148.8,24.8,91.1
33.74.14,Mijen,2025-01-27,DBD,1,78900,102.2,24.1,93.1
33.74.14,Mijen,2025-02-03,DBD,1,78900,102.3,24.9,89.1
33.74.14,Mijen,2025-02-10,DBD,4,78900,70.6,25.2,86.3
33.74.14,Mijen,2025-02-17,DBD,1,78900,92.8,24.7,90.4
33.74.14,Mijen,2025-02-24,DBD,0,78900,177.3,24.8,92.1
33.74.14,Mijen,2025-03-03,DBD,3,78900,117.6,25.4,89.1
33.74.14,Mijen,2025-03-10,DBD,4,78900,100.6,25.3,88.9
33.74.14,Mijen,2025-03-17,DBD,2,78900,49.3,25.3,86.7
33.74.14,Mijen,2025-03-24,DBD,1,78900,73.2,25.6,87.0
33.74.14,Mijen,2025-03-31,DBD,0,78900,78.6,25.0,88.9
33.74.14,Mijen,2025-04-07,DBD,0,78900,78.6,25.7,86.6
33.74.14,Mijen,2025-04-14,DBD,0,78900,84.8,25.4,88.9
33.74.14,Mijen,2025-04-21,DBD,0,78900,75.4,25.5,86.0
33.74.14,Mijen,2025-04-28,DBD,3,78900,55.5,25.9,81.4
33.74.14,Mijen,2025-05-05,DBD,0,78900,91.4,26.0,85.9
33.74.14,Mijen,2025-05-12,DBD,1,78900,113.3,25.2,90.6
33.74.14,Mijen,2025-05-19,DBD,0,78900,79.6,25.3,89.1
33.74.14,Mijen,2025-05-26,DBD,1,78900,49.9,25.9,83.3
33.74.14,Mijen,2025-06-02,DBD,1,78900,17.2,26.5,79.6
33.74.14,Mijen,2025-06-09,DBD,0,78900,64.2,26.0,82.0
33.74.14,Mijen,2025-06-16,DBD,0,78900,49.0,25.3,84.1
33.74.14,Mijen,2025-06-23,DBD,0,78900,23.6,26.0,77.6
33.74.14,Mijen,2025-06-30,DBD,0,78900,45.1,25.7,81.9
33.74.14,Mijen,2025-07-07,DBD,0,78900,3.4,25.8,71.6
33.74.14,Mijen,2025-07-14,DBD,0,78900,6.1,25.9,71.3
33.74.14,Mijen,2025-07-21,DBD,0,78900,5.0,26.4,71.0
33.74.14,Mijen,2025-07-28,DBD,0,78900,10.6,26.8,72.7
33.74.14,Mijen,2025-08-04,DBD,0,78900,25.0,26.0,80.7
33.74.14,Mijen,2025-08-11,DBD,0,78900,32.1,25.5,75.4
33.74.14,Mijen,2025-08-18,DBD,0,78900,37.2,25.4,81.3
33.74.14,Mijen,2025-08-25,DBD,0,78900,28.8,26.0,71.9
33.74.14,Mijen,2025-09-01,DBD,0,78900,8.3,26.7,68.0
33.74.14,Mijen,2025-09-08,DBD,0,78900,53.7,26.3,76.4
33.74.14,Mijen,2025-09-15,DBD,0,78900,96.1,25.8,80.1
33.74.14,Mijen,2025-09-22,DBD,0,78900,15.3,27.2,73.3
33.74.14,Mijen,2025-09-29,DBD,0,78900,35.9,26.5,75.0
33.74.14,Mijen,2025-10-06,DBD,0,78900,6.9,27.4,68.9
33.74.14,Mijen,2025-10-13,DBD,0,78900,30.4,27.6,75.4
33.74.14,Mijen,2025-10-20,DBD,0,78900,209.9,25.5,87.7
33.74.14,Mijen,2025-10-27,DBD,0,78900,65.5,25.7,85.1
33.74.14,Mijen,2025-11-03,DBD,0,78900,87.0,25.7,84.7
33.74.14,Mijen,2025-11-10,DBD,0,78900,122.3,25.3,88.0
33.74.14,Mijen,2025-11-17,DBD,0,78900,99.0,25.4,86.7
33.74.14,Mijen,2025-11-24,DBD,0,78900,39.2,26.4,75.9
33.74.14,Mijen,2025-12-01,DBD,0,78900,83.6,25.5,85.6
33.74.14,Mijen,2025-12-08,DBD,0,78900,82.3,25.3,88.1
33.74.14,Mijen,2025-12-15,DBD,0,78900,102.2,25.6,84.3
33.74.14,Mijen,2025-12-22,DBD,0,78900,119.3,25.6,87.6
33.74.14,Mijen,2025-12-29,DBD,0,78900,44.2,24.9,89.0
33.74.15,Ngaliyan,2025-01-06,DBD,1,145800,65.2,26.2,84.7
33.74.15,Ngaliyan,2025-01-13,DBD,0,145800,92.6,26.1,86.4
33.74.15,Ngaliyan,2025-01-20,DBD,1,145800,78.4,25.8,88.6
33.74.15,Ngaliyan,2025-01-27,DBD,0,145800,102.1,25.2,87.7
33.74.15,Ngaliyan,2025-02-03,DBD,0,145800,35.8,26.0,83.6
33.74.15,Ngaliyan,2025-02-10,DBD,2,145800,39.6,26.2,83.6
33.74.15,Ngaliyan,2025-02-17,DBD,2,145800,58.1,25.8,86.6
33.74.15,Ngaliyan,2025-02-24,DBD,2,145800,76.6,25.8,88.1
33.74.15,Ngaliyan,2025-03-03,DBD,2,145800,63.1,26.5,85.3
33.74.15,Ngaliyan,2025-03-10,DBD,2,145800,36.3,26.4,85.0
33.74.15,Ngaliyan,2025-03-17,DBD,1,145800,30.8,26.6,81.9
33.74.15,Ngaliyan,2025-03-24,DBD,0,145800,33.3,26.9,82.4
33.74.15,Ngaliyan,2025-03-31,DBD,1,145800,30.2,26.3,84.6
33.74.15,Ngaliyan,2025-04-07,DBD,2,145800,24.4,27.1,80.0
33.74.15,Ngaliyan,2025-04-14,DBD,3,145800,39.7,26.8,82.1
33.74.15,Ngaliyan,2025-04-21,DBD,0,145800,47.0,26.9,81.1
33.74.15,Ngaliyan,2025-04-28,DBD,2,145800,28.9,27.7,72.9
33.74.15,Ngaliyan,2025-05-05,DBD,2,145800,30.7,27.5,79.7
33.74.15,Ngaliyan,2025-05-12,DBD,2,145800,55.8,26.4,86.0
33.74.15,Ngaliyan,2025-05-19,DBD,1,145800,66.1,26.3,85.3
33.74.15,Ngaliyan,2025-05-26,DBD,2,145800,23.9,27.1,79.6
33.74.15,Ngaliyan,2025-06-02,DBD,1,145800,3.4,28.2,70.3
33.74.15,Ngaliyan,2025-06-09,DBD,1,145800,31.7,27.3,76.1
33.74.15,Ngaliyan,2025-06-16,DBD,0,145800,35.6,26.7,77.7
33.74.15,Ngaliyan,2025-06-23,DBD,0,145800,23.3,27.9,67.6
33.74.15,Ngaliyan,2025-06-30,DBD,2,145800,21.3,27.3,73.3
33.74.15,Ngaliyan,2025-07-07,DBD,1,145800,4.4,27.7,62.3
33.74.15,Ngaliyan,2025-07-14,DBD,0,145800,7.2,27.6,64.0
33.74.15,Ngaliyan,2025-07-21,DBD,1,145800,2.7,28.4,61.0
33.74.15,Ngaliyan,2025-07-28,DBD,0,145800,12.4,28.7,63.7
33.74.15,Ngaliyan,2025-08-04,DBD,0,145800,25.1,27.0,77.4
33.74.15,Ngaliyan,2025-08-11,DBD,0,145800,31.6,26.8,72.4
33.74.15,Ngaliyan,2025-08-18,DBD,0,145800,28.0,26.9,74.9
33.74.15,Ngaliyan,2025-08-25,DBD,0,145800,11.6,27.6,65.6
33.74.15,Ngaliyan,2025-09-01,DBD,1,145800,3.7,28.6,59.3
33.74.15,Ngaliyan,2025-09-08,DBD,0,145800,37.1,27.4,73.3
33.74.15,Ngaliyan,2025-09-15,DBD,0,145800,66.7,27.0,76.1
33.74.15,Ngaliyan,2025-09-22,DBD,1,145800,10.7,28.5,68.9
33.74.15,Ngaliyan,2025-09-29,DBD,0,145800,19.1,27.6,72.9
33.74.15,Ngaliyan,2025-10-06,DBD,0,145800,5.9,28.9,63.4
33.74.15,Ngaliyan,2025-10-13,DBD,0,145800,23.2,28.8,71.1
33.74.15,Ngaliyan,2025-10-20,DBD,0,145800,204.2,26.4,86.1
33.74.15,Ngaliyan,2025-10-27,DBD,0,145800,57.5,26.6,84.3
33.74.15,Ngaliyan,2025-11-03,DBD,0,145800,55.9,26.8,82.7
33.74.15,Ngaliyan,2025-11-10,DBD,0,145800,85.8,26.3,85.7
33.74.15,Ngaliyan,2025-11-17,DBD,0,145800,76.6,26.5,84.4
33.74.15,Ngaliyan,2025-11-24,DBD,0,145800,13.4,27.5,75.3
33.74.15,Ngaliyan,2025-12-01,DBD,0,145800,50.1,26.7,83.3
33.74.15,Ngaliyan,2025-12-08,DBD,0,145800,79.4,26.1,86.7
33.74.15,Ngaliyan,2025-12-15,DBD,0,145800,57.5,26.7,81.7
33.74.15,Ngaliyan,2025-12-22,DBD,0,145800,72.4,26.7,85.4
33.74.15,Ngaliyan,2025-12-29,DBD,0,145800,29.8,26.1,84.3
33.74.16,Tugu,2025-01-06,DBD,0,32100,65.2,26.9,84.9
33.74.16,Tugu,2025-01-13,DBD,0,32100,92.6,26.8,86.7
33.74.16,Tugu,2025-01-20,DBD,0,32100,78.4,26.5,88.6
33.74.16,Tugu,2025-01-27,DBD,2,32100,102.1,25.9,87.9
33.74.16,Tugu,2025-02-03,DBD,2,32100,35.8,26.7,83.7
33.74.16,Tugu,2025-02-10,DBD,0,32100,39.6,26.9,83.9
33.74.16,Tugu,2025-02-17,DBD,0,32100,58.1,26.5,86.6
33.74.16,Tugu,2025-02-24,DBD,0,32100,76.6,26.5,88.3
33.74.16,Tugu,2025-03-03,DBD,0,32100,63.1,27.2,85.3
33.74.16,Tugu,2025-03-10,DBD,0,32100,36.3,27.1,85.0
33.74.16,Tugu,2025-03-17,DBD,0,32100,30.8,27.2,81.9
33.74.16,Tugu,2025-03-24,DBD,0,32100,33.3,27.5,82.4
33.74.16,Tugu,2025-03-31,DBD,0,32100,30.2,27.0,84.7
33.74.16,Tugu,2025-04-07,DBD,0,32100,24.4,27.8,80.3
33.74.16,Tugu,2025-04-14,DBD,1,32100,39.7,27.5,82.3
33.74.16,Tugu,2025-04-21,DBD,0,32100,47.0,27.6,81.1
33.74.16,Tugu,2025-04-28,DBD,0,32100,28.9,28.4,73.0
33.74.16,Tugu,2025-05-05,DBD,0,32100,30.7,28.2,80.0
33.74.16,Tugu,2025-05-12,DBD,1,32100,55.8,27.1,86.0
33.74.16,Tugu,2025-05-19,DBD,0,32100,66.1,27.0,85.7
33.74.16,Tugu,2025-05-26,DBD,0,32100,23.9,27.8,79.7
33.74.16,Tugu,2025-06-02,DBD,0,32100,3.4,28.9,70.3
33.74.16,Tugu,2025-06-09,DBD,0,32100,31.7,28.0,76.1
33.74.16,Tugu,2025-06-16,DBD,0,32100,35.6,27.4,77.7
33.74.16,Tugu,2025-06-23,DBD,0,32100,23.3,28.6,67.7
33.74.16,Tugu,2025-06-30,DBD,0,32100,21.3,28.0,73.4
33.74.16,Tugu,2025-07-07,DBD,0,32100,4.4,28.4,62.4
33.74.16,Tugu,2025-07-14,DBD,0,32100,7.2,28.3,64.1
33.74.16,Tugu,2025-07-21,DBD,0,32100,2.7,29.1,61.3
33.74.16,Tugu,2025-07-28,DBD,0,32100,12.4,29.4,63.7
33.74.16,Tugu,2025-08-04,DBD,0,32100,25.1,27.7,77.4
33.74.16,Tugu,2025-08-11,DBD,1,32100,31.6,27.4,72.6
33.74.16,Tugu,2025-08-18,DBD,0,32100,28.0,27.6,74.9
33.74.16,Tugu,2025-08-25,DBD,0,32100,11.6,28.3,65.6
33.74.16,Tugu,2025-09-01,DBD,0,32100,3.7,29.3,59.3
33.74.16,Tugu,2025-09-08,DBD,0,32100,37.1,28.1,73.6
33.74.16,Tugu,2025-09-15,DBD,0,32100,66.7,27.7,76.3
33.74.16,Tugu,2025-09-22,DBD,1,32100,10.7,29.2,68.9
33.74.16,Tugu,2025-09-29,DBD,0,32100,19.1,28.3,73.1
33.74.16,Tugu,2025-10-06,DBD,0,32100,5.9,29.6,63.7
33.74.16,Tugu,2025-10-13,DBD,0,32100,23.2,29.5,71.1
33.74.16,Tugu,2025-10-20,DBD,0,32100,204.2,27.1,86.3
33.74.16,Tugu,2025-10-27,DBD,0,32100,57.5,27.3,84.3
33.74.16,Tugu,2025-11-03,DBD,0,32100,55.9,27.5,82.7
33.74.16,Tugu,2025-11-10,DBD,0,32100,85.8,27.0,86.0
33.74.16,Tugu,2025-11-17,DBD,0,32100,76.6,27.2,84.6
33.74.16,Tugu,2025-11-24,DBD,0,32100,13.4,28.2,75.3
33.74.16,Tugu,2025-12-01,DBD,0,32100,50.1,27.3,83.3
33.74.16,Tugu,2025-12-08,DBD,0,32100,79.4,26.8,86.7
33.74.16,Tugu,2025-12-15,DBD,0,32100,57.5,27.3,81.7
33.74.16,Tugu,2025-12-22,DBD,0,32100,72.4,27.4,85.6
33.74.16,Tugu,2025-12-29,DBD,0,32100,29.8,26.8,84.7
