kecamatan_id,kecamatan_nama,week_start,rainfall_mm,temp_mean_c,humidity_pct
33.74.01,Semarang Tengah,2020-12-28,24.1,25.7,89.7
33.74.01,Semarang Tengah,2021-01-04,74.4,26.0,87.6
33.74.01,Semarang Tengah,2021-01-11,53.9,26.0,87.4
33.74.01,Semarang Tengah,2021-01-18,73.4,25.5,87.4
33.74.01,Semarang Tengah,2021-01-25,66.6,25.3,88.1
33.74.01,Semarang Tengah,2021-02-01,48.8,25.6,86.4
33.74.01,Semarang Tengah,2021-02-08,79.4,25.7,88.6
33.74.01,Semarang Tengah,2021-02-15,182.1,25.2,88.0
33.74.01,Semarang Tengah,2021-02-22,53.7,25.8,86.7
33.74.01,Semarang Tengah,2021-03-01,46.5,26.1,85.6
33.74.01,Semarang Tengah,2021-03-08,33.4,25.8,85.1
33.74.01,Semarang Tengah,2021-03-15,26.9,26.5,86.4
33.74.01,Semarang Tengah,2021-03-22,40.7,26.4,87.6
33.74.01,Semarang Tengah,2021-03-29,17.1,26.9,84.4
33.74.01,Semarang Tengah,2021-04-05,40.0,26.9,84.0
33.74.01,Semarang Tengah,2021-04-12,20.1,26.7,84.6
33.74.01,Semarang Tengah,2021-04-19,7.7,27.0,76.9
33.74.01,Semarang Tengah,2021-04-26,13.2,27.5,77.6
33.74.01,Semarang Tengah,2021-05-03,21.2,27.5,78.4
33.74.01,Semarang Tengah,2021-05-10,1.7,28.6,70.4
33.74.01,Semarang Tengah,2021-05-17,17.1,27.8,76.9
33.74.01,Semarang Tengah,2021-05-24,107.4,27.5,79.7
33.74.01,Semarang Tengah,2021-05-31,7.1,27.9,77.9
33.74.01,Semarang Tengah,2021-06-07,15.0,27.6,77.7
33.74.01,Semarang Tengah,2021-06-14,51.0,26.2,83.6
33.74.01,Semarang Tengah,2021-06-21,21.6,26.6,82.6
33.74.01,Semarang Tengah,2021-06-28,18.8,27.1,75.7
33.74.01,Semarang Tengah,2021-07-05,6.3,27.8,65.1
33.74.01,Semarang Tengah,2021-07-12,0.5,28.6,58.7
33.74.01,Semarang Tengah,2021-07-19,0.7,29.0,62.0
33.74.01,Semarang Tengah,2021-07-26,4.5,28.1,61.0
33.74.01,Semarang Tengah,2021-08-02,17.1,28.6,65.7
33.74.01,Semarang Tengah,2021-08-09,27.1,28.6,64.1
33.74.01,Semarang Tengah,2021-08-16,14.0,28.1,67.7
33.74.01,Semarang Tengah,2021-08-23,1.3,28.6,59.4
33.74.01,Semarang Tengah,2021-08-30,3.3,28.9,60.0
33.74.01,Semarang Tengah,2021-09-06,15.2,28.6,64.9
33.74.01,Semarang Tengah,2021-09-13,9.8,28.3,69.6
33.74.01,Semarang Tengah,2021-09-20,31.2,28.0,71.1
33.74.01,Semarang Tengah,2021-09-27,3.3,28.2,71.1
33.74.01,Semarang Tengah,2021-10-04,2.1,28.5,62.0
33.74.01,Semarang Tengah,2021-10-11,3.5,29.5,62.4
33.74.01,Semarang Tengah,2021-10-18,47.0,27.4,79.7
33.74.01,Semarang Tengah,2021-10-25,67.4,27.2,82.1
33.74.01,Semarang Tengah,2021-11-01,32.0,26.9,82.9
33.74.01,Semarang Tengah,2021-11-08,75.4,26.3,87.1
33.74.01,Semarang Tengah,2021-11-15,37.2,26.3,85.9
33.74.01,Semarang Tengah,2021-11-22,95.0,26.1,87.3
33.74.01,Semarang Tengah,2021-11-29,44.0,26.5,83.4
33.74.01,Semarang Tengah,2021-12-06,50.9,26.2,86.7
33.74.01,Semarang Tengah,2021-12-13,58.3,26.5,87.4
33.74.01,Semarang Tengah,2021-12-20,63.3,26.2,86.7
33.74.01,Semarang Tengah,2021-12-27,101.0,26.0,86.9
33.74.01,Semarang Tengah,2022-01-03,35.3,26.3,82.6
33.74.01,Semarang Tengah,2022-01-10,55.9,25.8,85.4
33.74.01,Semarang Tengah,2022-01-17,100.6,25.6,86.7
33.74.01,Semarang Tengah,2022-01-24,25.7,26.3,84.3
33.74.01,Semarang Tengah,2022-01-31,75.4,26.2,84.3
33.74.01,Semarang Tengah,2022-02-07,76.4,26.1,83.9
33.74.01,Semarang Tengah,2022-02-14,57.2,25.9,85.9
33.74.01,Semarang Tengah,2022-02-21,35.6,26.3,83.7
33.74.01,Semarang Tengah,2022-02-28,56.9,26.3,85.3
33.74.01,Semarang Tengah,2022-03-07,90.7,25.8,89.4
33.74.01,Semarang Tengah,2022-03-14,72.6,26.3,87.7
33.74.01,Semarang Tengah,2022-03-21,17.0,26.8,83.1
33.74.01,Semarang Tengah,2022-03-28,33.2,26.9,82.9
33.74.01,Semarang Tengah,2022-04-04,31.4,26.3,83.9
33.74.01,Semarang Tengah,2022-04-11,14.9,27.6,76.3
33.74.01,Semarang Tengah,2022-04-18,33.9,26.8,82.9
33.74.01,Semarang Tengah,2022-04-25,31.0,26.7,84.0
33.74.01,Semarang Tengah,2022-05-02,21.4,27.5,79.0
33.74.01,Semarang Tengah,2022-05-09,61.7,26.9,86.7
33.74.01,Semarang Tengah,2022-05-16,55.3,26.6,84.7
33.74.01,Semarang Tengah,2022-05-23,27.3,26.7,80.4
33.74.01,Semarang Tengah,2022-05-30,22.5,26.9,81.0
33.74.01,Semarang Tengah,2022-06-06,61.3,26.4,82.6
33.74.01,Semarang Tengah,2022-06-13,65.7,25.9,84.7
33.74.01,Semarang Tengah,2022-06-20,18.3,26.6,77.1
33.74.01,Semarang Tengah,2022-06-27,18.6,27.0,71.9
33.74.01,Semarang Tengah,2022-07-04,22.7,27.0,72.7
33.74.01,Semarang Tengah,2022-07-11,40.9,26.8,77.4
33.74.01,Semarang Tengah,2022-07-18,6.9,27.5,72.3
33.74.01,Semarang Tengah,2022-07-25,0.0,27.6,63.7
33.74.01,Semarang Tengah,2022-08-01,6.1,27.6,70.0
33.74.01,Semarang Tengah,2022-08-08,25.7,27.9,70.4
33.74.01,Semarang Tengah,2022-08-15,7.4,27.8,68.0
33.74.01,Semarang Tengah,2022-08-22,2.6,28.3,62.7
33.74.01,Semarang Tengah,2022-08-29,5.6,28.4,65.6
33.74.01,Semarang Tengah,2022-09-05,47.5,26.9,78.1
33.74.01,Semarang Tengah,2022-09-12,3.0,28.1,69.4
33.74.01,Semarang Tengah,2022-09-19,10.6,28.3,68.1
33.74.01,Semarang Tengah,2022-09-26,20.0,28.5,66.7
33.74.01,Semarang Tengah,2022-10-03,73.0,26.2,85.3
33.74.01,Semarang Tengah,2022-10-10,37.3,26.6,83.1
33.74.01,Semarang Tengah,2022-10-17,40.3,26.4,85.0
33.74.01,Semarang Tengah,2022-10-24,43.7,26.1,81.3
33.74.01,Semarang Tengah,2022-10-31,143.4,26.6,81.6
33.74.01,Semarang Tengah,2022-11-07,78.4,26.1,86.7
33.74.01,Semarang Tengah,2022-11-14,53.7,26.5,84.3
33.74.01,Semarang Tengah,2022-11-21,64.7,26.0,85.7
33.74.01,Semarang Tengah,2022-11-28,32.6,26.1,85.9
33.74.01,Semarang Tengah,2022-12-05,28.0,26.8,81.9
33.74.01,Semarang Tengah,2022-12-12,45.7,26.5,84.0
33.74.01,Semarang Tengah,2022-12-19,59.2,26.2,83.7
33.74.01,Semarang Tengah,2022-12-26,73.6,25.2,85.4
33.74.01,Semarang Tengah,2023-01-02,53.8,25.8,85.6
33.74.01,Semarang Tengah,2023-01-09,24.5,26.2,85.4
33.74.01,Semarang Tengah,2023-01-16,40.9,26.0,85.4
33.74.01,Semarang Tengah,2023-01-23,74.8,25.7,86.7
33.74.01,Semarang Tengah,2023-01-30,44.1,26.1,84.7
33.74.01,Semarang Tengah,2023-02-06,45.0,25.9,84.7
33.74.01,Semarang Tengah,2023-02-13,128.5,25.6,88.3
33.74.01,Semarang Tengah,2023-02-20,54.4,25.8,84.3
33.74.01,Semarang Tengah,2023-02-27,201.3,25.2,87.6
33.74.01,Semarang Tengah,2023-03-06,22.3,26.2,85.6
33.74.01,Semarang Tengah,2023-03-13,34.5,26.3,84.0
33.74.01,Semarang Tengah,2023-03-20,48.4,26.8,83.9
33.74.01,Semarang Tengah,2023-03-27,56.9,26.1,85.4
33.74.01,Semarang Tengah,2023-04-03,18.6,26.4,82.4
33.74.01,Semarang Tengah,2023-04-10,69.5,26.2,87.0
33.74.01,Semarang Tengah,2023-04-17,35.4,27.3,80.7
33.74.01,Semarang Tengah,2023-04-24,28.6,27.3,81.9
33.74.01,Semarang Tengah,2023-05-01,44.1,27.2,83.7
33.74.01,Semarang Tengah,2023-05-08,20.2,27.6,78.9
33.74.01,Semarang Tengah,2023-05-15,0.9,27.4,70.6
33.74.01,Semarang Tengah,2023-05-22,0.9,28.0,68.0
33.74.01,Semarang Tengah,2023-05-29,0.9,28.7,66.3
33.74.01,Semarang Tengah,2023-06-05,24.8,28.0,72.4
33.74.01,Semarang Tengah,2023-06-12,11.9,28.1,72.1
33.74.01,Semarang Tengah,2023-06-19,6.6,27.9,70.9
33.74.01,Semarang Tengah,2023-06-26,5.5,28.3,66.4
33.74.01,Semarang Tengah,2023-07-03,11.8,27.8,72.0
33.74.01,Semarang Tengah,2023-07-10,3.8,28.2,65.4
33.74.01,Semarang Tengah,2023-07-17,0.3,28.4,56.0
33.74.01,Semarang Tengah,2023-07-24,0.4,28.0,60.1
33.74.01,Semarang Tengah,2023-07-31,0.3,28.7,60.4
33.74.01,Semarang Tengah,2023-08-07,0.6,27.7,63.0
33.74.01,Semarang Tengah,2023-08-14,0.5,28.3,58.9
33.74.01,Semarang Tengah,2023-08-21,0.4,28.6,59.7
33.74.01,Semarang Tengah,2023-08-28,0.3,27.9,59.1
33.74.01,Semarang Tengah,2023-09-04,0.0,28.2,56.1
33.74.01,Semarang Tengah,2023-09-11,10.4,29.2,58.7
33.74.01,Semarang Tengah,2023-09-18,1.2,28.7,57.7
33.74.01,Semarang Tengah,2023-09-25,2.1,29.4,56.4
33.74.01,Semarang Tengah,2023-10-02,2.9,29.6,60.4
33.74.01,Semarang Tengah,2023-10-09,5.2,29.7,62.4
33.74.01,Semarang Tengah,2023-10-16,2.2,30.1,61.1
33.74.01,Semarang Tengah,2023-10-23,14.1,29.3,66.4
33.74.01,Semarang Tengah,2023-10-30,26.1,28.7,74.3
33.74.01,Semarang Tengah,2023-11-06,18.7,28.4,75.3
33.74.01,Semarang Tengah,2023-11-13,15.8,28.5,77.4
33.74.01,Semarang Tengah,2023-11-20,34.0,28.3,77.9
33.74.01,Semarang Tengah,2023-11-27,42.2,27.1,83.1
33.74.01,Semarang Tengah,2023-12-04,32.9,27.0,86.4
33.74.01,Semarang Tengah,2023-12-11,3.2,28.3,72.6
33.74.01,Semarang Tengah,2023-12-18,10.5,29.1,64.7
33.74.01,Semarang Tengah,2023-12-25,39.5,27.7,82.4
33.74.01,Semarang Tengah,2024-01-01,109.7,26.9,86.7
33.74.01,Semarang Tengah,2024-01-08,34.3,27.2,84.3
33.74.01,Semarang Tengah,2024-01-15,39.7,26.8,86.3
33.74.01,Semarang Tengah,2024-01-22,55.5,26.5,86.3
33.74.01,Semarang Tengah,2024-01-29,89.0,26.5,86.9
33.74.01,Semarang Tengah,2024-02-05,73.8,26.5,86.0
33.74.01,Semarang Tengah,2024-02-12,52.4,27.1,86.1
33.74.01,Semarang Tengah,2024-02-19,37.0,27.4,84.3
33.74.01,Semarang Tengah,2024-02-26,47.2,27.3,83.9
33.74.01,Semarang Tengah,2024-03-04,90.6,27.1,86.1
33.74.01,Semarang Tengah,2024-03-11,63.7,26.4,85.9
33.74.01,Semarang Tengah,2024-03-18,14.9,27.3,81.1
33.74.01,Semarang Tengah,2024-03-25,31.3,28.0,81.3
33.74.01,Semarang Tengah,2024-04-01,29.1,27.7,84.6
33.74.01,Semarang Tengah,2024-04-08,41.3,27.7,83.1
33.74.01,Semarang Tengah,2024-04-15,55.3,27.7,83.7
33.74.01,Semarang Tengah,2024-04-22,67.2,27.8,82.6
33.74.01,Semarang Tengah,2024-04-29,6.1,29.3,71.3
33.74.01,Semarang Tengah,2024-05-06,6.6,29.7,64.0
33.74.01,Semarang Tengah,2024-05-13,2.0,30.5,61.6
33.74.01,Semarang Tengah,2024-05-20,13.7,29.2,70.0
33.74.01,Semarang Tengah,2024-05-27,20.5,29.5,69.7
33.74.01,Semarang Tengah,2024-06-03,4.5,28.4,73.1
33.74.01,Semarang Tengah,2024-06-10,29.8,27.8,77.7
33.74.01,Semarang Tengah,2024-06-17,3.1,28.5,63.0
33.74.01,Semarang Tengah,2024-06-24,14.4,28.7,71.1
33.74.01,Semarang Tengah,2024-07-01,33.3,27.6,76.1
33.74.01,Semarang Tengah,2024-07-08,0.4,27.7,63.6
33.74.01,Semarang Tengah,2024-07-15,0.5,28.2,59.4
33.74.01,Semarang Tengah,2024-07-22,0.5,28.5,61.9
33.74.01,Semarang Tengah,2024-07-29,13.1,28.3,67.0
33.74.01,Semarang Tengah,2024-08-05,2.5,28.1,66.6
33.74.01,Semarang Tengah,2024-08-12,0.0,28.0,58.1
33.74.01,Semarang Tengah,2024-08-19,0.0,28.6,61.3
33.74.01,Semarang Tengah,2024-08-26,0.2,29.4,56.4
33.74.01,Semarang Tengah,2024-09-02,17.8,29.3,62.4
33.74.01,Semarang Tengah,2024-09-09,37.2,28.1,69.4
33.74.01,Semarang Tengah,2024-09-16,0.4,28.3,59.0
33.74.01,Semarang Tengah,2024-09-23,23.0,28.1,74.9
33.74.01,Semarang Tengah,2024-09-30,9.0,29.5,66.7
33.74.01,Semarang Tengah,2024-10-07,28.7,30.0,63.0
33.74.01,Semarang Tengah,2024-10-14,11.1,28.4,67.0
33.74.01,Semarang Tengah,2024-10-21,5.9,29.3,65.0
33.74.01,Semarang Tengah,2024-10-28,53.2,28.4,74.3
33.74.01,Semarang Tengah,2024-11-04,48.7,27.9,77.0
33.74.01,Semarang Tengah,2024-11-11,70.6,28.2,77.9
33.74.01,Semarang Tengah,2024-11-18,73.8,27.3,84.4
33.74.01,Semarang Tengah,2024-11-25,55.8,27.5,85.9
33.74.01,Semarang Tengah,2024-12-02,80.5,26.7,88.0
33.74.01,Semarang Tengah,2024-12-09,73.1,26.9,86.4
33.74.01,Semarang Tengah,2024-12-16,74.7,27.0,84.9
33.74.01,Semarang Tengah,2024-12-23,59.1,26.6,87.6
33.74.01,Semarang Tengah,2024-12-30,34.0,26.2,86.0
33.74.01,Semarang Tengah,2025-01-06,57.0,26.6,84.7
33.74.01,Semarang Tengah,2025-01-13,54.5,26.6,85.7
33.74.01,Semarang Tengah,2025-01-20,68.4,26.2,87.9
33.74.01,Semarang Tengah,2025-01-27,83.1,25.7,86.0
33.74.01,Semarang Tengah,2025-02-03,24.4,26.6,81.7
33.74.01,Semarang Tengah,2025-02-10,21.9,26.7,82.4
33.74.01,Semarang Tengah,2025-02-17,41.2,26.4,84.6
33.74.01,Semarang Tengah,2025-02-24,78.3,26.2,87.6
33.74.01,Semarang Tengah,2025-03-03,57.7,26.8,85.0
33.74.01,Semarang Tengah,2025-03-10,37.5,26.8,84.7
33.74.01,Semarang Tengah,2025-03-17,18.3,27.1,80.0
33.74.01,Semarang Tengah,2025-03-24,20.0,27.5,80.9
33.74.01,Semarang Tengah,2025-03-31,41.7,27.0,82.1
33.74.01,Semarang Tengah,2025-04-07,35.2,27.6,79.9
33.74.01,Semarang Tengah,2025-04-14,35.5,27.1,83.4
33.74.01,Semarang Tengah,2025-04-21,24.8,27.4,80.0
33.74.01,Semarang Tengah,2025-04-28,33.7,28.4,69.9
33.74.01,Semarang Tengah,2025-05-05,31.7,28.0,78.1
33.74.01,Semarang Tengah,2025-05-12,73.0,26.6,86.4
33.74.01,Semarang Tengah,2025-05-19,83.7,26.6,86.0
33.74.01,Semarang Tengah,2025-05-26,23.2,27.4,81.6
33.74.01,Semarang Tengah,2025-06-02,6.8,28.5,70.9
33.74.01,Semarang Tengah,2025-06-09,24.0,27.5,76.7
33.74.01,Semarang Tengah,2025-06-16,42.4,27.1,77.3
33.74.01,Semarang Tengah,2025-06-23,13.7,28.3,67.0
33.74.01,Semarang Tengah,2025-06-30,20.5,27.7,72.3
33.74.01,Semarang Tengah,2025-07-07,3.7,28.0,62.9
33.74.01,Semarang Tengah,2025-07-14,6.4,28.1,64.9
33.74.01,Semarang Tengah,2025-07-21,2.6,28.6,62.1
33.74.01,Semarang Tengah,2025-07-28,15.7,29.2,62.3
33.74.01,Semarang Tengah,2025-08-04,30.0,27.6,75.6
33.74.01,Semarang Tengah,2025-08-11,37.1,27.4,70.3
33.74.01,Semarang Tengah,2025-08-18,52.6,27.3,74.3
33.74.01,Semarang Tengah,2025-08-25,10.4,28.2,65.3
33.74.01,Semarang Tengah,2025-09-01,1.3,29.3,58.3
33.74.01,Semarang Tengah,2025-09-08,37.2,27.7,74.6
33.74.01,Semarang Tengah,2025-09-15,52.0,27.6,73.1
33.74.01,Semarang Tengah,2025-09-22,15.3,29.1,67.0
33.74.01,Semarang Tengah,2025-09-29,32.0,27.9,73.0
33.74.01,Semarang Tengah,2025-10-06,3.6,29.5,62.6
33.74.01,Semarang Tengah,2025-10-13,36.0,29.7,67.6
33.74.01,Semarang Tengah,2025-10-20,150.9,26.8,85.4
33.74.01,Semarang Tengah,2025-10-27,59.8,26.9,84.6
33.74.01,Semarang Tengah,2025-11-03,39.2,27.1,82.9
33.74.01,Semarang Tengah,2025-11-10,66.9,26.6,86.0
33.74.01,Semarang Tengah,2025-11-17,47.2,27.0,82.7
33.74.01,Semarang Tengah,2025-11-24,8.1,28.6,68.4
33.74.01,Semarang Tengah,2025-12-01,25.8,27.3,80.0
33.74.01,Semarang Tengah,2025-12-08,47.5,26.5,86.1
33.74.01,Semarang Tengah,2025-12-15,35.2,27.2,80.4
33.74.01,Semarang Tengah,2025-12-22,47.3,27.1,84.6
33.74.01,Semarang Tengah,2025-12-29,20.8,26.7,82.7
33.74.02,Semarang Utara,2020-12-28,24.1,26.0,89.7
33.74.02,Semarang Utara,2021-01-04,74.4,26.2,87.7
33.74.02,Semarang Utara,2021-01-11,53.9,26.2,87.4
33.74.02,Semarang Utara,2021-01-18,73.4,25.8,87.4
33.74.02,Semarang Utara,2021-01-25,66.6,25.5,88.1
33.74.02,Semarang Utara,2021-02-01,48.8,25.8,86.4
33.74.02,Semarang Utara,2021-02-08,79.4,25.9,88.7
33.74.02,Semarang Utara,2021-02-15,182.1,25.4,88.0
33.74.02,Semarang Utara,2021-02-22,53.7,26.0,86.7
33.74.02,Semarang Utara,2021-03-01,46.5,26.4,85.6
33.74.02,Semarang Utara,2021-03-08,33.4,26.1,85.1
33.74.02,Semarang Utara,2021-03-15,26.9,26.7,86.4
33.74.02,Semarang Utara,2021-03-22,40.7,26.6,87.6
33.74.02,Semarang Utara,2021-03-29,17.1,27.1,84.4
33.74.02,Semarang Utara,2021-04-05,40.0,27.1,84.0
33.74.02,Semarang Utara,2021-04-12,20.1,26.9,84.6
33.74.02,Semarang Utara,2021-04-19,7.7,27.2,76.9
33.74.02,Semarang Utara,2021-04-26,13.2,27.7,77.7
33.74.02,Semarang Utara,2021-05-03,21.2,27.7,78.4
33.74.02,Semarang Utara,2021-05-10,1.7,28.8,70.6
33.74.02,Semarang Utara,2021-05-17,17.1,28.0,77.0
33.74.02,Semarang Utara,2021-05-24,107.4,27.7,79.7
33.74.02,Semarang Utara,2021-05-31,7.1,28.1,77.9
33.74.02,Semarang Utara,2021-06-07,15.0,27.8,77.7
33.74.02,Semarang Utara,2021-06-14,51.0,26.5,83.6
33.74.02,Semarang Utara,2021-06-21,21.6,26.8,82.6
33.74.02,Semarang Utara,2021-06-28,18.8,27.3,75.7
33.74.02,Semarang Utara,2021-07-05,6.3,28.0,65.1
33.74.02,Semarang Utara,2021-07-12,0.5,28.9,58.9
33.74.02,Semarang Utara,2021-07-19,0.7,29.2,62.0
33.74.02,Semarang Utara,2021-07-26,4.5,28.3,61.0
33.74.02,Semarang Utara,2021-08-02,17.1,28.9,65.9
33.74.02,Semarang Utara,2021-08-09,27.1,28.8,64.3
33.74.02,Semarang Utara,2021-08-16,14.0,28.3,67.7
33.74.02,Semarang Utara,2021-08-23,1.3,28.8,59.6
33.74.02,Semarang Utara,2021-08-30,3.3,29.1,60.1
33.74.02,Semarang Utara,2021-09-06,15.2,28.8,64.9
33.74.02,Semarang Utara,2021-09-13,9.8,28.5,69.6
33.74.02,Semarang Utara,2021-09-20,31.2,28.3,71.1
33.74.02,Semarang Utara,2021-09-27,3.3,28.4,71.3
33.74.02,Semarang Utara,2021-10-04,2.1,28.7,62.0
33.74.02,Semarang Utara,2021-10-11,3.5,29.7,62.6
33.74.02,Semarang Utara,2021-10-18,47.0,27.7,79.9
33.74.02,Semarang Utara,2021-10-25,67.4,27.4,82.1
33.74.02,Semarang Utara,2021-11-01,32.0,27.1,82.9
33.74.02,Semarang Utara,2021-11-08,75.4,26.5,87.1
33.74.02,Semarang Utara,2021-11-15,37.2,26.5,85.9
33.74.02,Semarang Utara,2021-11-22,95.0,26.3,87.3
33.74.02,Semarang Utara,2021-11-29,44.0,26.7,83.4
33.74.02,Semarang Utara,2021-12-06,50.9,26.4,86.7
33.74.02,Semarang Utara,2021-12-13,58.3,26.8,87.4
33.74.02,Semarang Utara,2021-12-20,63.3,26.4,86.7
33.74.02,Semarang Utara,2021-12-27,101.0,26.2,86.9
33.74.02,Semarang Utara,2022-01-03,35.3,26.5,82.6
33.74.02,Semarang Utara,2022-01-10,55.9,26.0,85.4
33.74.02,Semarang Utara,2022-01-17,100.6,25.8,86.7
33.74.02,Semarang Utara,2022-01-24,25.7,26.5,84.3
33.74.02,Semarang Utara,2022-01-31,75.4,26.4,84.3
33.74.02,Semarang Utara,2022-02-07,76.4,26.3,83.9
33.74.02,Semarang Utara,2022-02-14,57.2,26.1,85.9
33.74.02,Semarang Utara,2022-02-21,35.6,26.5,83.7
33.74.02,Semarang Utara,2022-02-28,56.9,26.5,85.3
33.74.02,Semarang Utara,2022-03-07,90.7,26.0,89.4
33.74.02,Semarang Utara,2022-03-14,72.6,26.5,87.7
33.74.02,Semarang Utara,2022-03-21,17.0,27.0,83.1
33.74.02,Semarang Utara,2022-03-28,33.2,27.1,82.9
33.74.02,Semarang Utara,2022-04-04,31.4,26.5,83.9
33.74.02,Semarang Utara,2022-04-11,14.9,27.8,76.3
33.74.02,Semarang Utara,2022-04-18,33.9,27.0,82.9
33.74.02,Semarang Utara,2022-04-25,31.0,26.9,84.0
33.74.02,Semarang Utara,2022-05-02,21.4,27.8,79.0
33.74.02,Semarang Utara,2022-05-09,61.7,27.1,86.7
33.74.02,Semarang Utara,2022-05-16,55.3,26.8,84.7
33.74.02,Semarang Utara,2022-05-23,27.3,26.9,80.4
33.74.02,Semarang Utara,2022-05-30,22.5,27.1,81.0
33.74.02,Semarang Utara,2022-06-06,61.3,26.6,82.6
33.74.02,Semarang Utara,2022-06-13,65.7,26.1,84.7
33.74.02,Semarang Utara,2022-06-20,18.3,26.9,77.1
33.74.02,Semarang Utara,2022-06-27,18.6,27.3,71.9
33.74.02,Semarang Utara,2022-07-04,22.7,27.2,72.7
33.74.02,Semarang Utara,2022-07-11,40.9,27.0,77.4
33.74.02,Semarang Utara,2022-07-18,6.9,27.7,72.3
33.74.02,Semarang Utara,2022-07-25,0.0,27.8,63.7
33.74.02,Semarang Utara,2022-08-01,6.1,27.8,70.0
33.74.02,Semarang Utara,2022-08-08,25.7,28.2,70.4
33.74.02,Semarang Utara,2022-08-15,7.4,28.0,68.0
33.74.02,Semarang Utara,2022-08-22,2.6,28.5,62.7
33.74.02,Semarang Utara,2022-08-29,5.6,28.6,65.6
33.74.02,Semarang Utara,2022-09-05,47.5,27.2,78.1
33.74.02,Semarang Utara,2022-09-12,3.0,28.3,69.4
33.74.02,Semarang Utara,2022-09-19,10.6,28.6,68.1
33.74.02,Semarang Utara,2022-09-26,20.0,28.7,66.7
33.74.02,Semarang Utara,2022-10-03,73.0,26.4,85.4
33.74.02,Semarang Utara,2022-10-10,37.3,26.8,83.1
33.74.02,Semarang Utara,2022-10-17,40.3,26.6,85.0
33.74.02,Semarang Utara,2022-10-24,43.7,26.3,81.3
33.74.02,Semarang Utara,2022-10-31,143.4,26.8,81.7
33.74.02,Semarang Utara,2022-11-07,78.4,26.3,86.7
33.74.02,Semarang Utara,2022-11-14,53.7,26.7,84.3
33.74.02,Semarang Utara,2022-11-21,64.7,26.3,85.7
33.74.02,Semarang Utara,2022-11-28,32.6,26.3,86.0
33.74.02,Semarang Utara,2022-12-05,28.0,27.0,82.0
33.74.02,Semarang Utara,2022-12-12,45.7,26.7,84.0
33.74.02,Semarang Utara,2022-12-19,59.2,26.4,83.7
33.74.02,Semarang Utara,2022-12-26,73.6,25.5,85.6
33.74.02,Semarang Utara,2023-01-02,53.8,26.0,85.6
33.74.02,Semarang Utara,2023-01-09,24.5,26.4,85.4
33.74.02,Semarang Utara,2023-01-16,40.9,26.2,85.4
33.74.02,Semarang Utara,2023-01-23,74.8,26.0,86.9
33.74.02,Semarang Utara,2023-01-30,44.1,26.3,84.9
33.74.02,Semarang Utara,2023-02-06,45.0,26.2,84.7
33.74.02,Semarang Utara,2023-02-13,128.5,25.8,88.3
33.74.02,Semarang Utara,2023-02-20,54.4,26.1,84.3
33.74.02,Semarang Utara,2023-02-27,201.3,25.4,87.6
33.74.02,Semarang Utara,2023-03-06,22.3,26.4,85.6
33.74.02,Semarang Utara,2023-03-13,34.5,26.5,84.0
33.74.02,Semarang Utara,2023-03-20,48.4,27.0,83.9
33.74.02,Semarang Utara,2023-03-27,56.9,26.3,85.4
33.74.02,Semarang Utara,2023-04-03,18.6,26.7,82.4
33.74.02,Semarang Utara,2023-04-10,69.5,26.5,87.0
33.74.02,Semarang Utara,2023-04-17,35.4,27.5,80.7
33.74.02,Semarang Utara,2023-04-24,28.6,27.5,82.0
33.74.02,Semarang Utara,2023-05-01,44.1,27.4,83.7
33.74.02,Semarang Utara,2023-05-08,20.2,27.8,78.9
33.74.02,Semarang Utara,2023-05-15,0.9,27.6,70.6
33.74.02,Semarang Utara,2023-05-22,0.9,28.3,68.0
33.74.02,Semarang Utara,2023-05-29,0.9,28.9,66.3
33.74.02,Semarang Utara,2023-06-05,24.8,28.3,72.4
33.74.02,Semarang Utara,2023-06-12,11.9,28.3,72.1
33.74.02,Semarang Utara,2023-06-19,6.6,28.1,70.9
33.74.02,Semarang Utara,2023-06-26,5.5,28.5,66.6
33.74.02,Semarang Utara,2023-07-03,11.8,28.1,72.0
33.74.02,Semarang Utara,2023-07-10,3.8,28.4,65.4
33.74.02,Semarang Utara,2023-07-17,0.3,28.6,56.1
33.74.02,Semarang Utara,2023-07-24,0.4,28.2,60.1
33.74.02,Semarang Utara,2023-07-31,0.3,29.0,60.4
33.74.02,Semarang Utara,2023-08-07,0.6,27.9,63.0
33.74.02,Semarang Utara,2023-08-14,0.5,28.5,59.0
33.74.02,Semarang Utara,2023-08-21,0.4,28.8,59.7
33.74.02,Semarang Utara,2023-08-28,0.3,28.1,59.1
33.74.02,Semarang Utara,2023-09-04,0.0,28.4,56.1
33.74.02,Semarang Utara,2023-09-11,10.4,29.4,58.7
33.74.02,Semarang Utara,2023-09-18,1.2,28.9,57.7
33.74.02,Semarang Utara,2023-09-25,2.1,29.6,56.4
33.74.02,Semarang Utara,2023-10-02,2.9,29.9,60.4
33.74.02,Semarang Utara,2023-10-09,5.2,29.9,62.4
33.74.02,Semarang Utara,2023-10-16,2.2,30.3,61.1
33.74.02,Semarang Utara,2023-10-23,14.1,29.5,66.4
33.74.02,Semarang Utara,2023-10-30,26.1,28.9,74.3
33.74.02,Semarang Utara,2023-11-06,18.7,28.6,75.3
33.74.02,Semarang Utara,2023-11-13,15.8,28.7,77.4
33.74.02,Semarang Utara,2023-11-20,34.0,28.5,77.9
33.74.02,Semarang Utara,2023-11-27,42.2,27.3,83.1
33.74.02,Semarang Utara,2023-12-04,32.9,27.3,86.4
33.74.02,Semarang Utara,2023-12-11,3.2,28.6,72.6
33.74.02,Semarang Utara,2023-12-18,10.5,29.3,64.7
33.74.02,Semarang Utara,2023-12-25,39.5,27.9,82.4
33.74.02,Semarang Utara,2024-01-01,109.7,27.1,86.7
33.74.02,Semarang Utara,2024-01-08,34.3,27.4,84.3
33.74.02,Semarang Utara,2024-01-15,39.7,27.0,86.3
33.74.02,Semarang Utara,2024-01-22,55.5,26.7,86.3
33.74.02,Semarang Utara,2024-01-29,89.0,26.8,87.0
33.74.02,Semarang Utara,2024-02-05,73.8,26.8,86.0
33.74.02,Semarang Utara,2024-02-12,52.4,27.3,86.3
33.74.02,Semarang Utara,2024-02-19,37.0,27.7,84.4
33.74.02,Semarang Utara,2024-02-26,47.2,27.6,83.9
33.74.02,Semarang Utara,2024-03-04,90.6,27.3,86.1
33.74.02,Semarang Utara,2024-03-11,63.7,26.6,86.0
33.74.02,Semarang Utara,2024-03-18,14.9,27.6,81.1
33.74.02,Semarang Utara,2024-03-25,31.3,28.2,81.3
33.74.02,Semarang Utara,2024-04-01,29.1,27.9,84.6
33.74.02,Semarang Utara,2024-04-08,41.3,27.9,83.1
33.74.02,Semarang Utara,2024-04-15,55.3,27.9,83.7
33.74.02,Semarang Utara,2024-04-22,67.2,28.0,82.6
33.74.02,Semarang Utara,2024-04-29,6.1,29.5,71.3
33.74.02,Semarang Utara,2024-05-06,6.6,29.9,64.0
33.74.02,Semarang Utara,2024-05-13,2.0,30.7,61.7
33.74.02,Semarang Utara,2024-05-20,13.7,29.4,70.0
33.74.02,Semarang Utara,2024-05-27,20.5,29.7,69.7
33.74.02,Semarang Utara,2024-06-03,4.5,28.6,73.1
33.74.02,Semarang Utara,2024-06-10,29.8,28.1,77.7
33.74.02,Semarang Utara,2024-06-17,3.1,28.7,63.0
33.74.02,Semarang Utara,2024-06-24,14.4,28.9,71.3
33.74.02,Semarang Utara,2024-07-01,33.3,27.8,76.1
33.74.02,Semarang Utara,2024-07-08,0.4,27.9,63.6
33.74.02,Semarang Utara,2024-07-15,0.5,28.4,59.4
33.74.02,Semarang Utara,2024-07-22,0.5,28.7,62.1
33.74.02,Semarang Utara,2024-07-29,13.1,28.5,67.0
33.74.02,Semarang Utara,2024-08-05,2.5,28.3,66.6
33.74.02,Semarang Utara,2024-08-12,0.0,28.2,58.1
33.74.02,Semarang Utara,2024-08-19,0.0,28.8,61.3
33.74.02,Semarang Utara,2024-08-26,0.2,29.7,56.6
33.74.02,Semarang Utara,2024-09-02,17.8,29.5,62.4
33.74.02,Semarang Utara,2024-09-09,37.2,28.3,69.4
33.74.02,Semarang Utara,2024-09-16,0.4,28.5,59.0
33.74.02,Semarang Utara,2024-09-23,23.0,28.3,74.9
33.74.02,Semarang Utara,2024-09-30,9.0,29.7,66.7
33.74.02,Semarang Utara,2024-10-07,28.7,30.3,63.0
33.74.02,Semarang Utara,2024-10-14,11.1,28.6,67.0
33.74.02,Semarang Utara,2024-10-21,5.9,29.5,65.0
33.74.02,Semarang Utara,2024-10-28,53.2,28.6,74.6
33.74.02,Semarang Utara,2024-11-04,48.7,28.1,77.0
33.74.02,Semarang Utara,2024-11-11,70.6,28.4,77.9
33.74.02,Semarang Utara,2024-11-18,73.8,27.5,84.4
33.74.02,Semarang Utara,2024-11-25,55.8,27.7,85.9
33.74.02,Semarang Utara,2024-12-02,80.5,26.9,88.0
33.74.02,Semarang Utara,2024-12-09,73.1,27.1,86.4
33.74.02,Semarang Utara,2024-12-16,74.7,27.2,84.9
33.74.02,Semarang Utara,2024-12-23,59.1,26.8,87.6
33.74.02,Semarang Utara,2024-12-30,34.0,26.4,86.0
33.74.02,Semarang Utara,2025-01-06,57.0,26.8,84.7
33.74.02,Semarang Utara,2025-01-13,54.5,26.8,85.7
33.74.02,Semarang Utara,2025-01-20,68.4,26.5,87.9
33.74.02,Semarang Utara,2025-01-27,83.1,25.9,86.0
33.74.02,Semarang Utara,2025-02-03,24.4,26.8,81.7
33.74.02,Semarang Utara,2025-02-10,21.9,27.0,82.4
33.74.02,Semarang Utara,2025-02-17,41.2,26.6,84.6
33.74.02,Semarang Utara,2025-02-24,78.3,26.5,87.6
33.74.02,Semarang Utara,2025-03-03,57.7,27.1,85.0
33.74.02,Semarang Utara,2025-03-10,37.5,27.0,84.7
33.74.02,Semarang Utara,2025-03-17,18.3,27.3,80.1
33.74.02,Semarang Utara,2025-03-24,20.0,27.7,80.9
33.74.02,Semarang Utara,2025-03-31,41.7,27.3,82.1
33.74.02,Semarang Utara,2025-04-07,35.2,27.8,79.9
33.74.02,Semarang Utara,2025-04-14,35.5,27.3,83.4
33.74.02,Semarang Utara,2025-04-21,24.8,27.7,80.0
33.74.02,Semarang Utara,2025-04-28,33.7,28.6,69.9
33.74.02,Semarang Utara,2025-05-05,31.7,28.2,78.1
33.74.02,Semarang Utara,2025-05-12,73.0,26.8,86.4
33.74.02,Semarang Utara,2025-05-19,83.7,26.8,86.0
33.74.02,Semarang Utara,2025-05-26,23.2,27.6,81.6
33.74.02,Semarang Utara,2025-06-02,6.8,28.7,70.9
33.74.02,Semarang Utara,2025-06-09,24.0,27.7,76.7
33.74.02,Semarang Utara,2025-06-16,42.4,27.3,77.3
33.74.02,Semarang Utara,2025-06-23,13.7,28.5,67.0
33.74.02,Semarang Utara,2025-06-30,20.5,28.0,72.4
33.74.02,Semarang Utara,2025-07-07,3.7,28.2,62.9
33.74.02,Semarang Utara,2025-07-14,6.4,28.3,64.9
33.74.02,Semarang Utara,2025-07-21,2.6,28.8,62.1
33.74.02,Semarang Utara,2025-07-28,15.7,29.4,62.3
33.74.02,Semarang Utara,2025-08-04,30.0,27.8,75.6
33.74.02,Semarang Utara,2025-08-11,37.1,27.6,70.3
33.74.02,Semarang Utara,2025-08-18,52.6,27.5,74.3
33.74.02,Semarang Utara,2025-08-25,10.4,28.4,65.3
33.74.02,Semarang Utara,2025-09-01,1.3,29.5,58.3
33.74.02,Semarang Utara,2025-09-08,37.2,28.0,74.6
33.74.02,Semarang Utara,2025-09-15,52.0,27.9,73.3
33.74.02,Semarang Utara,2025-09-22,15.3,29.3,67.0
33.74.02,Semarang Utara,2025-09-29,32.0,28.1,73.0
33.74.02,Semarang Utara,2025-10-06,3.6,29.7,62.9
33.74.02,Semarang Utara,2025-10-13,36.0,29.9,67.6
33.74.02,Semarang Utara,2025-10-20,150.9,27.0,85.4
33.74.02,Semarang Utara,2025-10-27,59.8,27.1,84.6
33.74.02,Semarang Utara,2025-11-03,39.2,27.3,83.0
33.74.02,Semarang Utara,2025-11-10,66.9,26.8,86.0
33.74.02,Semarang Utara,2025-11-17,47.2,27.2,82.7
33.74.02,Semarang Utara,2025-11-24,8.1,28.8,68.6
33.74.02,Semarang Utara,2025-12-01,25.8,27.5,80.1
33.74.02,Semarang Utara,2025-12-08,47.5,26.7,86.3
33.74.02,Semarang Utara,2025-12-15,35.2,27.4,80.4
33.74.02,Semarang Utara,2025-12-22,47.3,27.3,84.6
33.74.02,Semarang Utara,2025-12-29,20.8,26.9,82.7
33.74.03,Semarang Timur,2020-12-28,24.1,25.7,89.7
33.74.03,Semarang Timur,2021-01-04,74.4,26.0,87.6
33.74.03,Semarang Timur,2021-01-11,53.9,26.0,87.4
33.74.03,Semarang Timur,2021-01-18,73.4,25.5,87.4
33.74.03,Semarang Timur,2021-01-25,66.6,25.3,88.1
33.74.03,Semarang Timur,2021-02-01,48.8,25.6,86.4
33.74.03,Semarang Timur,2021-02-08,79.4,25.7,88.6
33.74.03,Semarang Timur,2021-02-15,182.1,25.2,88.0
33.74.03,Semarang Timur,2021-02-22,53.7,25.8,86.7
33.74.03,Semarang Timur,2021-03-01,46.5,26.1,85.6
33.74.03,Semarang Timur,2021-03-08,33.4,25.8,85.1
33.74.03,Semarang Timur,2021-03-15,26.9,26.5,86.4
33.74.03,Semarang Timur,2021-03-22,40.7,26.4,87.6
33.74.03,Semarang Timur,2021-03-29,17.1,26.9,84.4
33.74.03,Semarang Timur,2021-04-05,40.0,26.9,84.0
33.74.03,Semarang Timur,2021-04-12,20.1,26.7,84.6
33.74.03,Semarang Timur,2021-04-19,7.7,27.0,76.9
33.74.03,Semarang Timur,2021-04-26,13.2,27.5,77.6
33.74.03,Semarang Timur,2021-05-03,21.2,27.5,78.4
33.74.03,Semarang Timur,2021-05-10,1.7,28.6,70.4
33.74.03,Semarang Timur,2021-05-17,17.1,27.8,76.9
33.74.03,Semarang Timur,2021-05-24,107.4,27.5,79.7
33.74.03,Semarang Timur,2021-05-31,7.1,27.9,77.9
33.74.03,Semarang Timur,2021-06-07,15.0,27.6,77.7
33.74.03,Semarang Timur,2021-06-14,51.0,26.2,83.6
33.74.03,Semarang Timur,2021-06-21,21.6,26.6,82.6
33.74.03,Semarang Timur,2021-06-28,18.8,27.1,75.7
33.74.03,Semarang Timur,2021-07-05,6.3,27.8,65.1
33.74.03,Semarang Timur,2021-07-12,0.5,28.6,58.7
33.74.03,Semarang Timur,2021-07-19,0.7,29.0,62.0
33.74.03,Semarang Timur,2021-07-26,4.5,28.1,61.0
33.74.03,Semarang Timur,2021-08-02,17.1,28.6,65.7
33.74.03,Semarang Timur,2021-08-09,27.1,28.6,64.1
33.74.03,Semarang Timur,2021-08-16,14.0,28.1,67.7
33.74.03,Semarang Timur,2021-08-23,1.3,28.6,59.4
33.74.03,Semarang Timur,2021-08-30,3.3,28.9,60.0
33.74.03,Semarang Timur,2021-09-06,15.2,28.6,64.9
33.74.03,Semarang Timur,2021-09-13,9.8,28.3,69.6
33.74.03,Semarang Timur,2021-09-20,31.2,28.0,71.1
33.74.03,Semarang Timur,2021-09-27,3.3,28.2,71.1
33.74.03,Semarang Timur,2021-10-04,2.1,28.5,62.0
33.74.03,Semarang Timur,2021-10-11,3.5,29.5,62.4
33.74.03,Semarang Timur,2021-10-18,47.0,27.4,79.7
33.74.03,Semarang Timur,2021-10-25,67.4,27.2,82.1
33.74.03,Semarang Timur,2021-11-01,32.0,26.9,82.9
33.74.03,Semarang Timur,2021-11-08,75.4,26.3,87.1
33.74.03,Semarang Timur,2021-11-15,37.2,26.3,85.9
33.74.03,Semarang Timur,2021-11-22,95.0,26.1,87.3
33.74.03,Semarang Timur,2021-11-29,44.0,26.5,83.4
33.74.03,Semarang Timur,2021-12-06,50.9,26.2,86.7
33.74.03,Semarang Timur,2021-12-13,58.3,26.5,87.4
33.74.03,Semarang Timur,2021-12-20,63.3,26.2,86.7
33.74.03,Semarang Timur,2021-12-27,101.0,26.0,86.9
33.74.03,Semarang Timur,2022-01-03,35.3,26.3,82.6
33.74.03,Semarang Timur,2022-01-10,55.9,25.8,85.4
33.74.03,Semarang Timur,2022-01-17,100.6,25.6,86.7
33.74.03,Semarang Timur,2022-01-24,25.7,26.3,84.3
33.74.03,Semarang Timur,2022-01-31,75.4,26.2,84.3
33.74.03,Semarang Timur,2022-02-07,76.4,26.1,83.9
33.74.03,Semarang Timur,2022-02-14,57.2,25.9,85.9
33.74.03,Semarang Timur,2022-02-21,35.6,26.3,83.7
33.74.03,Semarang Timur,2022-02-28,56.9,26.3,85.3
33.74.03,Semarang Timur,2022-03-07,90.7,25.8,89.4
33.74.03,Semarang Timur,2022-03-14,72.6,26.3,87.7
33.74.03,Semarang Timur,2022-03-21,17.0,26.8,83.1
33.74.03,Semarang Timur,2022-03-28,33.2,26.9,82.9
33.74.03,Semarang Timur,2022-04-04,31.4,26.3,83.9
33.74.03,Semarang Timur,2022-04-11,14.9,27.6,76.3
33.74.03,Semarang Timur,2022-04-18,33.9,26.8,82.9
33.74.03,Semarang Timur,2022-04-25,31.0,26.7,84.0
33.74.03,Semarang Timur,2022-05-02,21.4,27.5,79.0
33.74.03,Semarang Timur,2022-05-09,61.7,26.9,86.7
33.74.03,Semarang Timur,2022-05-16,55.3,26.6,84.7
33.74.03,Semarang Timur,2022-05-23,27.3,26.7,80.4
33.74.03,Semarang Timur,2022-05-30,22.5,26.9,81.0
33.74.03,Semarang Timur,2022-06-06,61.3,26.4,82.6
33.74.03,Semarang Timur,2022-06-13,65.7,25.9,84.7
33.74.03,Semarang Timur,2022-06-20,18.3,26.6,77.1
33.74.03,Semarang Timur,2022-06-27,18.6,27.0,71.9
33.74.03,Semarang Timur,2022-07-04,22.7,27.0,72.7
33.74.03,Semarang Timur,2022-07-11,40.9,26.8,77.4
33.74.03,Semarang Timur,2022-07-18,6.9,27.5,72.3
33.74.03,Semarang Timur,2022-07-25,0.0,27.6,63.7
33.74.03,Semarang Timur,2022-08-01,6.1,27.6,70.0
33.74.03,Semarang Timur,2022-08-08,25.7,27.9,70.4
33.74.03,Semarang Timur,2022-08-15,7.4,27.8,68.0
33.74.03,Semarang Timur,2022-08-22,2.6,28.3,62.7
33.74.03,Semarang Timur,2022-08-29,5.6,28.4,65.6
33.74.03,Semarang Timur,2022-09-05,47.5,26.9,78.1
33.74.03,Semarang Timur,2022-09-12,3.0,28.1,69.4
33.74.03,Semarang Timur,2022-09-19,10.6,28.3,68.1
33.74.03,Semarang Timur,2022-09-26,20.0,28.5,66.7
33.74.03,Semarang Timur,2022-10-03,73.0,26.2,85.3
33.74.03,Semarang Timur,2022-10-10,37.3,26.6,83.1
33.74.03,Semarang Timur,2022-10-17,40.3,26.4,85.0
33.74.03,Semarang Timur,2022-10-24,43.7,26.1,81.3
33.74.03,Semarang Timur,2022-10-31,143.4,26.6,81.6
33.74.03,Semarang Timur,2022-11-07,78.4,26.1,86.7
33.74.03,Semarang Timur,2022-11-14,53.7,26.5,84.3
33.74.03,Semarang Timur,2022-11-21,64.7,26.0,85.7
33.74.03,Semarang Timur,2022-11-28,32.6,26.1,85.9
33.74.03,Semarang Timur,2022-12-05,28.0,26.8,81.9
33.74.03,Semarang Timur,2022-12-12,45.7,26.5,84.0
33.74.03,Semarang Timur,2022-12-19,59.2,26.2,83.7
33.74.03,Semarang Timur,2022-12-26,73.6,25.2,85.4
33.74.03,Semarang Timur,2023-01-02,53.8,25.8,85.6
33.74.03,Semarang Timur,2023-01-09,24.5,26.2,85.4
33.74.03,Semarang Timur,2023-01-16,40.9,26.0,85.4
33.74.03,Semarang Timur,2023-01-23,74.8,25.7,86.7
33.74.03,Semarang Timur,2023-01-30,44.1,26.1,84.7
33.74.03,Semarang Timur,2023-02-06,45.0,25.9,84.7
33.74.03,Semarang Timur,2023-02-13,128.5,25.6,88.3
33.74.03,Semarang Timur,2023-02-20,54.4,25.8,84.3
33.74.03,Semarang Timur,2023-02-27,201.3,25.2,87.6
33.74.03,Semarang Timur,2023-03-06,22.3,26.2,85.6
33.74.03,Semarang Timur,2023-03-13,34.5,26.3,84.0
33.74.03,Semarang Timur,2023-03-20,48.4,26.8,83.9
33.74.03,Semarang Timur,2023-03-27,56.9,26.1,85.4
33.74.03,Semarang Timur,2023-04-03,18.6,26.4,82.4
33.74.03,Semarang Timur,2023-04-10,69.5,26.2,87.0
33.74.03,Semarang Timur,2023-04-17,35.4,27.3,80.7
33.74.03,Semarang Timur,2023-04-24,28.6,27.3,81.9
33.74.03,Semarang Timur,2023-05-01,44.1,27.2,83.7
33.74.03,Semarang Timur,2023-05-08,20.2,27.6,78.9
33.74.03,Semarang Timur,2023-05-15,0.9,27.4,70.6
33.74.03,Semarang Timur,2023-05-22,0.9,28.0,68.0
33.74.03,Semarang Timur,2023-05-29,0.9,28.7,66.3
33.74.03,Semarang Timur,2023-06-05,24.8,28.0,72.4
33.74.03,Semarang Timur,2023-06-12,11.9,28.1,72.1
33.74.03,Semarang Timur,2023-06-19,6.6,27.9,70.9
33.74.03,Semarang Timur,2023-06-26,5.5,28.3,66.4
33.74.03,Semarang Timur,2023-07-03,11.8,27.8,72.0
33.74.03,Semarang Timur,2023-07-10,3.8,28.2,65.4
33.74.03,Semarang Timur,2023-07-17,0.3,28.4,56.0
33.74.03,Semarang Timur,2023-07-24,0.4,28.0,60.1
33.74.03,Semarang Timur,2023-07-31,0.3,28.7,60.4
33.74.03,Semarang Timur,2023-08-07,0.6,27.7,63.0
33.74.03,Semarang Timur,2023-08-14,0.5,28.3,58.9
33.74.03,Semarang Timur,2023-08-21,0.4,28.6,59.7
33.74.03,Semarang Timur,2023-08-28,0.3,27.9,59.1
33.74.03,Semarang Timur,2023-09-04,0.0,28.2,56.1
33.74.03,Semarang Timur,2023-09-11,10.4,29.2,58.7
33.74.03,Semarang Timur,2023-09-18,1.2,28.7,57.7
33.74.03,Semarang Timur,2023-09-25,2.1,29.4,56.4
33.74.03,Semarang Timur,2023-10-02,2.9,29.6,60.4
33.74.03,Semarang Timur,2023-10-09,5.2,29.7,62.4
33.74.03,Semarang Timur,2023-10-16,2.2,30.1,61.1
33.74.03,Semarang Timur,2023-10-23,14.1,29.3,66.4
33.74.03,Semarang Timur,2023-10-30,26.1,28.7,74.3
33.74.03,Semarang Timur,2023-11-06,18.7,28.4,75.3
33.74.03,Semarang Timur,2023-11-13,15.8,28.5,77.4
33.74.03,Semarang Timur,2023-11-20,34.0,28.3,77.9
33.74.03,Semarang Timur,2023-11-27,42.2,27.1,83.1
33.74.03,Semarang Timur,2023-12-04,32.9,27.0,86.4
33.74.03,Semarang Timur,2023-12-11,3.2,28.3,72.6
33.74.03,Semarang Timur,2023-12-18,10.5,29.1,64.7
33.74.03,Semarang Timur,2023-12-25,39.5,27.7,82.4
33.74.03,Semarang Timur,2024-01-01,109.7,26.9,86.7
33.74.03,Semarang Timur,2024-01-08,34.3,27.2,84.3
33.74.03,Semarang Timur,2024-01-15,39.7,26.8,86.3
33.74.03,Semarang Timur,2024-01-22,55.5,26.5,86.3
33.74.03,Semarang Timur,2024-01-29,89.0,26.5,86.9
33.74.03,Semarang Timur,2024-02-05,73.8,26.5,86.0
33.74.03,Semarang Timur,2024-02-12,52.4,27.1,86.1
33.74.03,Semarang Timur,2024-02-19,37.0,27.4,84.3
33.74.03,Semarang Timur,2024-02-26,47.2,27.3,83.9
33.74.03,Semarang Timur,2024-03-04,90.6,27.1,86.1
33.74.03,Semarang Timur,2024-03-11,63.7,26.4,85.9
33.74.03,Semarang Timur,2024-03-18,14.9,27.3,81.1
33.74.03,Semarang Timur,2024-03-25,31.3,28.0,81.3
33.74.03,Semarang Timur,2024-04-01,29.1,27.7,84.6
33.74.03,Semarang Timur,2024-04-08,41.3,27.7,83.1
33.74.03,Semarang Timur,2024-04-15,55.3,27.7,83.7
33.74.03,Semarang Timur,2024-04-22,67.2,27.8,82.6
33.74.03,Semarang Timur,2024-04-29,6.1,29.3,71.3
33.74.03,Semarang Timur,2024-05-06,6.6,29.7,64.0
33.74.03,Semarang Timur,2024-05-13,2.0,30.5,61.6
33.74.03,Semarang Timur,2024-05-20,13.7,29.2,70.0
33.74.03,Semarang Timur,2024-05-27,20.5,29.5,69.7
33.74.03,Semarang Timur,2024-06-03,4.5,28.4,73.1
33.74.03,Semarang Timur,2024-06-10,29.8,27.8,77.7
33.74.03,Semarang Timur,2024-06-17,3.1,28.5,63.0
33.74.03,Semarang Timur,2024-06-24,14.4,28.7,71.1
33.74.03,Semarang Timur,2024-07-01,33.3,27.6,76.1
33.74.03,Semarang Timur,2024-07-08,0.4,27.7,63.6
33.74.03,Semarang Timur,2024-07-15,0.5,28.2,59.4
33.74.03,Semarang Timur,2024-07-22,0.5,28.5,61.9
33.74.03,Semarang Timur,2024-07-29,13.1,28.3,67.0
33.74.03,Semarang Timur,2024-08-05,2.5,28.1,66.6
33.74.03,Semarang Timur,2024-08-12,0.0,28.0,58.1
33.74.03,Semarang Timur,2024-08-19,0.0,28.6,61.3
33.74.03,Semarang Timur,2024-08-26,0.2,29.4,56.4
33.74.03,Semarang Timur,2024-09-02,17.8,29.3,62.4
33.74.03,Semarang Timur,2024-09-09,37.2,28.1,69.4
33.74.03,Semarang Timur,2024-09-16,0.4,28.3,59.0
33.74.03,Semarang Timur,2024-09-23,23.0,28.1,74.9
33.74.03,Semarang Timur,2024-09-30,9.0,29.5,66.7
33.74.03,Semarang Timur,2024-10-07,28.7,30.0,63.0
33.74.03,Semarang Timur,2024-10-14,11.1,28.4,67.0
33.74.03,Semarang Timur,2024-10-21,5.9,29.3,65.0
33.74.03,Semarang Timur,2024-10-28,53.2,28.4,74.3
33.74.03,Semarang Timur,2024-11-04,48.7,27.9,77.0
33.74.03,Semarang Timur,2024-11-11,70.6,28.2,77.9
33.74.03,Semarang Timur,2024-11-18,73.8,27.3,84.4
33.74.03,Semarang Timur,2024-11-25,55.8,27.5,85.9
33.74.03,Semarang Timur,2024-12-02,80.5,26.7,88.0
33.74.03,Semarang Timur,2024-12-09,73.1,26.9,86.4
33.74.03,Semarang Timur,2024-12-16,74.7,27.0,84.9
33.74.03,Semarang Timur,2024-12-23,59.1,26.6,87.6
33.74.03,Semarang Timur,2024-12-30,34.0,26.2,86.0
33.74.03,Semarang Timur,2025-01-06,57.0,26.6,84.7
33.74.03,Semarang Timur,2025-01-13,54.5,26.6,85.7
33.74.03,Semarang Timur,2025-01-20,68.4,26.2,87.9
33.74.03,Semarang Timur,2025-01-27,83.1,25.7,86.0
33.74.03,Semarang Timur,2025-02-03,24.4,26.6,81.7
33.74.03,Semarang Timur,2025-02-10,21.9,26.7,82.4
33.74.03,Semarang Timur,2025-02-17,41.2,26.4,84.6
33.74.03,Semarang Timur,2025-02-24,78.3,26.2,87.6
33.74.03,Semarang Timur,2025-03-03,57.7,26.8,85.0
33.74.03,Semarang Timur,2025-03-10,37.5,26.8,84.7
33.74.03,Semarang Timur,2025-03-17,18.3,27.1,80.0
33.74.03,Semarang Timur,2025-03-24,20.0,27.5,80.9
33.74.03,Semarang Timur,2025-03-31,41.7,27.0,82.1
33.74.03,Semarang Timur,2025-04-07,35.2,27.6,79.9
33.74.03,Semarang Timur,2025-04-14,35.5,27.1,83.4
33.74.03,Semarang Timur,2025-04-21,24.8,27.4,80.0
33.74.03,Semarang Timur,2025-04-28,33.7,28.4,69.9
33.74.03,Semarang Timur,2025-05-05,31.7,28.0,78.1
33.74.03,Semarang Timur,2025-05-12,73.0,26.6,86.4
33.74.03,Semarang Timur,2025-05-19,83.7,26.6,86.0
33.74.03,Semarang Timur,2025-05-26,23.2,27.4,81.6
33.74.03,Semarang Timur,2025-06-02,6.8,28.5,70.9
33.74.03,Semarang Timur,2025-06-09,24.0,27.5,76.7
33.74.03,Semarang Timur,2025-06-16,42.4,27.1,77.3
33.74.03,Semarang Timur,2025-06-23,13.7,28.3,67.0
33.74.03,Semarang Timur,2025-06-30,20.5,27.7,72.3
33.74.03,Semarang Timur,2025-07-07,3.7,28.0,62.9
33.74.03,Semarang Timur,2025-07-14,6.4,28.1,64.9
33.74.03,Semarang Timur,2025-07-21,2.6,28.6,62.1
33.74.03,Semarang Timur,2025-07-28,15.7,29.2,62.3
33.74.03,Semarang Timur,2025-08-04,30.0,27.6,75.6
33.74.03,Semarang Timur,2025-08-11,37.1,27.4,70.3
33.74.03,Semarang Timur,2025-08-18,52.6,27.3,74.3
33.74.03,Semarang Timur,2025-08-25,10.4,28.2,65.3
33.74.03,Semarang Timur,2025-09-01,1.3,29.3,58.3
33.74.03,Semarang Timur,2025-09-08,37.2,27.7,74.6
33.74.03,Semarang Timur,2025-09-15,52.0,27.6,73.1
33.74.03,Semarang Timur,2025-09-22,15.3,29.1,67.0
33.74.03,Semarang Timur,2025-09-29,32.0,27.9,73.0
33.74.03,Semarang Timur,2025-10-06,3.6,29.5,62.6
33.74.03,Semarang Timur,2025-10-13,36.0,29.7,67.6
33.74.03,Semarang Timur,2025-10-20,150.9,26.8,85.4
33.74.03,Semarang Timur,2025-10-27,59.8,26.9,84.6
33.74.03,Semarang Timur,2025-11-03,39.2,27.1,82.9
33.74.03,Semarang Timur,2025-11-10,66.9,26.6,86.0
33.74.03,Semarang Timur,2025-11-17,47.2,27.0,82.7
33.74.03,Semarang Timur,2025-11-24,8.1,28.6,68.4
33.74.03,Semarang Timur,2025-12-01,25.8,27.3,80.0
33.74.03,Semarang Timur,2025-12-08,47.5,26.5,86.1
33.74.03,Semarang Timur,2025-12-15,35.2,27.2,80.4
33.74.03,Semarang Timur,2025-12-22,47.3,27.1,84.6
33.74.03,Semarang Timur,2025-12-29,20.8,26.7,82.7
33.74.04,Semarang Selatan,2020-12-28,24.1,25.7,89.7
33.74.04,Semarang Selatan,2021-01-04,74.4,26.0,87.6
33.74.04,Semarang Selatan,2021-01-11,53.9,26.0,87.4
33.74.04,Semarang Selatan,2021-01-18,73.4,25.5,87.4
33.74.04,Semarang Selatan,2021-01-25,66.6,25.3,88.1
33.74.04,Semarang Selatan,2021-02-01,48.8,25.6,86.4
33.74.04,Semarang Selatan,2021-02-08,79.4,25.7,88.6
33.74.04,Semarang Selatan,2021-02-15,182.1,25.2,88.0
33.74.04,Semarang Selatan,2021-02-22,53.7,25.8,86.7
33.74.04,Semarang Selatan,2021-03-01,46.5,26.1,85.6
33.74.04,Semarang Selatan,2021-03-08,33.4,25.8,85.1
33.74.04,Semarang Selatan,2021-03-15,26.9,26.5,86.4
33.74.04,Semarang Selatan,2021-03-22,40.7,26.4,87.6
33.74.04,Semarang Selatan,2021-03-29,17.1,26.9,84.4
33.74.04,Semarang Selatan,2021-04-05,40.0,26.9,84.0
33.74.04,Semarang Selatan,2021-04-12,20.1,26.7,84.6
33.74.04,Semarang Selatan,2021-04-19,7.7,27.0,76.9
33.74.04,Semarang Selatan,2021-04-26,13.2,27.5,77.6
33.74.04,Semarang Selatan,2021-05-03,21.2,27.5,78.4
33.74.04,Semarang Selatan,2021-05-10,1.7,28.6,70.4
33.74.04,Semarang Selatan,2021-05-17,17.1,27.8,76.9
33.74.04,Semarang Selatan,2021-05-24,107.4,27.5,79.7
33.74.04,Semarang Selatan,2021-05-31,7.1,27.9,77.9
33.74.04,Semarang Selatan,2021-06-07,15.0,27.6,77.7
33.74.04,Semarang Selatan,2021-06-14,51.0,26.2,83.6
33.74.04,Semarang Selatan,2021-06-21,21.6,26.6,82.6
33.74.04,Semarang Selatan,2021-06-28,18.8,27.1,75.7
33.74.04,Semarang Selatan,2021-07-05,6.3,27.8,65.1
33.74.04,Semarang Selatan,2021-07-12,0.5,28.6,58.7
33.74.04,Semarang Selatan,2021-07-19,0.7,29.0,62.0
33.74.04,Semarang Selatan,2021-07-26,4.5,28.1,61.0
33.74.04,Semarang Selatan,2021-08-02,17.1,28.6,65.7
33.74.04,Semarang Selatan,2021-08-09,27.1,28.6,64.1
33.74.04,Semarang Selatan,2021-08-16,14.0,28.1,67.7
33.74.04,Semarang Selatan,2021-08-23,1.3,28.6,59.4
33.74.04,Semarang Selatan,2021-08-30,3.3,28.9,60.0
33.74.04,Semarang Selatan,2021-09-06,15.2,28.6,64.9
33.74.04,Semarang Selatan,2021-09-13,9.8,28.3,69.6
33.74.04,Semarang Selatan,2021-09-20,31.2,28.0,71.1
33.74.04,Semarang Selatan,2021-09-27,3.3,28.2,71.1
33.74.04,Semarang Selatan,2021-10-04,2.1,28.5,62.0
33.74.04,Semarang Selatan,2021-10-11,3.5,29.5,62.4
33.74.04,Semarang Selatan,2021-10-18,47.0,27.4,79.7
33.74.04,Semarang Selatan,2021-10-25,67.4,27.2,82.1
33.74.04,Semarang Selatan,2021-11-01,32.0,26.9,82.9
33.74.04,Semarang Selatan,2021-11-08,75.4,26.3,87.1
33.74.04,Semarang Selatan,2021-11-15,37.2,26.3,85.9
33.74.04,Semarang Selatan,2021-11-22,95.0,26.1,87.3
33.74.04,Semarang Selatan,2021-11-29,44.0,26.5,83.4
33.74.04,Semarang Selatan,2021-12-06,50.9,26.2,86.7
33.74.04,Semarang Selatan,2021-12-13,58.3,26.5,87.4
33.74.04,Semarang Selatan,2021-12-20,63.3,26.2,86.7
33.74.04,Semarang Selatan,2021-12-27,101.0,26.0,86.9
33.74.04,Semarang Selatan,2022-01-03,35.3,26.3,82.6
33.74.04,Semarang Selatan,2022-01-10,55.9,25.8,85.4
33.74.04,Semarang Selatan,2022-01-17,100.6,25.6,86.7
33.74.04,Semarang Selatan,2022-01-24,25.7,26.3,84.3
33.74.04,Semarang Selatan,2022-01-31,75.4,26.2,84.3
33.74.04,Semarang Selatan,2022-02-07,76.4,26.1,83.9
33.74.04,Semarang Selatan,2022-02-14,57.2,25.9,85.9
33.74.04,Semarang Selatan,2022-02-21,35.6,26.3,83.7
33.74.04,Semarang Selatan,2022-02-28,56.9,26.3,85.3
33.74.04,Semarang Selatan,2022-03-07,90.7,25.8,89.4
33.74.04,Semarang Selatan,2022-03-14,72.6,26.3,87.7
33.74.04,Semarang Selatan,2022-03-21,17.0,26.8,83.1
33.74.04,Semarang Selatan,2022-03-28,33.2,26.9,82.9
33.74.04,Semarang Selatan,2022-04-04,31.4,26.3,83.9
33.74.04,Semarang Selatan,2022-04-11,14.9,27.6,76.3
33.74.04,Semarang Selatan,2022-04-18,33.9,26.8,82.9
33.74.04,Semarang Selatan,2022-04-25,31.0,26.7,84.0
33.74.04,Semarang Selatan,2022-05-02,21.4,27.5,79.0
33.74.04,Semarang Selatan,2022-05-09,61.7,26.9,86.7
33.74.04,Semarang Selatan,2022-05-16,55.3,26.6,84.7
33.74.04,Semarang Selatan,2022-05-23,27.3,26.7,80.4
33.74.04,Semarang Selatan,2022-05-30,22.5,26.9,81.0
33.74.04,Semarang Selatan,2022-06-06,61.3,26.4,82.6
33.74.04,Semarang Selatan,2022-06-13,65.7,25.9,84.7
33.74.04,Semarang Selatan,2022-06-20,18.3,26.6,77.1
33.74.04,Semarang Selatan,2022-06-27,18.6,27.0,71.9
33.74.04,Semarang Selatan,2022-07-04,22.7,27.0,72.7
33.74.04,Semarang Selatan,2022-07-11,40.9,26.8,77.4
33.74.04,Semarang Selatan,2022-07-18,6.9,27.5,72.3
33.74.04,Semarang Selatan,2022-07-25,0.0,27.6,63.7
33.74.04,Semarang Selatan,2022-08-01,6.1,27.6,70.0
33.74.04,Semarang Selatan,2022-08-08,25.7,27.9,70.4
33.74.04,Semarang Selatan,2022-08-15,7.4,27.8,68.0
33.74.04,Semarang Selatan,2022-08-22,2.6,28.3,62.7
33.74.04,Semarang Selatan,2022-08-29,5.6,28.4,65.6
33.74.04,Semarang Selatan,2022-09-05,47.5,26.9,78.1
33.74.04,Semarang Selatan,2022-09-12,3.0,28.1,69.4
33.74.04,Semarang Selatan,2022-09-19,10.6,28.3,68.1
33.74.04,Semarang Selatan,2022-09-26,20.0,28.5,66.7
33.74.04,Semarang Selatan,2022-10-03,73.0,26.2,85.3
33.74.04,Semarang Selatan,2022-10-10,37.3,26.6,83.1
33.74.04,Semarang Selatan,2022-10-17,40.3,26.4,85.0
33.74.04,Semarang Selatan,2022-10-24,43.7,26.1,81.3
33.74.04,Semarang Selatan,2022-10-31,143.4,26.6,81.6
33.74.04,Semarang Selatan,2022-11-07,78.4,26.1,86.7
33.74.04,Semarang Selatan,2022-11-14,53.7,26.5,84.3
33.74.04,Semarang Selatan,2022-11-21,64.7,26.0,85.7
33.74.04,Semarang Selatan,2022-11-28,32.6,26.1,85.9
33.74.04,Semarang Selatan,2022-12-05,28.0,26.8,81.9
33.74.04,Semarang Selatan,2022-12-12,45.7,26.5,84.0
33.74.04,Semarang Selatan,2022-12-19,59.2,26.2,83.7
33.74.04,Semarang Selatan,2022-12-26,73.6,25.2,85.4
33.74.04,Semarang Selatan,2023-01-02,53.8,25.8,85.6
33.74.04,Semarang Selatan,2023-01-09,24.5,26.2,85.4
33.74.04,Semarang Selatan,2023-01-16,40.9,26.0,85.4
33.74.04,Semarang Selatan,2023-01-23,74.8,25.7,86.7
33.74.04,Semarang Selatan,2023-01-30,44.1,26.1,84.7
33.74.04,Semarang Selatan,2023-02-06,45.0,25.9,84.7
33.74.04,Semarang Selatan,2023-02-13,128.5,25.6,88.3
33.74.04,Semarang Selatan,2023-02-20,54.4,25.8,84.3
33.74.04,Semarang Selatan,2023-02-27,201.3,25.2,87.6
33.74.04,Semarang Selatan,2023-03-06,22.3,26.2,85.6
33.74.04,Semarang Selatan,2023-03-13,34.5,26.3,84.0
33.74.04,Semarang Selatan,2023-03-20,48.4,26.8,83.9
33.74.04,Semarang Selatan,2023-03-27,56.9,26.1,85.4
33.74.04,Semarang Selatan,2023-04-03,18.6,26.4,82.4
33.74.04,Semarang Selatan,2023-04-10,69.5,26.2,87.0
33.74.04,Semarang Selatan,2023-04-17,35.4,27.3,80.7
33.74.04,Semarang Selatan,2023-04-24,28.6,27.3,81.9
33.74.04,Semarang Selatan,2023-05-01,44.1,27.2,83.7
33.74.04,Semarang Selatan,2023-05-08,20.2,27.6,78.9
33.74.04,Semarang Selatan,2023-05-15,0.9,27.4,70.6
33.74.04,Semarang Selatan,2023-05-22,0.9,28.0,68.0
33.74.04,Semarang Selatan,2023-05-29,0.9,28.7,66.3
33.74.04,Semarang Selatan,2023-06-05,24.8,28.0,72.4
33.74.04,Semarang Selatan,2023-06-12,11.9,28.1,72.1
33.74.04,Semarang Selatan,2023-06-19,6.6,27.9,70.9
33.74.04,Semarang Selatan,2023-06-26,5.5,28.3,66.4
33.74.04,Semarang Selatan,2023-07-03,11.8,27.8,72.0
33.74.04,Semarang Selatan,2023-07-10,3.8,28.2,65.4
33.74.04,Semarang Selatan,2023-07-17,0.3,28.4,56.0
33.74.04,Semarang Selatan,2023-07-24,0.4,28.0,60.1
33.74.04,Semarang Selatan,2023-07-31,0.3,28.7,60.4
33.74.04,Semarang Selatan,2023-08-07,0.6,27.7,63.0
33.74.04,Semarang Selatan,2023-08-14,0.5,28.3,58.9
33.74.04,Semarang Selatan,2023-08-21,0.4,28.6,59.7
33.74.04,Semarang Selatan,2023-08-28,0.3,27.9,59.1
33.74.04,Semarang Selatan,2023-09-04,0.0,28.2,56.1
33.74.04,Semarang Selatan,2023-09-11,10.4,29.2,58.7
33.74.04,Semarang Selatan,2023-09-18,1.2,28.7,57.7
33.74.04,Semarang Selatan,2023-09-25,2.1,29.4,56.4
33.74.04,Semarang Selatan,2023-10-02,2.9,29.6,60.4
33.74.04,Semarang Selatan,2023-10-09,5.2,29.7,62.4
33.74.04,Semarang Selatan,2023-10-16,2.2,30.1,61.1
33.74.04,Semarang Selatan,2023-10-23,14.1,29.3,66.4
33.74.04,Semarang Selatan,2023-10-30,26.1,28.7,74.3
33.74.04,Semarang Selatan,2023-11-06,18.7,28.4,75.3
33.74.04,Semarang Selatan,2023-11-13,15.8,28.5,77.4
33.74.04,Semarang Selatan,2023-11-20,34.0,28.3,77.9
33.74.04,Semarang Selatan,2023-11-27,42.2,27.1,83.1
33.74.04,Semarang Selatan,2023-12-04,32.9,27.0,86.4
33.74.04,Semarang Selatan,2023-12-11,3.2,28.3,72.6
33.74.04,Semarang Selatan,2023-12-18,10.5,29.1,64.7
33.74.04,Semarang Selatan,2023-12-25,39.5,27.7,82.4
33.74.04,Semarang Selatan,2024-01-01,109.7,26.9,86.7
33.74.04,Semarang Selatan,2024-01-08,34.3,27.2,84.3
33.74.04,Semarang Selatan,2024-01-15,39.7,26.8,86.3
33.74.04,Semarang Selatan,2024-01-22,55.5,26.5,86.3
33.74.04,Semarang Selatan,2024-01-29,89.0,26.5,86.9
33.74.04,Semarang Selatan,2024-02-05,73.8,26.5,86.0
33.74.04,Semarang Selatan,2024-02-12,52.4,27.1,86.1
33.74.04,Semarang Selatan,2024-02-19,37.0,27.4,84.3
33.74.04,Semarang Selatan,2024-02-26,47.2,27.3,83.9
33.74.04,Semarang Selatan,2024-03-04,90.6,27.1,86.1
33.74.04,Semarang Selatan,2024-03-11,63.7,26.4,85.9
33.74.04,Semarang Selatan,2024-03-18,14.9,27.3,81.1
33.74.04,Semarang Selatan,2024-03-25,31.3,28.0,81.3
33.74.04,Semarang Selatan,2024-04-01,29.1,27.7,84.6
33.74.04,Semarang Selatan,2024-04-08,41.3,27.7,83.1
33.74.04,Semarang Selatan,2024-04-15,55.3,27.7,83.7
33.74.04,Semarang Selatan,2024-04-22,67.2,27.8,82.6
33.74.04,Semarang Selatan,2024-04-29,6.1,29.3,71.3
33.74.04,Semarang Selatan,2024-05-06,6.6,29.7,64.0
33.74.04,Semarang Selatan,2024-05-13,2.0,30.5,61.6
33.74.04,Semarang Selatan,2024-05-20,13.7,29.2,70.0
33.74.04,Semarang Selatan,2024-05-27,20.5,29.5,69.7
33.74.04,Semarang Selatan,2024-06-03,4.5,28.4,73.1
33.74.04,Semarang Selatan,2024-06-10,29.8,27.8,77.7
33.74.04,Semarang Selatan,2024-06-17,3.1,28.5,63.0
33.74.04,Semarang Selatan,2024-06-24,14.4,28.7,71.1
33.74.04,Semarang Selatan,2024-07-01,33.3,27.6,76.1
33.74.04,Semarang Selatan,2024-07-08,0.4,27.7,63.6
33.74.04,Semarang Selatan,2024-07-15,0.5,28.2,59.4
33.74.04,Semarang Selatan,2024-07-22,0.5,28.5,61.9
33.74.04,Semarang Selatan,2024-07-29,13.1,28.3,67.0
33.74.04,Semarang Selatan,2024-08-05,2.5,28.1,66.6
33.74.04,Semarang Selatan,2024-08-12,0.0,28.0,58.1
33.74.04,Semarang Selatan,2024-08-19,0.0,28.6,61.3
33.74.04,Semarang Selatan,2024-08-26,0.2,29.4,56.4
33.74.04,Semarang Selatan,2024-09-02,17.8,29.3,62.4
33.74.04,Semarang Selatan,2024-09-09,37.2,28.1,69.4
33.74.04,Semarang Selatan,2024-09-16,0.4,28.3,59.0
33.74.04,Semarang Selatan,2024-09-23,23.0,28.1,74.9
33.74.04,Semarang Selatan,2024-09-30,9.0,29.5,66.7
33.74.04,Semarang Selatan,2024-10-07,28.7,30.0,63.0
33.74.04,Semarang Selatan,2024-10-14,11.1,28.4,67.0
33.74.04,Semarang Selatan,2024-10-21,5.9,29.3,65.0
33.74.04,Semarang Selatan,2024-10-28,53.2,28.4,74.3
33.74.04,Semarang Selatan,2024-11-04,48.7,27.9,77.0
33.74.04,Semarang Selatan,2024-11-11,70.6,28.2,77.9
33.74.04,Semarang Selatan,2024-11-18,73.8,27.3,84.4
33.74.04,Semarang Selatan,2024-11-25,55.8,27.5,85.9
33.74.04,Semarang Selatan,2024-12-02,80.5,26.7,88.0
33.74.04,Semarang Selatan,2024-12-09,73.1,26.9,86.4
33.74.04,Semarang Selatan,2024-12-16,74.7,27.0,84.9
33.74.04,Semarang Selatan,2024-12-23,59.1,26.6,87.6
33.74.04,Semarang Selatan,2024-12-30,34.0,26.2,86.0
33.74.04,Semarang Selatan,2025-01-06,57.0,26.6,84.7
33.74.04,Semarang Selatan,2025-01-13,54.5,26.6,85.7
33.74.04,Semarang Selatan,2025-01-20,68.4,26.2,87.9
33.74.04,Semarang Selatan,2025-01-27,83.1,25.7,86.0
33.74.04,Semarang Selatan,2025-02-03,24.4,26.6,81.7
33.74.04,Semarang Selatan,2025-02-10,21.9,26.7,82.4
33.74.04,Semarang Selatan,2025-02-17,41.2,26.4,84.6
33.74.04,Semarang Selatan,2025-02-24,78.3,26.2,87.6
33.74.04,Semarang Selatan,2025-03-03,57.7,26.8,85.0
33.74.04,Semarang Selatan,2025-03-10,37.5,26.8,84.7
33.74.04,Semarang Selatan,2025-03-17,18.3,27.1,80.0
33.74.04,Semarang Selatan,2025-03-24,20.0,27.5,80.9
33.74.04,Semarang Selatan,2025-03-31,41.7,27.0,82.1
33.74.04,Semarang Selatan,2025-04-07,35.2,27.6,79.9
33.74.04,Semarang Selatan,2025-04-14,35.5,27.1,83.4
33.74.04,Semarang Selatan,2025-04-21,24.8,27.4,80.0
33.74.04,Semarang Selatan,2025-04-28,33.7,28.4,69.9
33.74.04,Semarang Selatan,2025-05-05,31.7,28.0,78.1
33.74.04,Semarang Selatan,2025-05-12,73.0,26.6,86.4
33.74.04,Semarang Selatan,2025-05-19,83.7,26.6,86.0
33.74.04,Semarang Selatan,2025-05-26,23.2,27.4,81.6
33.74.04,Semarang Selatan,2025-06-02,6.8,28.5,70.9
33.74.04,Semarang Selatan,2025-06-09,24.0,27.5,76.7
33.74.04,Semarang Selatan,2025-06-16,42.4,27.1,77.3
33.74.04,Semarang Selatan,2025-06-23,13.7,28.3,67.0
33.74.04,Semarang Selatan,2025-06-30,20.5,27.7,72.3
33.74.04,Semarang Selatan,2025-07-07,3.7,28.0,62.9
33.74.04,Semarang Selatan,2025-07-14,6.4,28.1,64.9
33.74.04,Semarang Selatan,2025-07-21,2.6,28.6,62.1
33.74.04,Semarang Selatan,2025-07-28,15.7,29.2,62.3
33.74.04,Semarang Selatan,2025-08-04,30.0,27.6,75.6
33.74.04,Semarang Selatan,2025-08-11,37.1,27.4,70.3
33.74.04,Semarang Selatan,2025-08-18,52.6,27.3,74.3
33.74.04,Semarang Selatan,2025-08-25,10.4,28.2,65.3
33.74.04,Semarang Selatan,2025-09-01,1.3,29.3,58.3
33.74.04,Semarang Selatan,2025-09-08,37.2,27.7,74.6
33.74.04,Semarang Selatan,2025-09-15,52.0,27.6,73.1
33.74.04,Semarang Selatan,2025-09-22,15.3,29.1,67.0
33.74.04,Semarang Selatan,2025-09-29,32.0,27.9,73.0
33.74.04,Semarang Selatan,2025-10-06,3.6,29.5,62.6
33.74.04,Semarang Selatan,2025-10-13,36.0,29.7,67.6
33.74.04,Semarang Selatan,2025-10-20,150.9,26.8,85.4
33.74.04,Semarang Selatan,2025-10-27,59.8,26.9,84.6
33.74.04,Semarang Selatan,2025-11-03,39.2,27.1,82.9
33.74.04,Semarang Selatan,2025-11-10,66.9,26.6,86.0
33.74.04,Semarang Selatan,2025-11-17,47.2,27.0,82.7
33.74.04,Semarang Selatan,2025-11-24,8.1,28.6,68.4
33.74.04,Semarang Selatan,2025-12-01,25.8,27.3,80.0
33.74.04,Semarang Selatan,2025-12-08,47.5,26.5,86.1
33.74.04,Semarang Selatan,2025-12-15,35.2,27.2,80.4
33.74.04,Semarang Selatan,2025-12-22,47.3,27.1,84.6
33.74.04,Semarang Selatan,2025-12-29,20.8,26.7,82.7
33.74.05,Semarang Barat,2020-12-28,24.1,26.0,89.7
33.74.05,Semarang Barat,2021-01-04,74.4,26.2,87.7
33.74.05,Semarang Barat,2021-01-11,53.9,26.2,87.4
33.74.05,Semarang Barat,2021-01-18,73.4,25.8,87.4
33.74.05,Semarang Barat,2021-01-25,66.6,25.5,88.1
33.74.05,Semarang Barat,2021-02-01,48.8,25.8,86.4
33.74.05,Semarang Barat,2021-02-08,79.4,25.9,88.7
33.74.05,Semarang Barat,2021-02-15,182.1,25.4,88.0
33.74.05,Semarang Barat,2021-02-22,53.7,26.0,86.7
33.74.05,Semarang Barat,2021-03-01,46.5,26.4,85.6
33.74.05,Semarang Barat,2021-03-08,33.4,26.1,85.1
33.74.05,Semarang Barat,2021-03-15,26.9,26.7,86.4
33.74.05,Semarang Barat,2021-03-22,40.7,26.6,87.6
33.74.05,Semarang Barat,2021-03-29,17.1,27.1,84.4
33.74.05,Semarang Barat,2021-04-05,40.0,27.1,84.0
33.74.05,Semarang Barat,2021-04-12,20.1,26.9,84.6
33.74.05,Semarang Barat,2021-04-19,7.7,27.2,76.9
33.74.05,Semarang Barat,2021-04-26,13.2,27.7,77.7
33.74.05,Semarang Barat,2021-05-03,21.2,27.7,78.4
33.74.05,Semarang Barat,2021-05-10,1.7,28.8,70.6
33.74.05,Semarang Barat,2021-05-17,17.1,28.0,77.0
33.74.05,Semarang Barat,2021-05-24,107.4,27.7,79.7
33.74.05,Semarang Barat,2021-05-31,7.1,28.1,77.9
33.74.05,Semarang Barat,2021-06-07,15.0,27.8,77.7
33.74.05,Semarang Barat,2021-06-14,51.0,26.5,83.6
33.74.05,Semarang Barat,2021-06-21,21.6,26.8,82.6
33.74.05,Semarang Barat,2021-06-28,18.8,27.3,75.7
33.74.05,Semarang Barat,2021-07-05,6.3,28.0,65.1
33.74.05,Semarang Barat,2021-07-12,0.5,28.9,58.9
33.74.05,Semarang Barat,2021-07-19,0.7,29.2,62.0
33.74.05,Semarang Barat,2021-07-26,4.5,28.3,61.0
33.74.05,Semarang Barat,2021-08-02,17.1,28.9,65.9
33.74.05,Semarang Barat,2021-08-09,27.1,28.8,64.3
33.74.05,Semarang Barat,2021-08-16,14.0,28.3,67.7
33.74.05,Semarang Barat,2021-08-23,1.3,28.8,59.6
33.74.05,Semarang Barat,2021-08-30,3.3,29.1,60.1
33.74.05,Semarang Barat,2021-09-06,15.2,28.8,64.9
33.74.05,Semarang Barat,2021-09-13,9.8,28.5,69.6
33.74.05,Semarang Barat,2021-09-20,31.2,28.3,71.1
33.74.05,Semarang Barat,2021-09-27,3.3,28.4,71.3
33.74.05,Semarang Barat,2021-10-04,2.1,28.7,62.0
33.74.05,Semarang Barat,2021-10-11,3.5,29.7,62.6
33.74.05,Semarang Barat,2021-10-18,47.0,27.7,79.9
33.74.05,Semarang Barat,2021-10-25,67.4,27.4,82.1
33.74.05,Semarang Barat,2021-11-01,32.0,27.1,82.9
33.74.05,Semarang Barat,2021-11-08,75.4,26.5,87.1
33.74.05,Semarang Barat,2021-11-15,37.2,26.5,85.9
33.74.05,Semarang Barat,2021-11-22,95.0,26.3,87.3
33.74.05,Semarang Barat,2021-11-29,44.0,26.7,83.4
33.74.05,Semarang Barat,2021-12-06,50.9,26.4,86.7
33.74.05,Semarang Barat,2021-12-13,58.3,26.8,87.4
33.74.05,Semarang Barat,2021-12-20,63.3,26.4,86.7
33.74.05,Semarang Barat,2021-12-27,101.0,26.2,86.9
33.74.05,Semarang Barat,2022-01-03,35.3,26.5,82.6
33.74.05,Semarang Barat,2022-01-10,55.9,26.0,85.4
33.74.05,Semarang Barat,2022-01-17,100.6,25.8,86.7
33.74.05,Semarang Barat,2022-01-24,25.7,26.5,84.3
33.74.05,Semarang Barat,2022-01-31,75.4,26.4,84.3
33.74.05,Semarang Barat,2022-02-07,76.4,26.3,83.9
33.74.05,Semarang Barat,2022-02-14,57.2,26.1,85.9
33.74.05,Semarang Barat,2022-02-21,35.6,26.5,83.7
33.74.05,Semarang Barat,2022-02-28,56.9,26.5,85.3
33.74.05,Semarang Barat,2022-03-07,90.7,26.0,89.4
33.74.05,Semarang Barat,2022-03-14,72.6,26.5,87.7
33.74.05,Semarang Barat,2022-03-21,17.0,27.0,83.1
33.74.05,Semarang Barat,2022-03-28,33.2,27.1,82.9
33.74.05,Semarang Barat,2022-04-04,31.4,26.5,83.9
33.74.05,Semarang Barat,2022-04-11,14.9,27.8,76.3
33.74.05,Semarang Barat,2022-04-18,33.9,27.0,82.9
33.74.05,Semarang Barat,2022-04-25,31.0,26.9,84.0
33.74.05,Semarang Barat,2022-05-02,21.4,27.8,79.0
33.74.05,Semarang Barat,2022-05-09,61.7,27.1,86.7
33.74.05,Semarang Barat,2022-05-16,55.3,26.8,84.7
33.74.05,Semarang Barat,2022-05-23,27.3,26.9,80.4
33.74.05,Semarang Barat,2022-05-30,22.5,27.1,81.0
33.74.05,Semarang Barat,2022-06-06,61.3,26.6,82.6
33.74.05,Semarang Barat,2022-06-13,65.7,26.1,84.7
33.74.05,Semarang Barat,2022-06-20,18.3,26.9,77.1
33.74.05,Semarang Barat,2022-06-27,18.6,27.3,71.9
33.74.05,Semarang Barat,2022-07-04,22.7,27.2,72.7
33.74.05,Semarang Barat,2022-07-11,40.9,27.0,77.4
33.74.05,Semarang Barat,2022-07-18,6.9,27.7,72.3
33.74.05,Semarang Barat,2022-07-25,0.0,27.8,63.7
33.74.05,Semarang Barat,2022-08-01,6.1,27.8,70.0
33.74.05,Semarang Barat,2022-08-08,25.7,28.2,70.4
33.74.05,Semarang Barat,2022-08-15,7.4,28.0,68.0
33.74.05,Semarang Barat,2022-08-22,2.6,28.5,62.7
33.74.05,Semarang Barat,2022-08-29,5.6,28.6,65.6
33.74.05,Semarang Barat,2022-09-05,47.5,27.2,78.1
33.74.05,Semarang Barat,2022-09-12,3.0,28.3,69.4
33.74.05,Semarang Barat,2022-09-19,10.6,28.6,68.1
33.74.05,Semarang Barat,2022-09-26,20.0,28.7,66.7
33.74.05,Semarang Barat,2022-10-03,73.0,26.4,85.4
33.74.05,Semarang Barat,2022-10-10,37.3,26.8,83.1
33.74.05,Semarang Barat,2022-10-17,40.3,26.6,85.0
33.74.05,Semarang Barat,2022-10-24,43.7,26.3,81.3
33.74.05,Semarang Barat,2022-10-31,143.4,26.8,81.7
33.74.05,Semarang Barat,2022-11-07,78.4,26.3,86.7
33.74.05,Semarang Barat,2022-11-14,53.7,26.7,84.3
33.74.05,Semarang Barat,2022-11-21,64.7,26.3,85.7
33.74.05,Semarang Barat,2022-11-28,32.6,26.3,86.0
33.74.05,Semarang Barat,2022-12-05,28.0,27.0,82.0
33.74.05,Semarang Barat,2022-12-12,45.7,26.7,84.0
33.74.05,Semarang Barat,2022-12-19,59.2,26.4,83.7
33.74.05,Semarang Barat,2022-12-26,73.6,25.5,85.6
33.74.05,Semarang Barat,2023-01-02,53.8,26.0,85.6
33.74.05,Semarang Barat,2023-01-09,24.5,26.4,85.4
33.74.05,Semarang Barat,2023-01-16,40.9,26.2,85.4
33.74.05,Semarang Barat,2023-01-23,74.8,26.0,86.9
33.74.05,Semarang Barat,2023-01-30,44.1,26.3,84.9
33.74.05,Semarang Barat,2023-02-06,45.0,26.2,84.7
33.74.05,Semarang Barat,2023-02-13,128.5,25.8,88.3
33.74.05,Semarang Barat,2023-02-20,54.4,26.1,84.3
33.74.05,Semarang Barat,2023-02-27,201.3,25.4,87.6
33.74.05,Semarang Barat,2023-03-06,22.3,26.4,85.6
33.74.05,Semarang Barat,2023-03-13,34.5,26.5,84.0
33.74.05,Semarang Barat,2023-03-20,48.4,27.0,83.9
33.74.05,Semarang Barat,2023-03-27,56.9,26.3,85.4
33.74.05,Semarang Barat,2023-04-03,18.6,26.7,82.4
33.74.05,Semarang Barat,2023-04-10,69.5,26.5,87.0
33.74.05,Semarang Barat,2023-04-17,35.4,27.5,80.7
33.74.05,Semarang Barat,2023-04-24,28.6,27.5,82.0
33.74.05,Semarang Barat,2023-05-01,44.1,27.4,83.7
33.74.05,Semarang Barat,2023-05-08,20.2,27.8,78.9
33.74.05,Semarang Barat,2023-05-15,0.9,27.6,70.6
33.74.05,Semarang Barat,2023-05-22,0.9,28.3,68.0
33.74.05,Semarang Barat,2023-05-29,0.9,28.9,66.3
33.74.05,Semarang Barat,2023-06-05,24.8,28.3,72.4
33.74.05,Semarang Barat,2023-06-12,11.9,28.3,72.1
33.74.05,Semarang Barat,2023-06-19,6.6,28.1,70.9
33.74.05,Semarang Barat,2023-06-26,5.5,28.5,66.6
33.74.05,Semarang Barat,2023-07-03,11.8,28.1,72.0
33.74.05,Semarang Barat,2023-07-10,3.8,28.4,65.4
33.74.05,Semarang Barat,2023-07-17,0.3,28.6,56.1
33.74.05,Semarang Barat,2023-07-24,0.4,28.2,60.1
33.74.05,Semarang Barat,2023-07-31,0.3,29.0,60.4
33.74.05,Semarang Barat,2023-08-07,0.6,27.9,63.0
33.74.05,Semarang Barat,2023-08-14,0.5,28.5,59.0
33.74.05,Semarang Barat,2023-08-21,0.4,28.8,59.7
33.74.05,Semarang Barat,2023-08-28,0.3,28.1,59.1
33.74.05,Semarang Barat,2023-09-04,0.0,28.4,56.1
33.74.05,Semarang Barat,2023-09-11,10.4,29.4,58.7
33.74.05,Semarang Barat,2023-09-18,1.2,28.9,57.7
33.74.05,Semarang Barat,2023-09-25,2.1,29.6,56.4
33.74.05,Semarang Barat,2023-10-02,2.9,29.9,60.4
33.74.05,Semarang Barat,2023-10-09,5.2,29.9,62.4
33.74.05,Semarang Barat,2023-10-16,2.2,30.3,61.1
33.74.05,Semarang Barat,2023-10-23,14.1,29.5,66.4
33.74.05,Semarang Barat,2023-10-30,26.1,28.9,74.3
33.74.05,Semarang Barat,2023-11-06,18.7,28.6,75.3
33.74.05,Semarang Barat,2023-11-13,15.8,28.7,77.4
33.74.05,Semarang Barat,2023-11-20,34.0,28.5,77.9
33.74.05,Semarang Barat,2023-11-27,42.2,27.3,83.1
33.74.05,Semarang Barat,2023-12-04,32.9,27.3,86.4
33.74.05,Semarang Barat,2023-12-11,3.2,28.6,72.6
33.74.05,Semarang Barat,2023-12-18,10.5,29.3,64.7
33.74.05,Semarang Barat,2023-12-25,39.5,27.9,82.4
33.74.05,Semarang Barat,2024-01-01,109.7,27.1,86.7
33.74.05,Semarang Barat,2024-01-08,34.3,27.4,84.3
33.74.05,Semarang Barat,2024-01-15,39.7,27.0,86.3
33.74.05,Semarang Barat,2024-01-22,55.5,26.7,86.3
33.74.05,Semarang Barat,2024-01-29,89.0,26.8,87.0
33.74.05,Semarang Barat,2024-02-05,73.8,26.8,86.0
33.74.05,Semarang Barat,2024-02-12,52.4,27.3,86.3
33.74.05,Semarang Barat,2024-02-19,37.0,27.7,84.4
33.74.05,Semarang Barat,2024-02-26,47.2,27.6,83.9
33.74.05,Semarang Barat,2024-03-04,90.6,27.3,86.1
33.74.05,Semarang Barat,2024-03-11,63.7,26.6,86.0
33.74.05,Semarang Barat,2024-03-18,14.9,27.6,81.1
33.74.05,Semarang Barat,2024-03-25,31.3,28.2,81.3
33.74.05,Semarang Barat,2024-04-01,29.1,27.9,84.6
33.74.05,Semarang Barat,2024-04-08,41.3,27.9,83.1
33.74.05,Semarang Barat,2024-04-15,55.3,27.9,83.7
33.74.05,Semarang Barat,2024-04-22,67.2,28.0,82.6
33.74.05,Semarang Barat,2024-04-29,6.1,29.5,71.3
33.74.05,Semarang Barat,2024-05-06,6.6,29.9,64.0
33.74.05,Semarang Barat,2024-05-13,2.0,30.7,61.7
33.74.05,Semarang Barat,2024-05-20,13.7,29.4,70.0
33.74.05,Semarang Barat,2024-05-27,20.5,29.7,69.7
33.74.05,Semarang Barat,2024-06-03,4.5,28.6,73.1
33.74.05,Semarang Barat,2024-06-10,29.8,28.1,77.7
33.74.05,Semarang Barat,2024-06-17,3.1,28.7,63.0
33.74.05,Semarang Barat,2024-06-24,14.4,28.9,71.3
33.74.05,Semarang Barat,2024-07-01,33.3,27.8,76.1
33.74.05,Semarang Barat,2024-07-08,0.4,27.9,63.6
33.74.05,Semarang Barat,2024-07-15,0.5,28.4,59.4
33.74.05,Semarang Barat,2024-07-22,0.5,28.7,62.1
33.74.05,Semarang Barat,2024-07-29,13.1,28.5,67.0
33.74.05,Semarang Barat,2024-08-05,2.5,28.3,66.6
33.74.05,Semarang Barat,2024-08-12,0.0,28.2,58.1
33.74.05,Semarang Barat,2024-08-19,0.0,28.8,61.3
33.74.05,Semarang Barat,2024-08-26,0.2,29.7,56.6
33.74.05,Semarang Barat,2024-09-02,17.8,29.5,62.4
33.74.05,Semarang Barat,2024-09-09,37.2,28.3,69.4
33.74.05,Semarang Barat,2024-09-16,0.4,28.5,59.0
33.74.05,Semarang Barat,2024-09-23,23.0,28.3,74.9
33.74.05,Semarang Barat,2024-09-30,9.0,29.7,66.7
33.74.05,Semarang Barat,2024-10-07,28.7,30.3,63.0
33.74.05,Semarang Barat,2024-10-14,11.1,28.6,67.0
33.74.05,Semarang Barat,2024-10-21,5.9,29.5,65.0
33.74.05,Semarang Barat,2024-10-28,53.2,28.6,74.6
33.74.05,Semarang Barat,2024-11-04,48.7,28.1,77.0
33.74.05,Semarang Barat,2024-11-11,70.6,28.4,77.9
33.74.05,Semarang Barat,2024-11-18,73.8,27.5,84.4
33.74.05,Semarang Barat,2024-11-25,55.8,27.7,85.9
33.74.05,Semarang Barat,2024-12-02,80.5,26.9,88.0
33.74.05,Semarang Barat,2024-12-09,73.1,27.1,86.4
33.74.05,Semarang Barat,2024-12-16,74.7,27.2,84.9
33.74.05,Semarang Barat,2024-12-23,59.1,26.8,87.6
33.74.05,Semarang Barat,2024-12-30,34.0,26.4,86.0
33.74.05,Semarang Barat,2025-01-06,57.0,26.8,84.7
33.74.05,Semarang Barat,2025-01-13,54.5,26.8,85.7
33.74.05,Semarang Barat,2025-01-20,68.4,26.5,87.9
33.74.05,Semarang Barat,2025-01-27,83.1,25.9,86.0
33.74.05,Semarang Barat,2025-02-03,24.4,26.8,81.7
33.74.05,Semarang Barat,2025-02-10,21.9,27.0,82.4
33.74.05,Semarang Barat,2025-02-17,41.2,26.6,84.6
33.74.05,Semarang Barat,2025-02-24,78.3,26.5,87.6
33.74.05,Semarang Barat,2025-03-03,57.7,27.1,85.0
33.74.05,Semarang Barat,2025-03-10,37.5,27.0,84.7
33.74.05,Semarang Barat,2025-03-17,18.3,27.3,80.1
33.74.05,Semarang Barat,2025-03-24,20.0,27.7,80.9
33.74.05,Semarang Barat,2025-03-31,41.7,27.3,82.1
33.74.05,Semarang Barat,2025-04-07,35.2,27.8,79.9
33.74.05,Semarang Barat,2025-04-14,35.5,27.3,83.4
33.74.05,Semarang Barat,2025-04-21,24.8,27.7,80.0
33.74.05,Semarang Barat,2025-04-28,33.7,28.6,69.9
33.74.05,Semarang Barat,2025-05-05,31.7,28.2,78.1
33.74.05,Semarang Barat,2025-05-12,73.0,26.8,86.4
33.74.05,Semarang Barat,2025-05-19,83.7,26.8,86.0
33.74.05,Semarang Barat,2025-05-26,23.2,27.6,81.6
33.74.05,Semarang Barat,2025-06-02,6.8,28.7,70.9
33.74.05,Semarang Barat,2025-06-09,24.0,27.7,76.7
33.74.05,Semarang Barat,2025-06-16,42.4,27.3,77.3
33.74.05,Semarang Barat,2025-06-23,13.7,28.5,67.0
33.74.05,Semarang Barat,2025-06-30,20.5,28.0,72.4
33.74.05,Semarang Barat,2025-07-07,3.7,28.2,62.9
33.74.05,Semarang Barat,2025-07-14,6.4,28.3,64.9
33.74.05,Semarang Barat,2025-07-21,2.6,28.8,62.1
33.74.05,Semarang Barat,2025-07-28,15.7,29.4,62.3
33.74.05,Semarang Barat,2025-08-04,30.0,27.8,75.6
33.74.05,Semarang Barat,2025-08-11,37.1,27.6,70.3
33.74.05,Semarang Barat,2025-08-18,52.6,27.5,74.3
33.74.05,Semarang Barat,2025-08-25,10.4,28.4,65.3
33.74.05,Semarang Barat,2025-09-01,1.3,29.5,58.3
33.74.05,Semarang Barat,2025-09-08,37.2,28.0,74.6
33.74.05,Semarang Barat,2025-09-15,52.0,27.9,73.3
33.74.05,Semarang Barat,2025-09-22,15.3,29.3,67.0
33.74.05,Semarang Barat,2025-09-29,32.0,28.1,73.0
33.74.05,Semarang Barat,2025-10-06,3.6,29.7,62.9
33.74.05,Semarang Barat,2025-10-13,36.0,29.9,67.6
33.74.05,Semarang Barat,2025-10-20,150.9,27.0,85.4
33.74.05,Semarang Barat,2025-10-27,59.8,27.1,84.6
33.74.05,Semarang Barat,2025-11-03,39.2,27.3,83.0
33.74.05,Semarang Barat,2025-11-10,66.9,26.8,86.0
33.74.05,Semarang Barat,2025-11-17,47.2,27.2,82.7
33.74.05,Semarang Barat,2025-11-24,8.1,28.8,68.6
33.74.05,Semarang Barat,2025-12-01,25.8,27.5,80.1
33.74.05,Semarang Barat,2025-12-08,47.5,26.7,86.3
33.74.05,Semarang Barat,2025-12-15,35.2,27.4,80.4
33.74.05,Semarang Barat,2025-12-22,47.3,27.3,84.6
33.74.05,Semarang Barat,2025-12-29,20.8,26.9,82.7
33.74.06,Gayamsari,2020-12-28,24.1,25.7,89.7
33.74.06,Gayamsari,2021-01-04,74.4,26.0,87.6
33.74.06,Gayamsari,2021-01-11,53.9,26.0,87.4
33.74.06,Gayamsari,2021-01-18,73.4,25.5,87.4
33.74.06,Gayamsari,2021-01-25,66.6,25.3,88.1
33.74.06,Gayamsari,2021-02-01,48.8,25.6,86.4
33.74.06,Gayamsari,2021-02-08,79.4,25.7,88.6
33.74.06,Gayamsari,2021-02-15,182.1,25.2,88.0
33.74.06,Gayamsari,2021-02-22,53.7,25.8,86.7
33.74.06,Gayamsari,2021-03-01,46.5,26.1,85.6
33.74.06,Gayamsari,2021-03-08,33.4,25.8,85.1
33.74.06,Gayamsari,2021-03-15,26.9,26.5,86.4
33.74.06,Gayamsari,2021-03-22,40.7,26.4,87.6
33.74.06,Gayamsari,2021-03-29,17.1,26.9,84.4
33.74.06,Gayamsari,2021-04-05,40.0,26.9,84.0
33.74.06,Gayamsari,2021-04-12,20.1,26.7,84.6
33.74.06,Gayamsari,2021-04-19,7.7,27.0,76.9
33.74.06,Gayamsari,2021-04-26,13.2,27.5,77.6
33.74.06,Gayamsari,2021-05-03,21.2,27.5,78.4
33.74.06,Gayamsari,2021-05-10,1.7,28.6,70.4
33.74.06,Gayamsari,2021-05-17,17.1,27.8,76.9
33.74.06,Gayamsari,2021-05-24,107.4,27.5,79.7
33.74.06,Gayamsari,2021-05-31,7.1,27.9,77.9
33.74.06,Gayamsari,2021-06-07,15.0,27.6,77.7
33.74.06,Gayamsari,2021-06-14,51.0,26.2,83.6
33.74.06,Gayamsari,2021-06-21,21.6,26.6,82.6
33.74.06,Gayamsari,2021-06-28,18.8,27.1,75.7
33.74.06,Gayamsari,2021-07-05,6.3,27.8,65.1
33.74.06,Gayamsari,2021-07-12,0.5,28.6,58.7
33.74.06,Gayamsari,2021-07-19,0.7,29.0,62.0
33.74.06,Gayamsari,2021-07-26,4.5,28.1,61.0
33.74.06,Gayamsari,2021-08-02,17.1,28.6,65.7
33.74.06,Gayamsari,2021-08-09,27.1,28.6,64.1
33.74.06,Gayamsari,2021-08-16,14.0,28.1,67.7
33.74.06,Gayamsari,2021-08-23,1.3,28.6,59.4
33.74.06,Gayamsari,2021-08-30,3.3,28.9,60.0
33.74.06,Gayamsari,2021-09-06,15.2,28.6,64.9
33.74.06,Gayamsari,2021-09-13,9.8,28.3,69.6
33.74.06,Gayamsari,2021-09-20,31.2,28.0,71.1
33.74.06,Gayamsari,2021-09-27,3.3,28.2,71.1
33.74.06,Gayamsari,2021-10-04,2.1,28.5,62.0
33.74.06,Gayamsari,2021-10-11,3.5,29.5,62.4
33.74.06,Gayamsari,2021-10-18,47.0,27.4,79.7
33.74.06,Gayamsari,2021-10-25,67.4,27.2,82.1
33.74.06,Gayamsari,2021-11-01,32.0,26.9,82.9
33.74.06,Gayamsari,2021-11-08,75.4,26.3,87.1
33.74.06,Gayamsari,2021-11-15,37.2,26.3,85.9
33.74.06,Gayamsari,2021-11-22,95.0,26.1,87.3
33.74.06,Gayamsari,2021-11-29,44.0,26.5,83.4
33.74.06,Gayamsari,2021-12-06,50.9,26.2,86.7
33.74.06,Gayamsari,2021-12-13,58.3,26.5,87.4
33.74.06,Gayamsari,2021-12-20,63.3,26.2,86.7
33.74.06,Gayamsari,2021-12-27,101.0,26.0,86.9
33.74.06,Gayamsari,2022-01-03,35.3,26.3,82.6
33.74.06,Gayamsari,2022-01-10,55.9,25.8,85.4
33.74.06,Gayamsari,2022-01-17,100.6,25.6,86.7
33.74.06,Gayamsari,2022-01-24,25.7,26.3,84.3
33.74.06,Gayamsari,2022-01-31,75.4,26.2,84.3
33.74.06,Gayamsari,2022-02-07,76.4,26.1,83.9
33.74.06,Gayamsari,2022-02-14,57.2,25.9,85.9
33.74.06,Gayamsari,2022-02-21,35.6,26.3,83.7
33.74.06,Gayamsari,2022-02-28,56.9,26.3,85.3
33.74.06,Gayamsari,2022-03-07,90.7,25.8,89.4
33.74.06,Gayamsari,2022-03-14,72.6,26.3,87.7
33.74.06,Gayamsari,2022-03-21,17.0,26.8,83.1
33.74.06,Gayamsari,2022-03-28,33.2,26.9,82.9
33.74.06,Gayamsari,2022-04-04,31.4,26.3,83.9
33.74.06,Gayamsari,2022-04-11,14.9,27.6,76.3
33.74.06,Gayamsari,2022-04-18,33.9,26.8,82.9
33.74.06,Gayamsari,2022-04-25,31.0,26.7,84.0
33.74.06,Gayamsari,2022-05-02,21.4,27.5,79.0
33.74.06,Gayamsari,2022-05-09,61.7,26.9,86.7
33.74.06,Gayamsari,2022-05-16,55.3,26.6,84.7
33.74.06,Gayamsari,2022-05-23,27.3,26.7,80.4
33.74.06,Gayamsari,2022-05-30,22.5,26.9,81.0
33.74.06,Gayamsari,2022-06-06,61.3,26.4,82.6
33.74.06,Gayamsari,2022-06-13,65.7,25.9,84.7
33.74.06,Gayamsari,2022-06-20,18.3,26.6,77.1
33.74.06,Gayamsari,2022-06-27,18.6,27.0,71.9
33.74.06,Gayamsari,2022-07-04,22.7,27.0,72.7
33.74.06,Gayamsari,2022-07-11,40.9,26.8,77.4
33.74.06,Gayamsari,2022-07-18,6.9,27.5,72.3
33.74.06,Gayamsari,2022-07-25,0.0,27.6,63.7
33.74.06,Gayamsari,2022-08-01,6.1,27.6,70.0
33.74.06,Gayamsari,2022-08-08,25.7,27.9,70.4
33.74.06,Gayamsari,2022-08-15,7.4,27.8,68.0
33.74.06,Gayamsari,2022-08-22,2.6,28.3,62.7
33.74.06,Gayamsari,2022-08-29,5.6,28.4,65.6
33.74.06,Gayamsari,2022-09-05,47.5,26.9,78.1
33.74.06,Gayamsari,2022-09-12,3.0,28.1,69.4
33.74.06,Gayamsari,2022-09-19,10.6,28.3,68.1
33.74.06,Gayamsari,2022-09-26,20.0,28.5,66.7
33.74.06,Gayamsari,2022-10-03,73.0,26.2,85.3
33.74.06,Gayamsari,2022-10-10,37.3,26.6,83.1
33.74.06,Gayamsari,2022-10-17,40.3,26.4,85.0
33.74.06,Gayamsari,2022-10-24,43.7,26.1,81.3
33.74.06,Gayamsari,2022-10-31,143.4,26.6,81.6
33.74.06,Gayamsari,2022-11-07,78.4,26.1,86.7
33.74.06,Gayamsari,2022-11-14,53.7,26.5,84.3
33.74.06,Gayamsari,2022-11-21,64.7,26.0,85.7
33.74.06,Gayamsari,2022-11-28,32.6,26.1,85.9
33.74.06,Gayamsari,2022-12-05,28.0,26.8,81.9
33.74.06,Gayamsari,2022-12-12,45.7,26.5,84.0
33.74.06,Gayamsari,2022-12-19,59.2,26.2,83.7
33.74.06,Gayamsari,2022-12-26,73.6,25.2,85.4
33.74.06,Gayamsari,2023-01-02,53.8,25.8,85.6
33.74.06,Gayamsari,2023-01-09,24.5,26.2,85.4
33.74.06,Gayamsari,2023-01-16,40.9,26.0,85.4
33.74.06,Gayamsari,2023-01-23,74.8,25.7,86.7
33.74.06,Gayamsari,2023-01-30,44.1,26.1,84.7
33.74.06,Gayamsari,2023-02-06,45.0,25.9,84.7
33.74.06,Gayamsari,2023-02-13,128.5,25.6,88.3
33.74.06,Gayamsari,2023-02-20,54.4,25.8,84.3
33.74.06,Gayamsari,2023-02-27,201.3,25.2,87.6
33.74.06,Gayamsari,2023-03-06,22.3,26.2,85.6
33.74.06,Gayamsari,2023-03-13,34.5,26.3,84.0
33.74.06,Gayamsari,2023-03-20,48.4,26.8,83.9
33.74.06,Gayamsari,2023-03-27,56.9,26.1,85.4
33.74.06,Gayamsari,2023-04-03,18.6,26.4,82.4
33.74.06,Gayamsari,2023-04-10,69.5,26.2,87.0
33.74.06,Gayamsari,2023-04-17,35.4,27.3,80.7
33.74.06,Gayamsari,2023-04-24,28.6,27.3,81.9
33.74.06,Gayamsari,2023-05-01,44.1,27.2,83.7
33.74.06,Gayamsari,2023-05-08,20.2,27.6,78.9
33.74.06,Gayamsari,2023-05-15,0.9,27.4,70.6
33.74.06,Gayamsari,2023-05-22,0.9,28.0,68.0
33.74.06,Gayamsari,2023-05-29,0.9,28.7,66.3
33.74.06,Gayamsari,2023-06-05,24.8,28.0,72.4
33.74.06,Gayamsari,2023-06-12,11.9,28.1,72.1
33.74.06,Gayamsari,2023-06-19,6.6,27.9,70.9
33.74.06,Gayamsari,2023-06-26,5.5,28.3,66.4
33.74.06,Gayamsari,2023-07-03,11.8,27.8,72.0
33.74.06,Gayamsari,2023-07-10,3.8,28.2,65.4
33.74.06,Gayamsari,2023-07-17,0.3,28.4,56.0
33.74.06,Gayamsari,2023-07-24,0.4,28.0,60.1
33.74.06,Gayamsari,2023-07-31,0.3,28.7,60.4
33.74.06,Gayamsari,2023-08-07,0.6,27.7,63.0
33.74.06,Gayamsari,2023-08-14,0.5,28.3,58.9
33.74.06,Gayamsari,2023-08-21,0.4,28.6,59.7
33.74.06,Gayamsari,2023-08-28,0.3,27.9,59.1
33.74.06,Gayamsari,2023-09-04,0.0,28.2,56.1
33.74.06,Gayamsari,2023-09-11,10.4,29.2,58.7
33.74.06,Gayamsari,2023-09-18,1.2,28.7,57.7
33.74.06,Gayamsari,2023-09-25,2.1,29.4,56.4
33.74.06,Gayamsari,2023-10-02,2.9,29.6,60.4
33.74.06,Gayamsari,2023-10-09,5.2,29.7,62.4
33.74.06,Gayamsari,2023-10-16,2.2,30.1,61.1
33.74.06,Gayamsari,2023-10-23,14.1,29.3,66.4
33.74.06,Gayamsari,2023-10-30,26.1,28.7,74.3
33.74.06,Gayamsari,2023-11-06,18.7,28.4,75.3
33.74.06,Gayamsari,2023-11-13,15.8,28.5,77.4
33.74.06,Gayamsari,2023-11-20,34.0,28.3,77.9
33.74.06,Gayamsari,2023-11-27,42.2,27.1,83.1
33.74.06,Gayamsari,2023-12-04,32.9,27.0,86.4
33.74.06,Gayamsari,2023-12-11,3.2,28.3,72.6
33.74.06,Gayamsari,2023-12-18,10.5,29.1,64.7
33.74.06,Gayamsari,2023-12-25,39.5,27.7,82.4
33.74.06,Gayamsari,2024-01-01,109.7,26.9,86.7
33.74.06,Gayamsari,2024-01-08,34.3,27.2,84.3
33.74.06,Gayamsari,2024-01-15,39.7,26.8,86.3
33.74.06,Gayamsari,2024-01-22,55.5,26.5,86.3
33.74.06,Gayamsari,2024-01-29,89.0,26.5,86.9
33.74.06,Gayamsari,2024-02-05,73.8,26.5,86.0
33.74.06,Gayamsari,2024-02-12,52.4,27.1,86.1
33.74.06,Gayamsari,2024-02-19,37.0,27.4,84.3
33.74.06,Gayamsari,2024-02-26,47.2,27.3,83.9
33.74.06,Gayamsari,2024-03-04,90.6,27.1,86.1
33.74.06,Gayamsari,2024-03-11,63.7,26.4,85.9
33.74.06,Gayamsari,2024-03-18,14.9,27.3,81.1
33.74.06,Gayamsari,2024-03-25,31.3,28.0,81.3
33.74.06,Gayamsari,2024-04-01,29.1,27.7,84.6
33.74.06,Gayamsari,2024-04-08,41.3,27.7,83.1
33.74.06,Gayamsari,2024-04-15,55.3,27.7,83.7
33.74.06,Gayamsari,2024-04-22,67.2,27.8,82.6
33.74.06,Gayamsari,2024-04-29,6.1,29.3,71.3
33.74.06,Gayamsari,2024-05-06,6.6,29.7,64.0
33.74.06,Gayamsari,2024-05-13,2.0,30.5,61.6
33.74.06,Gayamsari,2024-05-20,13.7,29.2,70.0
33.74.06,Gayamsari,2024-05-27,20.5,29.5,69.7
33.74.06,Gayamsari,2024-06-03,4.5,28.4,73.1
33.74.06,Gayamsari,2024-06-10,29.8,27.8,77.7
33.74.06,Gayamsari,2024-06-17,3.1,28.5,63.0
33.74.06,Gayamsari,2024-06-24,14.4,28.7,71.1
33.74.06,Gayamsari,2024-07-01,33.3,27.6,76.1
33.74.06,Gayamsari,2024-07-08,0.4,27.7,63.6
33.74.06,Gayamsari,2024-07-15,0.5,28.2,59.4
33.74.06,Gayamsari,2024-07-22,0.5,28.5,61.9
33.74.06,Gayamsari,2024-07-29,13.1,28.3,67.0
33.74.06,Gayamsari,2024-08-05,2.5,28.1,66.6
33.74.06,Gayamsari,2024-08-12,0.0,28.0,58.1
33.74.06,Gayamsari,2024-08-19,0.0,28.6,61.3
33.74.06,Gayamsari,2024-08-26,0.2,29.4,56.4
33.74.06,Gayamsari,2024-09-02,17.8,29.3,62.4
33.74.06,Gayamsari,2024-09-09,37.2,28.1,69.4
33.74.06,Gayamsari,2024-09-16,0.4,28.3,59.0
33.74.06,Gayamsari,2024-09-23,23.0,28.1,74.9
33.74.06,Gayamsari,2024-09-30,9.0,29.5,66.7
33.74.06,Gayamsari,2024-10-07,28.7,30.0,63.0
33.74.06,Gayamsari,2024-10-14,11.1,28.4,67.0
33.74.06,Gayamsari,2024-10-21,5.9,29.3,65.0
33.74.06,Gayamsari,2024-10-28,53.2,28.4,74.3
33.74.06,Gayamsari,2024-11-04,48.7,27.9,77.0
33.74.06,Gayamsari,2024-11-11,70.6,28.2,77.9
33.74.06,Gayamsari,2024-11-18,73.8,27.3,84.4
33.74.06,Gayamsari,2024-11-25,55.8,27.5,85.9
33.74.06,Gayamsari,2024-12-02,80.5,26.7,88.0
33.74.06,Gayamsari,2024-12-09,73.1,26.9,86.4
33.74.06,Gayamsari,2024-12-16,74.7,27.0,84.9
33.74.06,Gayamsari,2024-12-23,59.1,26.6,87.6
33.74.06,Gayamsari,2024-12-30,34.0,26.2,86.0
33.74.06,Gayamsari,2025-01-06,57.0,26.6,84.7
33.74.06,Gayamsari,2025-01-13,54.5,26.6,85.7
33.74.06,Gayamsari,2025-01-20,68.4,26.2,87.9
33.74.06,Gayamsari,2025-01-27,83.1,25.7,86.0
33.74.06,Gayamsari,2025-02-03,24.4,26.6,81.7
33.74.06,Gayamsari,2025-02-10,21.9,26.7,82.4
33.74.06,Gayamsari,2025-02-17,41.2,26.4,84.6
33.74.06,Gayamsari,2025-02-24,78.3,26.2,87.6
33.74.06,Gayamsari,2025-03-03,57.7,26.8,85.0
33.74.06,Gayamsari,2025-03-10,37.5,26.8,84.7
33.74.06,Gayamsari,2025-03-17,18.3,27.1,80.0
33.74.06,Gayamsari,2025-03-24,20.0,27.5,80.9
33.74.06,Gayamsari,2025-03-31,41.7,27.0,82.1
33.74.06,Gayamsari,2025-04-07,35.2,27.6,79.9
33.74.06,Gayamsari,2025-04-14,35.5,27.1,83.4
33.74.06,Gayamsari,2025-04-21,24.8,27.4,80.0
33.74.06,Gayamsari,2025-04-28,33.7,28.4,69.9
33.74.06,Gayamsari,2025-05-05,31.7,28.0,78.1
33.74.06,Gayamsari,2025-05-12,73.0,26.6,86.4
33.74.06,Gayamsari,2025-05-19,83.7,26.6,86.0
33.74.06,Gayamsari,2025-05-26,23.2,27.4,81.6
33.74.06,Gayamsari,2025-06-02,6.8,28.5,70.9
33.74.06,Gayamsari,2025-06-09,24.0,27.5,76.7
33.74.06,Gayamsari,2025-06-16,42.4,27.1,77.3
33.74.06,Gayamsari,2025-06-23,13.7,28.3,67.0
33.74.06,Gayamsari,2025-06-30,20.5,27.7,72.3
33.74.06,Gayamsari,2025-07-07,3.7,28.0,62.9
33.74.06,Gayamsari,2025-07-14,6.4,28.1,64.9
33.74.06,Gayamsari,2025-07-21,2.6,28.6,62.1
33.74.06,Gayamsari,2025-07-28,15.7,29.2,62.3
33.74.06,Gayamsari,2025-08-04,30.0,27.6,75.6
33.74.06,Gayamsari,2025-08-11,37.1,27.4,70.3
33.74.06,Gayamsari,2025-08-18,52.6,27.3,74.3
33.74.06,Gayamsari,2025-08-25,10.4,28.2,65.3
33.74.06,Gayamsari,2025-09-01,1.3,29.3,58.3
33.74.06,Gayamsari,2025-09-08,37.2,27.7,74.6
33.74.06,Gayamsari,2025-09-15,52.0,27.6,73.1
33.74.06,Gayamsari,2025-09-22,15.3,29.1,67.0
33.74.06,Gayamsari,2025-09-29,32.0,27.9,73.0
33.74.06,Gayamsari,2025-10-06,3.6,29.5,62.6
33.74.06,Gayamsari,2025-10-13,36.0,29.7,67.6
33.74.06,Gayamsari,2025-10-20,150.9,26.8,85.4
33.74.06,Gayamsari,2025-10-27,59.8,26.9,84.6
33.74.06,Gayamsari,2025-11-03,39.2,27.1,82.9
33.74.06,Gayamsari,2025-11-10,66.9,26.6,86.0
33.74.06,Gayamsari,2025-11-17,47.2,27.0,82.7
33.74.06,Gayamsari,2025-11-24,8.1,28.6,68.4
33.74.06,Gayamsari,2025-12-01,25.8,27.3,80.0
33.74.06,Gayamsari,2025-12-08,47.5,26.5,86.1
33.74.06,Gayamsari,2025-12-15,35.2,27.2,80.4
33.74.06,Gayamsari,2025-12-22,47.3,27.1,84.6
33.74.06,Gayamsari,2025-12-29,20.8,26.7,82.7
33.74.07,Candisari,2020-12-28,24.1,25.7,89.7
33.74.07,Candisari,2021-01-04,74.4,26.0,87.6
33.74.07,Candisari,2021-01-11,53.9,26.0,87.4
33.74.07,Candisari,2021-01-18,73.4,25.5,87.4
33.74.07,Candisari,2021-01-25,66.6,25.3,88.1
33.74.07,Candisari,2021-02-01,48.8,25.6,86.4
33.74.07,Candisari,2021-02-08,79.4,25.7,88.6
33.74.07,Candisari,2021-02-15,182.1,25.2,88.0
33.74.07,Candisari,2021-02-22,53.7,25.8,86.7
33.74.07,Candisari,2021-03-01,46.5,26.1,85.6
33.74.07,Candisari,2021-03-08,33.4,25.8,85.1
33.74.07,Candisari,2021-03-15,26.9,26.5,86.4
33.74.07,Candisari,2021-03-22,40.7,26.4,87.6
33.74.07,Candisari,2021-03-29,17.1,26.9,84.4
33.74.07,Candisari,2021-04-05,40.0,26.9,84.0
33.74.07,Candisari,2021-04-12,20.1,26.7,84.6
33.74.07,Candisari,2021-04-19,7.7,27.0,76.9
33.74.07,Candisari,2021-04-26,13.2,27.5,77.6
33.74.07,Candisari,2021-05-03,21.2,27.5,78.4
33.74.07,Candisari,2021-05-10,1.7,28.6,70.4
33.74.07,Candisari,2021-05-17,17.1,27.8,76.9
33.74.07,Candisari,2021-05-24,107.4,27.5,79.7
33.74.07,Candisari,2021-05-31,7.1,27.9,77.9
33.74.07,Candisari,2021-06-07,15.0,27.6,77.7
33.74.07,Candisari,2021-06-14,51.0,26.2,83.6
33.74.07,Candisari,2021-06-21,21.6,26.6,82.6
33.74.07,Candisari,2021-06-28,18.8,27.1,75.7
33.74.07,Candisari,2021-07-05,6.3,27.8,65.1
33.74.07,Candisari,2021-07-12,0.5,28.6,58.7
33.74.07,Candisari,2021-07-19,0.7,29.0,62.0
33.74.07,Candisari,2021-07-26,4.5,28.1,61.0
33.74.07,Candisari,2021-08-02,17.1,28.6,65.7
33.74.07,Candisari,2021-08-09,27.1,28.6,64.1
33.74.07,Candisari,2021-08-16,14.0,28.1,67.7
33.74.07,Candisari,2021-08-23,1.3,28.6,59.4
33.74.07,Candisari,2021-08-30,3.3,28.9,60.0
33.74.07,Candisari,2021-09-06,15.2,28.6,64.9
33.74.07,Candisari,2021-09-13,9.8,28.3,69.6
33.74.07,Candisari,2021-09-20,31.2,28.0,71.1
33.74.07,Candisari,2021-09-27,3.3,28.2,71.1
33.74.07,Candisari,2021-10-04,2.1,28.5,62.0
33.74.07,Candisari,2021-10-11,3.5,29.5,62.4
33.74.07,Candisari,2021-10-18,47.0,27.4,79.7
33.74.07,Candisari,2021-10-25,67.4,27.2,82.1
33.74.07,Candisari,2021-11-01,32.0,26.9,82.9
33.74.07,Candisari,2021-11-08,75.4,26.3,87.1
33.74.07,Candisari,2021-11-15,37.2,26.3,85.9
33.74.07,Candisari,2021-11-22,95.0,26.1,87.3
33.74.07,Candisari,2021-11-29,44.0,26.5,83.4
33.74.07,Candisari,2021-12-06,50.9,26.2,86.7
33.74.07,Candisari,2021-12-13,58.3,26.5,87.4
33.74.07,Candisari,2021-12-20,63.3,26.2,86.7
33.74.07,Candisari,2021-12-27,101.0,26.0,86.9
33.74.07,Candisari,2022-01-03,35.3,26.3,82.6
33.74.07,Candisari,2022-01-10,55.9,25.8,85.4
33.74.07,Candisari,2022-01-17,100.6,25.6,86.7
33.74.07,Candisari,2022-01-24,25.7,26.3,84.3
33.74.07,Candisari,2022-01-31,75.4,26.2,84.3
33.74.07,Candisari,2022-02-07,76.4,26.1,83.9
33.74.07,Candisari,2022-02-14,57.2,25.9,85.9
33.74.07,Candisari,2022-02-21,35.6,26.3,83.7
33.74.07,Candisari,2022-02-28,56.9,26.3,85.3
33.74.07,Candisari,2022-03-07,90.7,25.8,89.4
33.74.07,Candisari,2022-03-14,72.6,26.3,87.7
33.74.07,Candisari,2022-03-21,17.0,26.8,83.1
33.74.07,Candisari,2022-03-28,33.2,26.9,82.9
33.74.07,Candisari,2022-04-04,31.4,26.3,83.9
33.74.07,Candisari,2022-04-11,14.9,27.6,76.3
33.74.07,Candisari,2022-04-18,33.9,26.8,82.9
33.74.07,Candisari,2022-04-25,31.0,26.7,84.0
33.74.07,Candisari,2022-05-02,21.4,27.5,79.0
33.74.07,Candisari,2022-05-09,61.7,26.9,86.7
33.74.07,Candisari,2022-05-16,55.3,26.6,84.7
33.74.07,Candisari,2022-05-23,27.3,26.7,80.4
33.74.07,Candisari,2022-05-30,22.5,26.9,81.0
33.74.07,Candisari,2022-06-06,61.3,26.4,82.6
33.74.07,Candisari,2022-06-13,65.7,25.9,84.7
33.74.07,Candisari,2022-06-20,18.3,26.6,77.1
33.74.07,Candisari,2022-06-27,18.6,27.0,71.9
33.74.07,Candisari,2022-07-04,22.7,27.0,72.7
33.74.07,Candisari,2022-07-11,40.9,26.8,77.4
33.74.07,Candisari,2022-07-18,6.9,27.5,72.3
33.74.07,Candisari,2022-07-25,0.0,27.6,63.7
33.74.07,Candisari,2022-08-01,6.1,27.6,70.0
33.74.07,Candisari,2022-08-08,25.7,27.9,70.4
33.74.07,Candisari,2022-08-15,7.4,27.8,68.0
33.74.07,Candisari,2022-08-22,2.6,28.3,62.7
33.74.07,Candisari,2022-08-29,5.6,28.4,65.6
33.74.07,Candisari,2022-09-05,47.5,26.9,78.1
33.74.07,Candisari,2022-09-12,3.0,28.1,69.4
33.74.07,Candisari,2022-09-19,10.6,28.3,68.1
33.74.07,Candisari,2022-09-26,20.0,28.5,66.7
33.74.07,Candisari,2022-10-03,73.0,26.2,85.3
33.74.07,Candisari,2022-10-10,37.3,26.6,83.1
33.74.07,Candisari,2022-10-17,40.3,26.4,85.0
33.74.07,Candisari,2022-10-24,43.7,26.1,81.3
33.74.07,Candisari,2022-10-31,143.4,26.6,81.6
33.74.07,Candisari,2022-11-07,78.4,26.1,86.7
33.74.07,Candisari,2022-11-14,53.7,26.5,84.3
33.74.07,Candisari,2022-11-21,64.7,26.0,85.7
33.74.07,Candisari,2022-11-28,32.6,26.1,85.9
33.74.07,Candisari,2022-12-05,28.0,26.8,81.9
33.74.07,Candisari,2022-12-12,45.7,26.5,84.0
33.74.07,Candisari,2022-12-19,59.2,26.2,83.7
33.74.07,Candisari,2022-12-26,73.6,25.2,85.4
33.74.07,Candisari,2023-01-02,53.8,25.8,85.6
33.74.07,Candisari,2023-01-09,24.5,26.2,85.4
33.74.07,Candisari,2023-01-16,40.9,26.0,85.4
33.74.07,Candisari,2023-01-23,74.8,25.7,86.7
33.74.07,Candisari,2023-01-30,44.1,26.1,84.7
33.74.07,Candisari,2023-02-06,45.0,25.9,84.7
33.74.07,Candisari,2023-02-13,128.5,25.6,88.3
33.74.07,Candisari,2023-02-20,54.4,25.8,84.3
33.74.07,Candisari,2023-02-27,201.3,25.2,87.6
33.74.07,Candisari,2023-03-06,22.3,26.2,85.6
33.74.07,Candisari,2023-03-13,34.5,26.3,84.0
33.74.07,Candisari,2023-03-20,48.4,26.8,83.9
33.74.07,Candisari,2023-03-27,56.9,26.1,85.4
33.74.07,Candisari,2023-04-03,18.6,26.4,82.4
33.74.07,Candisari,2023-04-10,69.5,26.2,87.0
33.74.07,Candisari,2023-04-17,35.4,27.3,80.7
33.74.07,Candisari,2023-04-24,28.6,27.3,81.9
33.74.07,Candisari,2023-05-01,44.1,27.2,83.7
33.74.07,Candisari,2023-05-08,20.2,27.6,78.9
33.74.07,Candisari,2023-05-15,0.9,27.4,70.6
33.74.07,Candisari,2023-05-22,0.9,28.0,68.0
33.74.07,Candisari,2023-05-29,0.9,28.7,66.3
33.74.07,Candisari,2023-06-05,24.8,28.0,72.4
33.74.07,Candisari,2023-06-12,11.9,28.1,72.1
33.74.07,Candisari,2023-06-19,6.6,27.9,70.9
33.74.07,Candisari,2023-06-26,5.5,28.3,66.4
33.74.07,Candisari,2023-07-03,11.8,27.8,72.0
33.74.07,Candisari,2023-07-10,3.8,28.2,65.4
33.74.07,Candisari,2023-07-17,0.3,28.4,56.0
33.74.07,Candisari,2023-07-24,0.4,28.0,60.1
33.74.07,Candisari,2023-07-31,0.3,28.7,60.4
33.74.07,Candisari,2023-08-07,0.6,27.7,63.0
33.74.07,Candisari,2023-08-14,0.5,28.3,58.9
33.74.07,Candisari,2023-08-21,0.4,28.6,59.7
33.74.07,Candisari,2023-08-28,0.3,27.9,59.1
33.74.07,Candisari,2023-09-04,0.0,28.2,56.1
33.74.07,Candisari,2023-09-11,10.4,29.2,58.7
33.74.07,Candisari,2023-09-18,1.2,28.7,57.7
33.74.07,Candisari,2023-09-25,2.1,29.4,56.4
33.74.07,Candisari,2023-10-02,2.9,29.6,60.4
33.74.07,Candisari,2023-10-09,5.2,29.7,62.4
33.74.07,Candisari,2023-10-16,2.2,30.1,61.1
33.74.07,Candisari,2023-10-23,14.1,29.3,66.4
33.74.07,Candisari,2023-10-30,26.1,28.7,74.3
33.74.07,Candisari,2023-11-06,18.7,28.4,75.3
33.74.07,Candisari,2023-11-13,15.8,28.5,77.4
33.74.07,Candisari,2023-11-20,34.0,28.3,77.9
33.74.07,Candisari,2023-11-27,42.2,27.1,83.1
33.74.07,Candisari,2023-12-04,32.9,27.0,86.4
33.74.07,Candisari,2023-12-11,3.2,28.3,72.6
33.74.07,Candisari,2023-12-18,10.5,29.1,64.7
33.74.07,Candisari,2023-12-25,39.5,27.7,82.4
33.74.07,Candisari,2024-01-01,109.7,26.9,86.7
33.74.07,Candisari,2024-01-08,34.3,27.2,84.3
33.74.07,Candisari,2024-01-15,39.7,26.8,86.3
33.74.07,Candisari,2024-01-22,55.5,26.5,86.3
33.74.07,Candisari,2024-01-29,89.0,26.5,86.9
33.74.07,Candisari,2024-02-05,73.8,26.5,86.0
33.74.07,Candisari,2024-02-12,52.4,27.1,86.1
33.74.07,Candisari,2024-02-19,37.0,27.4,84.3
33.74.07,Candisari,2024-02-26,47.2,27.3,83.9
33.74.07,Candisari,2024-03-04,90.6,27.1,86.1
33.74.07,Candisari,2024-03-11,63.7,26.4,85.9
33.74.07,Candisari,2024-03-18,14.9,27.3,81.1
33.74.07,Candisari,2024-03-25,31.3,28.0,81.3
33.74.07,Candisari,2024-04-01,29.1,27.7,84.6
33.74.07,Candisari,2024-04-08,41.3,27.7,83.1
33.74.07,Candisari,2024-04-15,55.3,27.7,83.7
33.74.07,Candisari,2024-04-22,67.2,27.8,82.6
33.74.07,Candisari,2024-04-29,6.1,29.3,71.3
33.74.07,Candisari,2024-05-06,6.6,29.7,64.0
33.74.07,Candisari,2024-05-13,2.0,30.5,61.6
33.74.07,Candisari,2024-05-20,13.7,29.2,70.0
33.74.07,Candisari,2024-05-27,20.5,29.5,69.7
33.74.07,Candisari,2024-06-03,4.5,28.4,73.1
33.74.07,Candisari,2024-06-10,29.8,27.8,77.7
33.74.07,Candisari,2024-06-17,3.1,28.5,63.0
33.74.07,Candisari,2024-06-24,14.4,28.7,71.1
33.74.07,Candisari,2024-07-01,33.3,27.6,76.1
33.74.07,Candisari,2024-07-08,0.4,27.7,63.6
33.74.07,Candisari,2024-07-15,0.5,28.2,59.4
33.74.07,Candisari,2024-07-22,0.5,28.5,61.9
33.74.07,Candisari,2024-07-29,13.1,28.3,67.0
33.74.07,Candisari,2024-08-05,2.5,28.1,66.6
33.74.07,Candisari,2024-08-12,0.0,28.0,58.1
33.74.07,Candisari,2024-08-19,0.0,28.6,61.3
33.74.07,Candisari,2024-08-26,0.2,29.4,56.4
33.74.07,Candisari,2024-09-02,17.8,29.3,62.4
33.74.07,Candisari,2024-09-09,37.2,28.1,69.4
33.74.07,Candisari,2024-09-16,0.4,28.3,59.0
33.74.07,Candisari,2024-09-23,23.0,28.1,74.9
33.74.07,Candisari,2024-09-30,9.0,29.5,66.7
33.74.07,Candisari,2024-10-07,28.7,30.0,63.0
33.74.07,Candisari,2024-10-14,11.1,28.4,67.0
33.74.07,Candisari,2024-10-21,5.9,29.3,65.0
33.74.07,Candisari,2024-10-28,53.2,28.4,74.3
33.74.07,Candisari,2024-11-04,48.7,27.9,77.0
33.74.07,Candisari,2024-11-11,70.6,28.2,77.9
33.74.07,Candisari,2024-11-18,73.8,27.3,84.4
33.74.07,Candisari,2024-11-25,55.8,27.5,85.9
33.74.07,Candisari,2024-12-02,80.5,26.7,88.0
33.74.07,Candisari,2024-12-09,73.1,26.9,86.4
33.74.07,Candisari,2024-12-16,74.7,27.0,84.9
33.74.07,Candisari,2024-12-23,59.1,26.6,87.6
33.74.07,Candisari,2024-12-30,34.0,26.2,86.0
33.74.07,Candisari,2025-01-06,57.0,26.6,84.7
33.74.07,Candisari,2025-01-13,54.5,26.6,85.7
33.74.07,Candisari,2025-01-20,68.4,26.2,87.9
33.74.07,Candisari,2025-01-27,83.1,25.7,86.0
33.74.07,Candisari,2025-02-03,24.4,26.6,81.7
33.74.07,Candisari,2025-02-10,21.9,26.7,82.4
33.74.07,Candisari,2025-02-17,41.2,26.4,84.6
33.74.07,Candisari,2025-02-24,78.3,26.2,87.6
33.74.07,Candisari,2025-03-03,57.7,26.8,85.0
33.74.07,Candisari,2025-03-10,37.5,26.8,84.7
33.74.07,Candisari,2025-03-17,18.3,27.1,80.0
33.74.07,Candisari,2025-03-24,20.0,27.5,80.9
33.74.07,Candisari,2025-03-31,41.7,27.0,82.1
33.74.07,Candisari,2025-04-07,35.2,27.6,79.9
33.74.07,Candisari,2025-04-14,35.5,27.1,83.4
33.74.07,Candisari,2025-04-21,24.8,27.4,80.0
33.74.07,Candisari,2025-04-28,33.7,28.4,69.9
33.74.07,Candisari,2025-05-05,31.7,28.0,78.1
33.74.07,Candisari,2025-05-12,73.0,26.6,86.4
33.74.07,Candisari,2025-05-19,83.7,26.6,86.0
33.74.07,Candisari,2025-05-26,23.2,27.4,81.6
33.74.07,Candisari,2025-06-02,6.8,28.5,70.9
33.74.07,Candisari,2025-06-09,24.0,27.5,76.7
33.74.07,Candisari,2025-06-16,42.4,27.1,77.3
33.74.07,Candisari,2025-06-23,13.7,28.3,67.0
33.74.07,Candisari,2025-06-30,20.5,27.7,72.3
33.74.07,Candisari,2025-07-07,3.7,28.0,62.9
33.74.07,Candisari,2025-07-14,6.4,28.1,64.9
33.74.07,Candisari,2025-07-21,2.6,28.6,62.1
33.74.07,Candisari,2025-07-28,15.7,29.2,62.3
33.74.07,Candisari,2025-08-04,30.0,27.6,75.6
33.74.07,Candisari,2025-08-11,37.1,27.4,70.3
33.74.07,Candisari,2025-08-18,52.6,27.3,74.3
33.74.07,Candisari,2025-08-25,10.4,28.2,65.3
33.74.07,Candisari,2025-09-01,1.3,29.3,58.3
33.74.07,Candisari,2025-09-08,37.2,27.7,74.6
33.74.07,Candisari,2025-09-15,52.0,27.6,73.1
33.74.07,Candisari,2025-09-22,15.3,29.1,67.0
33.74.07,Candisari,2025-09-29,32.0,27.9,73.0
33.74.07,Candisari,2025-10-06,3.6,29.5,62.6
33.74.07,Candisari,2025-10-13,36.0,29.7,67.6
33.74.07,Candisari,2025-10-20,150.9,26.8,85.4
33.74.07,Candisari,2025-10-27,59.8,26.9,84.6
33.74.07,Candisari,2025-11-03,39.2,27.1,82.9
33.74.07,Candisari,2025-11-10,66.9,26.6,86.0
33.74.07,Candisari,2025-11-17,47.2,27.0,82.7
33.74.07,Candisari,2025-11-24,8.1,28.6,68.4
33.74.07,Candisari,2025-12-01,25.8,27.3,80.0
33.74.07,Candisari,2025-12-08,47.5,26.5,86.1
33.74.07,Candisari,2025-12-15,35.2,27.2,80.4
33.74.07,Candisari,2025-12-22,47.3,27.1,84.6
33.74.07,Candisari,2025-12-29,20.8,26.7,82.7
33.74.08,Gajahmungkur,2020-12-28,24.1,25.7,89.7
33.74.08,Gajahmungkur,2021-01-04,74.4,26.0,87.6
33.74.08,Gajahmungkur,2021-01-11,53.9,26.0,87.4
33.74.08,Gajahmungkur,2021-01-18,73.4,25.5,87.4
33.74.08,Gajahmungkur,2021-01-25,66.6,25.3,88.1
33.74.08,Gajahmungkur,2021-02-01,48.8,25.6,86.4
33.74.08,Gajahmungkur,2021-02-08,79.4,25.7,88.6
33.74.08,Gajahmungkur,2021-02-15,182.1,25.2,88.0
33.74.08,Gajahmungkur,2021-02-22,53.7,25.8,86.7
33.74.08,Gajahmungkur,2021-03-01,46.5,26.1,85.6
33.74.08,Gajahmungkur,2021-03-08,33.4,25.8,85.1
33.74.08,Gajahmungkur,2021-03-15,26.9,26.5,86.4
33.74.08,Gajahmungkur,2021-03-22,40.7,26.4,87.6
33.74.08,Gajahmungkur,2021-03-29,17.1,26.9,84.4
33.74.08,Gajahmungkur,2021-04-05,40.0,26.9,84.0
33.74.08,Gajahmungkur,2021-04-12,20.1,26.7,84.6
33.74.08,Gajahmungkur,2021-04-19,7.7,27.0,76.9
33.74.08,Gajahmungkur,2021-04-26,13.2,27.5,77.6
33.74.08,Gajahmungkur,2021-05-03,21.2,27.5,78.4
33.74.08,Gajahmungkur,2021-05-10,1.7,28.6,70.4
33.74.08,Gajahmungkur,2021-05-17,17.1,27.8,76.9
33.74.08,Gajahmungkur,2021-05-24,107.4,27.5,79.7
33.74.08,Gajahmungkur,2021-05-31,7.1,27.9,77.9
33.74.08,Gajahmungkur,2021-06-07,15.0,27.6,77.7
33.74.08,Gajahmungkur,2021-06-14,51.0,26.2,83.6
33.74.08,Gajahmungkur,2021-06-21,21.6,26.6,82.6
33.74.08,Gajahmungkur,2021-06-28,18.8,27.1,75.7
33.74.08,Gajahmungkur,2021-07-05,6.3,27.8,65.1
33.74.08,Gajahmungkur,2021-07-12,0.5,28.6,58.7
33.74.08,Gajahmungkur,2021-07-19,0.7,29.0,62.0
33.74.08,Gajahmungkur,2021-07-26,4.5,28.1,61.0
33.74.08,Gajahmungkur,2021-08-02,17.1,28.6,65.7
33.74.08,Gajahmungkur,2021-08-09,27.1,28.6,64.1
33.74.08,Gajahmungkur,2021-08-16,14.0,28.1,67.7
33.74.08,Gajahmungkur,2021-08-23,1.3,28.6,59.4
33.74.08,Gajahmungkur,2021-08-30,3.3,28.9,60.0
33.74.08,Gajahmungkur,2021-09-06,15.2,28.6,64.9
33.74.08,Gajahmungkur,2021-09-13,9.8,28.3,69.6
33.74.08,Gajahmungkur,2021-09-20,31.2,28.0,71.1
33.74.08,Gajahmungkur,2021-09-27,3.3,28.2,71.1
33.74.08,Gajahmungkur,2021-10-04,2.1,28.5,62.0
33.74.08,Gajahmungkur,2021-10-11,3.5,29.5,62.4
33.74.08,Gajahmungkur,2021-10-18,47.0,27.4,79.7
33.74.08,Gajahmungkur,2021-10-25,67.4,27.2,82.1
33.74.08,Gajahmungkur,2021-11-01,32.0,26.9,82.9
33.74.08,Gajahmungkur,2021-11-08,75.4,26.3,87.1
33.74.08,Gajahmungkur,2021-11-15,37.2,26.3,85.9
33.74.08,Gajahmungkur,2021-11-22,95.0,26.1,87.3
33.74.08,Gajahmungkur,2021-11-29,44.0,26.5,83.4
33.74.08,Gajahmungkur,2021-12-06,50.9,26.2,86.7
33.74.08,Gajahmungkur,2021-12-13,58.3,26.5,87.4
33.74.08,Gajahmungkur,2021-12-20,63.3,26.2,86.7
33.74.08,Gajahmungkur,2021-12-27,101.0,26.0,86.9
33.74.08,Gajahmungkur,2022-01-03,35.3,26.3,82.6
33.74.08,Gajahmungkur,2022-01-10,55.9,25.8,85.4
33.74.08,Gajahmungkur,2022-01-17,100.6,25.6,86.7
33.74.08,Gajahmungkur,2022-01-24,25.7,26.3,84.3
33.74.08,Gajahmungkur,2022-01-31,75.4,26.2,84.3
33.74.08,Gajahmungkur,2022-02-07,76.4,26.1,83.9
33.74.08,Gajahmungkur,2022-02-14,57.2,25.9,85.9
33.74.08,Gajahmungkur,2022-02-21,35.6,26.3,83.7
33.74.08,Gajahmungkur,2022-02-28,56.9,26.3,85.3
33.74.08,Gajahmungkur,2022-03-07,90.7,25.8,89.4
33.74.08,Gajahmungkur,2022-03-14,72.6,26.3,87.7
33.74.08,Gajahmungkur,2022-03-21,17.0,26.8,83.1
33.74.08,Gajahmungkur,2022-03-28,33.2,26.9,82.9
33.74.08,Gajahmungkur,2022-04-04,31.4,26.3,83.9
33.74.08,Gajahmungkur,2022-04-11,14.9,27.6,76.3
33.74.08,Gajahmungkur,2022-04-18,33.9,26.8,82.9
33.74.08,Gajahmungkur,2022-04-25,31.0,26.7,84.0
33.74.08,Gajahmungkur,2022-05-02,21.4,27.5,79.0
33.74.08,Gajahmungkur,2022-05-09,61.7,26.9,86.7
33.74.08,Gajahmungkur,2022-05-16,55.3,26.6,84.7
33.74.08,Gajahmungkur,2022-05-23,27.3,26.7,80.4
33.74.08,Gajahmungkur,2022-05-30,22.5,26.9,81.0
33.74.08,Gajahmungkur,2022-06-06,61.3,26.4,82.6
33.74.08,Gajahmungkur,2022-06-13,65.7,25.9,84.7
33.74.08,Gajahmungkur,2022-06-20,18.3,26.6,77.1
33.74.08,Gajahmungkur,2022-06-27,18.6,27.0,71.9
33.74.08,Gajahmungkur,2022-07-04,22.7,27.0,72.7
33.74.08,Gajahmungkur,2022-07-11,40.9,26.8,77.4
33.74.08,Gajahmungkur,2022-07-18,6.9,27.5,72.3
33.74.08,Gajahmungkur,2022-07-25,0.0,27.6,63.7
33.74.08,Gajahmungkur,2022-08-01,6.1,27.6,70.0
33.74.08,Gajahmungkur,2022-08-08,25.7,27.9,70.4
33.74.08,Gajahmungkur,2022-08-15,7.4,27.8,68.0
33.74.08,Gajahmungkur,2022-08-22,2.6,28.3,62.7
33.74.08,Gajahmungkur,2022-08-29,5.6,28.4,65.6
33.74.08,Gajahmungkur,2022-09-05,47.5,26.9,78.1
33.74.08,Gajahmungkur,2022-09-12,3.0,28.1,69.4
33.74.08,Gajahmungkur,2022-09-19,10.6,28.3,68.1
33.74.08,Gajahmungkur,2022-09-26,20.0,28.5,66.7
33.74.08,Gajahmungkur,2022-10-03,73.0,26.2,85.3
33.74.08,Gajahmungkur,2022-10-10,37.3,26.6,83.1
33.74.08,Gajahmungkur,2022-10-17,40.3,26.4,85.0
33.74.08,Gajahmungkur,2022-10-24,43.7,26.1,81.3
33.74.08,Gajahmungkur,2022-10-31,143.4,26.6,81.6
33.74.08,Gajahmungkur,2022-11-07,78.4,26.1,86.7
33.74.08,Gajahmungkur,2022-11-14,53.7,26.5,84.3
33.74.08,Gajahmungkur,2022-11-21,64.7,26.0,85.7
33.74.08,Gajahmungkur,2022-11-28,32.6,26.1,85.9
33.74.08,Gajahmungkur,2022-12-05,28.0,26.8,81.9
33.74.08,Gajahmungkur,2022-12-12,45.7,26.5,84.0
33.74.08,Gajahmungkur,2022-12-19,59.2,26.2,83.7
33.74.08,Gajahmungkur,2022-12-26,73.6,25.2,85.4
33.74.08,Gajahmungkur,2023-01-02,53.8,25.8,85.6
33.74.08,Gajahmungkur,2023-01-09,24.5,26.2,85.4
33.74.08,Gajahmungkur,2023-01-16,40.9,26.0,85.4
33.74.08,Gajahmungkur,2023-01-23,74.8,25.7,86.7
33.74.08,Gajahmungkur,2023-01-30,44.1,26.1,84.7
33.74.08,Gajahmungkur,2023-02-06,45.0,25.9,84.7
33.74.08,Gajahmungkur,2023-02-13,128.5,25.6,88.3
33.74.08,Gajahmungkur,2023-02-20,54.4,25.8,84.3
33.74.08,Gajahmungkur,2023-02-27,201.3,25.2,87.6
33.74.08,Gajahmungkur,2023-03-06,22.3,26.2,85.6
33.74.08,Gajahmungkur,2023-03-13,34.5,26.3,84.0
33.74.08,Gajahmungkur,2023-03-20,48.4,26.8,83.9
33.74.08,Gajahmungkur,2023-03-27,56.9,26.1,85.4
33.74.08,Gajahmungkur,2023-04-03,18.6,26.4,82.4
33.74.08,Gajahmungkur,2023-04-10,69.5,26.2,87.0
33.74.08,Gajahmungkur,2023-04-17,35.4,27.3,80.7
33.74.08,Gajahmungkur,2023-04-24,28.6,27.3,81.9
33.74.08,Gajahmungkur,2023-05-01,44.1,27.2,83.7
33.74.08,Gajahmungkur,2023-05-08,20.2,27.6,78.9
33.74.08,Gajahmungkur,2023-05-15,0.9,27.4,70.6
33.74.08,Gajahmungkur,2023-05-22,0.9,28.0,68.0
33.74.08,Gajahmungkur,2023-05-29,0.9,28.7,66.3
33.74.08,Gajahmungkur,2023-06-05,24.8,28.0,72.4
33.74.08,Gajahmungkur,2023-06-12,11.9,28.1,72.1
33.74.08,Gajahmungkur,2023-06-19,6.6,27.9,70.9
33.74.08,Gajahmungkur,2023-06-26,5.5,28.3,66.4
33.74.08,Gajahmungkur,2023-07-03,11.8,27.8,72.0
33.74.08,Gajahmungkur,2023-07-10,3.8,28.2,65.4
33.74.08,Gajahmungkur,2023-07-17,0.3,28.4,56.0
33.74.08,Gajahmungkur,2023-07-24,0.4,28.0,60.1
33.74.08,Gajahmungkur,2023-07-31,0.3,28.7,60.4
33.74.08,Gajahmungkur,2023-08-07,0.6,27.7,63.0
33.74.08,Gajahmungkur,2023-08-14,0.5,28.3,58.9
33.74.08,Gajahmungkur,2023-08-21,0.4,28.6,59.7
33.74.08,Gajahmungkur,2023-08-28,0.3,27.9,59.1
33.74.08,Gajahmungkur,2023-09-04,0.0,28.2,56.1
33.74.08,Gajahmungkur,2023-09-11,10.4,29.2,58.7
33.74.08,Gajahmungkur,2023-09-18,1.2,28.7,57.7
33.74.08,Gajahmungkur,2023-09-25,2.1,29.4,56.4
33.74.08,Gajahmungkur,2023-10-02,2.9,29.6,60.4
33.74.08,Gajahmungkur,2023-10-09,5.2,29.7,62.4
33.74.08,Gajahmungkur,2023-10-16,2.2,30.1,61.1
33.74.08,Gajahmungkur,2023-10-23,14.1,29.3,66.4
33.74.08,Gajahmungkur,2023-10-30,26.1,28.7,74.3
33.74.08,Gajahmungkur,2023-11-06,18.7,28.4,75.3
33.74.08,Gajahmungkur,2023-11-13,15.8,28.5,77.4
33.74.08,Gajahmungkur,2023-11-20,34.0,28.3,77.9
33.74.08,Gajahmungkur,2023-11-27,42.2,27.1,83.1
33.74.08,Gajahmungkur,2023-12-04,32.9,27.0,86.4
33.74.08,Gajahmungkur,2023-12-11,3.2,28.3,72.6
33.74.08,Gajahmungkur,2023-12-18,10.5,29.1,64.7
33.74.08,Gajahmungkur,2023-12-25,39.5,27.7,82.4
33.74.08,Gajahmungkur,2024-01-01,109.7,26.9,86.7
33.74.08,Gajahmungkur,2024-01-08,34.3,27.2,84.3
33.74.08,Gajahmungkur,2024-01-15,39.7,26.8,86.3
33.74.08,Gajahmungkur,2024-01-22,55.5,26.5,86.3
33.74.08,Gajahmungkur,2024-01-29,89.0,26.5,86.9
33.74.08,Gajahmungkur,2024-02-05,73.8,26.5,86.0
33.74.08,Gajahmungkur,2024-02-12,52.4,27.1,86.1
33.74.08,Gajahmungkur,2024-02-19,37.0,27.4,84.3
33.74.08,Gajahmungkur,2024-02-26,47.2,27.3,83.9
33.74.08,Gajahmungkur,2024-03-04,90.6,27.1,86.1
33.74.08,Gajahmungkur,2024-03-11,63.7,26.4,85.9
33.74.08,Gajahmungkur,2024-03-18,14.9,27.3,81.1
33.74.08,Gajahmungkur,2024-03-25,31.3,28.0,81.3
33.74.08,Gajahmungkur,2024-04-01,29.1,27.7,84.6
33.74.08,Gajahmungkur,2024-04-08,41.3,27.7,83.1
33.74.08,Gajahmungkur,2024-04-15,55.3,27.7,83.7
33.74.08,Gajahmungkur,2024-04-22,67.2,27.8,82.6
33.74.08,Gajahmungkur,2024-04-29,6.1,29.3,71.3
33.74.08,Gajahmungkur,2024-05-06,6.6,29.7,64.0
33.74.08,Gajahmungkur,2024-05-13,2.0,30.5,61.6
33.74.08,Gajahmungkur,2024-05-20,13.7,29.2,70.0
33.74.08,Gajahmungkur,2024-05-27,20.5,29.5,69.7
33.74.08,Gajahmungkur,2024-06-03,4.5,28.4,73.1
33.74.08,Gajahmungkur,2024-06-10,29.8,27.8,77.7
33.74.08,Gajahmungkur,2024-06-17,3.1,28.5,63.0
33.74.08,Gajahmungkur,2024-06-24,14.4,28.7,71.1
33.74.08,Gajahmungkur,2024-07-01,33.3,27.6,76.1
33.74.08,Gajahmungkur,2024-07-08,0.4,27.7,63.6
33.74.08,Gajahmungkur,2024-07-15,0.5,28.2,59.4
33.74.08,Gajahmungkur,2024-07-22,0.5,28.5,61.9
33.74.08,Gajahmungkur,2024-07-29,13.1,28.3,67.0
33.74.08,Gajahmungkur,2024-08-05,2.5,28.1,66.6
33.74.08,Gajahmungkur,2024-08-12,0.0,28.0,58.1
33.74.08,Gajahmungkur,2024-08-19,0.0,28.6,61.3
33.74.08,Gajahmungkur,2024-08-26,0.2,29.4,56.4
33.74.08,Gajahmungkur,2024-09-02,17.8,29.3,62.4
33.74.08,Gajahmungkur,2024-09-09,37.2,28.1,69.4
33.74.08,Gajahmungkur,2024-09-16,0.4,28.3,59.0
33.74.08,Gajahmungkur,2024-09-23,23.0,28.1,74.9
33.74.08,Gajahmungkur,2024-09-30,9.0,29.5,66.7
33.74.08,Gajahmungkur,2024-10-07,28.7,30.0,63.0
33.74.08,Gajahmungkur,2024-10-14,11.1,28.4,67.0
33.74.08,Gajahmungkur,2024-10-21,5.9,29.3,65.0
33.74.08,Gajahmungkur,2024-10-28,53.2,28.4,74.3
33.74.08,Gajahmungkur,2024-11-04,48.7,27.9,77.0
33.74.08,Gajahmungkur,2024-11-11,70.6,28.2,77.9
33.74.08,Gajahmungkur,2024-11-18,73.8,27.3,84.4
33.74.08,Gajahmungkur,2024-11-25,55.8,27.5,85.9
33.74.08,Gajahmungkur,2024-12-02,80.5,26.7,88.0
33.74.08,Gajahmungkur,2024-12-09,73.1,26.9,86.4
33.74.08,Gajahmungkur,2024-12-16,74.7,27.0,84.9
33.74.08,Gajahmungkur,2024-12-23,59.1,26.6,87.6
33.74.08,Gajahmungkur,2024-12-30,34.0,26.2,86.0
33.74.08,Gajahmungkur,2025-01-06,57.0,26.6,84.7
33.74.08,Gajahmungkur,2025-01-13,54.5,26.6,85.7
33.74.08,Gajahmungkur,2025-01-20,68.4,26.2,87.9
33.74.08,Gajahmungkur,2025-01-27,83.1,25.7,86.0
33.74.08,Gajahmungkur,2025-02-03,24.4,26.6,81.7
33.74.08,Gajahmungkur,2025-02-10,21.9,26.7,82.4
33.74.08,Gajahmungkur,2025-02-17,41.2,26.4,84.6
33.74.08,Gajahmungkur,2025-02-24,78.3,26.2,87.6
33.74.08,Gajahmungkur,2025-03-03,57.7,26.8,85.0
33.74.08,Gajahmungkur,2025-03-10,37.5,26.8,84.7
33.74.08,Gajahmungkur,2025-03-17,18.3,27.1,80.0
33.74.08,Gajahmungkur,2025-03-24,20.0,27.5,80.9
33.74.08,Gajahmungkur,2025-03-31,41.7,27.0,82.1
33.74.08,Gajahmungkur,2025-04-07,35.2,27.6,79.9
33.74.08,Gajahmungkur,2025-04-14,35.5,27.1,83.4
33.74.08,Gajahmungkur,2025-04-21,24.8,27.4,80.0
33.74.08,Gajahmungkur,2025-04-28,33.7,28.4,69.9
33.74.08,Gajahmungkur,2025-05-05,31.7,28.0,78.1
33.74.08,Gajahmungkur,2025-05-12,73.0,26.6,86.4
33.74.08,Gajahmungkur,2025-05-19,83.7,26.6,86.0
33.74.08,Gajahmungkur,2025-05-26,23.2,27.4,81.6
33.74.08,Gajahmungkur,2025-06-02,6.8,28.5,70.9
33.74.08,Gajahmungkur,2025-06-09,24.0,27.5,76.7
33.74.08,Gajahmungkur,2025-06-16,42.4,27.1,77.3
33.74.08,Gajahmungkur,2025-06-23,13.7,28.3,67.0
33.74.08,Gajahmungkur,2025-06-30,20.5,27.7,72.3
33.74.08,Gajahmungkur,2025-07-07,3.7,28.0,62.9
33.74.08,Gajahmungkur,2025-07-14,6.4,28.1,64.9
33.74.08,Gajahmungkur,2025-07-21,2.6,28.6,62.1
33.74.08,Gajahmungkur,2025-07-28,15.7,29.2,62.3
33.74.08,Gajahmungkur,2025-08-04,30.0,27.6,75.6
33.74.08,Gajahmungkur,2025-08-11,37.1,27.4,70.3
33.74.08,Gajahmungkur,2025-08-18,52.6,27.3,74.3
33.74.08,Gajahmungkur,2025-08-25,10.4,28.2,65.3
33.74.08,Gajahmungkur,2025-09-01,1.3,29.3,58.3
33.74.08,Gajahmungkur,2025-09-08,37.2,27.7,74.6
33.74.08,Gajahmungkur,2025-09-15,52.0,27.6,73.1
33.74.08,Gajahmungkur,2025-09-22,15.3,29.1,67.0
33.74.08,Gajahmungkur,2025-09-29,32.0,27.9,73.0
33.74.08,Gajahmungkur,2025-10-06,3.6,29.5,62.6
33.74.08,Gajahmungkur,2025-10-13,36.0,29.7,67.6
33.74.08,Gajahmungkur,2025-10-20,150.9,26.8,85.4
33.74.08,Gajahmungkur,2025-10-27,59.8,26.9,84.6
33.74.08,Gajahmungkur,2025-11-03,39.2,27.1,82.9
33.74.08,Gajahmungkur,2025-11-10,66.9,26.6,86.0
33.74.08,Gajahmungkur,2025-11-17,47.2,27.0,82.7
33.74.08,Gajahmungkur,2025-11-24,8.1,28.6,68.4
33.74.08,Gajahmungkur,2025-12-01,25.8,27.3,80.0
33.74.08,Gajahmungkur,2025-12-08,47.5,26.5,86.1
33.74.08,Gajahmungkur,2025-12-15,35.2,27.2,80.4
33.74.08,Gajahmungkur,2025-12-22,47.3,27.1,84.6
33.74.08,Gajahmungkur,2025-12-29,20.8,26.7,82.7
33.74.09,Genuk,2020-12-28,22.7,25.6,90.3
33.74.09,Genuk,2021-01-04,80.8,25.8,89.1
33.74.09,Genuk,2021-01-11,33.6,25.9,88.0
33.74.09,Genuk,2021-01-18,71.6,25.6,87.9
33.74.09,Genuk,2021-01-25,71.4,25.2,89.6
33.74.09,Genuk,2021-02-01,50.4,25.8,86.1
33.74.09,Genuk,2021-02-08,72.9,25.8,88.9
33.74.09,Genuk,2021-02-15,157.4,25.3,89.0
33.74.09,Genuk,2021-02-22,41.8,25.9,87.0
33.74.09,Genuk,2021-03-01,43.4,26.3,85.6
33.74.09,Genuk,2021-03-08,21.4,25.9,84.9
33.74.09,Genuk,2021-03-15,33.2,26.5,86.6
33.74.09,Genuk,2021-03-22,44.4,26.5,88.0
33.74.09,Genuk,2021-03-29,21.1,26.9,84.9
33.74.09,Genuk,2021-04-05,36.7,27.0,84.0
33.74.09,Genuk,2021-04-12,33.4,26.7,85.0
33.74.09,Genuk,2021-04-19,6.3,27.1,76.3
33.74.09,Genuk,2021-04-26,24.1,27.5,79.3
33.74.09,Genuk,2021-05-03,25.3,27.5,79.4
33.74.09,Genuk,2021-05-10,3.4,28.5,72.0
33.74.09,Genuk,2021-05-17,18.9,27.8,78.1
33.74.09,Genuk,2021-05-24,85.1,27.3,82.0
33.74.09,Genuk,2021-05-31,7.5,27.9,79.0
33.74.09,Genuk,2021-06-07,19.3,27.5,80.0
33.74.09,Genuk,2021-06-14,69.7,26.1,85.9
33.74.09,Genuk,2021-06-21,41.1,26.4,84.7
33.74.09,Genuk,2021-06-28,20.8,27.0,77.3
33.74.09,Genuk,2021-07-05,6.3,27.6,67.0
33.74.09,Genuk,2021-07-12,0.4,28.4,61.0
33.74.09,Genuk,2021-07-19,0.9,28.9,63.3
33.74.09,Genuk,2021-07-26,3.4,28.2,60.4
33.74.09,Genuk,2021-08-02,15.1,28.9,64.9
33.74.09,Genuk,2021-08-09,30.9,28.8,61.9
33.74.09,Genuk,2021-08-16,17.3,28.4,66.6
33.74.09,Genuk,2021-08-23,1.6,29.0,56.9
33.74.09,Genuk,2021-08-30,4.6,29.4,57.0
33.74.09,Genuk,2021-09-06,27.2,28.9,64.6
33.74.09,Genuk,2021-09-13,23.4,28.4,69.4
33.74.09,Genuk,2021-09-20,39.2,28.1,72.4
33.74.09,Genuk,2021-09-27,3.9,28.2,71.6
33.74.09,Genuk,2021-10-04,1.9,28.7,63.1
33.74.09,Genuk,2021-10-11,10.3,29.6,63.0
33.74.09,Genuk,2021-10-18,67.1,27.6,79.6
33.74.09,Genuk,2021-10-25,57.2,27.3,82.3
33.74.09,Genuk,2021-11-01,62.1,26.9,84.0
33.74.09,Genuk,2021-11-08,105.7,26.1,88.4
33.74.09,Genuk,2021-11-15,46.3,26.3,87.0
33.74.09,Genuk,2021-11-22,99.5,26.0,87.6
33.74.09,Genuk,2021-11-29,49.1,26.4,84.0
33.74.09,Genuk,2021-12-06,34.9,26.3,86.3
33.74.09,Genuk,2021-12-13,65.6,26.7,87.0
33.74.09,Genuk,2021-12-20,53.3,26.1,87.4
33.74.09,Genuk,2021-12-27,72.9,26.0,86.9
33.74.09,Genuk,2022-01-03,26.4,26.4,82.1
33.74.09,Genuk,2022-01-10,56.7,25.9,85.3
33.74.09,Genuk,2022-01-17,94.1,25.7,86.7
33.74.09,Genuk,2022-01-24,18.3,26.5,83.9
33.74.09,Genuk,2022-01-31,88.5,26.3,84.9
33.74.09,Genuk,2022-02-07,76.2,26.3,84.1
33.74.09,Genuk,2022-02-14,68.9,25.9,87.4
33.74.09,Genuk,2022-02-21,29.5,26.3,83.4
33.74.09,Genuk,2022-02-28,28.4,26.4,84.4
33.74.09,Genuk,2022-03-07,77.7,25.8,89.1
33.74.09,Genuk,2022-03-14,76.3,26.2,88.9
33.74.09,Genuk,2022-03-21,17.4,26.8,83.6
33.74.09,Genuk,2022-03-28,45.8,26.8,83.0
33.74.09,Genuk,2022-04-04,32.4,26.5,83.6
33.74.09,Genuk,2022-04-11,13.1,27.5,78.3
33.74.09,Genuk,2022-04-18,41.8,26.7,84.7
33.74.09,Genuk,2022-04-25,47.7,26.8,85.0
33.74.09,Genuk,2022-05-02,24.3,27.6,79.3
33.74.09,Genuk,2022-05-09,48.7,26.9,87.0
33.74.09,Genuk,2022-05-16,63.2,26.4,86.0
33.74.09,Genuk,2022-05-23,23.0,26.5,83.0
33.74.09,Genuk,2022-05-30,23.3,26.9,82.0
33.74.09,Genuk,2022-06-06,66.9,26.2,85.0
33.74.09,Genuk,2022-06-13,67.2,25.6,87.6
33.74.09,Genuk,2022-06-20,20.6,26.6,78.3
33.74.09,Genuk,2022-06-27,9.4,27.2,71.0
33.74.09,Genuk,2022-07-04,10.3,27.1,72.7
33.74.09,Genuk,2022-07-11,42.5,26.8,78.9
33.74.09,Genuk,2022-07-18,5.7,27.9,69.4
33.74.09,Genuk,2022-07-25,0.0,27.9,63.0
33.74.09,Genuk,2022-08-01,7.5,27.9,67.9
33.74.09,Genuk,2022-08-08,28.9,28.2,69.1
33.74.09,Genuk,2022-08-15,6.7,28.0,67.1
33.74.09,Genuk,2022-08-22,2.5,28.7,59.9
33.74.09,Genuk,2022-08-29,3.2,28.5,65.6
33.74.09,Genuk,2022-09-05,50.5,26.9,79.4
33.74.09,Genuk,2022-09-12,8.5,28.2,69.1
33.74.09,Genuk,2022-09-19,17.5,28.5,67.4
33.74.09,Genuk,2022-09-26,25.5,28.5,67.4
33.74.09,Genuk,2022-10-03,70.8,26.3,84.7
33.74.09,Genuk,2022-10-10,31.1,26.7,81.6
33.74.09,Genuk,2022-10-17,52.7,26.5,85.3
33.74.09,Genuk,2022-10-24,40.0,26.1,80.7
33.74.09,Genuk,2022-10-31,146.5,26.7,82.1
33.74.09,Genuk,2022-11-07,74.0,26.1,87.9
33.74.09,Genuk,2022-11-14,74.1,26.5,85.3
33.74.09,Genuk,2022-11-21,68.9,26.0,86.3
33.74.09,Genuk,2022-11-28,46.6,26.1,86.3
33.74.09,Genuk,2022-12-05,36.3,26.7,82.7
33.74.09,Genuk,2022-12-12,51.9,26.4,85.0
33.74.09,Genuk,2022-12-19,48.4,26.3,84.3
33.74.09,Genuk,2022-12-26,66.9,25.4,85.3
33.74.09,Genuk,2023-01-02,36.3,25.8,85.4
33.74.09,Genuk,2023-01-09,17.7,26.4,84.0
33.74.09,Genuk,2023-01-16,26.7,26.1,84.9
33.74.09,Genuk,2023-01-23,69.9,25.8,87.1
33.74.09,Genuk,2023-01-30,31.9,26.2,84.4
33.74.09,Genuk,2023-02-06,44.0,26.0,84.7
33.74.09,Genuk,2023-02-13,94.1,25.5,88.4
33.74.09,Genuk,2023-02-20,52.3,26.1,83.6
33.74.09,Genuk,2023-02-27,166.4,25.2,88.3
33.74.09,Genuk,2023-03-06,29.7,26.2,85.3
33.74.09,Genuk,2023-03-13,53.5,26.3,85.0
33.74.09,Genuk,2023-03-20,49.6,26.7,84.6
33.74.09,Genuk,2023-03-27,49.0,26.1,85.9
33.74.09,Genuk,2023-04-03,6.1,26.5,82.7
33.74.09,Genuk,2023-04-10,45.9,26.3,86.4
33.74.09,Genuk,2023-04-17,45.1,27.3,81.9
33.74.09,Genuk,2023-04-24,48.2,27.2,83.4
33.74.09,Genuk,2023-05-01,62.1,27.2,84.9
33.74.09,Genuk,2023-05-08,16.8,27.5,79.3
33.74.09,Genuk,2023-05-15,0.5,27.7,68.1
33.74.09,Genuk,2023-05-22,1.3,28.4,66.0
33.74.09,Genuk,2023-05-29,1.3,29.2,63.7
33.74.09,Genuk,2023-06-05,26.2,28.2,71.1
33.74.09,Genuk,2023-06-12,17.6,28.1,72.6
33.74.09,Genuk,2023-06-19,5.7,28.0,71.0
33.74.09,Genuk,2023-06-26,3.2,28.7,64.3
33.74.09,Genuk,2023-07-03,18.3,28.0,71.1
33.74.09,Genuk,2023-07-10,2.3,28.4,62.9
33.74.09,Genuk,2023-07-17,2.4,28.5,54.6
33.74.09,Genuk,2023-07-24,1.1,27.9,59.7
33.74.09,Genuk,2023-07-31,0.1,28.8,58.9
33.74.09,Genuk,2023-08-07,0.7,27.7,63.1
33.74.09,Genuk,2023-08-14,0.3,28.3,57.9
33.74.09,Genuk,2023-08-21,0.9,28.7,59.6
33.74.09,Genuk,2023-08-28,0.0,28.0,58.0
33.74.09,Genuk,2023-09-04,0.0,28.3,55.0
33.74.09,Genuk,2023-09-11,5.2,29.3,57.1
33.74.09,Genuk,2023-09-18,0.9,28.8,56.9
33.74.09,Genuk,2023-09-25,1.6,29.6,54.6
33.74.09,Genuk,2023-10-02,5.0,29.7,60.6
33.74.09,Genuk,2023-10-09,4.7,29.8,63.0
33.74.09,Genuk,2023-10-16,4.4,30.2,62.3
33.74.09,Genuk,2023-10-23,13.0,29.5,66.0
33.74.09,Genuk,2023-10-30,38.7,28.8,74.1
33.74.09,Genuk,2023-11-06,18.3,28.6,74.9
33.74.09,Genuk,2023-11-13,13.0,28.7,75.3
33.74.09,Genuk,2023-11-20,36.7,28.3,77.1
33.74.09,Genuk,2023-11-27,68.7,27.0,83.4
33.74.09,Genuk,2023-12-04,46.8,26.9,86.9
33.74.09,Genuk,2023-12-11,2.9,28.3,73.1
33.74.09,Genuk,2023-12-18,13.5,29.0,66.9
33.74.09,Genuk,2023-12-25,64.0,27.6,83.9
33.74.09,Genuk,2024-01-01,112.4,26.7,88.7
33.74.09,Genuk,2024-01-08,41.3,27.1,86.0
33.74.09,Genuk,2024-01-15,39.5,26.5,87.3
33.74.09,Genuk,2024-01-22,42.8,26.3,88.0
33.74.09,Genuk,2024-01-29,64.0,26.5,87.9
33.74.09,Genuk,2024-02-05,74.2,26.4,86.9
33.74.09,Genuk,2024-02-12,38.9,27.2,86.0
33.74.09,Genuk,2024-02-19,70.6,27.5,84.7
33.74.09,Genuk,2024-02-26,31.8,27.5,83.0
33.74.09,Genuk,2024-03-04,75.1,27.2,86.1
33.74.09,Genuk,2024-03-11,59.5,26.5,86.0
33.74.09,Genuk,2024-03-18,17.8,27.5,81.0
33.74.09,Genuk,2024-03-25,40.5,28.0,81.0
33.74.09,Genuk,2024-04-01,50.2,27.8,83.9
33.74.09,Genuk,2024-04-08,35.0,27.8,82.9
33.74.09,Genuk,2024-04-15,61.6,27.6,84.9
33.74.09,Genuk,2024-04-22,64.3,27.7,83.9
33.74.09,Genuk,2024-04-29,2.6,29.7,67.6
33.74.09,Genuk,2024-05-06,8.1,29.8,64.0
33.74.09,Genuk,2024-05-13,1.4,30.8,59.1
33.74.09,Genuk,2024-05-20,20.7,29.3,69.1
33.74.09,Genuk,2024-05-27,16.9,29.6,68.7
33.74.09,Genuk,2024-06-03,5.0,28.6,71.6
33.74.09,Genuk,2024-06-10,53.6,27.8,78.7
33.74.09,Genuk,2024-06-17,2.1,28.3,64.6
33.74.09,Genuk,2024-06-24,9.3,28.7,71.6
33.74.09,Genuk,2024-07-01,38.9,27.7,76.1
33.74.09,Genuk,2024-07-08,0.6,27.6,64.0
33.74.09,Genuk,2024-07-15,1.2,28.2,59.0
33.74.09,Genuk,2024-07-22,0.0,28.7,60.0
33.74.09,Genuk,2024-07-29,20.6,28.5,65.1
33.74.09,Genuk,2024-08-05,0.0,28.4,63.1
33.74.09,Genuk,2024-08-12,0.0,28.4,54.1
33.74.09,Genuk,2024-08-19,0.1,28.9,58.9
33.74.09,Genuk,2024-08-26,0.0,29.9,52.0
33.74.09,Genuk,2024-09-02,9.8,29.7,59.3
33.74.09,Genuk,2024-09-09,41.0,28.1,68.4
33.74.09,Genuk,2024-09-16,0.5,28.2,60.1
33.74.09,Genuk,2024-09-23,50.0,27.9,77.6
33.74.09,Genuk,2024-09-30,4.9,29.3,67.4
33.74.09,Genuk,2024-10-07,28.3,29.9,64.6
33.74.09,Genuk,2024-10-14,17.2,28.3,67.0
33.74.09,Genuk,2024-10-21,4.5,29.4,64.9
33.74.09,Genuk,2024-10-28,55.9,28.5,73.9
33.74.09,Genuk,2024-11-04,46.1,27.8,78.9
33.74.09,Genuk,2024-11-11,68.5,28.0,79.6
33.74.09,Genuk,2024-11-18,107.7,27.2,85.0
33.74.09,Genuk,2024-11-25,32.3,27.8,81.7
33.74.09,Genuk,2024-12-02,67.0,27.0,85.1
33.74.09,Genuk,2024-12-09,39.3,27.1,85.1
33.74.09,Genuk,2024-12-16,50.6,27.2,83.3
33.74.09,Genuk,2024-12-23,26.6,26.9,85.0
33.74.09,Genuk,2024-12-30,25.0,26.5,84.7
33.74.09,Genuk,2025-01-06,47.1,26.9,82.0
33.74.09,Genuk,2025-01-13,24.2,27.1,82.3
33.74.09,Genuk,2025-01-20,72.8,26.4,86.7
33.74.09,Genuk,2025-01-27,75.2,25.9,85.6
33.74.09,Genuk,2025-02-03,22.7,26.9,80.6
33.74.09,Genuk,2025-02-10,17.5,27.1,80.3
33.74.09,Genuk,2025-02-17,36.2,26.9,81.0
33.74.09,Genuk,2025-02-24,70.1,26.4,87.0
33.74.09,Genuk,2025-03-03,68.7,26.9,84.6
33.74.09,Genuk,2025-03-10,57.9,26.7,85.9
33.74.09,Genuk,2025-03-17,23.6,27.1,80.6
33.74.09,Genuk,2025-03-24,46.6,27.7,80.3
33.74.09,Genuk,2025-03-31,21.0,27.3,80.9
33.74.09,Genuk,2025-04-07,51.1,27.8,79.4
33.74.09,Genuk,2025-04-14,46.1,27.2,83.3
33.74.09,Genuk,2025-04-21,34.1,27.8,76.6
33.74.09,Genuk,2025-04-28,30.6,28.4,70.1
33.74.09,Genuk,2025-05-05,34.2,27.8,80.0
33.74.09,Genuk,2025-05-12,73.9,26.6,87.1
33.74.09,Genuk,2025-05-19,108.4,26.4,87.0
33.74.09,Genuk,2025-05-26,25.8,27.2,82.7
33.74.09,Genuk,2025-06-02,11.3,28.1,74.3
33.74.09,Genuk,2025-06-09,29.8,27.2,78.0
33.74.09,Genuk,2025-06-16,34.2,26.8,79.0
33.74.09,Genuk,2025-06-23,11.3,28.0,69.6
33.74.09,Genuk,2025-06-30,21.3,27.7,72.7
33.74.09,Genuk,2025-07-07,7.4,27.7,63.7
33.74.09,Genuk,2025-07-14,10.5,27.9,66.1
33.74.09,Genuk,2025-07-21,2.2,28.0,65.4
33.74.09,Genuk,2025-07-28,6.6,28.9,63.9
33.74.09,Genuk,2025-08-04,35.1,27.6,75.3
33.74.09,Genuk,2025-08-11,42.8,27.3,70.3
33.74.09,Genuk,2025-08-18,51.8,27.0,77.3
33.74.09,Genuk,2025-08-25,7.5,28.3,63.3
33.74.09,Genuk,2025-09-01,3.0,29.3,58.0
33.74.09,Genuk,2025-09-08,39.5,27.8,73.3
33.74.09,Genuk,2025-09-15,52.7,27.6,73.7
33.74.09,Genuk,2025-09-22,24.1,28.9,67.7
33.74.09,Genuk,2025-09-29,46.6,27.8,73.0
33.74.09,Genuk,2025-10-06,3.1,29.6,62.1
33.74.09,Genuk,2025-10-13,32.3,29.7,67.7
33.74.09,Genuk,2025-10-20,167.8,26.9,85.0
33.74.09,Genuk,2025-10-27,74.4,27.0,84.3
33.74.09,Genuk,2025-11-03,58.3,27.0,83.6
33.74.09,Genuk,2025-11-10,77.6,26.5,86.0
33.74.09,Genuk,2025-11-17,76.8,27.0,83.3
33.74.09,Genuk,2025-11-24,19.9,27.8,76.6
33.74.09,Genuk,2025-12-01,41.1,27.0,82.1
33.74.09,Genuk,2025-12-08,44.5,26.6,85.4
33.74.09,Genuk,2025-12-15,31.3,27.0,82.1
33.74.09,Genuk,2025-12-22,36.6,27.0,84.1
33.74.09,Genuk,2025-12-29,20.0,26.9,82.3
33.74.10,Pedurungan,2020-12-28,22.7,25.8,90.3
33.74.10,Pedurungan,2021-01-04,80.8,26.0,89.1
33.74.10,Pedurungan,2021-01-11,33.6,26.1,88.0
33.74.10,Pedurungan,2021-01-18,71.6,25.8,87.9
33.74.10,Pedurungan,2021-01-25,71.4,25.4,89.6
33.74.10,Pedurungan,2021-02-01,50.4,26.0,86.1
33.74.10,Pedurungan,2021-02-08,72.9,26.0,88.9
33.74.10,Pedurungan,2021-02-15,157.4,25.4,89.0
33.74.10,Pedurungan,2021-02-22,41.8,26.0,87.0
33.74.10,Pedurungan,2021-03-01,43.4,26.4,85.7
33.74.10,Pedurungan,2021-03-08,21.4,26.1,84.9
33.74.10,Pedurungan,2021-03-15,33.2,26.7,86.6
33.74.10,Pedurungan,2021-03-22,44.4,26.7,88.0
33.74.10,Pedurungan,2021-03-29,21.1,27.0,84.9
33.74.10,Pedurungan,2021-04-05,36.7,27.2,84.0
33.74.10,Pedurungan,2021-04-12,33.4,26.9,85.1
33.74.10,Pedurungan,2021-04-19,6.3,27.3,76.3
33.74.10,Pedurungan,2021-04-26,24.1,27.7,79.3
33.74.10,Pedurungan,2021-05-03,25.3,27.7,79.6
33.74.10,Pedurungan,2021-05-10,3.4,28.7,72.0
33.74.10,Pedurungan,2021-05-17,18.9,28.0,78.1
33.74.10,Pedurungan,2021-05-24,85.1,27.5,82.0
33.74.10,Pedurungan,2021-05-31,7.5,28.1,79.0
33.74.10,Pedurungan,2021-06-07,19.3,27.7,80.0
33.74.10,Pedurungan,2021-06-14,69.7,26.3,85.9
33.74.10,Pedurungan,2021-06-21,41.1,26.6,84.9
33.74.10,Pedurungan,2021-06-28,20.8,27.2,77.3
33.74.10,Pedurungan,2021-07-05,6.3,27.8,67.0
33.74.10,Pedurungan,2021-07-12,0.4,28.6,61.1
33.74.10,Pedurungan,2021-07-19,0.9,29.1,63.3
33.74.10,Pedurungan,2021-07-26,3.4,28.3,60.4
33.74.10,Pedurungan,2021-08-02,15.1,29.0,64.9
33.74.10,Pedurungan,2021-08-09,30.9,29.0,62.0
33.74.10,Pedurungan,2021-08-16,17.3,28.6,66.6
33.74.10,Pedurungan,2021-08-23,1.6,29.1,56.9
33.74.10,Pedurungan,2021-08-30,4.6,29.5,57.0
33.74.10,Pedurungan,2021-09-06,27.2,29.0,64.7
33.74.10,Pedurungan,2021-09-13,23.4,28.5,69.4
33.74.10,Pedurungan,2021-09-20,39.2,28.2,72.4
33.74.10,Pedurungan,2021-09-27,3.9,28.4,71.6
33.74.10,Pedurungan,2021-10-04,1.9,28.8,63.1
33.74.10,Pedurungan,2021-10-11,10.3,29.8,63.0
33.74.10,Pedurungan,2021-10-18,67.1,27.8,79.6
33.74.10,Pedurungan,2021-10-25,57.2,27.4,82.3
33.74.10,Pedurungan,2021-11-01,62.1,27.0,84.0
33.74.10,Pedurungan,2021-11-08,105.7,26.3,88.4
33.74.10,Pedurungan,2021-11-15,46.3,26.4,87.0
33.74.10,Pedurungan,2021-11-22,99.5,26.2,87.6
33.74.10,Pedurungan,2021-11-29,49.1,26.6,84.0
33.74.10,Pedurungan,2021-12-06,34.9,26.5,86.3
33.74.10,Pedurungan,2021-12-13,65.6,26.8,87.0
33.74.10,Pedurungan,2021-12-20,53.3,26.3,87.4
33.74.10,Pedurungan,2021-12-27,72.9,26.1,86.9
33.74.10,Pedurungan,2022-01-03,26.4,26.6,82.1
33.74.10,Pedurungan,2022-01-10,56.7,26.1,85.3
33.74.10,Pedurungan,2022-01-17,94.1,25.8,86.7
33.74.10,Pedurungan,2022-01-24,18.3,26.6,83.9
33.74.10,Pedurungan,2022-01-31,88.5,26.5,84.9
33.74.10,Pedurungan,2022-02-07,76.2,26.5,84.1
33.74.10,Pedurungan,2022-02-14,68.9,26.0,87.4
33.74.10,Pedurungan,2022-02-21,29.5,26.5,83.4
33.74.10,Pedurungan,2022-02-28,28.4,26.6,84.4
33.74.10,Pedurungan,2022-03-07,77.7,26.0,89.1
33.74.10,Pedurungan,2022-03-14,76.3,26.3,89.0
33.74.10,Pedurungan,2022-03-21,17.4,26.9,83.6
33.74.10,Pedurungan,2022-03-28,45.8,27.0,83.0
33.74.10,Pedurungan,2022-04-04,32.4,26.6,83.6
33.74.10,Pedurungan,2022-04-11,13.1,27.6,78.3
33.74.10,Pedurungan,2022-04-18,41.8,26.9,84.7
33.74.10,Pedurungan,2022-04-25,47.7,26.9,85.0
33.74.10,Pedurungan,2022-05-02,24.3,27.8,79.3
33.74.10,Pedurungan,2022-05-09,48.7,27.0,87.0
33.74.10,Pedurungan,2022-05-16,63.2,26.6,86.0
33.74.10,Pedurungan,2022-05-23,23.0,26.7,83.0
33.74.10,Pedurungan,2022-05-30,23.3,27.0,82.0
33.74.10,Pedurungan,2022-06-06,66.9,26.4,85.0
33.74.10,Pedurungan,2022-06-13,67.2,25.8,87.6
33.74.10,Pedurungan,2022-06-20,20.6,26.8,78.4
33.74.10,Pedurungan,2022-06-27,9.4,27.3,71.0
33.74.10,Pedurungan,2022-07-04,10.3,27.2,72.7
33.74.10,Pedurungan,2022-07-11,42.5,27.0,78.9
33.74.10,Pedurungan,2022-07-18,5.7,28.0,69.4
33.74.10,Pedurungan,2022-07-25,0.0,28.1,63.0
33.74.10,Pedurungan,2022-08-01,7.5,28.1,67.9
33.74.10,Pedurungan,2022-08-08,28.9,28.4,69.1
33.74.10,Pedurungan,2022-08-15,6.7,28.1,67.1
33.74.10,Pedurungan,2022-08-22,2.5,28.8,59.9
33.74.10,Pedurungan,2022-08-29,3.2,28.6,65.6
33.74.10,Pedurungan,2022-09-05,50.5,27.0,79.4
33.74.10,Pedurungan,2022-09-12,8.5,28.3,69.1
33.74.10,Pedurungan,2022-09-19,17.5,28.6,67.4
33.74.10,Pedurungan,2022-09-26,25.5,28.6,67.4
33.74.10,Pedurungan,2022-10-03,70.8,26.4,84.7
33.74.10,Pedurungan,2022-10-10,31.1,26.9,81.6
33.74.10,Pedurungan,2022-10-17,52.7,26.7,85.3
33.74.10,Pedurungan,2022-10-24,40.0,26.3,80.9
33.74.10,Pedurungan,2022-10-31,146.5,26.8,82.1
33.74.10,Pedurungan,2022-11-07,74.0,26.2,87.9
33.74.10,Pedurungan,2022-11-14,74.1,26.6,85.3
33.74.10,Pedurungan,2022-11-21,68.9,26.2,86.3
33.74.10,Pedurungan,2022-11-28,46.6,26.3,86.3
33.74.10,Pedurungan,2022-12-05,36.3,26.8,82.7
33.74.10,Pedurungan,2022-12-12,51.9,26.6,85.0
33.74.10,Pedurungan,2022-12-19,48.4,26.5,84.3
33.74.10,Pedurungan,2022-12-26,66.9,25.5,85.3
33.74.10,Pedurungan,2023-01-02,36.3,26.0,85.4
33.74.10,Pedurungan,2023-01-09,17.7,26.6,84.0
33.74.10,Pedurungan,2023-01-16,26.7,26.3,85.0
33.74.10,Pedurungan,2023-01-23,69.9,26.0,87.1
33.74.10,Pedurungan,2023-01-30,31.9,26.3,84.4
33.74.10,Pedurungan,2023-02-06,44.0,26.2,84.7
33.74.10,Pedurungan,2023-02-13,94.1,25.7,88.4
33.74.10,Pedurungan,2023-02-20,52.3,26.2,83.6
33.74.10,Pedurungan,2023-02-27,166.4,25.3,88.3
33.74.10,Pedurungan,2023-03-06,29.7,26.4,85.3
33.74.10,Pedurungan,2023-03-13,53.5,26.4,85.0
33.74.10,Pedurungan,2023-03-20,49.6,26.9,84.6
33.74.10,Pedurungan,2023-03-27,49.0,26.2,86.0
33.74.10,Pedurungan,2023-04-03,6.1,26.6,82.7
33.74.10,Pedurungan,2023-04-10,45.9,26.5,86.4
33.74.10,Pedurungan,2023-04-17,45.1,27.5,81.9
33.74.10,Pedurungan,2023-04-24,48.2,27.4,83.4
33.74.10,Pedurungan,2023-05-01,62.1,27.3,84.9
33.74.10,Pedurungan,2023-05-08,16.8,27.7,79.3
33.74.10,Pedurungan,2023-05-15,0.5,27.9,68.3
33.74.10,Pedurungan,2023-05-22,1.3,28.6,66.0
33.74.10,Pedurungan,2023-05-29,1.3,29.3,63.7
33.74.10,Pedurungan,2023-06-05,26.2,28.4,71.3
33.74.10,Pedurungan,2023-06-12,17.6,28.3,72.6
33.74.10,Pedurungan,2023-06-19,5.7,28.2,71.0
33.74.10,Pedurungan,2023-06-26,3.2,28.8,64.3
33.74.10,Pedurungan,2023-07-03,18.3,28.1,71.3
33.74.10,Pedurungan,2023-07-10,2.3,28.6,62.9
33.74.10,Pedurungan,2023-07-17,2.4,28.7,54.6
33.74.10,Pedurungan,2023-07-24,1.1,28.1,59.7
33.74.10,Pedurungan,2023-07-31,0.1,29.0,58.9
33.74.10,Pedurungan,2023-08-07,0.7,27.9,63.1
33.74.10,Pedurungan,2023-08-14,0.3,28.4,57.9
33.74.10,Pedurungan,2023-08-21,0.9,28.8,59.6
33.74.10,Pedurungan,2023-08-28,0.0,28.2,58.1
33.74.10,Pedurungan,2023-09-04,0.0,28.5,55.1
33.74.10,Pedurungan,2023-09-11,5.2,29.4,57.4
33.74.10,Pedurungan,2023-09-18,0.9,29.0,56.9
33.74.10,Pedurungan,2023-09-25,1.6,29.8,54.7
33.74.10,Pedurungan,2023-10-02,5.0,29.9,60.6
33.74.10,Pedurungan,2023-10-09,4.7,29.9,63.0
33.74.10,Pedurungan,2023-10-16,4.4,30.3,62.4
33.74.10,Pedurungan,2023-10-23,13.0,29.6,66.0
33.74.10,Pedurungan,2023-10-30,38.7,29.0,74.1
33.74.10,Pedurungan,2023-11-06,18.3,28.7,75.0
33.74.10,Pedurungan,2023-11-13,13.0,28.8,75.3
33.74.10,Pedurungan,2023-11-20,36.7,28.5,77.1
33.74.10,Pedurungan,2023-11-27,68.7,27.1,83.4
33.74.10,Pedurungan,2023-12-04,46.8,27.1,87.0
33.74.10,Pedurungan,2023-12-11,2.9,28.5,73.1
33.74.10,Pedurungan,2023-12-18,13.5,29.1,67.0
33.74.10,Pedurungan,2023-12-25,64.0,27.8,83.9
33.74.10,Pedurungan,2024-01-01,112.4,26.9,88.7
33.74.10,Pedurungan,2024-01-08,41.3,27.2,86.0
33.74.10,Pedurungan,2024-01-15,39.5,26.7,87.3
33.74.10,Pedurungan,2024-01-22,42.8,26.4,88.0
33.74.10,Pedurungan,2024-01-29,64.0,26.6,87.9
33.74.10,Pedurungan,2024-02-05,74.2,26.6,86.9
33.74.10,Pedurungan,2024-02-12,38.9,27.3,86.0
33.74.10,Pedurungan,2024-02-19,70.6,27.7,84.7
33.74.10,Pedurungan,2024-02-26,31.8,27.7,83.0
33.74.10,Pedurungan,2024-03-04,75.1,27.4,86.1
33.74.10,Pedurungan,2024-03-11,59.5,26.6,86.0
33.74.10,Pedurungan,2024-03-18,17.8,27.6,81.0
33.74.10,Pedurungan,2024-03-25,40.5,28.2,81.0
33.74.10,Pedurungan,2024-04-01,50.2,27.9,83.9
33.74.10,Pedurungan,2024-04-08,35.0,28.0,82.9
33.74.10,Pedurungan,2024-04-15,61.6,27.7,84.9
33.74.10,Pedurungan,2024-04-22,64.3,27.9,83.9
33.74.10,Pedurungan,2024-04-29,2.6,29.9,67.6
33.74.10,Pedurungan,2024-05-06,8.1,29.9,64.0
33.74.10,Pedurungan,2024-05-13,1.4,30.9,59.1
33.74.10,Pedurungan,2024-05-20,20.7,29.4,69.3
33.74.10,Pedurungan,2024-05-27,16.9,29.7,68.7
33.74.10,Pedurungan,2024-06-03,5.0,28.8,71.6
33.74.10,Pedurungan,2024-06-10,53.6,28.0,78.7
33.74.10,Pedurungan,2024-06-17,2.1,28.4,64.7
33.74.10,Pedurungan,2024-06-24,9.3,28.9,71.6
33.74.10,Pedurungan,2024-07-01,38.9,27.8,76.1
33.74.10,Pedurungan,2024-07-08,0.6,27.8,64.0
33.74.10,Pedurungan,2024-07-15,1.2,28.3,59.0
33.74.10,Pedurungan,2024-07-22,0.0,28.9,60.0
33.74.10,Pedurungan,2024-07-29,20.6,28.7,65.1
33.74.10,Pedurungan,2024-08-05,0.0,28.5,63.1
33.74.10,Pedurungan,2024-08-12,0.0,28.6,54.1
33.74.10,Pedurungan,2024-08-19,0.1,29.0,58.9
33.74.10,Pedurungan,2024-08-26,0.0,30.0,52.0
33.74.10,Pedurungan,2024-09-02,9.8,29.8,59.3
33.74.10,Pedurungan,2024-09-09,41.0,28.2,68.4
33.74.10,Pedurungan,2024-09-16,0.5,28.3,60.1
33.74.10,Pedurungan,2024-09-23,50.0,28.0,77.6
33.74.10,Pedurungan,2024-09-30,4.9,29.5,67.4
33.74.10,Pedurungan,2024-10-07,28.3,30.1,64.7
33.74.10,Pedurungan,2024-10-14,17.2,28.4,67.0
33.74.10,Pedurungan,2024-10-21,4.5,29.5,64.9
33.74.10,Pedurungan,2024-10-28,55.9,28.6,73.9
33.74.10,Pedurungan,2024-11-04,46.1,27.9,78.9
33.74.10,Pedurungan,2024-11-11,68.5,28.1,79.6
33.74.10,Pedurungan,2024-11-18,107.7,27.4,85.1
33.74.10,Pedurungan,2024-11-25,32.3,28.0,81.7
33.74.10,Pedurungan,2024-12-02,67.0,27.1,85.1
33.74.10,Pedurungan,2024-12-09,39.3,27.2,85.1
33.74.10,Pedurungan,2024-12-16,50.6,27.3,83.3
33.74.10,Pedurungan,2024-12-23,26.6,27.1,85.0
33.74.10,Pedurungan,2024-12-30,25.0,26.6,84.7
33.74.10,Pedurungan,2025-01-06,47.1,27.1,82.0
33.74.10,Pedurungan,2025-01-13,24.2,27.2,82.3
33.74.10,Pedurungan,2025-01-20,72.8,26.6,86.7
33.74.10,Pedurungan,2025-01-27,75.2,26.0,85.7
33.74.10,Pedurungan,2025-02-03,22.7,27.1,80.6
33.74.10,Pedurungan,2025-02-10,17.5,27.3,80.6
33.74.10,Pedurungan,2025-02-17,36.2,27.1,81.0
33.74.10,Pedurungan,2025-02-24,70.1,26.6,87.0
33.74.10,Pedurungan,2025-03-03,68.7,27.0,84.6
33.74.10,Pedurungan,2025-03-10,57.9,26.9,85.9
33.74.10,Pedurungan,2025-03-17,23.6,27.3,80.7
33.74.10,Pedurungan,2025-03-24,46.6,27.9,80.3
33.74.10,Pedurungan,2025-03-31,21.0,27.4,80.9
33.74.10,Pedurungan,2025-04-07,51.1,28.0,79.6
33.74.10,Pedurungan,2025-04-14,46.1,27.4,83.4
33.74.10,Pedurungan,2025-04-21,34.1,28.0,76.6
33.74.10,Pedurungan,2025-04-28,30.6,28.6,70.3
33.74.10,Pedurungan,2025-05-05,34.2,28.0,80.0
33.74.10,Pedurungan,2025-05-12,73.9,26.7,87.1
33.74.10,Pedurungan,2025-05-19,108.4,26.6,87.0
33.74.10,Pedurungan,2025-05-26,25.8,27.3,82.7
33.74.10,Pedurungan,2025-06-02,11.3,28.2,74.3
33.74.10,Pedurungan,2025-06-09,29.8,27.4,78.0
33.74.10,Pedurungan,2025-06-16,34.2,27.0,79.0
33.74.10,Pedurungan,2025-06-23,11.3,28.2,69.6
33.74.10,Pedurungan,2025-06-30,21.3,27.8,72.7
33.74.10,Pedurungan,2025-07-07,7.4,27.8,63.7
33.74.10,Pedurungan,2025-07-14,10.5,28.0,66.1
33.74.10,Pedurungan,2025-07-21,2.2,28.2,65.4
33.74.10,Pedurungan,2025-07-28,6.6,29.0,63.9
33.74.10,Pedurungan,2025-08-04,35.1,27.7,75.3
33.74.10,Pedurungan,2025-08-11,42.8,27.4,70.3
33.74.10,Pedurungan,2025-08-18,51.8,27.2,77.3
33.74.10,Pedurungan,2025-08-25,7.5,28.4,63.3
33.74.10,Pedurungan,2025-09-01,3.0,29.4,58.0
33.74.10,Pedurungan,2025-09-08,39.5,28.0,73.3
33.74.10,Pedurungan,2025-09-15,52.7,27.7,73.7
33.74.10,Pedurungan,2025-09-22,24.1,29.0,67.7
33.74.10,Pedurungan,2025-09-29,46.6,28.0,73.0
33.74.10,Pedurungan,2025-10-06,3.1,29.8,62.1
33.74.10,Pedurungan,2025-10-13,32.3,29.9,67.9
33.74.10,Pedurungan,2025-10-20,167.8,27.1,85.0
33.74.10,Pedurungan,2025-10-27,74.4,27.1,84.3
33.74.10,Pedurungan,2025-11-03,58.3,27.1,83.6
33.74.10,Pedurungan,2025-11-10,77.6,26.7,86.0
33.74.10,Pedurungan,2025-11-17,76.8,27.1,83.3
33.74.10,Pedurungan,2025-11-24,19.9,27.9,76.6
33.74.10,Pedurungan,2025-12-01,41.1,27.2,82.1
33.74.10,Pedurungan,2025-12-08,44.5,26.7,85.4
33.74.10,Pedurungan,2025-12-15,31.3,27.1,82.1
33.74.10,Pedurungan,2025-12-22,36.6,27.2,84.1
33.74.10,Pedurungan,2025-12-29,20.0,27.1,82.3
33.74.11,Tembalang,2020-12-28,71.0,24.7,93.0
33.74.11,Tembalang,2021-01-04,127.4,25.0,90.0
33.74.11,Tembalang,2021-01-11,101.8,25.0,89.9
33.74.11,Tembalang,2021-01-18,93.6,24.6,89.1
33.74.11,Tembalang,2021-01-25,86.7,24.3,89.9
33.74.11,Tembalang,2021-02-01,51.9,24.8,86.4
33.74.11,Tembalang,2021-02-08,122.5,24.8,90.6
33.74.11,Tembalang,2021-02-15,156.7,24.5,89.1
33.74.11,Tembalang,2021-02-22,55.4,24.9,88.3
33.74.11,Tembalang,2021-03-01,76.0,25.2,87.1
33.74.11,Tembalang,2021-03-08,90.7,24.8,86.9
33.74.11,Tembalang,2021-03-15,45.4,25.5,88.4
33.74.11,Tembalang,2021-03-22,60.3,25.5,89.6
33.74.11,Tembalang,2021-03-29,51.7,26.0,85.1
33.74.11,Tembalang,2021-04-05,51.3,26.0,85.6
33.74.11,Tembalang,2021-04-12,43.1,25.8,86.0
33.74.11,Tembalang,2021-04-19,7.4,25.9,78.1
33.74.11,Tembalang,2021-04-26,30.3,26.5,80.4
33.74.11,Tembalang,2021-05-03,26.6,26.6,79.7
33.74.11,Tembalang,2021-05-10,3.3,27.9,69.6
33.74.11,Tembalang,2021-05-17,22.3,26.9,78.0
33.74.11,Tembalang,2021-05-24,116.3,26.5,82.0
33.74.11,Tembalang,2021-05-31,15.1,26.8,80.7
33.74.11,Tembalang,2021-06-07,20.6,26.6,78.9
33.74.11,Tembalang,2021-06-14,64.0,25.3,85.0
33.74.11,Tembalang,2021-06-21,43.3,25.5,84.1
33.74.11,Tembalang,2021-06-28,17.6,26.3,76.6
33.74.11,Tembalang,2021-07-05,6.1,27.0,65.6
33.74.11,Tembalang,2021-07-12,2.0,27.7,60.1
33.74.11,Tembalang,2021-07-19,1.9,28.2,62.4
33.74.11,Tembalang,2021-07-26,5.2,27.6,59.7
33.74.11,Tembalang,2021-08-02,14.7,27.9,66.6
33.74.11,Tembalang,2021-08-09,38.5,27.7,65.1
33.74.11,Tembalang,2021-08-16,25.8,27.3,68.9
33.74.11,Tembalang,2021-08-23,2.8,28.0,58.7
33.74.11,Tembalang,2021-08-30,5.3,28.3,59.3
33.74.11,Tembalang,2021-09-06,18.9,27.9,65.9
33.74.11,Tembalang,2021-09-13,15.5,27.5,70.3
33.74.11,Tembalang,2021-09-20,42.0,27.3,70.9
33.74.11,Tembalang,2021-09-27,5.4,27.3,71.9
33.74.11,Tembalang,2021-10-04,17.3,27.7,63.1
33.74.11,Tembalang,2021-10-11,10.0,28.9,61.6
33.74.11,Tembalang,2021-10-18,45.5,27.0,79.4
33.74.11,Tembalang,2021-10-25,73.0,26.5,82.0
33.74.11,Tembalang,2021-11-01,67.7,26.1,84.4
33.74.11,Tembalang,2021-11-08,132.1,25.5,89.0
33.74.11,Tembalang,2021-11-15,59.1,25.4,87.6
33.74.11,Tembalang,2021-11-22,132.9,25.1,90.0
33.74.11,Tembalang,2021-11-29,79.0,25.4,86.9
33.74.11,Tembalang,2021-12-06,74.6,25.3,89.0
33.74.11,Tembalang,2021-12-13,89.2,25.8,88.7
33.74.11,Tembalang,2021-12-20,74.8,25.2,89.1
33.74.11,Tembalang,2021-12-27,142.1,25.0,89.3
33.74.11,Tembalang,2022-01-03,92.7,25.3,83.7
33.74.11,Tembalang,2022-01-10,57.3,24.8,86.9
33.74.11,Tembalang,2022-01-17,95.2,24.7,88.4
33.74.11,Tembalang,2022-01-24,36.5,25.4,86.0
33.74.11,Tembalang,2022-01-31,106.6,25.3,86.4
33.74.11,Tembalang,2022-02-07,87.0,25.2,85.6
33.74.11,Tembalang,2022-02-14,69.7,25.1,87.0
33.74.11,Tembalang,2022-02-21,66.7,25.2,85.9
33.74.11,Tembalang,2022-02-28,107.6,25.3,87.7
33.74.11,Tembalang,2022-03-07,152.2,25.0,90.6
33.74.11,Tembalang,2022-03-14,135.0,25.4,88.6
33.74.11,Tembalang,2022-03-21,40.0,25.8,85.4
33.74.11,Tembalang,2022-03-28,70.5,25.9,84.4
33.74.11,Tembalang,2022-04-04,79.9,25.5,85.1
33.74.11,Tembalang,2022-04-11,17.7,26.6,78.0
33.74.11,Tembalang,2022-04-18,64.8,25.9,85.3
33.74.11,Tembalang,2022-04-25,72.8,25.7,86.0
33.74.11,Tembalang,2022-05-02,35.3,26.6,80.4
33.74.11,Tembalang,2022-05-09,80.9,26.0,88.6
33.74.11,Tembalang,2022-05-16,53.5,25.7,85.4
33.74.11,Tembalang,2022-05-23,20.0,25.8,82.0
33.74.11,Tembalang,2022-05-30,43.0,25.9,81.9
33.74.11,Tembalang,2022-06-06,49.6,25.4,84.1
33.74.11,Tembalang,2022-06-13,49.6,25.0,85.3
33.74.11,Tembalang,2022-06-20,24.8,25.8,78.4
33.74.11,Tembalang,2022-06-27,19.1,26.2,73.0
33.74.11,Tembalang,2022-07-04,18.2,26.1,73.9
33.74.11,Tembalang,2022-07-11,37.5,25.9,78.9
33.74.11,Tembalang,2022-07-18,4.6,26.7,72.6
33.74.11,Tembalang,2022-07-25,0.1,26.9,63.7
33.74.11,Tembalang,2022-08-01,9.5,27.2,68.3
33.74.11,Tembalang,2022-08-08,41.7,27.2,71.1
33.74.11,Tembalang,2022-08-15,9.7,26.8,70.0
33.74.11,Tembalang,2022-08-22,9.7,27.5,63.0
33.74.11,Tembalang,2022-08-29,7.6,27.7,65.6
33.74.11,Tembalang,2022-09-05,55.9,26.1,79.3
33.74.11,Tembalang,2022-09-12,5.4,27.4,68.9
33.74.11,Tembalang,2022-09-19,14.6,27.7,66.9
33.74.11,Tembalang,2022-09-26,33.2,27.7,68.1
33.74.11,Tembalang,2022-10-03,114.8,25.3,85.6
33.74.11,Tembalang,2022-10-10,54.0,25.6,83.3
33.74.11,Tembalang,2022-10-17,109.2,25.5,86.6
33.74.11,Tembalang,2022-10-24,103.8,25.1,83.3
33.74.11,Tembalang,2022-10-31,143.0,25.8,83.1
33.74.11,Tembalang,2022-11-07,105.1,25.2,88.3
33.74.11,Tembalang,2022-11-14,111.4,25.4,86.4
33.74.11,Tembalang,2022-11-21,122.7,25.1,87.6
33.74.11,Tembalang,2022-11-28,112.1,25.2,87.4
33.74.11,Tembalang,2022-12-05,50.0,25.9,82.7
33.74.11,Tembalang,2022-12-12,83.2,25.7,84.6
33.74.11,Tembalang,2022-12-19,126.1,25.1,86.4
33.74.11,Tembalang,2022-12-26,61.1,24.3,88.0
33.74.11,Tembalang,2023-01-02,88.7,24.9,86.7
33.74.11,Tembalang,2023-01-09,53.4,25.4,86.0
33.74.11,Tembalang,2023-01-16,72.7,25.0,88.0
33.74.11,Tembalang,2023-01-23,102.6,24.7,89.1
33.74.11,Tembalang,2023-01-30,52.1,25.1,86.3
33.74.11,Tembalang,2023-02-06,79.4,25.0,86.6
33.74.11,Tembalang,2023-02-13,184.4,24.6,90.3
33.74.11,Tembalang,2023-02-20,73.6,24.9,86.0
33.74.11,Tembalang,2023-02-27,142.2,24.3,89.4
33.74.11,Tembalang,2023-03-06,54.1,25.4,86.3
33.74.11,Tembalang,2023-03-13,61.1,25.4,85.3
33.74.11,Tembalang,2023-03-20,79.6,25.9,84.6
33.74.11,Tembalang,2023-03-27,105.2,25.1,87.4
33.74.11,Tembalang,2023-04-03,40.0,25.5,83.3
33.74.11,Tembalang,2023-04-10,125.9,25.3,88.6
33.74.11,Tembalang,2023-04-17,50.1,26.4,82.6
33.74.11,Tembalang,2023-04-24,51.6,26.3,83.4
33.74.11,Tembalang,2023-05-01,44.8,26.3,84.6
33.74.11,Tembalang,2023-05-08,27.9,26.6,80.1
33.74.11,Tembalang,2023-05-15,1.8,26.6,70.6
33.74.11,Tembalang,2023-05-22,1.7,27.1,68.9
33.74.11,Tembalang,2023-05-29,2.9,27.9,66.7
33.74.11,Tembalang,2023-06-05,39.2,27.1,74.6
33.74.11,Tembalang,2023-06-12,9.3,27.4,71.7
33.74.11,Tembalang,2023-06-19,9.3,27.2,70.6
33.74.11,Tembalang,2023-06-26,15.7,27.4,68.3
33.74.11,Tembalang,2023-07-03,32.4,26.6,76.1
33.74.11,Tembalang,2023-07-10,3.9,27.2,67.0
33.74.11,Tembalang,2023-07-17,0.3,27.2,59.0
33.74.11,Tembalang,2023-07-24,1.2,26.7,63.3
33.74.11,Tembalang,2023-07-31,1.2,27.8,61.9
33.74.11,Tembalang,2023-08-07,0.7,26.7,64.4
33.74.11,Tembalang,2023-08-14,2.1,27.3,59.9
33.74.11,Tembalang,2023-08-21,1.4,27.8,61.6
33.74.11,Tembalang,2023-08-28,0.6,27.1,58.4
33.74.11,Tembalang,2023-09-04,0.0,27.5,56.6
33.74.11,Tembalang,2023-09-11,6.5,28.6,58.7
33.74.11,Tembalang,2023-09-18,1.5,28.1,56.7
33.74.11,Tembalang,2023-09-25,3.6,28.8,55.7
33.74.11,Tembalang,2023-10-02,2.3,29.0,60.4
33.74.11,Tembalang,2023-10-09,3.2,29.1,61.6
33.74.11,Tembalang,2023-10-16,2.9,29.5,60.7
33.74.11,Tembalang,2023-10-23,16.1,28.9,64.0
33.74.11,Tembalang,2023-10-30,29.3,28.1,73.9
33.74.11,Tembalang,2023-11-06,17.0,27.8,75.4
33.74.11,Tembalang,2023-11-13,27.8,27.9,76.7
33.74.11,Tembalang,2023-11-20,37.9,27.7,77.7
33.74.11,Tembalang,2023-11-27,91.7,26.2,84.4
33.74.11,Tembalang,2023-12-04,69.3,26.2,87.4
33.74.11,Tembalang,2023-12-11,14.9,27.4,74.3
33.74.11,Tembalang,2023-12-18,8.9,28.1,67.4
33.74.11,Tembalang,2023-12-25,64.4,26.9,83.9
33.74.11,Tembalang,2024-01-01,109.9,26.1,88.9
33.74.11,Tembalang,2024-01-08,62.7,26.3,85.9
33.74.11,Tembalang,2024-01-15,99.5,25.9,88.4
33.74.11,Tembalang,2024-01-22,85.0,25.6,88.9
33.74.11,Tembalang,2024-01-29,132.7,25.6,89.1
33.74.11,Tembalang,2024-02-05,113.3,25.5,88.4
33.74.11,Tembalang,2024-02-12,78.2,26.3,87.4
33.74.11,Tembalang,2024-02-19,80.5,26.6,85.7
33.74.11,Tembalang,2024-02-26,81.2,26.3,86.7
33.74.11,Tembalang,2024-03-04,111.6,26.2,88.9
33.74.11,Tembalang,2024-03-11,64.4,25.6,87.4
33.74.11,Tembalang,2024-03-18,25.7,26.5,82.7
33.74.11,Tembalang,2024-03-25,78.5,27.1,83.3
33.74.11,Tembalang,2024-04-01,66.8,26.8,86.6
33.74.11,Tembalang,2024-04-08,63.0,26.7,85.7
33.74.11,Tembalang,2024-04-15,81.6,26.7,85.7
33.74.11,Tembalang,2024-04-22,97.5,26.9,85.1
33.74.11,Tembalang,2024-04-29,4.6,28.0,75.0
33.74.11,Tembalang,2024-05-06,6.3,28.1,70.1
33.74.11,Tembalang,2024-05-13,3.1,28.8,68.3
33.74.11,Tembalang,2024-05-20,27.7,27.8,75.3
33.74.11,Tembalang,2024-05-27,14.6,28.3,74.0
33.74.11,Tembalang,2024-06-03,6.1,27.5,74.7
33.74.11,Tembalang,2024-06-10,45.8,26.9,79.9
33.74.11,Tembalang,2024-06-17,1.1,27.3,65.6
33.74.11,Tembalang,2024-06-24,19.0,27.7,74.4
33.74.11,Tembalang,2024-07-01,34.5,26.6,78.1
33.74.11,Tembalang,2024-07-08,0.4,26.6,66.1
33.74.11,Tembalang,2024-07-15,1.3,27.1,61.9
33.74.11,Tembalang,2024-07-22,0.6,27.6,63.3
33.74.11,Tembalang,2024-07-29,13.0,27.5,68.7
33.74.11,Tembalang,2024-08-05,3.2,27.3,67.3
33.74.11,Tembalang,2024-08-12,0.0,27.2,58.3
33.74.11,Tembalang,2024-08-19,0.0,28.1,61.1
33.74.11,Tembalang,2024-08-26,0.2,28.9,55.9
33.74.11,Tembalang,2024-09-02,16.7,28.8,61.3
33.74.11,Tembalang,2024-09-09,31.4,27.1,71.1
33.74.11,Tembalang,2024-09-16,2.8,27.3,61.1
33.74.11,Tembalang,2024-09-23,49.9,27.1,77.6
33.74.11,Tembalang,2024-09-30,7.6,28.6,68.3
33.74.11,Tembalang,2024-10-07,14.0,29.2,63.7
33.74.11,Tembalang,2024-10-14,9.5,27.8,66.6
33.74.11,Tembalang,2024-10-21,8.4,28.1,68.3
33.74.11,Tembalang,2024-10-28,59.4,27.6,75.0
33.74.11,Tembalang,2024-11-04,43.5,27.0,78.4
33.74.11,Tembalang,2024-11-11,48.0,27.3,79.1
33.74.11,Tembalang,2024-11-18,65.9,26.6,84.4
33.74.11,Tembalang,2024-11-25,113.2,26.8,84.6
33.74.11,Tembalang,2024-12-02,110.7,25.8,89.4
33.74.11,Tembalang,2024-12-09,86.0,26.0,87.7
33.74.11,Tembalang,2024-12-16,106.9,26.0,85.9
33.74.11,Tembalang,2024-12-23,108.6,25.7,88.9
33.74.11,Tembalang,2024-12-30,85.2,25.3,87.9
33.74.11,Tembalang,2025-01-06,77.7,25.7,86.4
33.74.11,Tembalang,2025-01-13,91.4,25.6,88.0
33.74.11,Tembalang,2025-01-20,85.2,25.4,88.7
33.74.11,Tembalang,2025-01-27,68.5,24.9,87.0
33.74.11,Tembalang,2025-02-03,34.1,25.9,82.1
33.74.11,Tembalang,2025-02-10,44.6,25.9,83.7
33.74.11,Tembalang,2025-02-17,69.2,25.5,86.6
33.74.11,Tembalang,2025-02-24,111.8,25.5,88.1
33.74.11,Tembalang,2025-03-03,100.2,26.0,85.9
33.74.11,Tembalang,2025-03-10,56.8,25.8,86.6
33.74.11,Tembalang,2025-03-17,46.8,25.9,84.1
33.74.11,Tembalang,2025-03-24,54.0,26.3,83.9
33.74.11,Tembalang,2025-03-31,67.4,25.8,85.1
33.74.11,Tembalang,2025-04-07,50.0,26.5,82.4
33.74.11,Tembalang,2025-04-14,52.2,26.1,85.1
33.74.11,Tembalang,2025-04-21,50.7,26.3,82.9
33.74.11,Tembalang,2025-04-28,47.3,26.7,76.7
33.74.11,Tembalang,2025-05-05,53.2,26.6,82.3
33.74.11,Tembalang,2025-05-12,86.9,25.7,87.9
33.74.11,Tembalang,2025-05-19,81.9,25.6,87.1
33.74.11,Tembalang,2025-05-26,33.4,26.3,82.7
33.74.11,Tembalang,2025-06-02,5.6,26.9,77.3
33.74.11,Tembalang,2025-06-09,19.5,26.4,78.9
33.74.11,Tembalang,2025-06-16,41.9,25.9,80.1
33.74.11,Tembalang,2025-06-23,17.8,26.7,73.1
33.74.11,Tembalang,2025-06-30,32.7,26.6,75.3
33.74.11,Tembalang,2025-07-07,3.0,26.6,66.0
33.74.11,Tembalang,2025-07-14,9.1,26.6,69.1
33.74.11,Tembalang,2025-07-21,4.5,26.8,69.1
33.74.11,Tembalang,2025-07-28,13.8,27.6,68.4
33.74.11,Tembalang,2025-08-04,30.8,26.6,77.0
33.74.11,Tembalang,2025-08-11,32.0,26.3,71.9
33.74.11,Tembalang,2025-08-18,60.9,26.2,77.1
33.74.11,Tembalang,2025-08-25,10.6,27.0,67.1
33.74.11,Tembalang,2025-09-01,1.7,28.2,59.9
33.74.11,Tembalang,2025-09-08,24.3,26.9,73.6
33.74.11,Tembalang,2025-09-15,50.2,26.6,75.6
33.74.11,Tembalang,2025-09-22,15.7,27.9,69.9
33.74.11,Tembalang,2025-09-29,29.5,27.1,73.0
33.74.11,Tembalang,2025-10-06,1.4,28.5,63.4
33.74.11,Tembalang,2025-10-13,25.0,28.9,67.6
33.74.11,Tembalang,2025-10-20,199.9,26.0,87.1
33.74.11,Tembalang,2025-10-27,68.1,26.1,85.0
33.74.11,Tembalang,2025-11-03,61.9,26.1,84.4
33.74.11,Tembalang,2025-11-10,105.5,25.5,88.0
33.74.11,Tembalang,2025-11-17,83.8,25.9,85.6
33.74.11,Tembalang,2025-11-24,29.2,26.7,78.9
33.74.11,Tembalang,2025-12-01,60.6,26.0,84.7
33.74.11,Tembalang,2025-12-08,73.1,25.5,88.6
33.74.11,Tembalang,2025-12-15,69.5,26.0,82.7
33.74.11,Tembalang,2025-12-22,84.2,26.1,87.0
33.74.11,Tembalang,2025-12-29,32.1,25.6,85.3
33.74.12,Banyumanik,2020-12-28,71.0,24.7,93.0
33.74.12,Banyumanik,2021-01-04,127.4,25.0,90.0
33.74.12,Banyumanik,2021-01-11,101.8,25.0,89.9
33.74.12,Banyumanik,2021-01-18,93.6,24.6,89.1
33.74.12,Banyumanik,2021-01-25,86.7,24.3,89.9
33.74.12,Banyumanik,2021-02-01,51.9,24.8,86.4
33.74.12,Banyumanik,2021-02-08,122.5,24.8,90.6
33.74.12,Banyumanik,2021-02-15,156.7,24.5,89.1
33.74.12,Banyumanik,2021-02-22,55.4,24.9,88.3
33.74.12,Banyumanik,2021-03-01,76.0,25.2,87.1
33.74.12,Banyumanik,2021-03-08,90.7,24.8,86.9
33.74.12,Banyumanik,2021-03-15,45.4,25.5,88.4
33.74.12,Banyumanik,2021-03-22,60.3,25.5,89.6
33.74.12,Banyumanik,2021-03-29,51.7,26.0,85.1
33.74.12,Banyumanik,2021-04-05,51.3,26.0,85.6
33.74.12,Banyumanik,2021-04-12,43.1,25.8,86.0
33.74.12,Banyumanik,2021-04-19,7.4,25.9,78.1
33.74.12,Banyumanik,2021-04-26,30.3,26.5,80.4
33.74.12,Banyumanik,2021-05-03,26.6,26.6,79.7
33.74.12,Banyumanik,2021-05-10,3.3,27.9,69.6
33.74.12,Banyumanik,2021-05-17,22.3,26.9,78.0
33.74.12,Banyumanik,2021-05-24,116.3,26.5,82.0
33.74.12,Banyumanik,2021-05-31,15.1,26.8,80.7
33.74.12,Banyumanik,2021-06-07,20.6,26.6,78.9
33.74.12,Banyumanik,2021-06-14,64.0,25.3,85.0
33.74.12,Banyumanik,2021-06-21,43.3,25.5,84.1
33.74.12,Banyumanik,2021-06-28,17.6,26.3,76.6
33.74.12,Banyumanik,2021-07-05,6.1,27.0,65.6
33.74.12,Banyumanik,2021-07-12,2.0,27.7,60.1
33.74.12,Banyumanik,2021-07-19,1.9,28.2,62.4
33.74.12,Banyumanik,2021-07-26,5.2,27.6,59.7
33.74.12,Banyumanik,2021-08-02,14.7,27.9,66.6
33.74.12,Banyumanik,2021-08-09,38.5,27.7,65.1
33.74.12,Banyumanik,2021-08-16,25.8,27.3,68.9
33.74.12,Banyumanik,2021-08-23,2.8,28.0,58.7
33.74.12,Banyumanik,2021-08-30,5.3,28.3,59.3
33.74.12,Banyumanik,2021-09-06,18.9,27.9,65.9
33.74.12,Banyumanik,2021-09-13,15.5,27.5,70.3
33.74.12,Banyumanik,2021-09-20,42.0,27.3,70.9
33.74.12,Banyumanik,2021-09-27,5.4,27.3,71.9
33.74.12,Banyumanik,2021-10-04,17.3,27.7,63.1
33.74.12,Banyumanik,2021-10-11,10.0,28.9,61.6
33.74.12,Banyumanik,2021-10-18,45.5,27.0,79.4
33.74.12,Banyumanik,2021-10-25,73.0,26.5,82.0
33.74.12,Banyumanik,2021-11-01,67.7,26.1,84.4
33.74.12,Banyumanik,2021-11-08,132.1,25.5,89.0
33.74.12,Banyumanik,2021-11-15,59.1,25.4,87.6
33.74.12,Banyumanik,2021-11-22,132.9,25.1,90.0
33.74.12,Banyumanik,2021-11-29,79.0,25.4,86.9
33.74.12,Banyumanik,2021-12-06,74.6,25.3,89.0
33.74.12,Banyumanik,2021-12-13,89.2,25.8,88.7
33.74.12,Banyumanik,2021-12-20,74.8,25.2,89.1
33.74.12,Banyumanik,2021-12-27,142.1,25.0,89.3
33.74.12,Banyumanik,2022-01-03,92.7,25.3,83.7
33.74.12,Banyumanik,2022-01-10,57.3,24.8,86.9
33.74.12,Banyumanik,2022-01-17,95.2,24.7,88.4
33.74.12,Banyumanik,2022-01-24,36.5,25.4,86.0
33.74.12,Banyumanik,2022-01-31,106.6,25.3,86.4
33.74.12,Banyumanik,2022-02-07,87.0,25.2,85.6
33.74.12,Banyumanik,2022-02-14,69.7,25.1,87.0
33.74.12,Banyumanik,2022-02-21,66.7,25.2,85.9
33.74.12,Banyumanik,2022-02-28,107.6,25.3,87.7
33.74.12,Banyumanik,2022-03-07,152.2,25.0,90.6
33.74.12,Banyumanik,2022-03-14,135.0,25.4,88.6
33.74.12,Banyumanik,2022-03-21,40.0,25.8,85.4
33.74.12,Banyumanik,2022-03-28,70.5,25.9,84.4
33.74.12,Banyumanik,2022-04-04,79.9,25.5,85.1
33.74.12,Banyumanik,2022-04-11,17.7,26.6,78.0
33.74.12,Banyumanik,2022-04-18,64.8,25.9,85.3
33.74.12,Banyumanik,2022-04-25,72.8,25.7,86.0
33.74.12,Banyumanik,2022-05-02,35.3,26.6,80.4
33.74.12,Banyumanik,2022-05-09,80.9,26.0,88.6
33.74.12,Banyumanik,2022-05-16,53.5,25.7,85.4
33.74.12,Banyumanik,2022-05-23,20.0,25.8,82.0
33.74.12,Banyumanik,2022-05-30,43.0,25.9,81.9
33.74.12,Banyumanik,2022-06-06,49.6,25.4,84.1
33.74.12,Banyumanik,2022-06-13,49.6,25.0,85.3
33.74.12,Banyumanik,2022-06-20,24.8,25.8,78.4
33.74.12,Banyumanik,2022-06-27,19.1,26.2,73.0
33.74.12,Banyumanik,2022-07-04,18.2,26.1,73.9
33.74.12,Banyumanik,2022-07-11,37.5,25.9,78.9
33.74.12,Banyumanik,2022-07-18,4.6,26.7,72.6
33.74.12,Banyumanik,2022-07-25,0.1,26.9,63.7
33.74.12,Banyumanik,2022-08-01,9.5,27.2,68.3
33.74.12,Banyumanik,2022-08-08,41.7,27.2,71.1
33.74.12,Banyumanik,2022-08-15,9.7,26.8,70.0
33.74.12,Banyumanik,2022-08-22,9.7,27.5,63.0
33.74.12,Banyumanik,2022-08-29,7.6,27.7,65.6
33.74.12,Banyumanik,2022-09-05,55.9,26.1,79.3
33.74.12,Banyumanik,2022-09-12,5.4,27.4,68.9
33.74.12,Banyumanik,2022-09-19,14.6,27.7,66.9
33.74.12,Banyumanik,2022-09-26,33.2,27.7,68.1
33.74.12,Banyumanik,2022-10-03,114.8,25.3,85.6
33.74.12,Banyumanik,2022-10-10,54.0,25.6,83.3
33.74.12,Banyumanik,2022-10-17,109.2,25.5,86.6
33.74.12,Banyumanik,2022-10-24,103.8,25.1,83.3
33.74.12,Banyumanik,2022-10-31,143.0,25.8,83.1
33.74.12,Banyumanik,2022-11-07,105.1,25.2,88.3
33.74.12,Banyumanik,2022-11-14,111.4,25.4,86.4
33.74.12,Banyumanik,2022-11-21,122.7,25.1,87.6
33.74.12,Banyumanik,2022-11-28,112.1,25.2,87.4
33.74.12,Banyumanik,2022-12-05,50.0,25.9,82.7
33.74.12,Banyumanik,2022-12-12,83.2,25.7,84.6
33.74.12,Banyumanik,2022-12-19,126.1,25.1,86.4
33.74.12,Banyumanik,2022-12-26,61.1,24.3,88.0
33.74.12,Banyumanik,2023-01-02,88.7,24.9,86.7
33.74.12,Banyumanik,2023-01-09,53.4,25.4,86.0
33.74.12,Banyumanik,2023-01-16,72.7,25.0,88.0
33.74.12,Banyumanik,2023-01-23,102.6,24.7,89.1
33.74.12,Banyumanik,2023-01-30,52.1,25.1,86.3
33.74.12,Banyumanik,2023-02-06,79.4,25.0,86.6
33.74.12,Banyumanik,2023-02-13,184.4,24.6,90.3
33.74.12,Banyumanik,2023-02-20,73.6,24.9,86.0
33.74.12,Banyumanik,2023-02-27,142.2,24.3,89.4
33.74.12,Banyumanik,2023-03-06,54.1,25.4,86.3
33.74.12,Banyumanik,2023-03-13,61.1,25.4,85.3
33.74.12,Banyumanik,2023-03-20,79.6,25.9,84.6
33.74.12,Banyumanik,2023-03-27,105.2,25.1,87.4
33.74.12,Banyumanik,2023-04-03,40.0,25.5,83.3
33.74.12,Banyumanik,2023-04-10,125.9,25.3,88.6
33.74.12,Banyumanik,2023-04-17,50.1,26.4,82.6
33.74.12,Banyumanik,2023-04-24,51.6,26.3,83.4
33.74.12,Banyumanik,2023-05-01,44.8,26.3,84.6
33.74.12,Banyumanik,2023-05-08,27.9,26.6,80.1
33.74.12,Banyumanik,2023-05-15,1.8,26.6,70.6
33.74.12,Banyumanik,2023-05-22,1.7,27.1,68.9
33.74.12,Banyumanik,2023-05-29,2.9,27.9,66.7
33.74.12,Banyumanik,2023-06-05,39.2,27.1,74.6
33.74.12,Banyumanik,2023-06-12,9.3,27.4,71.7
33.74.12,Banyumanik,2023-06-19,9.3,27.2,70.6
33.74.12,Banyumanik,2023-06-26,15.7,27.4,68.3
33.74.12,Banyumanik,2023-07-03,32.4,26.6,76.1
33.74.12,Banyumanik,2023-07-10,3.9,27.2,67.0
33.74.12,Banyumanik,2023-07-17,0.3,27.2,59.0
33.74.12,Banyumanik,2023-07-24,1.2,26.7,63.3
33.74.12,Banyumanik,2023-07-31,1.2,27.8,61.9
33.74.12,Banyumanik,2023-08-07,0.7,26.7,64.4
33.74.12,Banyumanik,2023-08-14,2.1,27.3,59.9
33.74.12,Banyumanik,2023-08-21,1.4,27.8,61.6
33.74.12,Banyumanik,2023-08-28,0.6,27.1,58.4
33.74.12,Banyumanik,2023-09-04,0.0,27.5,56.6
33.74.12,Banyumanik,2023-09-11,6.5,28.6,58.7
33.74.12,Banyumanik,2023-09-18,1.5,28.1,56.7
33.74.12,Banyumanik,2023-09-25,3.6,28.8,55.7
33.74.12,Banyumanik,2023-10-02,2.3,29.0,60.4
33.74.12,Banyumanik,2023-10-09,3.2,29.1,61.6
33.74.12,Banyumanik,2023-10-16,2.9,29.5,60.7
33.74.12,Banyumanik,2023-10-23,16.1,28.9,64.0
33.74.12,Banyumanik,2023-10-30,29.3,28.1,73.9
33.74.12,Banyumanik,2023-11-06,17.0,27.8,75.4
33.74.12,Banyumanik,2023-11-13,27.8,27.9,76.7
33.74.12,Banyumanik,2023-11-20,37.9,27.7,77.7
33.74.12,Banyumanik,2023-11-27,91.7,26.2,84.4
33.74.12,Banyumanik,2023-12-04,69.3,26.2,87.4
33.74.12,Banyumanik,2023-12-11,14.9,27.4,74.3
33.74.12,Banyumanik,2023-12-18,8.9,28.1,67.4
33.74.12,Banyumanik,2023-12-25,64.4,26.9,83.9
33.74.12,Banyumanik,2024-01-01,109.9,26.1,88.9
33.74.12,Banyumanik,2024-01-08,62.7,26.3,85.9
33.74.12,Banyumanik,2024-01-15,99.5,25.9,88.4
33.74.12,Banyumanik,2024-01-22,85.0,25.6,88.9
33.74.12,Banyumanik,2024-01-29,132.7,25.6,89.1
33.74.12,Banyumanik,2024-02-05,113.3,25.5,88.4
33.74.12,Banyumanik,2024-02-12,78.2,26.3,87.4
33.74.12,Banyumanik,2024-02-19,80.5,26.6,85.7
33.74.12,Banyumanik,2024-02-26,81.2,26.3,86.7
33.74.12,Banyumanik,2024-03-04,111.6,26.2,88.9
33.74.12,Banyumanik,2024-03-11,64.4,25.6,87.4
33.74.12,Banyumanik,2024-03-18,25.7,26.5,82.7
33.74.12,Banyumanik,2024-03-25,78.5,27.1,83.3
33.74.12,Banyumanik,2024-04-01,66.8,26.8,86.6
33.74.12,Banyumanik,2024-04-08,63.0,26.7,85.7
33.74.12,Banyumanik,2024-04-15,81.6,26.7,85.7
33.74.12,Banyumanik,2024-04-22,97.5,26.9,85.1
33.74.12,Banyumanik,2024-04-29,4.6,28.0,75.0
33.74.12,Banyumanik,2024-05-06,6.3,28.1,70.1
33.74.12,Banyumanik,2024-05-13,3.1,28.8,68.3
33.74.12,Banyumanik,2024-05-20,27.7,27.8,75.3
33.74.12,Banyumanik,2024-05-27,14.6,28.3,74.0
33.74.12,Banyumanik,2024-06-03,6.1,27.5,74.7
33.74.12,Banyumanik,2024-06-10,45.8,26.9,79.9
33.74.12,Banyumanik,2024-06-17,1.1,27.3,65.6
33.74.12,Banyumanik,2024-06-24,19.0,27.7,74.4
33.74.12,Banyumanik,2024-07-01,34.5,26.6,78.1
33.74.12,Banyumanik,2024-07-08,0.4,26.6,66.1
33.74.12,Banyumanik,2024-07-15,1.3,27.1,61.9
33.74.12,Banyumanik,2024-07-22,0.6,27.6,63.3
33.74.12,Banyumanik,2024-07-29,13.0,27.5,68.7
33.74.12,Banyumanik,2024-08-05,3.2,27.3,67.3
33.74.12,Banyumanik,2024-08-12,0.0,27.2,58.3
33.74.12,Banyumanik,2024-08-19,0.0,28.1,61.1
33.74.12,Banyumanik,2024-08-26,0.2,28.9,55.9
33.74.12,Banyumanik,2024-09-02,16.7,28.8,61.3
33.74.12,Banyumanik,2024-09-09,31.4,27.1,71.1
33.74.12,Banyumanik,2024-09-16,2.8,27.3,61.1
33.74.12,Banyumanik,2024-09-23,49.9,27.1,77.6
33.74.12,Banyumanik,2024-09-30,7.6,28.6,68.3
33.74.12,Banyumanik,2024-10-07,14.0,29.2,63.7
33.74.12,Banyumanik,2024-10-14,9.5,27.8,66.6
33.74.12,Banyumanik,2024-10-21,8.4,28.1,68.3
33.74.12,Banyumanik,2024-10-28,59.4,27.6,75.0
33.74.12,Banyumanik,2024-11-04,43.5,27.0,78.4
33.74.12,Banyumanik,2024-11-11,48.0,27.3,79.1
33.74.12,Banyumanik,2024-11-18,65.9,26.6,84.4
33.74.12,Banyumanik,2024-11-25,113.2,26.8,84.6
33.74.12,Banyumanik,2024-12-02,110.7,25.8,89.4
33.74.12,Banyumanik,2024-12-09,86.0,26.0,87.7
33.74.12,Banyumanik,2024-12-16,106.9,26.0,85.9
33.74.12,Banyumanik,2024-12-23,108.6,25.7,88.9
33.74.12,Banyumanik,2024-12-30,85.2,25.3,87.9
33.74.12,Banyumanik,2025-01-06,77.7,25.7,86.4
33.74.12,Banyumanik,2025-01-13,91.4,25.6,88.0
33.74.12,Banyumanik,2025-01-20,85.2,25.4,88.7
33.74.12,Banyumanik,2025-01-27,68.5,24.9,87.0
33.74.12,Banyumanik,2025-02-03,34.1,25.9,82.1
33.74.12,Banyumanik,2025-02-10,44.6,25.9,83.7
33.74.12,Banyumanik,2025-02-17,69.2,25.5,86.6
33.74.12,Banyumanik,2025-02-24,111.8,25.5,88.1
33.74.12,Banyumanik,2025-03-03,100.2,26.0,85.9
33.74.12,Banyumanik,2025-03-10,56.8,25.8,86.6
33.74.12,Banyumanik,2025-03-17,46.8,25.9,84.1
33.74.12,Banyumanik,2025-03-24,54.0,26.3,83.9
33.74.12,Banyumanik,2025-03-31,67.4,25.8,85.1
33.74.12,Banyumanik,2025-04-07,50.0,26.5,82.4
33.74.12,Banyumanik,2025-04-14,52.2,26.1,85.1
33.74.12,Banyumanik,2025-04-21,50.7,26.3,82.9
33.74.12,Banyumanik,2025-04-28,47.3,26.7,76.7
33.74.12,Banyumanik,2025-05-05,53.2,26.6,82.3
33.74.12,Banyumanik,2025-05-12,86.9,25.7,87.9
33.74.12,Banyumanik,2025-05-19,81.9,25.6,87.1
33.74.12,Banyumanik,2025-05-26,33.4,26.3,82.7
33.74.12,Banyumanik,2025-06-02,5.6,26.9,77.3
33.74.12,Banyumanik,2025-06-09,19.5,26.4,78.9
33.74.12,Banyumanik,2025-06-16,41.9,25.9,80.1
33.74.12,Banyumanik,2025-06-23,17.8,26.7,73.1
33.74.12,Banyumanik,2025-06-30,32.7,26.6,75.3
33.74.12,Banyumanik,2025-07-07,3.0,26.6,66.0
33.74.12,Banyumanik,2025-07-14,9.1,26.6,69.1
33.74.12,Banyumanik,2025-07-21,4.5,26.8,69.1
33.74.12,Banyumanik,2025-07-28,13.8,27.6,68.4
33.74.12,Banyumanik,2025-08-04,30.8,26.6,77.0
33.74.12,Banyumanik,2025-08-11,32.0,26.3,71.9
33.74.12,Banyumanik,2025-08-18,60.9,26.2,77.1
33.74.12,Banyumanik,2025-08-25,10.6,27.0,67.1
33.74.12,Banyumanik,2025-09-01,1.7,28.2,59.9
33.74.12,Banyumanik,2025-09-08,24.3,26.9,73.6
33.74.12,Banyumanik,2025-09-15,50.2,26.6,75.6
33.74.12,Banyumanik,2025-09-22,15.7,27.9,69.9
33.74.12,Banyumanik,2025-09-29,29.5,27.1,73.0
33.74.12,Banyumanik,2025-10-06,1.4,28.5,63.4
33.74.12,Banyumanik,2025-10-13,25.0,28.9,67.6
33.74.12,Banyumanik,2025-10-20,199.9,26.0,87.1
33.74.12,Banyumanik,2025-10-27,68.1,26.1,85.0
33.74.12,Banyumanik,2025-11-03,61.9,26.1,84.4
33.74.12,Banyumanik,2025-11-10,105.5,25.5,88.0
33.74.12,Banyumanik,2025-11-17,83.8,25.9,85.6
33.74.12,Banyumanik,2025-11-24,29.2,26.7,78.9
33.74.12,Banyumanik,2025-12-01,60.6,26.0,84.7
33.74.12,Banyumanik,2025-12-08,73.1,25.5,88.6
33.74.12,Banyumanik,2025-12-15,69.5,26.0,82.7
33.74.12,Banyumanik,2025-12-22,84.2,26.1,87.0
33.74.12,Banyumanik,2025-12-29,32.1,25.6,85.3
33.74.13,Gunungpati,2020-12-28,76.3,24.0,90.7
33.74.13,Gunungpati,2021-01-04,184.0,24.1,89.6
33.74.13,Gunungpati,2021-01-11,104.8,24.2,87.7
33.74.13,Gunungpati,2021-01-18,97.8,23.6,91.4
33.74.13,Gunungpati,2021-01-25,109.9,23.3,91.1
33.74.13,Gunungpati,2021-02-01,84.5,23.5,91.3
33.74.13,Gunungpati,2021-02-08,171.4,23.8,92.7
33.74.13,Gunungpati,2021-02-15,189.6,23.4,91.4
33.74.13,Gunungpati,2021-02-22,83.5,23.9,89.7
33.74.13,Gunungpati,2021-03-01,83.8,24.2,87.6
33.74.13,Gunungpati,2021-03-08,109.2,23.8,88.4
33.74.13,Gunungpati,2021-03-15,80.5,24.7,88.6
33.74.13,Gunungpati,2021-03-22,112.0,24.5,90.7
33.74.13,Gunungpati,2021-03-29,73.2,25.1,86.3
33.74.13,Gunungpati,2021-04-05,63.5,24.9,87.9
33.74.13,Gunungpati,2021-04-12,72.5,24.7,87.3
33.74.13,Gunungpati,2021-04-19,11.4,24.9,79.3
33.74.13,Gunungpati,2021-04-26,25.8,25.3,82.9
33.74.13,Gunungpati,2021-05-03,40.9,25.5,82.1
33.74.13,Gunungpati,2021-05-10,1.8,26.4,74.3
33.74.13,Gunungpati,2021-05-17,27.6,25.6,82.6
33.74.13,Gunungpati,2021-05-24,103.2,25.5,83.6
33.74.13,Gunungpati,2021-05-31,17.8,25.7,83.3
33.74.13,Gunungpati,2021-06-07,21.5,25.4,82.6
33.74.13,Gunungpati,2021-06-14,80.3,24.3,87.4
33.74.13,Gunungpati,2021-06-21,63.2,24.5,86.1
33.74.13,Gunungpati,2021-06-28,20.7,25.0,81.0
33.74.13,Gunungpati,2021-07-05,10.1,25.4,71.7
33.74.13,Gunungpati,2021-07-12,2.0,26.1,65.3
33.74.13,Gunungpati,2021-07-19,1.7,26.6,66.4
33.74.13,Gunungpati,2021-07-26,6.4,26.2,61.7
33.74.13,Gunungpati,2021-08-02,24.8,26.3,70.4
33.74.13,Gunungpati,2021-08-09,26.3,26.3,67.4
33.74.13,Gunungpati,2021-08-16,27.7,25.9,71.1
33.74.13,Gunungpati,2021-08-23,4.6,26.2,63.0
33.74.13,Gunungpati,2021-08-30,9.2,26.4,64.7
33.74.13,Gunungpati,2021-09-06,25.1,26.4,68.7
33.74.13,Gunungpati,2021-09-13,35.0,25.8,75.9
33.74.13,Gunungpati,2021-09-20,54.2,25.9,75.0
33.74.13,Gunungpati,2021-09-27,10.8,26.0,73.6
33.74.13,Gunungpati,2021-10-04,15.1,26.0,67.0
33.74.13,Gunungpati,2021-10-11,19.1,27.2,65.9
33.74.13,Gunungpati,2021-10-18,51.3,25.6,81.9
33.74.13,Gunungpati,2021-10-25,90.3,25.4,83.4
33.74.13,Gunungpati,2021-11-01,83.4,25.1,85.9
33.74.13,Gunungpati,2021-11-08,135.3,24.6,87.7
33.74.13,Gunungpati,2021-11-15,85.6,24.4,87.9
33.74.13,Gunungpati,2021-11-22,176.3,24.3,89.3
33.74.13,Gunungpati,2021-11-29,98.9,24.6,85.9
33.74.13,Gunungpati,2021-12-06,90.4,24.4,88.7
33.74.13,Gunungpati,2021-12-13,124.1,24.9,88.3
33.74.13,Gunungpati,2021-12-20,76.2,24.4,88.7
33.74.13,Gunungpati,2021-12-27,152.8,24.2,88.0
33.74.13,Gunungpati,2022-01-03,89.5,24.5,82.1
33.74.13,Gunungpati,2022-01-10,98.0,23.6,89.0
33.74.13,Gunungpati,2022-01-17,127.6,23.8,88.7
33.74.13,Gunungpati,2022-01-24,48.3,24.5,86.7
33.74.13,Gunungpati,2022-01-31,96.7,24.2,87.4
33.74.13,Gunungpati,2022-02-07,86.6,24.1,88.1
33.74.13,Gunungpati,2022-02-14,64.4,24.3,86.7
33.74.13,Gunungpati,2022-02-21,70.8,24.4,84.6
33.74.13,Gunungpati,2022-02-28,139.2,24.4,87.9
33.74.13,Gunungpati,2022-03-07,196.8,24.2,90.4
33.74.13,Gunungpati,2022-03-14,126.9,24.7,88.6
33.74.13,Gunungpati,2022-03-21,58.1,24.8,85.9
33.74.13,Gunungpati,2022-03-28,89.3,24.9,85.1
33.74.13,Gunungpati,2022-04-04,93.4,24.6,84.3
33.74.13,Gunungpati,2022-04-11,26.0,25.5,79.3
33.74.13,Gunungpati,2022-04-18,80.3,24.9,85.7
33.74.13,Gunungpati,2022-04-25,76.1,24.8,87.0
33.74.13,Gunungpati,2022-05-02,34.4,25.7,81.4
33.74.13,Gunungpati,2022-05-09,97.6,25.1,88.4
33.74.13,Gunungpati,2022-05-16,59.0,24.9,86.3
33.74.13,Gunungpati,2022-05-23,24.4,24.9,82.1
33.74.13,Gunungpati,2022-05-30,57.1,25.0,83.4
33.74.13,Gunungpati,2022-06-06,40.1,24.7,84.3
33.74.13,Gunungpati,2022-06-13,48.8,24.3,85.7
33.74.13,Gunungpati,2022-06-20,35.4,24.8,79.3
33.74.13,Gunungpati,2022-06-27,30.3,25.0,74.9
33.74.13,Gunungpati,2022-07-04,36.2,24.9,76.6
33.74.13,Gunungpati,2022-07-11,44.1,24.7,81.7
33.74.13,Gunungpati,2022-07-18,10.6,25.1,77.9
33.74.13,Gunungpati,2022-07-25,0.1,25.2,70.3
33.74.13,Gunungpati,2022-08-01,13.9,25.6,72.6
33.74.13,Gunungpati,2022-08-08,54.4,25.8,73.6
33.74.13,Gunungpati,2022-08-15,14.2,25.5,74.0
33.74.13,Gunungpati,2022-08-22,12.5,25.6,68.7
33.74.13,Gunungpati,2022-08-29,12.3,26.0,70.6
33.74.13,Gunungpati,2022-09-05,82.3,24.9,81.9
33.74.13,Gunungpati,2022-09-12,8.7,26.0,71.7
33.74.13,Gunungpati,2022-09-19,22.9,26.1,71.1
33.74.13,Gunungpati,2022-09-26,53.7,26.1,71.4
33.74.13,Gunungpati,2022-10-03,145.4,24.3,86.1
33.74.13,Gunungpati,2022-10-10,101.6,24.6,84.3
33.74.13,Gunungpati,2022-10-17,119.4,24.4,87.6
33.74.13,Gunungpati,2022-10-24,130.6,24.3,82.0
33.74.13,Gunungpati,2022-10-31,144.3,24.8,83.4
33.74.13,Gunungpati,2022-11-07,147.0,24.3,88.4
33.74.13,Gunungpati,2022-11-14,93.2,24.5,87.1
33.74.13,Gunungpati,2022-11-21,159.9,24.2,88.0
33.74.13,Gunungpati,2022-11-28,129.6,24.3,86.1
33.74.13,Gunungpati,2022-12-05,65.2,25.0,82.7
33.74.13,Gunungpati,2022-12-12,83.3,24.8,83.6
33.74.13,Gunungpati,2022-12-19,117.7,24.2,87.1
33.74.13,Gunungpati,2022-12-26,81.3,23.1,91.0
33.74.13,Gunungpati,2023-01-02,106.9,24.0,86.6
33.74.13,Gunungpati,2023-01-09,63.6,24.5,84.3
33.74.13,Gunungpati,2023-01-16,102.2,24.1,87.3
33.74.13,Gunungpati,2023-01-23,115.7,23.8,88.7
33.74.13,Gunungpati,2023-01-30,59.2,24.2,87.1
33.74.13,Gunungpati,2023-02-06,82.1,23.9,87.6
33.74.13,Gunungpati,2023-02-13,192.6,23.8,88.6
33.74.13,Gunungpati,2023-02-20,82.4,23.7,88.3
33.74.13,Gunungpati,2023-02-27,162.4,23.4,89.6
33.74.13,Gunungpati,2023-03-06,81.6,24.5,85.7
33.74.13,Gunungpati,2023-03-13,64.2,24.5,85.7
33.74.13,Gunungpati,2023-03-20,88.6,25.1,85.1
33.74.13,Gunungpati,2023-03-27,120.0,24.3,87.3
33.74.13,Gunungpati,2023-04-03,56.0,24.6,82.7
33.74.13,Gunungpati,2023-04-10,145.5,24.6,86.6
33.74.13,Gunungpati,2023-04-17,73.9,25.4,83.9
33.74.13,Gunungpati,2023-04-24,49.6,25.4,84.1
33.74.13,Gunungpati,2023-05-01,65.1,25.4,85.9
33.74.13,Gunungpati,2023-05-08,24.8,25.7,80.7
33.74.13,Gunungpati,2023-05-15,6.0,25.3,73.0
33.74.13,Gunungpati,2023-05-22,2.8,25.8,72.0
33.74.13,Gunungpati,2023-05-29,4.3,26.5,69.7
33.74.13,Gunungpati,2023-06-05,27.0,25.8,75.9
33.74.13,Gunungpati,2023-06-12,13.8,26.1,74.4
33.74.13,Gunungpati,2023-06-19,17.1,25.7,74.4
33.74.13,Gunungpati,2023-06-26,14.0,25.9,71.9
33.74.13,Gunungpati,2023-07-03,43.7,25.4,77.1
33.74.13,Gunungpati,2023-07-10,9.0,25.6,72.1
33.74.13,Gunungpati,2023-07-17,0.0,25.7,63.0
33.74.13,Gunungpati,2023-07-24,2.7,25.5,65.6
33.74.13,Gunungpati,2023-07-31,2.4,26.8,62.7
33.74.13,Gunungpati,2023-08-07,2.2,25.6,66.0
33.74.13,Gunungpati,2023-08-14,0.3,26.3,59.3
33.74.13,Gunungpati,2023-08-21,2.3,26.7,62.0
33.74.13,Gunungpati,2023-08-28,0.0,26.1,59.4
33.74.13,Gunungpati,2023-09-04,0.2,26.6,56.0
33.74.13,Gunungpati,2023-09-11,10.0,27.3,60.0
33.74.13,Gunungpati,2023-09-18,2.2,26.8,57.0
33.74.13,Gunungpati,2023-09-25,2.8,27.7,56.3
33.74.13,Gunungpati,2023-10-02,2.7,28.0,60.9
33.74.13,Gunungpati,2023-10-09,8.0,27.9,63.0
33.74.13,Gunungpati,2023-10-16,4.2,28.3,63.0
33.74.13,Gunungpati,2023-10-23,17.8,27.7,65.4
33.74.13,Gunungpati,2023-10-30,31.6,27.2,73.3
33.74.13,Gunungpati,2023-11-06,32.6,26.8,76.7
33.74.13,Gunungpati,2023-11-13,51.3,26.6,77.0
33.74.13,Gunungpati,2023-11-20,52.2,26.5,79.1
33.74.13,Gunungpati,2023-11-27,130.8,25.2,85.4
33.74.13,Gunungpati,2023-12-04,104.4,25.3,86.6
33.74.13,Gunungpati,2023-12-11,17.1,26.2,75.7
33.74.13,Gunungpati,2023-12-18,6.4,26.6,72.0
33.74.13,Gunungpati,2023-12-25,92.4,25.7,86.1
33.74.13,Gunungpati,2024-01-01,128.1,25.1,89.4
33.74.13,Gunungpati,2024-01-08,86.7,25.4,86.4
33.74.13,Gunungpati,2024-01-15,84.4,25.1,87.3
33.74.13,Gunungpati,2024-01-22,96.3,24.8,88.1
33.74.13,Gunungpati,2024-01-29,156.1,24.7,89.0
33.74.13,Gunungpati,2024-02-05,157.7,24.6,88.4
33.74.13,Gunungpati,2024-02-12,122.1,25.3,88.7
33.74.13,Gunungpati,2024-02-19,96.2,25.6,87.1
33.74.13,Gunungpati,2024-02-26,109.5,25.3,88.0
33.74.13,Gunungpati,2024-03-04,170.8,25.2,89.4
33.74.13,Gunungpati,2024-03-11,82.3,24.4,90.4
33.74.13,Gunungpati,2024-03-18,27.3,25.6,83.6
33.74.13,Gunungpati,2024-03-25,70.3,26.0,84.0
33.74.13,Gunungpati,2024-04-01,59.9,25.8,88.3
33.74.13,Gunungpati,2024-04-08,106.6,25.7,87.4
33.74.13,Gunungpati,2024-04-15,86.3,25.9,86.9
33.74.13,Gunungpati,2024-04-22,117.4,26.0,86.0
33.74.13,Gunungpati,2024-04-29,5.4,26.8,77.7
33.74.13,Gunungpati,2024-05-06,7.2,26.8,74.1
33.74.13,Gunungpati,2024-05-13,3.6,27.4,72.0
33.74.13,Gunungpati,2024-05-20,31.4,26.5,77.6
33.74.13,Gunungpati,2024-05-27,18.0,26.9,78.0
33.74.13,Gunungpati,2024-06-03,11.4,26.1,78.9
33.74.13,Gunungpati,2024-06-10,36.8,25.6,83.0
33.74.13,Gunungpati,2024-06-17,1.0,26.0,68.7
33.74.13,Gunungpati,2024-06-24,26.0,26.3,78.3
33.74.13,Gunungpati,2024-07-01,48.7,25.4,81.6
33.74.13,Gunungpati,2024-07-08,0.9,25.2,70.9
33.74.13,Gunungpati,2024-07-15,0.2,25.8,63.9
33.74.13,Gunungpati,2024-07-22,1.3,26.4,65.4
33.74.13,Gunungpati,2024-07-29,20.1,26.3,69.4
33.74.13,Gunungpati,2024-08-05,4.5,26.1,69.1
33.74.13,Gunungpati,2024-08-12,0.0,26.0,59.3
33.74.13,Gunungpati,2024-08-19,0.1,26.7,63.4
33.74.13,Gunungpati,2024-08-26,2.6,27.3,58.0
33.74.13,Gunungpati,2024-09-02,24.2,27.4,63.3
33.74.13,Gunungpati,2024-09-09,42.2,26.0,71.9
33.74.13,Gunungpati,2024-09-16,3.1,26.2,63.0
33.74.13,Gunungpati,2024-09-23,45.9,26.0,79.7
33.74.13,Gunungpati,2024-09-30,10.8,27.1,72.1
33.74.13,Gunungpati,2024-10-07,16.0,27.7,67.6
33.74.13,Gunungpati,2024-10-14,12.3,26.5,68.1
33.74.13,Gunungpati,2024-10-21,28.5,26.7,70.4
33.74.13,Gunungpati,2024-10-28,78.6,26.3,77.7
33.74.13,Gunungpati,2024-11-04,63.7,26.0,80.3
33.74.13,Gunungpati,2024-11-11,68.9,26.0,82.3
33.74.13,Gunungpati,2024-11-18,81.7,25.4,86.3
33.74.13,Gunungpati,2024-11-25,95.8,25.7,84.3
33.74.13,Gunungpati,2024-12-02,141.3,24.7,90.6
33.74.13,Gunungpati,2024-12-09,132.9,25.0,88.0
33.74.13,Gunungpati,2024-12-16,144.1,25.0,87.1
33.74.13,Gunungpati,2024-12-23,138.3,24.7,88.4
33.74.13,Gunungpati,2024-12-30,153.5,24.2,88.3
33.74.13,Gunungpati,2025-01-06,111.0,24.6,87.9
33.74.13,Gunungpati,2025-01-13,141.4,24.5,88.3
33.74.13,Gunungpati,2025-01-20,149.8,24.3,90.6
33.74.13,Gunungpati,2025-01-27,113.9,23.6,90.9
33.74.13,Gunungpati,2025-02-03,69.2,24.6,86.3
33.74.13,Gunungpati,2025-02-10,65.7,24.7,84.9
33.74.13,Gunungpati,2025-02-17,102.1,24.2,89.6
33.74.13,Gunungpati,2025-02-24,160.9,24.3,90.6
33.74.13,Gunungpati,2025-03-03,103.9,24.9,87.7
33.74.13,Gunungpati,2025-03-10,94.6,24.7,88.3
33.74.13,Gunungpati,2025-03-17,90.6,24.8,85.9
33.74.13,Gunungpati,2025-03-24,80.8,25.2,85.6
33.74.13,Gunungpati,2025-03-31,87.6,24.5,87.7
33.74.13,Gunungpati,2025-04-07,59.4,25.2,84.7
33.74.13,Gunungpati,2025-04-14,98.3,24.9,87.3
33.74.13,Gunungpati,2025-04-21,104.5,25.0,85.0
33.74.13,Gunungpati,2025-04-28,59.1,25.4,79.9
33.74.13,Gunungpati,2025-05-05,81.0,25.6,83.9
33.74.13,Gunungpati,2025-05-12,145.7,24.7,89.4
33.74.13,Gunungpati,2025-05-19,84.9,24.6,88.7
33.74.13,Gunungpati,2025-05-26,44.5,25.4,82.9
33.74.13,Gunungpati,2025-06-02,11.2,25.8,78.6
33.74.13,Gunungpati,2025-06-09,32.1,25.4,80.7
33.74.13,Gunungpati,2025-06-16,52.2,24.7,83.1
33.74.13,Gunungpati,2025-06-23,35.5,25.4,76.7
33.74.13,Gunungpati,2025-06-30,41.0,25.2,79.1
33.74.13,Gunungpati,2025-07-07,7.9,25.3,69.3
33.74.13,Gunungpati,2025-07-14,8.5,25.3,71.3
33.74.13,Gunungpati,2025-07-21,6.7,25.6,71.0
33.74.13,Gunungpati,2025-07-28,15.5,26.2,72.4
33.74.13,Gunungpati,2025-08-04,27.2,25.4,80.1
33.74.13,Gunungpati,2025-08-11,24.7,25.0,74.7
33.74.13,Gunungpati,2025-08-18,58.1,24.9,79.4
33.74.13,Gunungpati,2025-08-25,30.4,25.4,70.9
33.74.13,Gunungpati,2025-09-01,2.2,26.5,64.3
33.74.13,Gunungpati,2025-09-08,36.9,25.7,75.6
33.74.13,Gunungpati,2025-09-15,85.5,25.3,78.9
33.74.13,Gunungpati,2025-09-22,8.9,26.6,72.4
33.74.13,Gunungpati,2025-09-29,20.6,25.8,74.7
33.74.13,Gunungpati,2025-10-06,7.4,26.9,67.0
33.74.13,Gunungpati,2025-10-13,24.1,27.2,72.9
33.74.13,Gunungpati,2025-10-20,237.5,24.9,88.1
33.74.13,Gunungpati,2025-10-27,69.1,25.0,85.9
33.74.13,Gunungpati,2025-11-03,69.7,25.1,84.3
33.74.13,Gunungpati,2025-11-10,167.8,24.6,88.4
33.74.13,Gunungpati,2025-11-17,125.2,24.8,86.6
33.74.13,Gunungpati,2025-11-24,38.1,25.8,76.9
33.74.13,Gunungpati,2025-12-01,75.6,25.0,85.3
33.74.13,Gunungpati,2025-12-08,103.3,24.6,89.0
33.74.13,Gunungpati,2025-12-15,102.2,25.1,83.4
33.74.13,Gunungpati,2025-12-22,99.9,25.1,87.3
33.74.13,Gunungpati,2025-12-29,40.8,24.4,87.3
33.74.14,Mijen,2020-12-28,37.7,24.6,88.3
33.74.14,Mijen,2021-01-04,176.3,24.7,90.1
33.74.14,Mijen,2021-01-11,112.3,24.8,87.3
33.74.14,Mijen,2021-01-18,110.5,24.0,93.1
33.74.14,Mijen,2021-01-25,98.0,23.8,92.4
33.74.14,Mijen,2021-02-01,90.7,24.0,93.7
33.74.14,Mijen,2021-02-08,178.8,24.3,94.3
33.74.14,Mijen,2021-02-15,241.5,23.7,93.1
33.74.14,Mijen,2021-02-22,86.6,24.4,90.6
33.74.14,Mijen,2021-03-01,76.3,24.7,88.0
33.74.14,Mijen,2021-03-08,93.9,24.2,89.7
33.74.14,Mijen,2021-03-15,88.5,25.2,88.4
33.74.14,Mijen,2021-03-22,133.6,25.2,90.0
33.74.14,Mijen,2021-03-29,89.0,25.5,87.4
33.74.14,Mijen,2021-04-05,64.2,25.4,89.0
33.74.14,Mijen,2021-04-12,86.4,25.3,88.1
33.74.14,Mijen,2021-04-19,18.1,25.6,80.0
33.74.14,Mijen,2021-04-26,33.4,25.9,84.1
33.74.14,Mijen,2021-05-03,39.3,25.9,84.0
33.74.14,Mijen,2021-05-10,5.9,26.8,77.4
33.74.14,Mijen,2021-05-17,34.5,25.9,84.9
33.74.14,Mijen,2021-05-24,117.7,26.0,85.3
33.74.14,Mijen,2021-05-31,18.0,26.3,84.9
33.74.14,Mijen,2021-06-07,32.7,25.8,83.7
33.74.14,Mijen,2021-06-14,103.1,24.8,89.0
33.74.14,Mijen,2021-06-21,91.4,25.0,87.6
33.74.14,Mijen,2021-06-28,38.2,25.3,84.0
33.74.14,Mijen,2021-07-05,13.4,25.5,76.9
33.74.14,Mijen,2021-07-12,2.7,25.9,72.1
33.74.14,Mijen,2021-07-19,4.0,26.5,72.3
33.74.14,Mijen,2021-07-26,5.5,26.2,67.0
33.74.14,Mijen,2021-08-02,24.3,26.6,74.0
33.74.14,Mijen,2021-08-09,18.1,26.7,70.3
33.74.14,Mijen,2021-08-16,26.2,26.4,71.7
33.74.14,Mijen,2021-08-23,4.4,26.4,65.7
33.74.14,Mijen,2021-08-30,9.5,26.4,69.4
33.74.14,Mijen,2021-09-06,26.2,26.8,70.6
33.74.14,Mijen,2021-09-13,31.3,26.3,77.4
33.74.14,Mijen,2021-09-20,57.2,26.4,77.1
33.74.14,Mijen,2021-09-27,9.3,26.5,74.4
33.74.14,Mijen,2021-10-04,6.7,26.4,68.0
33.74.14,Mijen,2021-10-11,22.7,27.4,68.1
33.74.14,Mijen,2021-10-18,58.6,26.2,82.4
33.74.14,Mijen,2021-10-25,104.0,25.9,84.7
33.74.14,Mijen,2021-11-01,81.2,25.6,86.7
33.74.14,Mijen,2021-11-08,128.6,25.3,86.9
33.74.14,Mijen,2021-11-15,132.5,25.0,88.9
33.74.14,Mijen,2021-11-22,126.3,24.9,88.7
33.74.14,Mijen,2021-11-29,63.2,25.3,84.7
33.74.14,Mijen,2021-12-06,90.0,25.0,89.0
33.74.14,Mijen,2021-12-13,124.3,25.5,87.4
33.74.14,Mijen,2021-12-20,79.6,25.0,88.4
33.74.14,Mijen,2021-12-27,131.3,24.9,87.4
33.74.14,Mijen,2022-01-03,68.3,25.1,81.4
33.74.14,Mijen,2022-01-10,120.7,23.9,91.6
33.74.14,Mijen,2022-01-17,125.0,24.3,89.9
33.74.14,Mijen,2022-01-24,44.2,24.9,88.3
33.74.14,Mijen,2022-01-31,99.7,24.6,89.0
33.74.14,Mijen,2022-02-07,104.4,24.5,89.9
33.74.14,Mijen,2022-02-14,92.7,24.9,86.3
33.74.14,Mijen,2022-02-21,78.4,24.9,84.9
33.74.14,Mijen,2022-02-28,107.7,24.9,88.0
33.74.14,Mijen,2022-03-07,196.5,24.7,91.0
33.74.14,Mijen,2022-03-14,146.9,25.3,88.4
33.74.14,Mijen,2022-03-21,66.9,25.3,86.6
33.74.14,Mijen,2022-03-28,111.3,25.4,86.1
33.74.14,Mijen,2022-04-04,73.5,25.4,83.1
33.74.14,Mijen,2022-04-11,34.7,25.8,81.9
33.74.14,Mijen,2022-04-18,83.0,25.4,87.1
33.74.14,Mijen,2022-04-25,86.6,25.4,88.1
33.74.14,Mijen,2022-05-02,48.9,26.3,82.9
33.74.14,Mijen,2022-05-09,103.9,25.7,88.4
33.74.14,Mijen,2022-05-16,71.4,25.5,87.4
33.74.14,Mijen,2022-05-23,19.8,25.4,83.1
33.74.14,Mijen,2022-05-30,50.4,25.5,83.6
33.74.14,Mijen,2022-06-06,57.8,25.2,86.0
33.74.14,Mijen,2022-06-13,86.1,24.7,88.0
33.74.14,Mijen,2022-06-20,49.6,25.3,81.6
33.74.14,Mijen,2022-06-27,53.5,25.5,77.0
33.74.14,Mijen,2022-07-04,25.6,25.2,79.6
33.74.14,Mijen,2022-07-11,67.8,25.2,84.3
33.74.14,Mijen,2022-07-18,11.8,25.5,79.1
33.74.14,Mijen,2022-07-25,0.0,25.4,73.7
33.74.14,Mijen,2022-08-01,17.0,26.0,74.4
33.74.14,Mijen,2022-08-08,64.2,26.1,76.0
33.74.14,Mijen,2022-08-15,22.3,25.8,76.6
33.74.14,Mijen,2022-08-22,8.5,25.8,72.1
33.74.14,Mijen,2022-08-29,18.7,26.3,72.9
33.74.14,Mijen,2022-09-05,67.4,25.3,84.4
33.74.14,Mijen,2022-09-12,14.5,26.3,75.3
33.74.14,Mijen,2022-09-19,34.6,26.2,75.4
33.74.14,Mijen,2022-09-26,66.3,26.1,76.0
33.74.14,Mijen,2022-10-03,150.6,25.0,86.0
33.74.14,Mijen,2022-10-10,86.1,25.3,83.9
33.74.14,Mijen,2022-10-17,119.2,25.0,88.0
33.74.14,Mijen,2022-10-24,61.6,25.0,80.7
33.74.14,Mijen,2022-10-31,164.0,25.4,83.7
33.74.14,Mijen,2022-11-07,136.1,24.9,88.9
33.74.14,Mijen,2022-11-14,70.9,25.0,88.1
33.74.14,Mijen,2022-11-21,130.0,24.9,87.3
33.74.14,Mijen,2022-11-28,91.0,25.0,84.7
33.74.14,Mijen,2022-12-05,72.6,25.6,83.0
33.74.14,Mijen,2022-12-12,85.2,25.4,83.4
33.74.14,Mijen,2022-12-19,108.6,24.6,87.9
33.74.14,Mijen,2022-12-26,104.1,23.5,93.0
33.74.14,Mijen,2023-01-02,102.9,24.5,86.7
33.74.14,Mijen,2023-01-09,61.2,25.3,83.3
33.74.14,Mijen,2023-01-16,81.3,24.7,87.1
33.74.14,Mijen,2023-01-23,129.9,24.3,89.6
33.74.14,Mijen,2023-01-30,87.8,24.6,88.7
33.74.14,Mijen,2023-02-06,80.6,24.3,88.9
33.74.14,Mijen,2023-02-13,193.4,24.2,89.0
33.74.14,Mijen,2023-02-20,108.1,24.1,90.7
33.74.14,Mijen,2023-02-27,179.7,23.9,90.7
33.74.14,Mijen,2023-03-06,89.7,25.0,86.6
33.74.14,Mijen,2023-03-13,67.4,24.9,87.3
33.74.14,Mijen,2023-03-20,90.5,25.6,86.6
33.74.14,Mijen,2023-03-27,99.1,24.7,88.7
33.74.14,Mijen,2023-04-03,54.0,25.2,82.4
33.74.14,Mijen,2023-04-10,113.3,25.3,85.9
33.74.14,Mijen,2023-04-17,78.4,25.9,85.9
33.74.14,Mijen,2023-04-24,64.9,25.9,85.3
33.74.14,Mijen,2023-05-01,130.2,25.9,87.3
33.74.14,Mijen,2023-05-08,22.9,26.3,81.6
33.74.14,Mijen,2023-05-15,5.2,26.0,73.6
33.74.14,Mijen,2023-05-22,4.0,26.4,73.0
33.74.14,Mijen,2023-05-29,2.7,27.0,70.7
33.74.14,Mijen,2023-06-05,27.9,26.4,76.1
33.74.14,Mijen,2023-06-12,15.8,26.5,76.1
33.74.14,Mijen,2023-06-19,22.8,26.1,76.0
33.74.14,Mijen,2023-06-26,15.1,26.3,73.6
33.74.14,Mijen,2023-07-03,41.3,26.0,77.4
33.74.14,Mijen,2023-07-10,6.7,25.8,75.7
33.74.14,Mijen,2023-07-17,0.5,25.7,68.4
33.74.14,Mijen,2023-07-24,3.1,25.7,67.6
33.74.14,Mijen,2023-07-31,3.9,27.1,65.3
33.74.14,Mijen,2023-08-07,5.7,26.0,67.7
33.74.14,Mijen,2023-08-14,0.0,26.5,62.1
33.74.14,Mijen,2023-08-21,2.8,27.0,63.3
33.74.14,Mijen,2023-08-28,0.1,26.6,59.9
33.74.14,Mijen,2023-09-04,0.4,27.2,56.1
33.74.14,Mijen,2023-09-11,16.9,27.6,62.4
33.74.14,Mijen,2023-09-18,2.3,27.4,57.0
33.74.14,Mijen,2023-09-25,6.7,28.2,57.3
33.74.14,Mijen,2023-10-02,4.2,28.5,62.3
33.74.14,Mijen,2023-10-09,9.6,28.5,63.0
33.74.14,Mijen,2023-10-16,17.0,28.7,65.9
33.74.14,Mijen,2023-10-23,29.0,28.0,68.0
33.74.14,Mijen,2023-10-30,46.9,27.8,73.4
33.74.14,Mijen,2023-11-06,39.1,27.5,75.9
33.74.14,Mijen,2023-11-13,50.0,27.4,75.0
33.74.14,Mijen,2023-11-20,63.9,27.2,78.4
33.74.14,Mijen,2023-11-27,120.0,25.9,85.1
33.74.14,Mijen,2023-12-04,94.6,25.9,86.1
33.74.14,Mijen,2023-12-11,11.3,26.9,75.4
33.74.14,Mijen,2023-12-18,9.5,27.0,73.1
33.74.14,Mijen,2023-12-25,108.5,26.3,87.0
33.74.14,Mijen,2024-01-01,135.9,25.7,90.3
33.74.14,Mijen,2024-01-08,90.3,26.1,85.7
33.74.14,Mijen,2024-01-15,80.9,25.7,86.3
33.74.14,Mijen,2024-01-22,103.8,25.3,89.0
33.74.14,Mijen,2024-01-29,120.3,25.3,88.9
33.74.14,Mijen,2024-02-05,135.8,25.2,89.0
33.74.14,Mijen,2024-02-12,148.8,25.8,89.0
33.74.14,Mijen,2024-02-19,91.3,26.1,88.4
33.74.14,Mijen,2024-02-26,92.0,25.8,89.1
33.74.14,Mijen,2024-03-04,147.2,25.8,90.3
33.74.14,Mijen,2024-03-11,93.9,24.9,92.3
33.74.14,Mijen,2024-03-18,27.2,26.1,84.1
33.74.14,Mijen,2024-03-25,87.1,26.4,85.9
33.74.14,Mijen,2024-04-01,79.6,26.4,88.3
33.74.14,Mijen,2024-04-08,145.5,26.2,88.3
33.74.14,Mijen,2024-04-15,109.8,26.4,87.7
33.74.14,Mijen,2024-04-22,103.0,26.6,86.7
33.74.14,Mijen,2024-04-29,12.0,27.4,78.4
33.74.14,Mijen,2024-05-06,7.6,27.2,76.7
33.74.14,Mijen,2024-05-13,3.9,27.9,73.7
33.74.14,Mijen,2024-05-20,64.3,27.0,79.4
33.74.14,Mijen,2024-05-27,28.5,27.1,80.7
33.74.14,Mijen,2024-06-03,13.7,26.4,80.9
33.74.14,Mijen,2024-06-10,55.6,26.0,85.9
33.74.14,Mijen,2024-06-17,1.7,26.3,72.6
33.74.14,Mijen,2024-06-24,30.4,26.6,80.7
33.74.14,Mijen,2024-07-01,61.1,25.8,83.4
33.74.14,Mijen,2024-07-08,2.1,25.4,74.3
33.74.14,Mijen,2024-07-15,0.2,26.0,67.1
33.74.14,Mijen,2024-07-22,0.5,26.7,65.7
33.74.14,Mijen,2024-07-29,19.7,26.8,71.0
33.74.14,Mijen,2024-08-05,3.1,26.6,68.9
33.74.14,Mijen,2024-08-12,0.0,26.5,59.7
33.74.14,Mijen,2024-08-19,1.4,27.1,65.0
33.74.14,Mijen,2024-08-26,0.9,27.5,61.0
33.74.14,Mijen,2024-09-02,20.1,27.9,64.3
33.74.14,Mijen,2024-09-09,56.6,26.4,73.4
33.74.14,Mijen,2024-09-16,3.2,26.6,65.3
33.74.14,Mijen,2024-09-23,66.5,26.5,81.4
33.74.14,Mijen,2024-09-30,11.7,27.6,73.0
33.74.14,Mijen,2024-10-07,13.2,28.0,69.9
33.74.14,Mijen,2024-10-14,19.1,26.9,68.4
33.74.14,Mijen,2024-10-21,14.5,27.2,70.9
33.74.14,Mijen,2024-10-28,96.7,26.8,78.6
33.74.14,Mijen,2024-11-04,86.0,26.3,82.4
33.74.14,Mijen,2024-11-11,92.9,26.3,84.3
33.74.14,Mijen,2024-11-18,119.5,25.9,87.6
33.74.14,Mijen,2024-11-25,91.9,26.4,84.0
33.74.14,Mijen,2024-12-02,158.9,25.3,90.9
33.74.14,Mijen,2024-12-09,131.9,25.6,88.7
33.74.14,Mijen,2024-12-16,110.6,25.6,88.1
33.74.14,Mijen,2024-12-23,116.9,25.3,87.6
33.74.14,Mijen,2024-12-30,110.0,24.8,88.7
33.74.14,Mijen,2025-01-06,122.0,25.2,88.3
33.74.14,Mijen,2025-01-13,129.0,24.9,89.7
33.74.14,Mijen,2025-01-20,148.8,24.8,91.1
33.74.14,Mijen,2025-01-27,102.2,24.1,93.1
33.74.14,Mijen,2025-02-03,102.3,24.9,89.1
33.74.14,Mijen,2025-02-10,70.6,25.2,86.3
33.74.14,Mijen,2025-02-17,92.8,24.7,90.4
33.74.14,Mijen,2025-02-24,177.3,24.8,92.1
33.74.14,Mijen,2025-03-03,117.6,25.4,89.1
33.74.14,Mijen,2025-03-10,100.6,25.3,88.9
33.74.14,Mijen,2025-03-17,49.3,25.3,86.7
33.74.14,Mijen,2025-03-24,73.2,25.6,87.0
33.74.14,Mijen,2025-03-31,78.6,25.0,88.9
33.74.14,Mijen,2025-04-07,78.6,25.7,86.6
33.74.14,Mijen,2025-04-14,84.8,25.4,88.9
33.74.14,Mijen,2025-04-21,75.4,25.5,86.0
33.74.14,Mijen,2025-04-28,55.5,25.9,81.4
33.74.14,Mijen,2025-05-05,91.4,26.0,85.9
33.74.14,Mijen,2025-05-12,113.3,25.2,90.6
33.74.14,Mijen,2025-05-19,79.6,25.3,89.1
33.74.14,Mijen,2025-05-26,49.9,25.9,83.3
33.74.14,Mijen,2025-06-02,17.2,26.5,79.6
33.74.14,Mijen,2025-06-09,64.2,26.0,82.0
33.74.14,Mijen,2025-06-16,49.0,25.3,84.1
33.74.14,Mijen,2025-06-23,23.6,26.0,77.6
33.74.14,Mijen,2025-06-30,45.1,25.7,81.9
33.74.14,Mijen,2025-07-07,3.4,25.8,71.6
33.74.14,Mijen,2025-07-14,6.1,25.9,71.3
33.74.14,Mijen,2025-07-21,5.0,26.4,71.0
33.74.14,Mijen,2025-07-28,10.6,26.8,72.7
33.74.14,Mijen,2025-08-04,25.0,26.0,80.7
33.74.14,Mijen,2025-08-11,32.1,25.5,75.4
33.74.14,Mijen,2025-08-18,37.2,25.4,81.3
33.74.14,Mijen,2025-08-25,28.8,26.0,71.9
33.74.14,Mijen,2025-09-01,8.3,26.7,68.0
33.74.14,Mijen,2025-09-08,53.7,26.3,76.4
33.74.14,Mijen,2025-09-15,96.1,25.8,80.1
33.74.14,Mijen,2025-09-22,15.3,27.2,73.3
33.74.14,Mijen,2025-09-29,35.9,26.5,75.0
33.74.14,Mijen,2025-10-06,6.9,27.4,68.9
33.74.14,Mijen,2025-10-13,30.4,27.6,75.4
33.74.14,Mijen,2025-10-20,209.9,25.5,87.7
33.74.14,Mijen,2025-10-27,65.5,25.7,85.1
33.74.14,Mijen,2025-11-03,87.0,25.7,84.7
33.74.14,Mijen,2025-11-10,122.3,25.3,88.0
33.74.14,Mijen,2025-11-17,99.0,25.4,86.7
33.74.14,Mijen,2025-11-24,39.2,26.4,75.9
33.74.14,Mijen,2025-12-01,83.6,25.5,85.6
33.74.14,Mijen,2025-12-08,82.3,25.3,88.1
33.74.14,Mijen,2025-12-15,102.2,25.6,84.3
33.74.14,Mijen,2025-12-22,119.3,25.6,87.6
33.74.14,Mijen,2025-12-29,44.2,24.9,89.0
33.74.15,Ngaliyan,2020-12-28,45.0,25.5,89.3
33.74.15,Ngaliyan,2021-01-04,102.8,25.6,88.3
33.74.15,Ngaliyan,2021-01-11,78.4,25.7,88.3
33.74.15,Ngaliyan,2021-01-18,96.0,25.0,88.9
33.74.15,Ngaliyan,2021-01-25,85.6,24.9,89.0
33.74.15,Ngaliyan,2021-02-01,67.5,25.1,88.4
33.74.15,Ngaliyan,2021-02-08,119.8,25.2,90.1
33.74.15,Ngaliyan,2021-02-15,221.8,24.8,89.3
33.74.15,Ngaliyan,2021-02-22,72.8,25.3,88.3
33.74.15,Ngaliyan,2021-03-01,72.0,25.7,86.9
33.74.15,Ngaliyan,2021-03-08,52.3,25.4,86.6
33.74.15,Ngaliyan,2021-03-15,52.3,26.1,88.4
33.74.15,Ngaliyan,2021-03-22,47.6,26.0,89.3
33.74.15,Ngaliyan,2021-03-29,28.0,26.5,86.4
33.74.15,Ngaliyan,2021-04-05,58.4,26.4,85.9
33.74.15,Ngaliyan,2021-04-12,28.2,26.2,87.6
33.74.15,Ngaliyan,2021-04-19,8.1,26.5,80.4
33.74.15,Ngaliyan,2021-04-26,12.5,27.0,80.1
33.74.15,Ngaliyan,2021-05-03,25.3,27.0,81.3
33.74.15,Ngaliyan,2021-05-10,0.6,28.0,73.9
33.74.15,Ngaliyan,2021-05-17,16.4,27.2,80.4
33.74.15,Ngaliyan,2021-05-24,117.1,27.1,81.4
33.74.15,Ngaliyan,2021-05-31,6.5,27.4,80.3
33.74.15,Ngaliyan,2021-06-07,20.8,27.0,80.7
33.74.15,Ngaliyan,2021-06-14,62.9,25.9,84.7
33.74.15,Ngaliyan,2021-06-21,24.1,26.1,85.0
33.74.15,Ngaliyan,2021-06-28,12.3,26.6,79.6
33.74.15,Ngaliyan,2021-07-05,8.2,27.2,69.4
33.74.15,Ngaliyan,2021-07-12,0.8,27.9,62.7
33.74.15,Ngaliyan,2021-07-19,0.6,28.2,65.6
33.74.15,Ngaliyan,2021-07-26,2.2,27.6,63.3
33.74.15,Ngaliyan,2021-08-02,12.2,28.1,67.7
33.74.15,Ngaliyan,2021-08-09,20.9,28.0,66.4
33.74.15,Ngaliyan,2021-08-16,17.7,27.4,70.9
33.74.15,Ngaliyan,2021-08-23,0.8,27.8,62.6
33.74.15,Ngaliyan,2021-08-30,2.6,28.1,62.4
33.74.15,Ngaliyan,2021-09-06,13.6,28.0,67.0
33.74.15,Ngaliyan,2021-09-13,7.4,27.6,73.0
33.74.15,Ngaliyan,2021-09-20,31.4,27.5,73.3
33.74.15,Ngaliyan,2021-09-27,2.7,27.6,73.4
33.74.15,Ngaliyan,2021-10-04,2.9,27.9,63.1
33.74.15,Ngaliyan,2021-10-11,3.3,28.8,64.1
33.74.15,Ngaliyan,2021-10-18,34.9,26.9,82.3
33.74.15,Ngaliyan,2021-10-25,53.1,26.6,84.7
33.74.15,Ngaliyan,2021-11-01,37.6,26.5,85.1
33.74.15,Ngaliyan,2021-11-08,129.9,26.1,88.6
33.74.15,Ngaliyan,2021-11-15,53.4,25.9,87.0
33.74.15,Ngaliyan,2021-11-22,119.2,25.7,88.3
33.74.15,Ngaliyan,2021-11-29,87.5,26.1,85.9
33.74.15,Ngaliyan,2021-12-06,101.6,25.8,87.9
33.74.15,Ngaliyan,2021-12-13,89.3,26.2,88.7
33.74.15,Ngaliyan,2021-12-20,88.2,25.8,87.9
33.74.15,Ngaliyan,2021-12-27,176.0,25.7,87.7
33.74.15,Ngaliyan,2022-01-03,62.9,26.0,84.4
33.74.15,Ngaliyan,2022-01-10,54.8,25.2,87.3
33.74.15,Ngaliyan,2022-01-17,104.1,25.3,87.7
33.74.15,Ngaliyan,2022-01-24,35.5,25.9,85.7
33.74.15,Ngaliyan,2022-01-31,88.2,25.7,86.1
33.74.15,Ngaliyan,2022-02-07,86.1,25.6,85.6
33.74.15,Ngaliyan,2022-02-14,69.8,25.6,86.4
33.74.15,Ngaliyan,2022-02-21,80.2,25.9,84.9
33.74.15,Ngaliyan,2022-02-28,97.8,25.9,87.0
33.74.15,Ngaliyan,2022-03-07,137.2,25.5,90.0
33.74.15,Ngaliyan,2022-03-14,85.7,26.0,88.1
33.74.15,Ngaliyan,2022-03-21,53.7,26.4,84.7
33.74.15,Ngaliyan,2022-03-28,38.2,26.5,84.3
33.74.15,Ngaliyan,2022-04-04,73.0,26.1,85.0
33.74.15,Ngaliyan,2022-04-11,18.1,27.1,78.9
33.74.15,Ngaliyan,2022-04-18,37.3,26.4,84.6
33.74.15,Ngaliyan,2022-04-25,44.8,26.4,85.9
33.74.15,Ngaliyan,2022-05-02,27.1,27.2,80.9
33.74.15,Ngaliyan,2022-05-09,54.2,26.6,87.4
33.74.15,Ngaliyan,2022-05-16,63.2,26.3,85.9
33.74.15,Ngaliyan,2022-05-23,30.8,26.4,80.7
33.74.15,Ngaliyan,2022-05-30,32.6,26.5,83.7
33.74.15,Ngaliyan,2022-06-06,51.4,26.2,83.9
33.74.15,Ngaliyan,2022-06-13,52.1,25.7,86.0
33.74.15,Ngaliyan,2022-06-20,24.6,26.3,79.9
33.74.15,Ngaliyan,2022-06-27,21.4,26.6,73.4
33.74.15,Ngaliyan,2022-07-04,19.4,26.5,76.1
33.74.15,Ngaliyan,2022-07-11,42.3,26.2,80.4
33.74.15,Ngaliyan,2022-07-18,8.2,26.7,76.6
33.74.15,Ngaliyan,2022-07-25,0.0,26.7,69.4
33.74.15,Ngaliyan,2022-08-01,7.7,27.0,73.7
33.74.15,Ngaliyan,2022-08-08,27.3,27.4,72.9
33.74.15,Ngaliyan,2022-08-15,5.4,27.1,71.7
33.74.15,Ngaliyan,2022-08-22,6.7,27.4,67.0
33.74.15,Ngaliyan,2022-08-29,9.0,27.7,68.6
33.74.15,Ngaliyan,2022-09-05,47.9,26.4,81.0
33.74.15,Ngaliyan,2022-09-12,3.6,27.4,73.7
33.74.15,Ngaliyan,2022-09-19,15.7,27.5,72.6
33.74.15,Ngaliyan,2022-09-26,33.3,27.7,70.6
33.74.15,Ngaliyan,2022-10-03,90.1,25.7,86.6
33.74.15,Ngaliyan,2022-10-10,89.4,26.0,85.4
33.74.15,Ngaliyan,2022-10-17,58.3,26.0,86.7
33.74.15,Ngaliyan,2022-10-24,83.3,25.8,82.4
33.74.15,Ngaliyan,2022-10-31,124.9,26.3,83.6
33.74.15,Ngaliyan,2022-11-07,85.6,25.7,87.6
33.74.15,Ngaliyan,2022-11-14,54.9,26.0,86.0
33.74.15,Ngaliyan,2022-11-21,104.4,25.7,87.3
33.74.15,Ngaliyan,2022-11-28,55.1,25.8,86.1
33.74.15,Ngaliyan,2022-12-05,41.3,26.4,83.6
33.74.15,Ngaliyan,2022-12-12,51.9,26.3,85.1
33.74.15,Ngaliyan,2022-12-19,100.8,25.7,86.1
33.74.15,Ngaliyan,2022-12-26,96.4,24.7,87.6
33.74.15,Ngaliyan,2023-01-02,96.2,25.4,86.4
33.74.15,Ngaliyan,2023-01-09,37.8,25.9,86.0
33.74.15,Ngaliyan,2023-01-16,80.4,25.6,86.4
33.74.15,Ngaliyan,2023-01-23,96.6,25.3,87.7
33.74.15,Ngaliyan,2023-01-30,63.8,25.7,85.6
33.74.15,Ngaliyan,2023-02-06,50.7,25.5,86.0
33.74.15,Ngaliyan,2023-02-13,185.0,25.3,88.0
33.74.15,Ngaliyan,2023-02-20,68.5,25.3,86.1
33.74.15,Ngaliyan,2023-02-27,209.7,24.9,88.3
33.74.15,Ngaliyan,2023-03-06,36.3,25.8,87.0
33.74.15,Ngaliyan,2023-03-13,35.1,26.0,85.6
33.74.15,Ngaliyan,2023-03-20,56.2,26.5,85.3
33.74.15,Ngaliyan,2023-03-27,71.3,25.8,86.6
33.74.15,Ngaliyan,2023-04-03,42.5,26.1,84.1
33.74.15,Ngaliyan,2023-04-10,116.3,26.1,87.1
33.74.15,Ngaliyan,2023-04-17,29.5,27.0,82.6
33.74.15,Ngaliyan,2023-04-24,40.2,26.9,83.7
33.74.15,Ngaliyan,2023-05-01,50.6,26.9,85.6
33.74.15,Ngaliyan,2023-05-08,13.8,27.3,79.0
33.74.15,Ngaliyan,2023-05-15,1.0,27.1,71.7
33.74.15,Ngaliyan,2023-05-22,0.5,27.6,69.9
33.74.15,Ngaliyan,2023-05-29,0.6,28.2,68.1
33.74.15,Ngaliyan,2023-06-05,16.4,27.6,73.9
33.74.15,Ngaliyan,2023-06-12,10.8,27.7,73.4
33.74.15,Ngaliyan,2023-06-19,8.5,27.3,73.7
33.74.15,Ngaliyan,2023-06-26,4.8,27.9,66.7
33.74.15,Ngaliyan,2023-07-03,15.0,27.4,72.0
33.74.15,Ngaliyan,2023-07-10,7.4,27.5,67.1
33.74.15,Ngaliyan,2023-07-17,0.1,27.7,57.6
33.74.15,Ngaliyan,2023-07-24,0.8,27.4,60.7
33.74.15,Ngaliyan,2023-07-31,0.6,28.3,60.9
33.74.15,Ngaliyan,2023-08-07,0.3,27.3,62.9
33.74.15,Ngaliyan,2023-08-14,0.3,27.9,58.3
33.74.15,Ngaliyan,2023-08-21,0.3,28.1,60.7
33.74.15,Ngaliyan,2023-08-28,0.2,27.5,58.6
33.74.15,Ngaliyan,2023-09-04,0.5,27.9,55.9
33.74.15,Ngaliyan,2023-09-11,5.0,28.7,58.4
33.74.15,Ngaliyan,2023-09-18,0.8,28.4,55.4
33.74.15,Ngaliyan,2023-09-25,0.8,29.0,56.0
33.74.15,Ngaliyan,2023-10-02,5.4,29.1,61.4
33.74.15,Ngaliyan,2023-10-09,8.3,29.0,64.4
33.74.15,Ngaliyan,2023-10-16,1.0,29.6,61.7
33.74.15,Ngaliyan,2023-10-23,23.8,28.9,66.0
33.74.15,Ngaliyan,2023-10-30,35.3,28.4,74.9
33.74.15,Ngaliyan,2023-11-06,12.5,28.1,75.1
33.74.15,Ngaliyan,2023-11-13,27.0,28.2,76.6
33.74.15,Ngaliyan,2023-11-20,31.0,27.8,79.0
33.74.15,Ngaliyan,2023-11-27,56.7,26.7,83.6
33.74.15,Ngaliyan,2023-12-04,47.6,26.7,86.4
33.74.15,Ngaliyan,2023-12-11,3.4,28.0,72.1
33.74.15,Ngaliyan,2023-12-18,7.2,28.7,64.6
33.74.15,Ngaliyan,2023-12-25,43.8,27.3,83.3
33.74.15,Ngaliyan,2024-01-01,103.3,26.5,86.9
33.74.15,Ngaliyan,2024-01-08,53.3,26.9,84.0
33.74.15,Ngaliyan,2024-01-15,67.0,26.5,86.3
33.74.15,Ngaliyan,2024-01-22,66.3,26.2,85.9
33.74.15,Ngaliyan,2024-01-29,119.4,26.2,87.1
33.74.15,Ngaliyan,2024-02-05,101.0,26.1,86.4
33.74.15,Ngaliyan,2024-02-12,59.2,26.7,87.1
33.74.15,Ngaliyan,2024-02-19,24.9,27.0,85.9
33.74.15,Ngaliyan,2024-02-26,66.1,26.8,85.6
33.74.15,Ngaliyan,2024-03-04,131.5,26.6,87.4
33.74.15,Ngaliyan,2024-03-11,85.6,25.9,87.0
33.74.15,Ngaliyan,2024-03-18,14.8,26.9,82.7
33.74.15,Ngaliyan,2024-03-25,46.4,27.4,83.7
33.74.15,Ngaliyan,2024-04-01,48.6,27.1,87.6
33.74.15,Ngaliyan,2024-04-08,60.8,27.2,85.3
33.74.15,Ngaliyan,2024-04-15,44.4,27.3,85.4
33.74.15,Ngaliyan,2024-04-22,88.8,27.4,83.6
33.74.15,Ngaliyan,2024-04-29,5.6,28.2,76.9
33.74.15,Ngaliyan,2024-05-06,4.0,28.8,68.4
33.74.15,Ngaliyan,2024-05-13,1.9,29.5,65.6
33.74.15,Ngaliyan,2024-05-20,13.3,28.4,72.7
33.74.15,Ngaliyan,2024-05-27,17.5,28.7,72.9
33.74.15,Ngaliyan,2024-06-03,4.0,27.8,74.6
33.74.15,Ngaliyan,2024-06-10,27.6,27.3,79.3
33.74.15,Ngaliyan,2024-06-17,1.5,28.3,62.0
33.74.15,Ngaliyan,2024-06-24,16.7,28.1,73.3
33.74.15,Ngaliyan,2024-07-01,34.2,27.1,78.1
33.74.15,Ngaliyan,2024-07-08,0.5,27.3,64.6
33.74.15,Ngaliyan,2024-07-15,0.2,27.8,58.7
33.74.15,Ngaliyan,2024-07-22,0.6,28.2,61.6
33.74.15,Ngaliyan,2024-07-29,10.3,27.9,66.6
33.74.15,Ngaliyan,2024-08-05,4.5,27.8,66.9
33.74.15,Ngaliyan,2024-08-12,0.0,27.6,56.6
33.74.15,Ngaliyan,2024-08-19,0.1,28.1,61.9
33.74.15,Ngaliyan,2024-08-26,0.7,28.9,56.1
33.74.15,Ngaliyan,2024-09-02,11.2,28.9,61.4
33.74.15,Ngaliyan,2024-09-09,26.0,27.7,69.3
33.74.15,Ngaliyan,2024-09-16,1.1,28.1,58.6
33.74.15,Ngaliyan,2024-09-23,25.7,27.7,76.6
33.74.15,Ngaliyan,2024-09-30,9.8,28.8,68.3
33.74.15,Ngaliyan,2024-10-07,26.3,29.5,63.6
33.74.15,Ngaliyan,2024-10-14,8.0,28.0,67.1
33.74.15,Ngaliyan,2024-10-21,4.1,28.9,63.9
33.74.15,Ngaliyan,2024-10-28,56.6,27.9,74.6
33.74.15,Ngaliyan,2024-11-04,39.7,27.5,77.3
33.74.15,Ngaliyan,2024-11-11,39.1,27.9,77.3
33.74.15,Ngaliyan,2024-11-18,43.0,27.2,82.3
33.74.15,Ngaliyan,2024-11-25,122.8,27.3,84.4
33.74.15,Ngaliyan,2024-12-02,95.9,26.3,88.3
33.74.15,Ngaliyan,2024-12-09,79.6,26.7,85.9
33.74.15,Ngaliyan,2024-12-16,105.7,26.6,84.7
33.74.15,Ngaliyan,2024-12-23,91.8,26.3,86.9
33.74.15,Ngaliyan,2024-12-30,70.6,25.9,85.4
33.74.15,Ngaliyan,2025-01-06,65.2,26.2,84.7
33.74.15,Ngaliyan,2025-01-13,92.6,26.1,86.4
33.74.15,Ngaliyan,2025-01-20,78.4,25.8,88.6
33.74.15,Ngaliyan,2025-01-27,102.1,25.2,87.7
33.74.15,Ngaliyan,2025-02-03,35.8,26.0,83.6
33.74.15,Ngaliyan,2025-02-10,39.6,26.2,83.6
33.74.15,Ngaliyan,2025-02-17,58.1,25.8,86.6
33.74.15,Ngaliyan,2025-02-24,76.6,25.8,88.1
33.74.15,Ngaliyan,2025-03-03,63.1,26.5,85.3
33.74.15,Ngaliyan,2025-03-10,36.3,26.4,85.0
33.74.15,Ngaliyan,2025-03-17,30.8,26.6,81.9
33.74.15,Ngaliyan,2025-03-24,33.3,26.9,82.4
33.74.15,Ngaliyan,2025-03-31,30.2,26.3,84.6
33.74.15,Ngaliyan,2025-04-07,24.4,27.1,80.0
33.74.15,Ngaliyan,2025-04-14,39.7,26.8,82.1
33.74.15,Ngaliyan,2025-04-21,47.0,26.9,81.1
33.74.15,Ngaliyan,2025-04-28,28.9,27.7,72.9
33.74.15,Ngaliyan,2025-05-05,30.7,27.5,79.7
33.74.15,Ngaliyan,2025-05-12,55.8,26.4,86.0
33.74.15,Ngaliyan,2025-05-19,66.1,26.3,85.3
33.74.15,Ngaliyan,2025-05-26,23.9,27.1,79.6
33.74.15,Ngaliyan,2025-06-02,3.4,28.2,70.3
33.74.15,Ngaliyan,2025-06-09,31.7,27.3,76.1
33.74.15,Ngaliyan,2025-06-16,35.6,26.7,77.7
33.74.15,Ngaliyan,2025-06-23,23.3,27.9,67.6
33.74.15,Ngaliyan,2025-06-30,21.3,27.3,73.3
33.74.15,Ngaliyan,2025-07-07,4.4,27.7,62.3
33.74.15,Ngaliyan,2025-07-14,7.2,27.6,64.0
33.74.15,Ngaliyan,2025-07-21,2.7,28.4,61.0
33.74.15,Ngaliyan,2025-07-28,12.4,28.7,63.7
33.74.15,Ngaliyan,2025-08-04,25.1,27.0,77.4
33.74.15,Ngaliyan,2025-08-11,31.6,26.8,72.4
33.74.15,Ngaliyan,2025-08-18,28.0,26.9,74.9
33.74.15,Ngaliyan,2025-08-25,11.6,27.6,65.6
33.74.15,Ngaliyan,2025-09-01,3.7,28.6,59.3
33.74.15,Ngaliyan,2025-09-08,37.1,27.4,73.3
33.74.15,Ngaliyan,2025-09-15,66.7,27.0,76.1
33.74.15,Ngaliyan,2025-09-22,10.7,28.5,68.9
33.74.15,Ngaliyan,2025-09-29,19.1,27.6,72.9
33.74.15,Ngaliyan,2025-10-06,5.9,28.9,63.4
33.74.15,Ngaliyan,2025-10-13,23.2,28.8,71.1
33.74.15,Ngaliyan,2025-10-20,204.2,26.4,86.1
33.74.15,Ngaliyan,2025-10-27,57.5,26.6,84.3
33.74.15,Ngaliyan,2025-11-03,55.9,26.8,82.7
33.74.15,Ngaliyan,2025-11-10,85.8,26.3,85.7
33.74.15,Ngaliyan,2025-11-17,76.6,26.5,84.4
33.74.15,Ngaliyan,2025-11-24,13.4,27.5,75.3
33.74.15,Ngaliyan,2025-12-01,50.1,26.7,83.3
33.74.15,Ngaliyan,2025-12-08,79.4,26.1,86.7
33.74.15,Ngaliyan,2025-12-15,57.5,26.7,81.7
33.74.15,Ngaliyan,2025-12-22,72.4,26.7,85.4
33.74.15,Ngaliyan,2025-12-29,29.8,26.1,84.3
33.74.16,Tugu,2020-12-28,45.0,26.2,89.3
33.74.16,Tugu,2021-01-04,102.8,26.3,88.4
33.74.16,Tugu,2021-01-11,78.4,26.4,88.3
33.74.16,Tugu,2021-01-18,96.0,25.7,89.0
33.74.16,Tugu,2021-01-25,85.6,25.6,89.3
33.74.16,Tugu,2021-02-01,67.5,25.7,88.4
33.74.16,Tugu,2021-02-08,119.8,25.9,90.1
33.74.16,Tugu,2021-02-15,221.8,25.4,89.4
33.74.16,Tugu,2021-02-22,72.8,26.0,88.3
33.74.16,Tugu,2021-03-01,72.0,26.4,86.9
33.74.16,Tugu,2021-03-08,52.3,26.1,86.6
33.74.16,Tugu,2021-03-15,52.3,26.8,88.4
33.74.16,Tugu,2021-03-22,47.6,26.7,89.3
33.74.16,Tugu,2021-03-29,28.0,27.2,86.4
33.74.16,Tugu,2021-04-05,58.4,27.1,85.9
33.74.16,Tugu,2021-04-12,28.2,26.9,87.6
33.74.16,Tugu,2021-04-19,8.1,27.2,80.4
33.74.16,Tugu,2021-04-26,12.5,27.7,80.3
33.74.16,Tugu,2021-05-03,25.3,27.7,81.4
33.74.16,Tugu,2021-05-10,0.6,28.7,73.9
33.74.16,Tugu,2021-05-17,16.4,27.9,80.4
33.74.16,Tugu,2021-05-24,117.1,27.8,81.4
33.74.16,Tugu,2021-05-31,6.5,28.1,80.3
33.74.16,Tugu,2021-06-07,20.8,27.7,80.7
33.74.16,Tugu,2021-06-14,62.9,26.6,84.9
33.74.16,Tugu,2021-06-21,24.1,26.8,85.0
33.74.16,Tugu,2021-06-28,12.3,27.3,79.6
33.74.16,Tugu,2021-07-05,8.2,27.9,69.6
33.74.16,Tugu,2021-07-12,0.8,28.6,62.7
33.74.16,Tugu,2021-07-19,0.6,28.9,65.9
33.74.16,Tugu,2021-07-26,2.2,28.3,63.3
33.74.16,Tugu,2021-08-02,12.2,28.8,67.9
33.74.16,Tugu,2021-08-09,20.9,28.7,66.6
33.74.16,Tugu,2021-08-16,17.7,28.1,71.1
33.74.16,Tugu,2021-08-23,0.8,28.5,63.1
33.74.16,Tugu,2021-08-30,2.6,28.8,62.6
33.74.16,Tugu,2021-09-06,13.6,28.7,67.3
33.74.16,Tugu,2021-09-13,7.4,28.3,73.0
33.74.16,Tugu,2021-09-20,31.4,28.2,73.6
33.74.16,Tugu,2021-09-27,2.7,28.3,73.6
33.74.16,Tugu,2021-10-04,2.9,28.6,63.3
33.74.16,Tugu,2021-10-11,3.3,29.5,64.1
33.74.16,Tugu,2021-10-18,34.9,27.6,82.4
33.74.16,Tugu,2021-10-25,53.1,27.3,84.7
33.74.16,Tugu,2021-11-01,37.6,27.2,85.1
33.74.16,Tugu,2021-11-08,129.9,26.8,88.6
33.74.16,Tugu,2021-11-15,53.4,26.6,87.1
33.74.16,Tugu,2021-11-22,119.2,26.4,88.4
33.74.16,Tugu,2021-11-29,87.5,26.8,85.9
33.74.16,Tugu,2021-12-06,101.6,26.5,88.0
33.74.16,Tugu,2021-12-13,89.3,26.9,88.7
33.74.16,Tugu,2021-12-20,88.2,26.5,87.9
33.74.16,Tugu,2021-12-27,176.0,26.4,87.7
33.74.16,Tugu,2022-01-03,62.9,26.7,84.4
33.74.16,Tugu,2022-01-10,54.8,25.9,87.3
33.74.16,Tugu,2022-01-17,104.1,25.9,87.7
33.74.16,Tugu,2022-01-24,35.5,26.6,86.0
33.74.16,Tugu,2022-01-31,88.2,26.4,86.1
33.74.16,Tugu,2022-02-07,86.1,26.3,85.7
33.74.16,Tugu,2022-02-14,69.8,26.3,86.4
33.74.16,Tugu,2022-02-21,80.2,26.6,84.9
33.74.16,Tugu,2022-02-28,97.8,26.6,87.0
33.74.16,Tugu,2022-03-07,137.2,26.2,90.0
33.74.16,Tugu,2022-03-14,85.7,26.7,88.3
33.74.16,Tugu,2022-03-21,53.7,27.1,84.7
33.74.16,Tugu,2022-03-28,38.2,27.2,84.3
33.74.16,Tugu,2022-04-04,73.0,26.8,85.0
33.74.16,Tugu,2022-04-11,18.1,27.8,78.9
33.74.16,Tugu,2022-04-18,37.3,27.1,84.6
33.74.16,Tugu,2022-04-25,44.8,27.1,86.0
33.74.16,Tugu,2022-05-02,27.1,27.9,80.9
33.74.16,Tugu,2022-05-09,54.2,27.3,87.4
33.74.16,Tugu,2022-05-16,63.2,27.0,86.0
33.74.16,Tugu,2022-05-23,30.8,27.1,80.9
33.74.16,Tugu,2022-05-30,32.6,27.2,83.9
33.74.16,Tugu,2022-06-06,51.4,26.9,84.0
33.74.16,Tugu,2022-06-13,52.1,26.4,86.0
33.74.16,Tugu,2022-06-20,24.6,27.0,79.9
33.74.16,Tugu,2022-06-27,21.4,27.3,73.4
33.74.16,Tugu,2022-07-04,19.4,27.2,76.1
33.74.16,Tugu,2022-07-11,42.3,26.9,80.4
33.74.16,Tugu,2022-07-18,8.2,27.4,76.7
33.74.16,Tugu,2022-07-25,0.0,27.4,69.6
33.74.16,Tugu,2022-08-01,7.7,27.7,73.9
33.74.16,Tugu,2022-08-08,27.3,28.0,73.1
33.74.16,Tugu,2022-08-15,5.4,27.8,72.0
33.74.16,Tugu,2022-08-22,6.7,28.1,67.4
33.74.16,Tugu,2022-08-29,9.0,28.4,68.6
33.74.16,Tugu,2022-09-05,47.9,27.1,81.1
33.74.16,Tugu,2022-09-12,3.6,28.1,73.9
33.74.16,Tugu,2022-09-19,15.7,28.2,72.7
33.74.16,Tugu,2022-09-26,33.3,28.4,70.6
33.74.16,Tugu,2022-10-03,90.1,26.4,86.6
33.74.16,Tugu,2022-10-10,89.4,26.7,85.4
33.74.16,Tugu,2022-10-17,58.3,26.7,86.7
33.74.16,Tugu,2022-10-24,83.3,26.5,82.4
33.74.16,Tugu,2022-10-31,124.9,27.0,83.6
33.74.16,Tugu,2022-11-07,85.6,26.4,87.7
33.74.16,Tugu,2022-11-14,54.9,26.7,86.1
33.74.16,Tugu,2022-11-21,104.4,26.4,87.3
33.74.16,Tugu,2022-11-28,55.1,26.5,86.1
33.74.16,Tugu,2022-12-05,41.3,27.1,83.6
33.74.16,Tugu,2022-12-12,51.9,27.0,85.1
33.74.16,Tugu,2022-12-19,100.8,26.4,86.1
33.74.16,Tugu,2022-12-26,96.4,25.4,87.6
33.74.16,Tugu,2023-01-02,96.2,26.1,86.6
33.74.16,Tugu,2023-01-09,37.8,26.6,86.0
33.74.16,Tugu,2023-01-16,80.4,26.3,86.6
33.74.16,Tugu,2023-01-23,96.6,26.0,87.7
33.74.16,Tugu,2023-01-30,63.8,26.4,85.6
33.74.16,Tugu,2023-02-06,50.7,26.2,86.0
33.74.16,Tugu,2023-02-13,185.0,26.0,88.1
33.74.16,Tugu,2023-02-20,68.5,26.0,86.3
33.74.16,Tugu,2023-02-27,209.7,25.6,88.3
33.74.16,Tugu,2023-03-06,36.3,26.5,87.0
33.74.16,Tugu,2023-03-13,35.1,26.7,85.7
33.74.16,Tugu,2023-03-20,56.2,27.2,85.4
33.74.16,Tugu,2023-03-27,71.3,26.5,86.7
33.74.16,Tugu,2023-04-03,42.5,26.8,84.3
33.74.16,Tugu,2023-04-10,116.3,26.8,87.3
33.74.16,Tugu,2023-04-17,29.5,27.7,82.7
33.74.16,Tugu,2023-04-24,40.2,27.6,83.7
33.74.16,Tugu,2023-05-01,50.6,27.6,85.9
33.74.16,Tugu,2023-05-08,13.8,28.0,79.3
33.74.16,Tugu,2023-05-15,1.0,27.8,72.0
33.74.16,Tugu,2023-05-22,0.5,28.3,70.0
33.74.16,Tugu,2023-05-29,0.6,28.9,68.3
33.74.16,Tugu,2023-06-05,16.4,28.3,73.9
33.74.16,Tugu,2023-06-12,10.8,28.4,73.4
33.74.16,Tugu,2023-06-19,8.5,28.0,73.7
33.74.16,Tugu,2023-06-26,4.8,28.6,67.0
33.74.16,Tugu,2023-07-03,15.0,28.1,72.4
33.74.16,Tugu,2023-07-10,7.4,28.2,67.6
33.74.16,Tugu,2023-07-17,0.1,28.4,57.9
33.74.16,Tugu,2023-07-24,0.8,28.1,61.0
33.74.16,Tugu,2023-07-31,0.6,29.0,61.1
33.74.16,Tugu,2023-08-07,0.3,28.0,62.9
33.74.16,Tugu,2023-08-14,0.3,28.6,58.3
33.74.16,Tugu,2023-08-21,0.3,28.8,61.0
33.74.16,Tugu,2023-08-28,0.2,28.2,58.7
33.74.16,Tugu,2023-09-04,0.5,28.6,56.0
33.74.16,Tugu,2023-09-11,5.0,29.4,58.4
33.74.16,Tugu,2023-09-18,0.8,29.1,55.7
33.74.16,Tugu,2023-09-25,0.8,29.6,56.1
33.74.16,Tugu,2023-10-02,5.4,29.8,61.6
33.74.16,Tugu,2023-10-09,8.3,29.7,64.6
33.74.16,Tugu,2023-10-16,1.0,30.3,61.9
33.74.16,Tugu,2023-10-23,23.8,29.6,66.1
33.74.16,Tugu,2023-10-30,35.3,29.1,74.9
33.74.16,Tugu,2023-11-06,12.5,28.8,75.3
33.74.16,Tugu,2023-11-13,27.0,28.9,76.7
33.74.16,Tugu,2023-11-20,31.0,28.5,79.0
33.74.16,Tugu,2023-11-27,56.7,27.4,83.6
33.74.16,Tugu,2023-12-04,47.6,27.4,86.4
33.74.16,Tugu,2023-12-11,3.4,28.7,72.3
33.74.16,Tugu,2023-12-18,7.2,29.4,65.1
33.74.16,Tugu,2023-12-25,43.8,28.0,83.3
33.74.16,Tugu,2024-01-01,103.3,27.2,86.9
33.74.16,Tugu,2024-01-08,53.3,27.6,84.3
33.74.16,Tugu,2024-01-15,67.0,27.2,86.3
33.74.16,Tugu,2024-01-22,66.3,26.9,85.9
33.74.16,Tugu,2024-01-29,119.4,26.9,87.1
33.74.16,Tugu,2024-02-05,101.0,26.8,86.4
33.74.16,Tugu,2024-02-12,59.2,27.4,87.1
33.74.16,Tugu,2024-02-19,24.9,27.7,86.0
33.74.16,Tugu,2024-02-26,66.1,27.5,85.6
33.74.16,Tugu,2024-03-04,131.5,27.3,87.4
33.74.16,Tugu,2024-03-11,85.6,26.6,87.1
33.74.16,Tugu,2024-03-18,14.8,27.6,82.9
33.74.16,Tugu,2024-03-25,46.4,28.1,84.0
33.74.16,Tugu,2024-04-01,48.6,27.8,87.6
33.74.16,Tugu,2024-04-08,60.8,27.9,85.4
33.74.16,Tugu,2024-04-15,44.4,28.0,85.4
33.74.16,Tugu,2024-04-22,88.8,28.1,83.6
33.74.16,Tugu,2024-04-29,5.6,28.9,77.0
33.74.16,Tugu,2024-05-06,4.0,29.5,68.6
33.74.16,Tugu,2024-05-13,1.9,30.2,65.6
33.74.16,Tugu,2024-05-20,13.3,29.1,73.0
33.74.16,Tugu,2024-05-27,17.5,29.4,73.1
33.74.16,Tugu,2024-06-03,4.0,28.5,74.6
33.74.16,Tugu,2024-06-10,27.6,28.0,79.3
33.74.16,Tugu,2024-06-17,1.5,29.0,62.0
33.74.16,Tugu,2024-06-24,16.7,28.8,73.4
33.74.16,Tugu,2024-07-01,34.2,27.8,78.1
33.74.16,Tugu,2024-07-08,0.5,28.0,64.7
33.74.16,Tugu,2024-07-15,0.2,28.5,59.0
33.74.16,Tugu,2024-07-22,0.6,28.9,61.6
33.74.16,Tugu,2024-07-29,10.3,28.6,66.6
33.74.16,Tugu,2024-08-05,4.5,28.5,67.1
33.74.16,Tugu,2024-08-12,0.0,28.3,56.7
33.74.16,Tugu,2024-08-19,0.1,28.8,62.0
33.74.16,Tugu,2024-08-26,0.7,29.6,56.3
33.74.16,Tugu,2024-09-02,11.2,29.6,61.6
33.74.16,Tugu,2024-09-09,26.0,28.4,69.7
33.74.16,Tugu,2024-09-16,1.1,28.8,58.9
33.74.16,Tugu,2024-09-23,25.7,28.4,76.7
33.74.16,Tugu,2024-09-30,9.8,29.5,68.6
33.74.16,Tugu,2024-10-07,26.3,30.1,63.7
33.74.16,Tugu,2024-10-14,8.0,28.7,67.4
33.74.16,Tugu,2024-10-21,4.1,29.6,63.9
33.74.16,Tugu,2024-10-28,56.6,28.6,74.6
33.74.16,Tugu,2024-11-04,39.7,28.2,77.3
33.74.16,Tugu,2024-11-11,39.1,28.6,77.3
33.74.16,Tugu,2024-11-18,43.0,27.9,82.6
33.74.16,Tugu,2024-11-25,122.8,27.9,84.4
33.74.16,Tugu,2024-12-02,95.9,27.0,88.3
33.74.16,Tugu,2024-12-09,79.6,27.4,86.0
33.74.16,Tugu,2024-12-16,105.7,27.3,84.7
33.74.16,Tugu,2024-12-23,91.8,27.0,87.0
33.74.16,Tugu,2024-12-30,70.6,26.6,85.4
33.74.16,Tugu,2025-01-06,65.2,26.9,84.9
33.74.16,Tugu,2025-01-13,92.6,26.8,86.7
33.74.16,Tugu,2025-01-20,78.4,26.5,88.6
33.74.16,Tugu,2025-01-27,102.1,25.9,87.9
33.74.16,Tugu,2025-02-03,35.8,26.7,83.7
33.74.16,Tugu,2025-02-10,39.6,26.9,83.9
33.74.16,Tugu,2025-02-17,58.1,26.5,86.6
33.74.16,Tugu,2025-02-24,76.6,26.5,88.3
33.74.16,Tugu,2025-03-03,63.1,27.2,85.3
33.74.16,Tugu,2025-03-10,36.3,27.1,85.0
33.74.16,Tugu,2025-03-17,30.8,27.2,81.9
33.74.16,Tugu,2025-03-24,33.3,27.5,82.4
33.74.16,Tugu,2025-03-31,30.2,27.0,84.7
33.74.16,Tugu,2025-04-07,24.4,27.8,80.3
33.74.16,Tugu,2025-04-14,39.7,27.5,82.3
33.74.16,Tugu,2025-04-21,47.0,27.6,81.1
33.74.16,Tugu,2025-04-28,28.9,28.4,73.0
33.74.16,Tugu,2025-05-05,30.7,28.2,80.0
33.74.16,Tugu,2025-05-12,55.8,27.1,86.0
33.74.16,Tugu,2025-05-19,66.1,27.0,85.7
33.74.16,Tugu,2025-05-26,23.9,27.8,79.7
33.74.16,Tugu,2025-06-02,3.4,28.9,70.3
33.74.16,Tugu,2025-06-09,31.7,28.0,76.1
33.74.16,Tugu,2025-06-16,35.6,27.4,77.7
33.74.16,Tugu,2025-06-23,23.3,28.6,67.7
33.74.16,Tugu,2025-06-30,21.3,28.0,73.4
33.74.16,Tugu,2025-07-07,4.4,28.4,62.4
33.74.16,Tugu,2025-07-14,7.2,28.3,64.1
33.74.16,Tugu,2025-07-21,2.7,29.1,61.3
33.74.16,Tugu,2025-07-28,12.4,29.4,63.7
33.74.16,Tugu,2025-08-04,25.1,27.7,77.4
33.74.16,Tugu,2025-08-11,31.6,27.4,72.6
33.74.16,Tugu,2025-08-18,28.0,27.6,74.9
33.74.16,Tugu,2025-08-25,11.6,28.3,65.6
33.74.16,Tugu,2025-09-01,3.7,29.3,59.3
33.74.16,Tugu,2025-09-08,37.1,28.1,73.6
33.74.16,Tugu,2025-09-15,66.7,27.7,76.3
33.74.16,Tugu,2025-09-22,10.7,29.2,68.9
33.74.16,Tugu,2025-09-29,19.1,28.3,73.1
33.74.16,Tugu,2025-10-06,5.9,29.6,63.7
33.74.16,Tugu,2025-10-13,23.2,29.5,71.1
33.74.16,Tugu,2025-10-20,204.2,27.1,86.3
33.74.16,Tugu,2025-10-27,57.5,27.3,84.3
33.74.16,Tugu,2025-11-03,55.9,27.5,82.7
33.74.16,Tugu,2025-11-10,85.8,27.0,86.0
33.74.16,Tugu,2025-11-17,76.6,27.2,84.6
33.74.16,Tugu,2025-11-24,13.4,28.2,75.3
33.74.16,Tugu,2025-12-01,50.1,27.3,83.3
33.74.16,Tugu,2025-12-08,79.4,26.8,86.7
33.74.16,Tugu,2025-12-15,57.5,27.3,81.7
33.74.16,Tugu,2025-12-22,72.4,27.4,85.6
33.74.16,Tugu,2025-12-29,29.8,26.8,84.7
