{
  "type": "FeatureCollection",
  "name": "Batas 16 Kecamatan Kota Semarang (Dissolved)",
  "crs": {
    "type": "name",
    "properties": {
      "name": "urn:ogc:def:crs:OGC:1.3:CRS84"
    }
  },
  "features": [
    {
      "type": "Feature",
      "properties": {
        "id": "KEC_SMG_16",
        "nama": "Ngaliyan",
        "kode_bps": "3374160",
        "level": "kecamatan",
        "total_kelurahan": 10
      },
      "geometry": {
        "type": "Polygon",
        "coordinates": [
          [
            [
              110.28019720000009,
              -7.003998199999955
            ],
            [
              110.28020480000004,
              -7.004166099999964
            ],
            [
              110.28025050000008,
              -7.004458899999975
            ],
            [
              110.28031160000006,
              -7.004483199999981
            ],
            [
              110.28041080000008,
              -7.004468399999951
            ],
            [
              110.28066250000006,
              -7.004448399999944
            ],
            [
              110.28090670000006,
              -7.004467499999976
            ],
            [
              110.28131870000004,
              -7.004560899999944
            ],
            [
              110.28179930000005,
              -7.004673
            ],
            [
              110.28215030000007,
              -7.004822199999978
            ],
            [
              110.28250890000004,
              -7.004990599999928
            ],
            [
              110.28282930000006,
              -7.005200399999978
            ],
            [
              110.28279120000008,
              -7.005381099999965
            ],
            [
              110.28271490000009,
              -7.005991
            ],
            [
              110.28266910000008,
              -7.006291399999952
            ],
            [
              110.28252410000005,
              -7.006845899999973
            ],
            [
              110.28332520000004,
              -7.006969899999945
            ],
            [
              110.28361680000006,
              -7.007107499999961
            ],
            [
              110.28396610000004,
              -7.007272199999932
            ],
            [
              110.28508,
              -7.008032299999968
            ],
            [
              110.28527070000007,
              -7.00818529999998
            ],
            [
              110.285553,
              -7.008668399999976
            ],
            [
              110.28571320000009,
              -7.009077499999933
            ],
            [
              110.285759,
              -7.009312099999931
            ],
            [
              110.28573610000007,
              -7.009566799999959
            ],
            [
              110.28578950000008,
              -7.010044599999958
            ],
            [
              110.28566740000008,
              -7.010196199999939
            ],
            [
              110.28545380000008,
              -7.010453199999972
            ],
            [
              110.284874,
              -7.011169399999972
            ],
            [
              110.28471380000008,
              -7.011343899999929
            ],
            [
              110.28470610000005,
              -7.012380599999972
            ],
            [
              110.28462220000006,
              -7.012598
            ],
            [
              110.28453890000009,
              -7.012741199999937
            ],
            [
              110.28471690000003,
              -7.012840399999959
            ],
            [
              110.28476840000008,
              -7.012943699999937
            ],
            [
              110.28477190000007,
              -7.012971899999968
            ],
            [
              110.28478620000004,
              -7.012986199999943
            ],
            [
              110.28479920000007,
              -7.013078
            ],
            [
              110.28481970000007,
              -7.013222599999949
            ],
            [
              110.28485050000006,
              -7.013305199999934
            ],
            [
              110.28493320000007,
              -7.013346699999943
            ],
            [
              110.28507340000004,
              -7.013352699999928
            ],
            [
              110.28507970000004,
              -7.013361199999963
            ],
            [
              110.28520190000006,
              -7.013347099999976
            ],
            [
              110.28544990000006,
              -7.013357799999937
            ],
            [
              110.28566690000008,
              -7.013358099999948
            ],
            [
              110.28583220000007,
              -7.013430599999936
            ],
            [
              110.28607990000006,
              -7.013647899999967
            ],
            [
              110.28626560000004,
              -7.013865
            ],
            [
              110.28642040000005,
              -7.013989099999947
            ],
            [
              110.28670970000007,
              -7.014051499999937
            ],
            [
              110.28703,
              -7.014134599999977
            ],
            [
              110.287247,
              -7.014134899999931
            ],
            [
              110.28747450000009,
              -7.014104299999929
            ],
            [
              110.28756760000005,
              -7.014021799999966
            ],
            [
              110.28774330000005,
              -7.014022099999977
            ],
            [
              110.28806350000008,
              -7.014136199999939
            ],
            [
              110.28836290000004,
              -7.014322499999935
            ],
            [
              110.28837310000006,
              -7.014339499999949
            ],
            [
              110.28849,
              -7.01437
            ],
            [
              110.28862,
              -7.0145
            ],
            [
              110.28866,
              -7.01471
            ],
            [
              110.28872,
              -7.01474
            ],
            [
              110.28902,
              -7.01488
            ],
            [
              110.28938,
              -7.01495
            ],
            [
              110.28958,
              -7.0149
            ],
            [
              110.28984,
              -7.01475
            ],
            [
              110.29043890000008,
              -7.014875699999948
            ],
            [
              110.29101280000003,
              -7.014954799999941
            ],
            [
              110.29149530000007,
              -7.015033699999947
            ],
            [
              110.29191240000006,
              -7.015229899999952
            ],
            [
              110.29266870000004,
              -7.01546559999997
            ],
            [
              110.29324,
              -7.01564
            ],
            [
              110.29358650000006,
              -7.015842099999929
            ],
            [
              110.29349660000008,
              -7.016619899999966
            ],
            [
              110.29330640000006,
              -7.017878699999926
            ],
            [
              110.29321120000009,
              -7.018573199999935
            ],
            [
              110.29309790000008,
              -7.019249699999932
            ],
            [
              110.29297340000005,
              -7.020139499999971
            ],
            [
              110.29294030000005,
              -7.020497699999964
            ],
            [
              110.29290840000004,
              -7.020835599999941
            ],
            [
              110.29295970000004,
              -7.021422099999938
            ],
            [
              110.29290710000004,
              -7.021734899999956
            ],
            [
              110.29289360000007,
              -7.022047599999951
            ],
            [
              110.29392440000004,
              -7.022217799999964
            ],
            [
              110.29465470000008,
              -7.022302
            ],
            [
              110.29542980000008,
              -7.022355499999946
            ],
            [
              110.29585910000009,
              -7.02248179999998
            ],
            [
              110.29594290000006,
              -7.022579699999937
            ],
            [
              110.29595440000008,
              -7.022582899999975
            ],
            [
              110.29598420000008,
              -7.022900599999957
            ],
            [
              110.29598750000008,
              -7.022900799999945
            ],
            [
              110.29609990000006,
              -7.022885
            ],
            [
              110.29617620000005,
              -7.022879299999943
            ],
            [
              110.29624670000004,
              -7.022914599999979
            ],
            [
              110.29644,
              -7.02298
            ],
            [
              110.2967,
              -7.02304
            ],
            [
              110.29698,
              -7.02312
            ],
            [
              110.29733,
              -7.02326
            ],
            [
              110.29746,
              -7.02338
            ],
            [
              110.29762,
              -7.0235
            ],
            [
              110.29778520000008,
              -7.023509799999943
            ],
            [
              110.29797370000006,
              -7.023468699999967
            ],
            [
              110.29839290000007,
              -7.023301899999979
            ],
            [
              110.29875980000008,
              -7.023124499999938
            ],
            [
              110.29975,
              -7.022963799999957
            ],
            [
              110.30024230000004,
              -7.022964499999944
            ],
            [
              110.30098590000006,
              -7.023059799999942
            ],
            [
              110.30162470000005,
              -7.023186399999929
            ],
            [
              110.30195970000005,
              -7.023312399999952
            ],
            [
              110.30249390000006,
              -7.023355099999947
            ],
            [
              110.30325860000005,
              -7.02337719999997
            ],
            [
              110.30417,
              -7.023347099999967
            ],
            [
              110.30486140000005,
              -7.023337699999956
            ],
            [
              110.30526070000008,
              -7.023283899999967
            ],
            [
              110.30541710000006,
              -7.023003599999981
            ],
            [
              110.30558520000005,
              -7.022658499999977
            ],
            [
              110.30575320000008,
              -7.022397099999978
            ],
            [
              110.305858,
              -7.022376299999962
            ],
            [
              110.30617220000005,
              -7.02241859999998
            ],
            [
              110.30662240000004,
              -7.022524
            ],
            [
              110.30752320000005,
              -7.022577599999977
            ],
            [
              110.30823550000008,
              -7.022599599999978
            ],
            [
              110.309084,
              -7.022632299999941
            ],
            [
              110.30958680000003,
              -7.022633
            ],
            [
              110.31013160000003,
              -7.022581499999944
            ],
            [
              110.31050920000007,
              -7.022503099999938
            ],
            [
              110.31034,
              -7.02204
            ],
            [
              110.31001,
              -7.02117
            ],
            [
              110.30996,
              -7.02092
            ],
            [
              110.30992,
              -7.02085
            ],
            [
              110.30977,
              -7.02057
            ],
            [
              110.30966,
              -7.02031
            ],
            [
              110.30945,
              -7.01996
            ],
            [
              110.30938130000004,
              -7.019849199999953
            ],
            [
              110.30936710000009,
              -7.019826299999977
            ],
            [
              110.30960690000006,
              -7.019718199999943
            ],
            [
              110.31005030000006,
              -7.019547199999977
            ],
            [
              110.31035340000005,
              -7.019448199999943
            ],
            [
              110.31073790000005,
              -7.019331299999976
            ],
            [
              110.31105450000007,
              -7.019227899999976
            ],
            [
              110.31132140000005,
              -7.019169599999941
            ],
            [
              110.31148650000006,
              -7.019161299999951
            ],
            [
              110.31190280000004,
              -7.019083699999953
            ],
            [
              110.31248930000004,
              -7.018969799999979
            ],
            [
              110.31309390000007,
              -7.018892199999925
            ],
            [
              110.31362930000006,
              -7.018862399999932
            ],
            [
              110.31372280000005,
              -7.018847799999946
            ],
            [
              110.31407550000006,
              -7.018834799999979
            ],
            [
              110.31452770000004,
              -7.018835399999944
            ],
            [
              110.31481250000007,
              -7.018835899999942
            ],
            [
              110.31498890000006,
              -7.018831599999942
            ],
            [
              110.31505750000008,
              -7.018851599999948
            ],
            [
              110.31516520000008,
              -7.018849899999964
            ],
            [
              110.315441,
              -7.018872899999963
            ],
            [
              110.31569870000004,
              -7.018913899999973
            ],
            [
              110.315893,
              -7.01896389999996
            ],
            [
              110.31606920000007,
              -7.019059
            ],
            [
              110.31619120000005,
              -7.019163099999957
            ],
            [
              110.31634930000007,
              -7.019253699999979
            ],
            [
              110.31646680000006,
              -7.019285499999967
            ],
            [
              110.31676050000004,
              -7.019412399999965
            ],
            [
              110.31692770000006,
              -7.019512
            ],
            [
              110.31693470000005,
              -7.019514699999945
            ],
            [
              110.31739670000007,
              -7.019611099999963
            ],
            [
              110.31799490000009,
              -7.019781
            ],
            [
              110.31832730000008,
              -7.019835899999975
            ],
            [
              110.31880160000009,
              -7.020014699999933
            ],
            [
              110.31938770000005,
              -7.020178599999952
            ],
            [
              110.31968980000005,
              -7.020287799999949
            ],
            [
              110.31988920000003,
              -7.020306199999936
            ],
            [
              110.32022790000008,
              -7.020204
            ],
            [
              110.320621,
              -7.020089799999937
            ],
            [
              110.32106540000007,
              -7.020021
            ],
            [
              110.32134970000004,
              -7.019900699999937
            ],
            [
              110.32157370000004,
              -7.019647299999974
            ],
            [
              110.32168660000008,
              -7.01953
            ],
            [
              110.32168970000004,
              -7.01953
            ],
            [
              110.32174320000007,
              -7.019466399999942
            ],
            [
              110.32192460000005,
              -7.01945459999996
            ],
            [
              110.32256520000004,
              -7.019509899999946
            ],
            [
              110.32293390000007,
              -7.019576799999925
            ],
            [
              110.32355030000008,
              -7.019650199999944
            ],
            [
              110.32399760000004,
              -7.019687099999942
            ],
            [
              110.32487310000005,
              -7.019760799999972
            ],
            [
              110.32544820000004,
              -7.019773699999973
            ],
            [
              110.32611320000007,
              -7.019762599999979
            ],
            [
              110.326754,
              -7.019751399999961
            ],
            [
              110.32740680000006,
              -7.019734199999959
            ],
            [
              110.32799320000004,
              -7.019735099999934
            ],
            [
              110.32833170000004,
              -7.019723499999941
            ],
            [
              110.32845260000005,
              -7.019729699999971
            ],
            [
              110.32876680000004,
              -7.019826799999976
            ],
            [
              110.33027450000009,
              -7.020164099999931
            ],
            [
              110.33121720000008,
              -7.020358699999974
            ],
            [
              110.33169160000006,
              -7.020477199999959
            ],
            [
              110.33201790000004,
              -7.020568199999957
            ],
            [
              110.33212450000008,
              -7.020627599999955
            ],
            [
              110.33220190000009,
              -7.02065129999994
            ],
            [
              110.33268,
              -7.020839
            ],
            [
              110.33301270000004,
              -7.020932899999934
            ],
            [
              110.33327250000008,
              -7.021037199999967
            ],
            [
              110.33350110000003,
              -7.021151799999927
            ],
            [
              110.33375040000004,
              -7.021380699999952
            ],
            [
              110.33398910000005,
              -7.021651199999951
            ],
            [
              110.33421770000007,
              -7.021838499999944
            ],
            [
              110.33445670000003,
              -7.021922
            ],
            [
              110.33464930000008,
              -7.022037399999931
            ],
            [
              110.33470550000004,
              -7.022060799999963
            ],
            [
              110.33501330000007,
              -7.022144299999979
            ],
            [
              110.33535870000009,
              -7.022199799999953
            ],
            [
              110.33579,
              -7.02229
            ],
            [
              110.33586,
              -7.02229
            ],
            [
              110.33588190000006,
              -7.02228759999997
            ],
            [
              110.33590120000008,
              -7.022279099999935
            ],
            [
              110.33603850000009,
              -7.022005499999977
            ],
            [
              110.33680380000004,
              -7.020501299999978
            ],
            [
              110.33718870000007,
              -7.019717199999945
            ],
            [
              110.33723740000005,
              -7.019590799999946
            ],
            [
              110.33724370000004,
              -7.019571199999973
            ],
            [
              110.33766960000008,
              -7.019698099999971
            ],
            [
              110.33813550000008,
              -7.01983249999995
            ],
            [
              110.33857160000008,
              -7.01998169999996
            ],
            [
              110.33907710000005,
              -7.020076499999959
            ],
            [
              110.33958780000006,
              -7.020082199999933
            ],
            [
              110.33986050000004,
              -7.020028099999934
            ],
            [
              110.34037630000006,
              -7.019919799999968
            ],
            [
              110.34063420000007,
              -7.019831
            ],
            [
              110.34069140000008,
              -7.019810099999972
            ],
            [
              110.34069370000009,
              -7.019794099999956
            ],
            [
              110.34073580000006,
              -7.019782499999963
            ],
            [
              110.34085880000003,
              -7.01980089999995
            ],
            [
              110.34100010000009,
              -7.019810199999938
            ],
            [
              110.34112320000008,
              -7.019737499999962
            ],
            [
              110.34131930000007,
              -7.019592099999954
            ],
            [
              110.34155190000007,
              -7.019474099999968
            ],
            [
              110.34184360000006,
              -7.019433499999934
            ],
            [
              110.34201220000006,
              -7.01941549999998
            ],
            [
              110.34248680000007,
              -7.01933
            ],
            [
              110.34272,
              -7.01933
            ],
            [
              110.34295,
              -7.01931
            ],
            [
              110.34313,
              -7.0193
            ],
            [
              110.34404,
              -7.0193
            ],
            [
              110.34491,
              -7.01929
            ],
            [
              110.34528,
              -7.01931
            ],
            [
              110.34601,
              -7.01942
            ],
            [
              110.34613,
              -7.01944
            ],
            [
              110.34635,
              -7.01946
            ],
            [
              110.34665,
              -7.01949
            ],
            [
              110.34679,
              -7.01951
            ],
            [
              110.34762,
              -7.01973
            ],
            [
              110.34768,
              -7.01975
            ],
            [
              110.34799,
              -7.01986
            ],
            [
              110.34837,
              -7.02001
            ],
            [
              110.34884,
              -7.02013
            ],
            [
              110.34931,
              -7.02015
            ],
            [
              110.34992,
              -7.02026
            ],
            [
              110.3505,
              -7.02032
            ],
            [
              110.35097,
              -7.02036
            ],
            [
              110.3516,
              -7.02038
            ],
            [
              110.35187,
              -7.02041
            ],
            [
              110.35193570000007,
              -7.02042849999998
            ],
            [
              110.35205790000003,
              -7.020437299999969
            ],
            [
              110.35241450000007,
              -7.020474499999978
            ],
            [
              110.35273070000005,
              -7.020526399999937
            ],
            [
              110.35309450000005,
              -7.020607699999971
            ],
            [
              110.35344730000008,
              -7.020740399999966
            ],
            [
              110.35360390000005,
              -7.020822
            ],
            [
              110.35363,
              -7.02083
            ],
            [
              110.35385,
              -7.02093
            ],
            [
              110.35419,
              -7.02111
            ],
            [
              110.35432,
              -7.02117
            ],
            [
              110.35432050000009,
              -7.021169199999974
            ],
            [
              110.35446930000006,
              -7.021254
            ],
            [
              110.35465660000006,
              -7.020912099999975
            ],
            [
              110.35497890000005,
              -7.020446099999958
            ],
            [
              110.35539460000007,
              -7.019990499999949
            ],
            [
              110.35563360000003,
              -7.019731599999943
            ],
            [
              110.35589340000007,
              -7.019431399999974
            ],
            [
              110.35595590000008,
              -7.019244799999967
            ],
            [
              110.35595620000004,
              -7.019037499999968
            ],
            [
              110.35590450000007,
              -7.018902699999956
            ],
            [
              110.35586860000006,
              -7.018627899999956
            ],
            [
              110.35592060000005,
              -7.018503599999974
            ],
            [
              110.35618020000004,
              -7.01837949999998
            ],
            [
              110.35632560000005,
              -7.01827609999998
            ],
            [
              110.35632580000004,
              -7.018120499999952
            ],
            [
              110.35631570000004,
              -7.017913199999953
            ],
            [
              110.35633680000007,
              -7.01768519999996
            ],
            [
              110.35645110000007,
              -7.01755049999997
            ],
            [
              110.35656530000006,
              -7.017498899999964
            ],
            [
              110.35659260000006,
              -7.017484
            ],
            [
              110.3567,
              -7.01749
            ],
            [
              110.3568,
              -7.01749
            ],
            [
              110.35686,
              -7.01746
            ],
            [
              110.35694,
              -7.01728
            ],
            [
              110.35698,
              -7.01713
            ],
            [
              110.35705250000007,
              -7.017049499999928
            ],
            [
              110.35731380000004,
              -7.016960099999949
            ],
            [
              110.35753560000006,
              -7.016918199999964
            ],
            [
              110.35777840000009,
              -7.016971299999966
            ],
            [
              110.35808450000007,
              -7.01709829999993
            ],
            [
              110.35826390000005,
              -7.017151299999966
            ],
            [
              110.358454,
              -7.017151599999977
            ],
            [
              110.35868650000003,
              -7.017035899999939
            ],
            [
              110.35894010000004,
              -7.016856799999971
            ],
            [
              110.35916210000005,
              -7.016688299999942
            ],
            [
              110.35924690000007,
              -7.016509099999951
            ],
            [
              110.35924720000008,
              -7.016277
            ],
            [
              110.35925810000003,
              -7.015981599999975
            ],
            [
              110.35930480000007,
              -7.015802899999926
            ],
            [
              110.35933050000006,
              -7.015795599999933
            ],
            [
              110.35936940000005,
              -7.015657399999952
            ],
            [
              110.35956680000004,
              -7.015460699999949
            ],
            [
              110.36021050000005,
              -7.015212799999972
            ],
            [
              110.36094760000009,
              -7.014892399999951
            ],
            [
              110.36129020000004,
              -7.01482029999994
            ],
            [
              110.36168450000008,
              -7.014789699999938
            ],
            [
              110.36206860000004,
              -7.014665899999954
            ],
            [
              110.36228680000005,
              -7.014427699999942
            ],
            [
              110.36241150000006,
              -7.014313799999968
            ],
            [
              110.36244480000005,
              -7.014423699999952
            ],
            [
              110.36245,
              -7.01442
            ],
            [
              110.36331,
              -7.01684
            ],
            [
              110.36379,
              -7.01849
            ],
            [
              110.36420360000005,
              -7.01970179999995
            ],
            [
              110.36420750000008,
              -7.019713099999933
            ],
            [
              110.364272,
              -7.019634599999961
            ],
            [
              110.36468740000004,
              -7.019324099999949
            ],
            [
              110.36511330000008,
              -7.019024099999967
            ],
            [
              110.36560110000005,
              -7.018910699999935
            ],
            [
              110.36589450000008,
              -7.018911099999968
            ],
            [
              110.36595340000008,
              -7.018889699999932
            ],
            [
              110.36627550000009,
              -7.018953099999976
            ],
            [
              110.36672140000007,
              -7.019192099999941
            ],
            [
              110.367364,
              -7.019732099999942
            ],
            [
              110.36771640000006,
              -7.020002099999942
            ],
            [
              110.36783110000005,
              -7.020093299999928
            ],
            [
              110.36784,
              -7.02012
            ],
            [
              110.36796,
              -7.02028
            ],
            [
              110.36820540000008,
              -7.020563099999947
            ],
            [
              110.3684,
              -7.020873799999947
            ],
            [
              110.368669,
              -7.021475499999951
            ],
            [
              110.36888640000006,
              -7.021890399999961
            ],
            [
              110.36904180000005,
              -7.022025399999961
            ],
            [
              110.369208,
              -7.021922
            ],
            [
              110.36941570000005,
              -7.021756399999958
            ],
            [
              110.36982060000008,
              -7.021622099999945
            ],
            [
              110.36998670000008,
              -7.021580899999947
            ],
            [
              110.37015250000007,
              -7.021726299999955
            ],
            [
              110.37041170000003,
              -7.021871699999963
            ],
            [
              110.37068140000008,
              -7.021965399999942
            ],
            [
              110.37089720000006,
              -7.02199029999997
            ],
            [
              110.37098030000004,
              -7.022023
            ],
            [
              110.37122080000006,
              -7.022049099999947
            ],
            [
              110.37154260000005,
              -7.021966599999928
            ],
            [
              110.37187490000008,
              -7.021811499999956
            ],
            [
              110.37205240000009,
              -7.021609299999966
            ],
            [
              110.37207,
              -7.02157
            ],
            [
              110.37214,
              -7.02144
            ],
            [
              110.37219540000007,
              -7.021384599999976
            ],
            [
              110.37226990000005,
              -7.021241799999927
            ],
            [
              110.37227020000006,
              -7.021003399999927
            ],
            [
              110.37234320000005,
              -7.02079619999995
            ],
            [
              110.37253020000009,
              -7.02057869999993
            ],
            [
              110.37277950000004,
              -7.020361299999934
            ],
            [
              110.37303930000007,
              -7.020133599999951
            ],
            [
              110.373216,
              -7.019864299999938
            ],
            [
              110.37341330000004,
              -7.019792
            ],
            [
              110.37363110000007,
              -7.019864899999959
            ],
            [
              110.37379050000004,
              -7.020004599999936
            ],
            [
              110.37384870000005,
              -7.020072499999969
            ],
            [
              110.37392330000006,
              -7.020123099999978
            ],
            [
              110.37427370000006,
              -7.020363299999929
            ],
            [
              110.37452240000005,
              -7.020602099999962
            ],
            [
              110.374661,
              -7.020732199999941
            ],
            [
              110.37468830000006,
              -7.020757799999956
            ],
            [
              110.37469970000006,
              -7.020736599999964
            ],
            [
              110.37506320000006,
              -7.021020599999929
            ],
            [
              110.37603010000004,
              -7.02180889999994
            ],
            [
              110.37625030000004,
              -7.021909199999925
            ],
            [
              110.37697730000008,
              -7.022423799999956
            ],
            [
              110.37753080000005,
              -7.022871399999929
            ],
            [
              110.37781750000005,
              -7.023105199999975
            ],
            [
              110.37796440000005,
              -7.023118699999941
            ],
            [
              110.37797920000008,
              -7.023113099999932
            ],
            [
              110.37804970000008,
              -7.023086499999977
            ],
            [
              110.37805060000005,
              -7.023087099999941
            ],
            [
              110.37812470000006,
              -7.023025599999926
            ],
            [
              110.37815830000005,
              -7.02285889999996
            ],
            [
              110.378152,
              -7.022605399999975
            ],
            [
              110.37815360000008,
              -7.022608199999979
            ],
            [
              110.37813880000004,
              -7.022485299999971
            ],
            [
              110.37812590000004,
              -7.022091799999941
            ],
            [
              110.37824,
              -7.021691799999928
            ],
            [
              110.37839420000006,
              -7.021151699999962
            ],
            [
              110.37848810000008,
              -7.020831699999974
            ],
            [
              110.378619,
              -7.020261599999969
            ],
            [
              110.37860620000004,
              -7.019854699999939
            ],
            [
              110.37860010000009,
              -7.019447899999932
            ],
            [
              110.37864730000007,
              -7.019087799999966
            ],
            [
              110.37875170000007,
              -7.018410899999935
            ],
            [
              110.37885240000008,
              -7.01800419999995
            ],
            [
              110.37895290000006,
              -7.017730899999947
            ],
            [
              110.37914670000004,
              -7.017551
            ],
            [
              110.37939370000004,
              -7.017558
            ],
            [
              110.37958050000009,
              -7.017605
            ],
            [
              110.37968670000004,
              -7.01766
            ],
            [
              110.37971970000007,
              -7.01766
            ],
            [
              110.37982740000007,
              -7.017745399999967
            ],
            [
              110.38004720000004,
              -7.018099199999938
            ],
            [
              110.38035350000007,
              -7.01865319999996
            ],
            [
              110.38078010000004,
              -7.019214
            ],
            [
              110.38103310000008,
              -7.01968119999998
            ],
            [
              110.38128960000006,
              -7.020091699999966
            ],
            [
              110.38160290000008,
              -7.020432299999925
            ],
            [
              110.38193660000007,
              -7.020486099999971
            ],
            [
              110.38206650000006,
              -7.020436899999936
            ],
            [
              110.38208370000007,
              -7.020444
            ],
            [
              110.38217710000004,
              -7.020393
            ],
            [
              110.38239090000008,
              -7.020213199999944
            ],
            [
              110.38254520000004,
              -7.019673199999943
            ],
            [
              110.38286,
              -7.018853199999967
            ],
            [
              110.38290720000003,
              -7.018499799999972
            ],
            [
              110.383008,
              -7.018039699999974
            ],
            [
              110.38325210000005,
              -7.017696499999943
            ],
            [
              110.38348590000004,
              -7.01759009999995
            ],
            [
              110.38392650000009,
              -7.017557299999964
            ],
            [
              110.38432050000006,
              -7.017517799999951
            ],
            [
              110.38472110000004,
              -7.017431699999975
            ],
            [
              110.38504160000008,
              -7.01736539999996
            ],
            [
              110.38535880000006,
              -7.017349099999933
            ],
            [
              110.38569250000006,
              -7.017389599999944
            ],
            [
              110.38616650000006,
              -7.017396899999937
            ],
            [
              110.38666710000007,
              -7.017424199999937
            ],
            [
              110.38707950000008,
              -7.017385699999977
            ],
            [
              110.38714130000005,
              -7.017231399999957
            ],
            [
              110.38728870000006,
              -7.016864799999951
            ],
            [
              110.38740260000009,
              -7.016544799999963
            ],
            [
              110.38752320000009,
              -7.016244799999981
            ],
            [
              110.38743020000004,
              -7.015857799999935
            ],
            [
              110.38732060000007,
              -7.015420799999958
            ],
            [
              110.38722090000005,
              -7.015093799999931
            ],
            [
              110.38722310000009,
              -7.015011499999957
            ],
            [
              110.38467340000005,
              -7.013076299999966
            ],
            [
              110.38295610000006,
              -7.011770099999978
            ],
            [
              110.38189250000005,
              -7.010924899999964
            ],
            [
              110.38166590000009,
              -7.010651199999927
            ],
            [
              110.380316,
              -7.009185399999978
            ],
            [
              110.37998270000008,
              -7.008798099999979
            ],
            [
              110.37847960000005,
              -7.007112
            ],
            [
              110.37835630000006,
              -7.006995099999926
            ],
            [
              110.37836790000006,
              -7.006982099999959
            ],
            [
              110.37828960000007,
              -7.006895
            ],
            [
              110.37800230000005,
              -7.006527099999971
            ],
            [
              110.37795,
              -7.00647
            ],
            [
              110.37777,
              -7.00628
            ],
            [
              110.37699,
              -7.00548
            ],
            [
              110.37683,
              -7.0053
            ],
            [
              110.3766,
              -7.00501
            ],
            [
              110.3756,
              -7.00383
            ],
            [
              110.37547,
              -7.00368
            ],
            [
              110.37499,
              -7.00339
            ],
            [
              110.37475,
              -7.00329
            ],
            [
              110.37424,
              -7.00312
            ],
            [
              110.37364,
              -7.00295
            ],
            [
              110.37327,
              -7.00286
            ],
            [
              110.37302,
              -7.00278
            ],
            [
              110.37233,
              -7.00253
            ],
            [
              110.37198,
              -7.00234
            ],
            [
              110.37179,
              -7.00218
            ],
            [
              110.37146,
              -7.00182
            ],
            [
              110.37114,
              -7.0012
            ],
            [
              110.37103,
              -7.00081
            ],
            [
              110.37094,
              -7.00031
            ],
            [
              110.37091,
              -7.00011
            ],
            [
              110.37089,
              -7
            ],
            [
              110.37085,
              -6.99977
            ],
            [
              110.37077,
              -6.99936
            ],
            [
              110.37057,
              -6.9989
            ],
            [
              110.3702,
              -6.99841
            ],
            [
              110.37013,
              -6.99832
            ],
            [
              110.36952,
              -6.99757
            ],
            [
              110.36913,
              -6.99696
            ],
            [
              110.36894,
              -6.99655
            ],
            [
              110.36887,
              -6.99637
            ],
            [
              110.36873,
              -6.99596
            ],
            [
              110.36864,
              -6.99563
            ],
            [
              110.36857,
              -6.99524
            ],
            [
              110.36858,
              -6.99494
            ],
            [
              110.36894,
              -6.99376
            ],
            [
              110.36896,
              -6.99365
            ],
            [
              110.36897850000008,
              -6.993597499999964
            ],
            [
              110.36902,
              -6.99348
            ],
            [
              110.36909,
              -6.9933
            ],
            [
              110.36922,
              -6.99199
            ],
            [
              110.36904,
              -6.99099
            ],
            [
              110.36899,
              -6.99072
            ],
            [
              110.36868,
              -6.98956
            ],
            [
              110.36859,
              -6.98922
            ],
            [
              110.36846,
              -6.9888
            ],
            [
              110.36818,
              -6.98782
            ],
            [
              110.36815660000008,
              -6.987742099999934
            ],
            [
              110.36815,
              -6.98772
            ],
            [
              110.36796,
              -6.98774
            ],
            [
              110.36764,
              -6.98779
            ],
            [
              110.36752640000009,
              -6.987813399999936
            ],
            [
              110.36728690000007,
              -6.987837499999955
            ],
            [
              110.36656980000004,
              -6.987906499999951
            ],
            [
              110.36597530000006,
              -6.987853199999961
            ],
            [
              110.36538970000004,
              -6.987686499999938
            ],
            [
              110.36466420000005,
              -6.987493299999926
            ],
            [
              110.36407870000005,
              -6.987300299999958
            ],
            [
              110.36347570000004,
              -6.987054899999976
            ],
            [
              110.36317850000006,
              -6.986967099999958
            ],
            [
              110.36311180000007,
              -6.986941199999933
            ],
            [
              110.36311030000007,
              -6.986949299999935
            ],
            [
              110.36285510000005,
              -6.986896799999954
            ],
            [
              110.36230440000008,
              -6.986791199999971
            ],
            [
              110.36191970000004,
              -6.986755699999947
            ],
            [
              110.36168210000005,
              -6.986742199999981
            ],
            [
              110.36146,
              -6.98672
            ],
            [
              110.36115,
              -6.98669
            ],
            [
              110.36102,
              -6.98668
            ],
            [
              110.3607,
              -6.98665
            ],
            [
              110.36018,
              -6.98659
            ],
            [
              110.35946,
              -6.98647
            ],
            [
              110.35851,
              -6.98631
            ],
            [
              110.35845,
              -6.9863
            ],
            [
              110.35816,
              -6.98621
            ],
            [
              110.35809,
              -6.98619
            ],
            [
              110.35786,
              -6.98608
            ],
            [
              110.35768440000004,
              -6.985904399999981
            ],
            [
              110.35767,
              -6.98589
            ],
            [
              110.35757950000004,
              -6.985727899999972
            ],
            [
              110.35719,
              -6.98503
            ],
            [
              110.35705,
              -6.98487
            ],
            [
              110.35674,
              -6.98453
            ],
            [
              110.35664,
              -6.98446
            ],
            [
              110.35655,
              -6.98438
            ],
            [
              110.35618,
              -6.98416
            ],
            [
              110.35556,
              -6.98385
            ],
            [
              110.35493,
              -6.98358
            ],
            [
              110.35474,
              -6.98348
            ],
            [
              110.35435,
              -6.9833
            ],
            [
              110.35414,
              -6.9832
            ],
            [
              110.35387,
              -6.98311
            ],
            [
              110.35376,
              -6.98307
            ],
            [
              110.35334,
              -6.98288
            ],
            [
              110.35325,
              -6.98284
            ],
            [
              110.35288,
              -6.98274
            ],
            [
              110.35194,
              -6.98248
            ],
            [
              110.3516,
              -6.98241
            ],
            [
              110.35132,
              -6.9824
            ],
            [
              110.35109,
              -6.98238
            ],
            [
              110.35094,
              -6.9824
            ],
            [
              110.35071,
              -6.98251
            ],
            [
              110.35056,
              -6.98257
            ],
            [
              110.35038,
              -6.9827
            ],
            [
              110.34997,
              -6.98326
            ],
            [
              110.34983,
              -6.98345
            ],
            [
              110.34975,
              -6.98359
            ],
            [
              110.34922,
              -6.98442
            ],
            [
              110.34898,
              -6.98467
            ],
            [
              110.34883,
              -6.98482
            ],
            [
              110.34861,
              -6.985
            ],
            [
              110.34828,
              -6.98518
            ],
            [
              110.34804,
              -6.98529
            ],
            [
              110.34796,
              -6.98532
            ],
            [
              110.34781,
              -6.98539
            ],
            [
              110.34759,
              -6.98548
            ],
            [
              110.34712,
              -6.98562
            ],
            [
              110.34688,
              -6.98566
            ],
            [
              110.34668,
              -6.98569
            ],
            [
              110.34641,
              -6.98573
            ],
            [
              110.3459,
              -6.98575
            ],
            [
              110.34563,
              -6.98575
            ],
            [
              110.34522,
              -6.98578
            ],
            [
              110.34498,
              -6.98583
            ],
            [
              110.34476,
              -6.98587
            ],
            [
              110.34453,
              -6.9859
            ],
            [
              110.34444,
              -6.98591
            ],
            [
              110.34409,
              -6.98594
            ],
            [
              110.34289,
              -6.986
            ],
            [
              110.3424,
              -6.98603
            ],
            [
              110.34214,
              -6.98598
            ],
            [
              110.34171,
              -6.98591
            ],
            [
              110.34118,
              -6.98577
            ],
            [
              110.34074,
              -6.98563
            ],
            [
              110.34044960000006,
              -6.985536099999933
            ],
            [
              110.3404,
              -6.98552
            ],
            [
              110.33961,
              -6.98526
            ],
            [
              110.33902,
              -6.98505
            ],
            [
              110.33868,
              -6.98493
            ],
            [
              110.3382,
              -6.98467
            ],
            [
              110.33782,
              -6.98446
            ],
            [
              110.33758,
              -6.98428
            ],
            [
              110.3373,
              -6.98399
            ],
            [
              110.33705,
              -6.98373
            ],
            [
              110.33671,
              -6.98336
            ],
            [
              110.33664,
              -6.98325
            ],
            [
              110.33646,
              -6.98308
            ],
            [
              110.33641,
              -6.98301
            ],
            [
              110.33624,
              -6.98279
            ],
            [
              110.33605,
              -6.98256
            ],
            [
              110.33552,
              -6.98193
            ],
            [
              110.33452,
              -6.98071
            ],
            [
              110.33438,
              -6.98055
            ],
            [
              110.33433,
              -6.98049
            ],
            [
              110.33408,
              -6.9802
            ],
            [
              110.33395,
              -6.98004
            ],
            [
              110.33325,
              -6.97918
            ],
            [
              110.3325,
              -6.97849
            ],
            [
              110.33219,
              -6.9782
            ],
            [
              110.33208,
              -6.97811
            ],
            [
              110.33191,
              -6.97794
            ],
            [
              110.33136560000008,
              -6.97730329999996
            ],
            [
              110.33135470000008,
              -6.977291899999955
            ],
            [
              110.33084390000005,
              -6.976786499999946
            ],
            [
              110.33048360000004,
              -6.976497699999925
            ],
            [
              110.33005090000006,
              -6.976339799999948
            ],
            [
              110.32971,
              -6.976273799999944
            ],
            [
              110.32962720000006,
              -6.976266199999941
            ],
            [
              110.32963370000004,
              -6.976252099999954
            ],
            [
              110.32951330000009,
              -6.976234199999965
            ],
            [
              110.32860510000006,
              -6.97612479999998
            ],
            [
              110.32792310000008,
              -6.976064799999961
            ],
            [
              110.327064,
              -6.976037399999939
            ],
            [
              110.32616230000008,
              -6.975973899999929
            ],
            [
              110.32546060000004,
              -6.975953199999935
            ],
            [
              110.32471290000007,
              -6.975984899999958
            ],
            [
              110.32399140000007,
              -6.975990399999944
            ],
            [
              110.32355690000009,
              -6.975993099999926
            ],
            [
              110.32304380000005,
              -6.975966099999937
            ],
            [
              110.32280770000006,
              -6.975965799999926
            ],
            [
              110.32246010000006,
              -6.975926
            ],
            [
              110.32187650000009,
              -6.975853
            ],
            [
              110.32147660000004,
              -6.975786899999946
            ],
            [
              110.32105030000008,
              -6.975766699999951
            ],
            [
              110.32044050000007,
              -6.975706799999955
            ],
            [
              110.31981090000005,
              -6.975653499999964
            ],
            [
              110.3197,
              -6.97564
            ],
            [
              110.31934,
              -6.97555
            ],
            [
              110.31903910000005,
              -6.975529399999971
            ],
            [
              110.31821430000008,
              -6.975412
            ],
            [
              110.31787990000004,
              -6.975359099999935
            ],
            [
              110.31737510000005,
              -6.975233799999955
            ],
            [
              110.316595,
              -6.974990199999979
            ],
            [
              110.31612960000007,
              -6.974819199999956
            ],
            [
              110.31568720000007,
              -6.974579399999925
            ],
            [
              110.315163,
              -6.97430989999998
            ],
            [
              110.31481570000005,
              -6.974073499999975
            ],
            [
              110.31450130000007,
              -6.973784699999953
            ],
            [
              110.31422640000005,
              -6.973423899999943
            ],
            [
              110.31397750000008,
              -6.973168
            ],
            [
              110.31391760000008,
              -6.973063899999943
            ],
            [
              110.31391690000004,
              -6.973074799999949
            ],
            [
              110.31378770000003,
              -6.97291869999998
            ],
            [
              110.31349290000009,
              -6.972721699999965
            ],
            [
              110.31309310000006,
              -6.972504799999967
            ],
            [
              110.31272270000005,
              -6.972409299999981
            ],
            [
              110.31244070000008,
              -6.972389199999952
            ],
            [
              110.31181110000006,
              -6.972414499999957
            ],
            [
              110.311024,
              -6.972478899999942
            ],
            [
              110.31022710000008,
              -6.972553099999971
            ],
            [
              110.30974830000008,
              -6.972552399999927
            ],
            [
              110.30910560000007,
              -6.972558
            ],
            [
              110.30837090000006,
              -6.972622399999977
            ],
            [
              110.30758050000009,
              -6.972703199999955
            ],
            [
              110.30697710000004,
              -6.972767799999929
            ],
            [
              110.30606530000006,
              -6.972884499999964
            ],
            [
              110.30530440000007,
              -6.972955399999933
            ],
            [
              110.304209,
              -6.973104499999977
            ],
            [
              110.30374980000005,
              -6.973175899999944
            ],
            [
              110.30364890000004,
              -6.973198699999955
            ],
            [
              110.30364840000004,
              -6.973188299999947
            ],
            [
              110.303389,
              -6.973214699999971
            ],
            [
              110.30270680000007,
              -6.973318599999971
            ],
            [
              110.301995,
              -6.973425599999928
            ],
            [
              110.30148990000004,
              -6.973497
            ],
            [
              110.30072910000007,
              -6.973541699999942
            ],
            [
              110.300047,
              -6.97356689999998
            ],
            [
              110.29943710000003,
              -6.973546399999975
            ],
            [
              110.29873540000006,
              -6.973519099999976
            ],
            [
              110.29821740000006,
              -6.973426599999925
            ],
            [
              110.298009,
              -6.973355499999968
            ],
            [
              110.29800760000006,
              -6.97336729999995
            ],
            [
              110.29752570000005,
              -6.973278099999959
            ],
            [
              110.29671950000005,
              -6.972995099999935
            ],
            [
              110.29586730000005,
              -6.972718599999951
            ],
            [
              110.29507090000004,
              -6.972445499999935
            ],
            [
              110.29440220000004,
              -6.972241399999973
            ],
            [
              110.29355020000008,
              -6.97186
            ],
            [
              110.29279990000003,
              -6.971455899999967
            ],
            [
              110.29226260000007,
              -6.97110779999997
            ],
            [
              110.29139120000008,
              -6.970588799999973
            ],
            [
              110.29012,
              -6.969852899999978
            ],
            [
              110.28945160000006,
              -6.969491499999947
            ],
            [
              110.28924110000008,
              -6.96939459999993
            ],
            [
              110.28915,
              -6.96934
            ],
            [
              110.28835,
              -6.96895
            ],
            [
              110.28803,
              -6.96887
            ],
            [
              110.28795,
              -6.9688
            ],
            [
              110.28775020000006,
              -6.96876
            ],
            [
              110.28775020000006,
              -6.96874889999998
            ],
            [
              110.28766020000006,
              -6.968732
            ],
            [
              110.28751130000006,
              -6.968704
            ],
            [
              110.28686470000008,
              -6.968551
            ],
            [
              110.286311,
              -6.968451899999934
            ],
            [
              110.28610980000008,
              -6.968759599999942
            ],
            [
              110.28594230000004,
              -6.968996599999969
            ],
            [
              110.28595790000008,
              -6.969067
            ],
            [
              110.28595980000006,
              -6.969075699999962
            ],
            [
              110.28612660000005,
              -6.969242899999927
            ],
            [
              110.28640760000008,
              -6.969498099999953
            ],
            [
              110.28665360000008,
              -6.969674199999929
            ],
            [
              110.28727530000003,
              -6.969840499999975
            ],
            [
              110.28740820000007,
              -6.969877199999928
            ],
            [
              110.28759890000003,
              -6.970109499999978
            ],
            [
              110.28762810000006,
              -6.97018
            ],
            [
              110.28765450000009,
              -6.970238799999947
            ],
            [
              110.28767790000006,
              -6.970297499999958
            ],
            [
              110.287716,
              -6.970347499999946
            ],
            [
              110.28778350000005,
              -6.970432799999969
            ],
            [
              110.287898,
              -6.970535699999971
            ],
            [
              110.28826070000008,
              -6.970601
            ],
            [
              110.28845720000004,
              -6.970694099999946
            ],
            [
              110.288528,
              -6.970792499999959
            ],
            [
              110.28860980000007,
              -6.970885399999929
            ],
            [
              110.28872990000008,
              -6.970956499999943
            ],
            [
              110.28906840000008,
              -6.971082599999932
            ],
            [
              110.28927040000008,
              -6.971132
            ],
            [
              110.28943960000004,
              -6.971257799999933
            ],
            [
              110.28954870000007,
              -6.971334399999932
            ],
            [
              110.289881,
              -6.971918899999935
            ],
            [
              110.29012640000008,
              -6.972192199999938
            ],
            [
              110.29026280000005,
              -6.972296099999937
            ],
            [
              110.29041010000009,
              -6.972432699999956
            ],
            [
              110.29051910000004,
              -6.972613
            ],
            [
              110.29073180000006,
              -6.972858899999949
            ],
            [
              110.29093350000005,
              -6.973083
            ],
            [
              110.29107520000008,
              -6.973317899999927
            ],
            [
              110.29122230000007,
              -6.973558299999979
            ],
            [
              110.29128760000009,
              -6.973760399999946
            ],
            [
              110.29145110000007,
              -6.974011699999949
            ],
            [
              110.29160890000009,
              -6.974372199999948
            ],
            [
              110.29176130000008,
              -6.97475449999996
            ],
            [
              110.29189140000005,
              -6.975409599999978
            ],
            [
              110.29183110000008,
              -6.975573299999951
            ],
            [
              110.29198370000006,
              -6.975824599999953
            ],
            [
              110.29228390000009,
              -6.975977899999975
            ],
            [
              110.29246390000009,
              -6.97612
            ],
            [
              110.29248370000005,
              -6.976123399999949
            ],
            [
              110.29267980000009,
              -6.976536499999952
            ],
            [
              110.29293450000006,
              -6.976747699999976
            ],
            [
              110.29319790000005,
              -6.977011699999935
            ],
            [
              110.29339970000007,
              -6.977284399999974
            ],
            [
              110.29347850000005,
              -6.977513
            ],
            [
              110.29350450000004,
              -6.977794199999948
            ],
            [
              110.29368410000006,
              -6.978189799999939
            ],
            [
              110.29378730000008,
              -6.978368799999942
            ],
            [
              110.29391220000008,
              -6.978585499999951
            ],
            [
              110.29396450000007,
              -6.978866799999935
            ],
            [
              110.29382290000007,
              -6.97947279999994
            ],
            [
              110.29361990000007,
              -6.979990899999962
            ],
            [
              110.293372,
              -6.981115099999954
            ],
            [
              110.29334530000006,
              -6.98134349999998
            ],
            [
              110.293389,
              -6.981510499999956
            ],
            [
              110.29342940000004,
              -6.98166939999993
            ],
            [
              110.29342250000008,
              -6.981683299999929
            ],
            [
              110.29342480000008,
              -6.981705499999975
            ],
            [
              110.29342390000005,
              -6.981712699999946
            ],
            [
              110.29342610000003,
              -6.981718299999955
            ],
            [
              110.293444,
              -6.981890699999951
            ],
            [
              110.29335640000005,
              -6.982010699999933
            ],
            [
              110.29328530000004,
              -6.982103299999949
            ],
            [
              110.29319230000004,
              -6.982152299999939
            ],
            [
              110.29303950000008,
              -6.982070199999953
            ],
            [
              110.29268470000005,
              -6.981916899999931
            ],
            [
              110.292488,
              -6.981933
            ],
            [
              110.29238950000007,
              -6.982009199999936
            ],
            [
              110.29234570000006,
              -6.982101899999975
            ],
            [
              110.29230190000004,
              -6.982172799999944
            ],
            [
              110.29213810000005,
              -6.982145299999956
            ],
            [
              110.29200160000005,
              -6.982079599999963
            ],
            [
              110.29193630000009,
              -6.981921199999931
            ],
            [
              110.29180010000005,
              -6.981697199999928
            ],
            [
              110.29165810000006,
              -6.981658799999934
            ],
            [
              110.29158710000007,
              -6.981669599999975
            ],
            [
              110.29153780000007,
              -6.981696799999952
            ],
            [
              110.29140670000004,
              -6.981745799999942
            ],
            [
              110.29133560000008,
              -6.981805699999938
            ],
            [
              110.29126990000009,
              -6.981909299999927
            ],
            [
              110.29116040000008,
              -6.982051
            ],
            [
              110.29110570000006,
              -6.982100099999968
            ],
            [
              110.29107830000004,
              -6.982132799999931
            ],
            [
              110.29101820000005,
              -6.982138199999952
            ],
            [
              110.29094720000006,
              -6.98214349999995
            ],
            [
              110.29087620000007,
              -6.982137899999941
            ],
            [
              110.29079430000007,
              -6.982143299999962
            ],
            [
              110.29067950000007,
              -6.98214859999996
            ],
            [
              110.29040080000004,
              -6.982219099999952
            ],
            [
              110.290357,
              -6.982339099999933
            ],
            [
              110.290231,
              -6.982557199999974
            ],
            [
              110.29011060000005,
              -6.982704399999932
            ],
            [
              110.28987560000007,
              -6.982747699999948
            ],
            [
              110.28963540000007,
              -6.982687299999952
            ],
            [
              110.28943330000004,
              -6.982637899999929
            ],
            [
              110.28928580000007,
              -6.982681399999933
            ],
            [
              110.28903460000004,
              -6.982626399999958
            ],
            [
              110.28892540000004,
              -6.982571699999937
            ],
            [
              110.28874520000005,
              -6.982516799999928
            ],
            [
              110.28855390000007,
              -6.982571099999973
            ],
            [
              110.28837910000004,
              -6.982592699999941
            ],
            [
              110.28813870000005,
              -6.982636
            ],
            [
              110.287942,
              -6.982635699999946
            ],
            [
              110.28777270000006,
              -6.98263
            ],
            [
              110.287647,
              -6.982646099999954
            ],
            [
              110.28749410000006,
              -6.982635
            ],
            [
              110.28696940000009,
              -6.98279789999998
            ],
            [
              110.28661960000005,
              -6.982950199999948
            ],
            [
              110.28646660000004,
              -6.982955499999946
            ],
            [
              110.28629740000008,
              -6.98287879999998
            ],
            [
              110.28634140000008,
              -6.982720599999936
            ],
            [
              110.28636340000008,
              -6.982578699999976
            ],
            [
              110.28634190000008,
              -6.982387599999981
            ],
            [
              110.28623260000006,
              -6.982420199999979
            ],
            [
              110.28612860000004,
              -6.982507399999974
            ],
            [
              110.28603020000008,
              -6.982583699999964
            ],
            [
              110.28582250000005,
              -6.982692499999928
            ],
            [
              110.28523230000008,
              -6.982828099999949
            ],
            [
              110.28503540000008,
              -6.982969699999956
            ],
            [
              110.28501390000008,
              -6.98300949999998
            ],
            [
              110.28479440000007,
              -6.983416899999952
            ],
            [
              110.28470250000004,
              -6.983933799999932
            ],
            [
              110.28466910000009,
              -6.983959099999936
            ],
            [
              110.28459710000004,
              -6.983975599999951
            ],
            [
              110.284492,
              -6.983964399999934
            ],
            [
              110.28445880000004,
              -6.983944399999928
            ],
            [
              110.28460120000005,
              -6.984255899999937
            ],
            [
              110.28478570000004,
              -6.984811799999932
            ],
            [
              110.28494180000007,
              -6.98525369999993
            ],
            [
              110.28498570000005,
              -6.985530199999971
            ],
            [
              110.28483290000008,
              -6.98565009999993
            ],
            [
              110.28464640000004,
              -6.986177099999964
            ],
            [
              110.28464440000005,
              -6.986188199999958
            ],
            [
              110.284641,
              -6.986193499999956
            ],
            [
              110.28455440000005,
              -6.986404
            ],
            [
              110.28453020000006,
              -6.986512199999936
            ],
            [
              110.28439790000004,
              -6.986566
            ],
            [
              110.28417550000006,
              -6.986565699999971
            ],
            [
              110.28397130000008,
              -6.986523299999931
            ],
            [
              110.283713,
              -6.986390799999981
            ],
            [
              110.28343680000006,
              -6.986258299999974
            ],
            [
              110.28327460000008,
              -6.98618
            ],
            [
              110.28311240000005,
              -6.986137699999972
            ],
            [
              110.28274580000004,
              -6.986149199999943
            ],
            [
              110.28249930000004,
              -6.986196799999959
            ],
            [
              110.28235490000009,
              -6.986304699999948
            ],
            [
              110.28228850000005,
              -6.986508799999967
            ],
            [
              110.28229430000005,
              -6.986676899999964
            ],
            [
              110.28220980000009,
              -6.98688089999996
            ],
            [
              110.28216140000006,
              -6.987097
            ],
            [
              110.28197480000006,
              -6.987282899999968
            ],
            [
              110.28186050000005,
              -6.987354799999935
            ],
            [
              110.28181830000005,
              -6.987474799999973
            ],
            [
              110.28186620000008,
              -6.987583
            ],
            [
              110.28196830000007,
              -6.987637199999938
            ],
            [
              110.28213950000008,
              -6.987679499999956
            ],
            [
              110.28236180000005,
              -6.987697799999978
            ],
            [
              110.28264440000004,
              -6.987662199999932
            ],
            [
              110.28284270000006,
              -6.987668499999927
            ],
            [
              110.28302890000003,
              -6.987692799999934
            ],
            [
              110.28334730000006,
              -6.98778939999994
            ],
            [
              110.28355140000008,
              -6.987921799999981
            ],
            [
              110.28366540000007,
              -6.98809609999995
            ],
            [
              110.28370130000008,
              -6.988180299999954
            ],
            [
              110.28377270000004,
              -6.988642699999957
            ],
            [
              110.28383190000005,
              -6.98922529999993
            ],
            [
              110.28384420000003,
              -6.98936
            ],
            [
              110.28383410000004,
              -6.989359699999966
            ],
            [
              110.28355710000005,
              -6.989223699999968
            ],
            [
              110.28310390000007,
              -6.989052299999969
            ],
            [
              110.28295010000005,
              -6.988910499999974
            ],
            [
              110.28271410000008,
              -6.988933699999961
            ],
            [
              110.28233650000004,
              -6.988997899999958
            ],
            [
              110.28219180000008,
              -6.989112599999942
            ],
            [
              110.28217980000005,
              -6.989289399999961
            ],
            [
              110.28210860000007,
              -6.989560399999959
            ],
            [
              110.28206640000008,
              -6.989935399999979
            ],
            [
              110.28183640000009,
              -6.990137499999946
            ],
            [
              110.28164740000005,
              -6.990255099999956
            ],
            [
              110.28166490000007,
              -6.99042019999996
            ],
            [
              110.28184750000008,
              -6.990597199999968
            ],
            [
              110.28203620000005,
              -6.99060929999996
            ],
            [
              110.28229570000008,
              -6.990627399999937
            ],
            [
              110.28251390000008,
              -6.99065719999993
            ],
            [
              110.28285610000006,
              -6.990563399999928
            ],
            [
              110.28310960000005,
              -6.99064629999998
            ],
            [
              110.28323360000007,
              -6.990755
            ],
            [
              110.283371,
              -6.99085139999994
            ],
            [
              110.28348540000007,
              -6.99098349999997
            ],
            [
              110.28359010000008,
              -6.99117
            ],
            [
              110.283591,
              -6.991171599999973
            ],
            [
              110.28359220000004,
              -6.991173699999933
            ],
            [
              110.283638,
              -6.991383499999927
            ],
            [
              110.28366090000009,
              -6.991697299999942
            ],
            [
              110.28368380000006,
              -6.99224849999996
            ],
            [
              110.28373240000008,
              -6.992704599999968
            ],
            [
              110.28391090000008,
              -6.992772499999944
            ],
            [
              110.28409920000007,
              -6.992722199999946
            ],
            [
              110.28417190000005,
              -6.992599299999938
            ],
            [
              110.28428820000005,
              -6.992302699999925
            ],
            [
              110.284361,
              -6.992027899999925
            ],
            [
              110.28452790000006,
              -6.991854499999931
            ],
            [
              110.28468730000009,
              -6.991760599999964
            ],
            [
              110.28486120000008,
              -6.991739199999927
            ],
            [
              110.284977,
              -6.99177549999996
            ],
            [
              110.28508550000004,
              -6.991869799999961
            ],
            [
              110.28512720000003,
              -6.991971899999953
            ],
            [
              110.28517150000005,
              -6.992003899999929
            ],
            [
              110.28522490000006,
              -6.992089299999975
            ],
            [
              110.28522490000006,
              -6.992239
            ],
            [
              110.28525540000004,
              -6.992600399999958
            ],
            [
              110.28535460000006,
              -6.992761099999939
            ],
            [
              110.28550720000004,
              -6.993016199999943
            ],
            [
              110.28572850000006,
              -6.993313299999954
            ],
            [
              110.28599550000007,
              -6.993558399999927
            ],
            [
              110.28633880000007,
              -6.993833
            ],
            [
              110.28646090000007,
              -6.993771
            ],
            [
              110.28655240000006,
              -6.993669499999953
            ],
            [
              110.28667450000006,
              -6.993465899999933
            ],
            [
              110.28668980000003,
              -6.993375799999967
            ],
            [
              110.28668210000006,
              -6.993133
            ],
            [
              110.28674320000005,
              -6.993056299999978
            ],
            [
              110.28681950000004,
              -6.993029099999944
            ],
            [
              110.28695680000004,
              -6.993057199999953
            ],
            [
              110.287056,
              -6.993170699999951
            ],
            [
              110.287117,
              -6.99333
            ],
            [
              110.28712460000008,
              -6.993513099999973
            ],
            [
              110.28709410000005,
              -6.994152499999927
            ],
            [
              110.28712460000008,
              -6.994340899999941
            ],
            [
              110.28718570000007,
              -6.994482499999947
            ],
            [
              110.28720170000008,
              -6.994495699999959
            ],
            [
              110.28717120000005,
              -6.994595799999956
            ],
            [
              110.28720190000007,
              -6.994605499999977
            ],
            [
              110.28721990000008,
              -6.994714399999964
            ],
            [
              110.28720160000006,
              -6.994805099999951
            ],
            [
              110.28720740000006,
              -6.994938099999956
            ],
            [
              110.28720720000007,
              -6.995089299999961
            ],
            [
              110.28717060000008,
              -6.995282799999927
            ],
            [
              110.28716430000009,
              -6.995428
            ],
            [
              110.28718220000007,
              -6.995633699999928
            ],
            [
              110.28718270000007,
              -6.995643599999937
            ],
            [
              110.28733060000008,
              -6.995835799999952
            ],
            [
              110.28736880000008,
              -6.995916299999976
            ],
            [
              110.28748320000005,
              -6.996149499999945
            ],
            [
              110.28749080000006,
              -6.996220599999958
            ],
            [
              110.28749850000008,
              -6.996337399999959
            ],
            [
              110.28752140000006,
              -6.996603499999935
            ],
            [
              110.28759770000005,
              -6.996864799999969
            ],
            [
              110.28764340000004,
              -6.997078899999963
            ],
            [
              110.28726850000004,
              -6.997117799999955
            ],
            [
              110.28722530000005,
              -6.997160899999926
            ],
            [
              110.28714750000006,
              -6.997284399999955
            ],
            [
              110.287117,
              -6.997396
            ],
            [
              110.286972,
              -6.997555699999964
            ],
            [
              110.28684230000005,
              -6.997646799999927
            ],
            [
              110.28662870000005,
              -6.997653899999932
            ],
            [
              110.28652950000009,
              -6.997673
            ],
            [
              110.28639220000008,
              -6.997785
            ],
            [
              110.28544620000008,
              -6.996955399999933
            ],
            [
              110.28504180000004,
              -6.996852799999942
            ],
            [
              110.28459170000008,
              -6.996807099999955
            ],
            [
              110.28428650000006,
              -6.996875699999975
            ],
            [
              110.28379820000004,
              -6.996952499999963
            ],
            [
              110.28353120000008,
              -6.997132799999974
            ],
            [
              110.28327940000008,
              -6.997369299999946
            ],
            [
              110.28290560000005,
              -6.997784599999932
            ],
            [
              110.28269960000006,
              -6.998122699999954
            ],
            [
              110.28250890000004,
              -6.998303899999939
            ],
            [
              110.28230280000008,
              -6.998512699999935
            ],
            [
              110.28092960000004,
              -6.998907499999973
            ],
            [
              110.28076170000008,
              -6.999590799999964
            ],
            [
              110.28075410000008,
              -6.999622799999941
            ],
            [
              110.28073120000005,
              -7.000000399999976
            ],
            [
              110.28070830000007,
              -7.000284199999953
            ],
            [
              110.28068870000004,
              -7.00044719999994
            ],
            [
              110.28065490000006,
              -7.000727599999948
            ],
            [
              110.28060150000005,
              -7.001102
            ],
            [
              110.28060910000005,
              -7.001168699999937
            ],
            [
              110.28091430000006,
              -7.001597899999979
            ],
            [
              110.28099820000006,
              -7.001749
            ],
            [
              110.28103640000006,
              -7.002002699999935
            ],
            [
              110.281044,
              -7.002185299999951
            ],
            [
              110.28108220000007,
              -7.002748
            ],
            [
              110.28108980000007,
              -7.00285619999994
            ],
            [
              110.28075410000008,
              -7.003136099999949
            ],
            [
              110.28064730000006,
              -7.003223899999966
            ],
            [
              110.28060150000005,
              -7.003336399999966
            ],
            [
              110.28059390000004,
              -7.003439899999933
            ],
            [
              110.28062440000008,
              -7.003501899999947
            ],
            [
              110.28059390000004,
              -7.003535699999929
            ],
            [
              110.28045650000007,
              -7.00366779999996
            ],
            [
              110.28024290000008,
              -7.003883299999927
            ],
            [
              110.28019720000009,
              -7.003998199999955
            ]
          ],
          [
            [
              110.28457120000007,
              -6.98899339999997
            ],
            [
              110.28460160000009,
              -6.988950199999977
            ],
            [
              110.28474,
              -6.988824299999976
            ],
            [
              110.28481230000006,
              -6.988740399999926
            ],
            [
              110.28491450000007,
              -6.988728499999979
            ],
            [
              110.28514270000005,
              -6.988800899999944
            ],
            [
              110.28515750000008,
              -6.988813
            ],
            [
              110.28512080000007,
              -6.988831299999958
            ],
            [
              110.28496730000006,
              -6.988931199999968
            ],
            [
              110.28482560000003,
              -6.98897809999994
            ],
            [
              110.28457120000007,
              -6.98899339999997
            ]
          ]
        ]
      }
    },
    {
      "type": "Feature",
      "properties": {
        "id": "KEC_SMG_14",
        "nama": "Semarang Utara",
        "kode_bps": "3374120",
        "level": "kecamatan",
        "total_kelurahan": 9
      },
      "geometry": {
        "type": "Polygon",
        "coordinates": [
          [
            [
              110.39481610000007,
              -6.945012899999938
            ],
            [
              110.39506590000008,
              -6.94581
            ],
            [
              110.395292,
              -6.946059799999944
            ],
            [
              110.39547040000008,
              -6.946012199999927
            ],
            [
              110.39557750000006,
              -6.946262099999956
            ],
            [
              110.39569650000004,
              -6.946928299999968
            ],
            [
              110.39582740000009,
              -6.947368499999925
            ],
            [
              110.39614860000006,
              -6.947868199999959
            ],
            [
              110.39619750000008,
              -6.948164299999974
            ],
            [
              110.39623,
              -6.94834
            ],
            [
              110.39623690000008,
              -6.948373299999957
            ],
            [
              110.39607810000007,
              -6.948638899999935
            ],
            [
              110.39583190000008,
              -6.948889799999961
            ],
            [
              110.39626570000007,
              -6.949800499999981
            ],
            [
              110.39718580000005,
              -6.952301399999953
            ],
            [
              110.398086,
              -6.954106499999966
            ],
            [
              110.39824,
              -6.9544
            ],
            [
              110.39834060000004,
              -6.954557899999941
            ],
            [
              110.39847750000007,
              -6.954777299999932
            ],
            [
              110.39861480000008,
              -6.955022299999939
            ],
            [
              110.39911760000007,
              -6.955973899999947
            ],
            [
              110.39950640000006,
              -6.957170299999973
            ],
            [
              110.39979060000007,
              -6.958756599999958
            ],
            [
              110.40002290000007,
              -6.96018689999994
            ],
            [
              110.40017720000009,
              -6.961669
            ],
            [
              110.40020120000008,
              -6.963229
            ],
            [
              110.40030390000004,
              -6.96432109999995
            ],
            [
              110.400381,
              -6.96510109999997
            ],
            [
              110.40048840000009,
              -6.965728199999944
            ],
            [
              110.40045040000007,
              -6.96573049999995
            ],
            [
              110.40046070000005,
              -6.965792499999964
            ],
            [
              110.40063890000005,
              -6.96686939999995
            ],
            [
              110.40079950000006,
              -6.968683399999975
            ],
            [
              110.40085110000007,
              -6.968682499999943
            ],
            [
              110.40085630000004,
              -6.968740299999979
            ],
            [
              110.400982,
              -6.970160799999974
            ],
            [
              110.40098950000004,
              -6.970245399999953
            ],
            [
              110.40102440000004,
              -6.970639799999958
            ],
            [
              110.40130790000006,
              -6.972824
            ],
            [
              110.40143620000003,
              -6.974202099999957
            ],
            [
              110.40148650000003,
              -6.975554099999954
            ],
            [
              110.40167150000008,
              -6.977498699999956
            ],
            [
              110.40176240000005,
              -6.977502399999935
            ],
            [
              110.40182120000009,
              -6.9775
            ],
            [
              110.40201,
              -6.97748
            ],
            [
              110.40244,
              -6.97745
            ],
            [
              110.403,
              -6.9774
            ],
            [
              110.40391,
              -6.97733
            ],
            [
              110.40425,
              -6.9773
            ],
            [
              110.40442,
              -6.97729
            ],
            [
              110.4048,
              -6.97725
            ],
            [
              110.40512,
              -6.97723
            ],
            [
              110.40521,
              -6.97723
            ],
            [
              110.40573,
              -6.97717
            ],
            [
              110.4058,
              -6.97717
            ],
            [
              110.40687760000009,
              -6.97708769999997
            ],
            [
              110.40694910000008,
              -6.977092899999946
            ],
            [
              110.40708950000004,
              -6.97707749999995
            ],
            [
              110.40735420000004,
              -6.977048399999944
            ],
            [
              110.40813220000007,
              -6.976893899999936
            ],
            [
              110.40856790000004,
              -6.976779
            ],
            [
              110.40935950000005,
              -6.976486899999941
            ],
            [
              110.40984870000005,
              -6.976265399999932
            ],
            [
              110.41038230000004,
              -6.976008499999978
            ],
            [
              110.410925,
              -6.975680599999976
            ],
            [
              110.411441,
              -6.975325899999973
            ],
            [
              110.41191260000005,
              -6.97497119999997
            ],
            [
              110.41233970000008,
              -6.974652
            ],
            [
              110.41282440000003,
              -6.974270199999978
            ],
            [
              110.412868,
              -6.974235799999974
            ],
            [
              110.41298170000005,
              -6.974369799999977
            ],
            [
              110.41310430000004,
              -6.974499299999934
            ],
            [
              110.41331170000007,
              -6.974657899999954
            ],
            [
              110.41339860000005,
              -6.974722699999973
            ],
            [
              110.41359770000008,
              -6.974832499999934
            ],
            [
              110.41364070000009,
              -6.974742899999967
            ],
            [
              110.41383240000005,
              -6.974369799999977
            ],
            [
              110.41400240000007,
              -6.974129699999935
            ],
            [
              110.41432790000005,
              -6.973960499999976
            ],
            [
              110.41480920000004,
              -6.97370669999998
            ],
            [
              110.41520540000005,
              -6.973565899999926
            ],
            [
              110.41527580000007,
              -6.973504499999933
            ],
            [
              110.41527920000004,
              -6.973512
            ],
            [
              110.42053410000005,
              -6.970964799999933
            ],
            [
              110.42082380000005,
              -6.970829699999967
            ],
            [
              110.42110660000009,
              -6.970697899999948
            ],
            [
              110.42175830000008,
              -6.970393899999976
            ],
            [
              110.42245180000003,
              -6.97002729999997
            ],
            [
              110.42306030000009,
              -6.969830199999933
            ],
            [
              110.42338570000004,
              -6.969731699999954
            ],
            [
              110.42376770000004,
              -6.96967559999996
            ],
            [
              110.42410720000004,
              -6.969676
            ],
            [
              110.42427610000004,
              -6.969650899999976
            ],
            [
              110.42434490000005,
              -6.969656899999961
            ],
            [
              110.42434690000005,
              -6.969654899999966
            ],
            [
              110.42444180000007,
              -6.969752399999948
            ],
            [
              110.42545970000003,
              -6.968814499999951
            ],
            [
              110.42546470000008,
              -6.968822199999977
            ],
            [
              110.42556770000004,
              -6.968755199999976
            ],
            [
              110.42558660000009,
              -6.968752699999925
            ],
            [
              110.42571460000005,
              -6.968735799999934
            ],
            [
              110.42626290000004,
              -6.96864839999995
            ],
            [
              110.42670350000009,
              -6.968580499999973
            ],
            [
              110.427056,
              -6.968512499999974
            ],
            [
              110.42746720000008,
              -6.968483599999956
            ],
            [
              110.42798610000006,
              -6.96844509999994
            ],
            [
              110.42868130000005,
              -6.968387299999961
            ],
            [
              110.42886730000004,
              -6.968377699999962
            ],
            [
              110.42908270000004,
              -6.968309499999975
            ],
            [
              110.42932760000008,
              -6.968231499999945
            ],
            [
              110.42970960000008,
              -6.968046099999981
            ],
            [
              110.430121,
              -6.967860799999926
            ],
            [
              110.43051280000009,
              -6.967655799999932
            ],
            [
              110.43102220000009,
              -6.967372799999964
            ],
            [
              110.43139450000007,
              -6.967164699999955
            ],
            [
              110.43139450000007,
              -6.967128699999932
            ],
            [
              110.43137550000006,
              -6.967104199999937
            ],
            [
              110.43134380000004,
              -6.964605099999972
            ],
            [
              110.43134410000005,
              -6.964391699999965
            ],
            [
              110.43132980000007,
              -6.964398699999947
            ],
            [
              110.43133010000008,
              -6.964162299999941
            ],
            [
              110.43135390000003,
              -6.964148699999953
            ],
            [
              110.43131660000006,
              -6.962041899999974
            ],
            [
              110.43119680000007,
              -6.954406699999936
            ],
            [
              110.432906,
              -6.953852899999958
            ],
            [
              110.43414150000007,
              -6.953381299999933
            ],
            [
              110.43515060000004,
              -6.95293
            ],
            [
              110.43605680000007,
              -6.952458099999944
            ],
            [
              110.43686,
              -6.952088799999956
            ],
            [
              110.43720260000003,
              -6.951844899999969
            ],
            [
              110.43723970000008,
              -6.951836599999979
            ],
            [
              110.43767420000006,
              -6.951620099999957
            ],
            [
              110.43824380000007,
              -6.951348699999926
            ],
            [
              110.43864010000004,
              -6.951177399999949
            ],
            [
              110.43953030000006,
              -6.950812699999972
            ],
            [
              110.43975350000005,
              -6.950755299999969
            ],
            [
              110.44088130000006,
              -6.950284699999941
            ],
            [
              110.44098220000006,
              -6.950253199999963
            ],
            [
              110.4417,
              -6.949990699999944
            ],
            [
              110.44236320000005,
              -6.948478499999965
            ],
            [
              110.44398010000003,
              -6.944818
            ],
            [
              110.444686,
              -6.942982699999959
            ],
            [
              110.44570740000006,
              -6.938764899999967
            ],
            [
              110.44610560000007,
              -6.936787199999969
            ],
            [
              110.44594,
              -6.93687
            ],
            [
              110.4458,
              -6.93698
            ],
            [
              110.44563,
              -6.93715
            ],
            [
              110.44554,
              -6.93744
            ],
            [
              110.44541540000006,
              -6.937644699999964
            ],
            [
              110.4454,
              -6.93767
            ],
            [
              110.44521,
              -6.93771
            ],
            [
              110.44510320000006,
              -6.937558699999954
            ],
            [
              110.44455,
              -6.937701299999958
            ],
            [
              110.44452480000007,
              -6.937742199999946
            ],
            [
              110.44295490000007,
              -6.938271899999961
            ],
            [
              110.44271640000005,
              -6.938983899999926
            ],
            [
              110.44332320000007,
              -6.939769099999978
            ],
            [
              110.44144750000004,
              -6.946207799999968
            ],
            [
              110.44129310000005,
              -6.945898099999965
            ],
            [
              110.44107680000008,
              -6.945764799999949
            ],
            [
              110.44049420000005,
              -6.945597699999951
            ],
            [
              110.44027760000006,
              -6.945730599999933
            ],
            [
              110.44001080000004,
              -6.945996499999978
            ],
            [
              110.43932570000004,
              -6.946050899999932
            ],
            [
              110.43896870000009,
              -6.94523
            ],
            [
              110.43861180000005,
              -6.943802299999959
            ],
            [
              110.438311,
              -6.942462199999966
            ],
            [
              110.43821920000005,
              -6.942053399999963
            ],
            [
              110.43775520000008,
              -6.942374599999937
            ],
            [
              110.43752810000007,
              -6.94312629999996
            ],
            [
              110.43749090000006,
              -6.943104299999959
            ],
            [
              110.43719620000007,
              -6.943171899999925
            ],
            [
              110.43678240000008,
              -6.943343599999935
            ],
            [
              110.43618480000004,
              -6.943338299999937
            ],
            [
              110.43588730000005,
              -6.943730899999935
            ],
            [
              110.43562560000004,
              -6.944278199999928
            ],
            [
              110.43572080000007,
              -6.944706499999938
            ],
            [
              110.43567320000005,
              -6.944825399999957
            ],
            [
              110.43579220000004,
              -6.945087199999932
            ],
            [
              110.43564940000005,
              -6.945325099999934
            ],
            [
              110.43564940000005,
              -6.945682099999942
            ],
            [
              110.43531630000007,
              -6.946015199999977
            ],
            [
              110.43531630000007,
              -6.946157899999946
            ],
            [
              110.43514970000007,
              -6.946324499999946
            ],
            [
              110.43524490000004,
              -6.946538699999962
            ],
            [
              110.43537110000005,
              -6.946632
            ],
            [
              110.43521050000004,
              -6.946856699999955
            ],
            [
              110.43504260000009,
              -6.947153399999934
            ],
            [
              110.43471910000005,
              -6.946972899999935
            ],
            [
              110.43451680000004,
              -6.947065299999963
            ],
            [
              110.43443110000004,
              -6.947058199999958
            ],
            [
              110.434427,
              -6.946931199999938
            ],
            [
              110.43415030000006,
              -6.946891599999958
            ],
            [
              110.434167,
              -6.947101
            ],
            [
              110.43426930000004,
              -6.947252499999934
            ],
            [
              110.43505450000004,
              -6.947847399999944
            ],
            [
              110.43525920000008,
              -6.947850499999959
            ],
            [
              110.435352,
              -6.947700599999962
            ],
            [
              110.43548040000007,
              -6.947800599999937
            ],
            [
              110.43553760000009,
              -6.947822
            ],
            [
              110.43557320000008,
              -6.947786299999962
            ],
            [
              110.43564460000005,
              -6.947850499999959
            ],
            [
              110.43562320000007,
              -6.947914799999978
            ],
            [
              110.43562320000007,
              -6.948007599999926
            ],
            [
              110.43567320000005,
              -6.948050399999943
            ],
            [
              110.43568750000009,
              -6.94810039999993
            ],
            [
              110.43562320000007,
              -6.948121799999967
            ],
            [
              110.43572170000004,
              -6.94833019999993
            ],
            [
              110.43626810000006,
              -6.948775399999931
            ],
            [
              110.43688670000006,
              -6.949346399999968
            ],
            [
              110.43709,
              -6.95004
            ],
            [
              110.43698,
              -6.95032
            ],
            [
              110.43679,
              -6.95053
            ],
            [
              110.43645840000005,
              -6.950940699999933
            ],
            [
              110.43636320000007,
              -6.951464099999953
            ],
            [
              110.43393620000006,
              -6.948394599999972
            ],
            [
              110.43376960000006,
              -6.948704
            ],
            [
              110.43373730000008,
              -6.948745499999973
            ],
            [
              110.43353880000006,
              -6.948814199999958
            ],
            [
              110.43359720000007,
              -6.948925699999961
            ],
            [
              110.43336510000006,
              -6.949227499999949
            ],
            [
              110.43312720000006,
              -6.948894299999949
            ],
            [
              110.433289,
              -6.948814199999958
            ],
            [
              110.433379,
              -6.948390699999948
            ],
            [
              110.43344820000004,
              -6.948065199999974
            ],
            [
              110.43346010000005,
              -6.947850499999959
            ],
            [
              110.43334610000005,
              -6.947372299999927
            ],
            [
              110.43301,
              -6.946139399999936
            ],
            [
              110.43235580000004,
              -6.944289799999979
            ],
            [
              110.43208260000006,
              -6.943517499999928
            ],
            [
              110.43183270000009,
              -6.943260599999974
            ],
            [
              110.43166140000005,
              -6.943232
            ],
            [
              110.43141870000005,
              -6.943260599999974
            ],
            [
              110.43039790000006,
              -6.943638899999939
            ],
            [
              110.43021950000008,
              -6.943817399999944
            ],
            [
              110.42906280000005,
              -6.944246799999974
            ],
            [
              110.42836350000005,
              -6.944459799999947
            ],
            [
              110.42756470000006,
              -6.942083199999956
            ],
            [
              110.42749260000005,
              -6.941868599999964
            ],
            [
              110.42730270000004,
              -6.941952299999969
            ],
            [
              110.42665260000007,
              -6.94219929999997
            ],
            [
              110.42650040000007,
              -6.942066099999977
            ],
            [
              110.42613870000008,
              -6.940990599999964
            ],
            [
              110.42618630000004,
              -6.938430299999936
            ],
            [
              110.42626240000004,
              -6.938297
            ],
            [
              110.42632750000007,
              -6.938309299999958
            ],
            [
              110.42632150000009,
              -6.937095799999952
            ],
            [
              110.42616680000003,
              -6.937048199999936
            ],
            [
              110.42615610000007,
              -6.936954199999946
            ],
            [
              110.42616570000007,
              -6.936716199999978
            ],
            [
              110.42616090000007,
              -6.936449699999969
            ],
            [
              110.42608480000007,
              -6.936307
            ],
            [
              110.425942,
              -6.936145199999942
            ],
            [
              110.425685,
              -6.936011899999926
            ],
            [
              110.42550890000007,
              -6.935964299999966
            ],
            [
              110.42516150000006,
              -6.935988099999975
            ],
            [
              110.42494740000006,
              -6.93608329999995
            ],
            [
              110.42486170000006,
              -6.936159499999974
            ],
            [
              110.42480940000007,
              -6.936302199999943
            ],
            [
              110.42469510000006,
              -6.936454499999968
            ],
            [
              110.42452860000009,
              -6.936573499999952
            ],
            [
              110.42440560000006,
              -6.936804499999937
            ],
            [
              110.42431440000007,
              -6.936859
            ],
            [
              110.42410710000007,
              -6.936856299999931
            ],
            [
              110.42358160000003,
              -6.936849499999937
            ],
            [
              110.42357680000003,
              -6.937991599999975
            ],
            [
              110.423534,
              -6.939557299999933
            ],
            [
              110.42349590000003,
              -6.942303199999969
            ],
            [
              110.42345310000007,
              -6.944530399999962
            ],
            [
              110.42341020000003,
              -6.946819399999981
            ],
            [
              110.42519480000004,
              -6.948784899999964
            ],
            [
              110.42647020000004,
              -6.950212499999964
            ],
            [
              110.42643220000008,
              -6.950264899999979
            ],
            [
              110.42662730000006,
              -6.950493299999948
            ],
            [
              110.42667010000008,
              -6.950474299999939
            ],
            [
              110.42681,
              -6.950628499999937
            ],
            [
              110.42686520000007,
              -6.950707499999965
            ],
            [
              110.42707940000008,
              -6.950517099999956
            ],
            [
              110.42716030000008,
              -6.950564699999973
            ],
            [
              110.42678910000006,
              -6.951269
            ],
            [
              110.42668360000005,
              -6.951218199999971
            ],
            [
              110.42651,
              -6.95153
            ],
            [
              110.42624180000007,
              -6.951997099999971
            ],
            [
              110.42511870000004,
              -6.951397499999928
            ],
            [
              110.42519480000004,
              -6.951216699999975
            ],
            [
              110.42375760000004,
              -6.950436199999956
            ],
            [
              110.423691,
              -6.950550399999941
            ],
            [
              110.42300570000003,
              -6.950188799999978
            ],
            [
              110.42292960000009,
              -6.950226799999939
            ],
            [
              110.42193970000005,
              -6.949608199999943
            ],
            [
              110.42196830000006,
              -6.949532
            ],
            [
              110.42085470000006,
              -6.948561199999972
            ],
            [
              110.42089280000005,
              -6.948437499999955
            ],
            [
              110.42016940000008,
              -6.947733199999959
            ],
            [
              110.41989360000008,
              -6.947736799999973
            ],
            [
              110.41967450000004,
              -6.947828299999969
            ],
            [
              110.419665,
              -6.947980599999937
            ],
            [
              110.41956980000003,
              -6.949284599999942
            ],
            [
              110.42040740000004,
              -6.95067419999998
            ],
            [
              110.42111170000004,
              -6.951292799999976
            ],
            [
              110.42109260000007,
              -6.951397499999928
            ],
            [
              110.421264,
              -6.951502199999936
            ],
            [
              110.42131160000008,
              -6.951435599999968
            ],
            [
              110.42245370000006,
              -6.95218749999998
            ],
            [
              110.42255520000003,
              -6.951999499999943
            ],
            [
              110.42278680000004,
              -6.951664
            ],
            [
              110.42292960000009,
              -6.951721099999929
            ],
            [
              110.42273440000008,
              -6.952118199999973
            ],
            [
              110.42265360000005,
              -6.952282699999955
            ],
            [
              110.42272970000005,
              -6.952339799999947
            ],
            [
              110.42266310000008,
              -6.952511099999981
            ],
            [
              110.42389920000005,
              -6.953220699999974
            ],
            [
              110.424205,
              -6.953396299999952
            ],
            [
              110.42429060000006,
              -6.953291599999943
            ],
            [
              110.42529950000005,
              -6.953881699999954
            ],
            [
              110.42418590000005,
              -6.955766199999971
            ],
            [
              110.42200640000004,
              -6.954452699999933
            ],
            [
              110.42154,
              -6.955223699999976
            ],
            [
              110.42118780000004,
              -6.955014299999959
            ],
            [
              110.42162560000008,
              -6.954148199999963
            ],
            [
              110.42143530000004,
              -6.953900699999963
            ],
            [
              110.42121640000005,
              -6.953615199999945
            ],
            [
              110.42117830000007,
              -6.953377199999977
            ],
            [
              110.421302,
              -6.953282099999967
            ],
            [
              110.421264,
              -6.952815699999974
            ],
            [
              110.42113070000005,
              -6.952606299999957
            ],
            [
              110.42068340000009,
              -6.952368299999932
            ],
            [
              110.42030270000004,
              -6.95239689999994
            ],
            [
              110.420236,
              -6.952454
            ],
            [
              110.42039780000005,
              -6.953148799999951
            ],
            [
              110.42032170000004,
              -6.953177399999959
            ],
            [
              110.42030270000004,
              -6.953291599999943
            ],
            [
              110.42012180000006,
              -6.953339199999959
            ],
            [
              110.41956030000006,
              -6.951683099999968
            ],
            [
              110.41935080000007,
              -6.951330299999938
            ],
            [
              110.41926230000007,
              -6.95124629999998
            ],
            [
              110.41920520000008,
              -6.951253399999928
            ],
            [
              110.41915880000005,
              -6.951299799999958
            ],
            [
              110.41915160000008,
              -6.951910099999964
            ],
            [
              110.41882740000005,
              -6.951997099999971
            ],
            [
              110.41874120000006,
              -6.95201359999993
            ],
            [
              110.41865850000005,
              -6.951713499999926
            ],
            [
              110.41861630000005,
              -6.951560399999948
            ],
            [
              110.41857470000008,
              -6.951572899999974
            ],
            [
              110.41853540000005,
              -6.951506799999947
            ],
            [
              110.41866680000004,
              -6.946743699999956
            ],
            [
              110.41866720000007,
              -6.946421399999963
            ],
            [
              110.41862340000006,
              -6.946063799999934
            ],
            [
              110.41871620000006,
              -6.945856799999945
            ],
            [
              110.41873050000004,
              -6.945357099999967
            ],
            [
              110.41873760000004,
              -6.944300599999963
            ],
            [
              110.41853770000006,
              -6.944257799999946
            ],
            [
              110.41836640000008,
              -6.943965099999957
            ],
            [
              110.41823790000007,
              -6.943651
            ],
            [
              110.41830220000008,
              -6.943508299999962
            ],
            [
              110.41838070000006,
              -6.943265599999961
            ],
            [
              110.41843070000004,
              -6.943172799999957
            ],
            [
              110.41822360000003,
              -6.943115599999942
            ],
            [
              110.41787280000005,
              -6.943143599999928
            ],
            [
              110.417417,
              -6.943179899999961
            ],
            [
              110.41737420000004,
              -6.943351199999938
            ],
            [
              110.41726710000006,
              -6.943786699999976
            ],
            [
              110.41696020000006,
              -6.943965099999957
            ],
            [
              110.41661750000009,
              -6.943972299999928
            ],
            [
              110.41650330000004,
              -6.944200699999953
            ],
            [
              110.416474,
              -6.945666399999936
            ],
            [
              110.41647470000004,
              -6.945999599999936
            ],
            [
              110.414139,
              -6.946181399999944
            ],
            [
              110.41310070000009,
              -6.946291299999928
            ],
            [
              110.41252720000006,
              -6.946178
            ],
            [
              110.412463,
              -6.945921
            ],
            [
              110.41229880000009,
              -6.945150099999978
            ],
            [
              110.412206,
              -6.945157199999926
            ],
            [
              110.41207040000006,
              -6.945507
            ],
            [
              110.41137080000004,
              -6.946078099999966
            ],
            [
              110.41037140000009,
              -6.94670629999996
            ],
            [
              110.40999870000007,
              -6.946858299999974
            ],
            [
              110.41008590000007,
              -6.947027499999933
            ],
            [
              110.41011440000005,
              -6.947263
            ],
            [
              110.41006450000003,
              -6.947470099999975
            ],
            [
              110.409836,
              -6.947805599999981
            ],
            [
              110.40965760000006,
              -6.947934099999941
            ],
            [
              110.40945060000007,
              -6.948026899999945
            ],
            [
              110.40911510000007,
              -6.947969699999931
            ],
            [
              110.40885090000006,
              -6.948076799999967
            ],
            [
              110.40872250000007,
              -6.948233899999934
            ],
            [
              110.40868680000005,
              -6.948340899999948
            ],
            [
              110.40847980000007,
              -6.948362399999951
            ],
            [
              110.40778630000005,
              -6.948663499999952
            ],
            [
              110.40765880000004,
              -6.948726399999941
            ],
            [
              110.40753920000009,
              -6.94896719999997
            ],
            [
              110.40760470000004,
              -6.949104299999931
            ],
            [
              110.40775460000003,
              -6.949418499999979
            ],
            [
              110.40726070000005,
              -6.949510099999941
            ],
            [
              110.40708220000005,
              -6.949450599999977
            ],
            [
              110.40690380000007,
              -6.949307799999929
            ],
            [
              110.40655870000006,
              -6.949319699999933
            ],
            [
              110.40610660000004,
              -6.949272099999973
            ],
            [
              110.40570860000008,
              -6.948908699999947
            ],
            [
              110.40555940000007,
              -6.948772399999939
            ],
            [
              110.40521430000007,
              -6.948808099999951
            ],
            [
              110.40472660000006,
              -6.948867599999971
            ],
            [
              110.40416740000006,
              -6.948808099999951
            ],
            [
              110.40382240000008,
              -6.94882
            ],
            [
              110.40317990000005,
              -6.949200699999949
            ],
            [
              110.40291820000004,
              -6.949462499999981
            ],
            [
              110.40266830000007,
              -6.949652799999967
            ],
            [
              110.402478,
              -6.949486299999933
            ],
            [
              110.40231140000009,
              -6.948641499999951
            ],
            [
              110.40221620000005,
              -6.948439299999961
            ],
            [
              110.40215670000003,
              -6.94809429999998
            ],
            [
              110.40195450000004,
              -6.94707109999996
            ],
            [
              110.40191880000003,
              -6.946761799999933
            ],
            [
              110.40185930000007,
              -6.946488099999954
            ],
            [
              110.40187120000007,
              -6.946131199999968
            ],
            [
              110.40184740000007,
              -6.945441199999948
            ],
            [
              110.40181170000005,
              -6.944751099999962
            ],
            [
              110.39487560000003,
              -6.944953399999974
            ],
            [
              110.39481610000007,
              -6.945012899999938
            ]
          ]
        ]
      }
    },
    {
      "type": "Feature",
      "properties": {
        "id": "KEC_SMG_07",
        "nama": "Genuk",
        "kode_bps": "3374090",
        "level": "kecamatan",
        "total_kelurahan": 13
      },
      "geometry": {
        "type": "Polygon",
        "coordinates": [
          [
            [
              110.4417,
              -6.949990699999944
            ],
            [
              110.44174990000005,
              -6.949972499999944
            ],
            [
              110.44235280000004,
              -6.949723699999936
            ],
            [
              110.44248,
              -6.94971
            ],
            [
              110.442496,
              -6.949709499999926
            ],
            [
              110.44308810000007,
              -6.94943429999995
            ],
            [
              110.44400320000005,
              -6.949184
            ],
            [
              110.44480360000006,
              -6.949207799999954
            ],
            [
              110.44539810000003,
              -6.949299899999971
            ],
            [
              110.44596960000007,
              -6.94952909999995
            ],
            [
              110.44708950000006,
              -6.950147399999935
            ],
            [
              110.448118,
              -6.95065139999997
            ],
            [
              110.44841530000008,
              -6.950811199999976
            ],
            [
              110.44868160000004,
              -6.950944199999981
            ],
            [
              110.448752,
              -6.951042799999925
            ],
            [
              110.44989510000005,
              -6.951563599999929
            ],
            [
              110.45096930000005,
              -6.952287599999977
            ],
            [
              110.45109540000004,
              -6.952489699999944
            ],
            [
              110.45145380000008,
              -6.952887099999941
            ],
            [
              110.45205390000007,
              -6.953807599999948
            ],
            [
              110.45229720000009,
              -6.954577399999948
            ],
            [
              110.45227740000007,
              -6.955440899999928
            ],
            [
              110.45224470000005,
              -6.95718729999993
            ],
            [
              110.45194480000004,
              -6.95720659999995
            ],
            [
              110.45189160000007,
              -6.95721
            ],
            [
              110.45064660000008,
              -6.957325899999944
            ],
            [
              110.44956580000007,
              -6.957606299999952
            ],
            [
              110.44896070000004,
              -6.957781899999929
            ],
            [
              110.44859940000003,
              -6.957908399999951
            ],
            [
              110.44854920000006,
              -6.957955
            ],
            [
              110.44848480000007,
              -6.957980599999928
            ],
            [
              110.44750680000004,
              -6.958287
            ],
            [
              110.44794050000007,
              -6.958876099999941
            ],
            [
              110.44828390000004,
              -6.959252699999979
            ],
            [
              110.44832450000007,
              -6.959303
            ],
            [
              110.44832040000006,
              -6.959327299999927
            ],
            [
              110.44852150000008,
              -6.959539899999925
            ],
            [
              110.44944680000003,
              -6.960504899999933
            ],
            [
              110.45024220000005,
              -6.96121729999993
            ],
            [
              110.45112940000007,
              -6.962021599999957
            ],
            [
              110.45179480000007,
              -6.96261149999998
            ],
            [
              110.451785,
              -6.96264009999993
            ],
            [
              110.45455240000007,
              -6.965046199999961
            ],
            [
              110.45629510000003,
              -6.966612199999929
            ],
            [
              110.45949990000008,
              -6.969535
            ],
            [
              110.462534,
              -6.972273599999937
            ],
            [
              110.46244520000005,
              -6.972399899999971
            ],
            [
              110.4625,
              -6.97245
            ],
            [
              110.46259,
              -6.97253
            ],
            [
              110.46267,
              -6.97259
            ],
            [
              110.46271,
              -6.97264
            ],
            [
              110.46285,
              -6.97276
            ],
            [
              110.46301,
              -6.97289
            ],
            [
              110.46321,
              -6.97307
            ],
            [
              110.46406,
              -6.97383
            ],
            [
              110.46426,
              -6.974
            ],
            [
              110.46464,
              -6.97434
            ],
            [
              110.46561,
              -6.97518
            ],
            [
              110.46591,
              -6.97547
            ],
            [
              110.46631,
              -6.97583
            ],
            [
              110.46687,
              -6.97635
            ],
            [
              110.46701,
              -6.97647
            ],
            [
              110.4676,
              -6.97697
            ],
            [
              110.46826,
              -6.97757
            ],
            [
              110.46919,
              -6.97841
            ],
            [
              110.46924,
              -6.97845
            ],
            [
              110.46952980000009,
              -6.978702899999973
            ],
            [
              110.46979,
              -6.97893
            ],
            [
              110.47019,
              -6.97928
            ],
            [
              110.47046,
              -6.97952
            ],
            [
              110.47061,
              -6.97967
            ],
            [
              110.47078,
              -6.97981
            ],
            [
              110.4715,
              -6.98043
            ],
            [
              110.47189,
              -6.98078
            ],
            [
              110.47284,
              -6.98163
            ],
            [
              110.47313,
              -6.98185
            ],
            [
              110.47355,
              -6.98218
            ],
            [
              110.473883,
              -6.98238809999998
            ],
            [
              110.47410030000009,
              -6.982569499999954
            ],
            [
              110.47439820000005,
              -6.98279
            ],
            [
              110.47438730000005,
              -6.982802499999934
            ],
            [
              110.47530620000003,
              -6.983586899999978
            ],
            [
              110.47536790000004,
              -6.983639599999947
            ],
            [
              110.47544990000006,
              -6.983709499999975
            ],
            [
              110.47638940000007,
              -6.984540099999947
            ],
            [
              110.47734720000005,
              -6.985396399999956
            ],
            [
              110.47748760000007,
              -6.985539899999935
            ],
            [
              110.47761920000005,
              -6.985668499999974
            ],
            [
              110.47776170000009,
              -6.985820599999954
            ],
            [
              110.47790740000005,
              -6.985997899999973
            ],
            [
              110.47825,
              -6.98636
            ],
            [
              110.47829,
              -6.98641
            ],
            [
              110.47873,
              -6.98686
            ],
            [
              110.47916,
              -6.98731
            ],
            [
              110.47989,
              -6.98795
            ],
            [
              110.47999,
              -6.98804
            ],
            [
              110.48051,
              -6.98849
            ],
            [
              110.48074,
              -6.9887
            ],
            [
              110.48155,
              -6.98941
            ],
            [
              110.48173,
              -6.98957
            ],
            [
              110.48217,
              -6.98996
            ],
            [
              110.4825,
              -6.99024
            ],
            [
              110.48262,
              -6.99034
            ],
            [
              110.48292,
              -6.99065
            ],
            [
              110.48311,
              -6.99081
            ],
            [
              110.48349,
              -6.9911
            ],
            [
              110.48356,
              -6.99116
            ],
            [
              110.48374,
              -6.99137
            ],
            [
              110.48387,
              -6.99149
            ],
            [
              110.48523,
              -6.99268
            ],
            [
              110.48563,
              -6.99306
            ],
            [
              110.48581,
              -6.99326
            ],
            [
              110.48589,
              -6.99335
            ],
            [
              110.48634,
              -6.99377
            ],
            [
              110.4869,
              -6.99422
            ],
            [
              110.48698,
              -6.99429
            ],
            [
              110.48708,
              -6.99437
            ],
            [
              110.48716,
              -6.99445
            ],
            [
              110.4876,
              -6.99485
            ],
            [
              110.48882,
              -6.99595
            ],
            [
              110.48986,
              -6.99685
            ],
            [
              110.49018,
              -6.99713
            ],
            [
              110.49038,
              -6.99731
            ],
            [
              110.49053,
              -6.99743
            ],
            [
              110.49076,
              -6.99769
            ],
            [
              110.491,
              -6.99787
            ],
            [
              110.49117,
              -6.99803
            ],
            [
              110.49120620000008,
              -6.998061199999938
            ],
            [
              110.49153,
              -6.99834
            ],
            [
              110.49222,
              -6.99897
            ],
            [
              110.49239,
              -6.99912
            ],
            [
              110.49324460000008,
              -6.999872099999948
            ],
            [
              110.49336390000008,
              -6.999693699999966
            ],
            [
              110.49392630000006,
              -6.999814799999967
            ],
            [
              110.49416740000004,
              -6.999895299999935
            ],
            [
              110.49456930000008,
              -6.999815499999954
            ],
            [
              110.49461010000005,
              -6.99925339999993
            ],
            [
              110.49509250000006,
              -6.999013
            ],
            [
              110.49549450000006,
              -6.998933199999954
            ],
            [
              110.49605830000007,
              -6.997809599999925
            ],
            [
              110.49658180000006,
              -6.996726099999933
            ],
            [
              110.49678360000007,
              -6.99588319999998
            ],
            [
              110.49698540000009,
              -6.995120499999928
            ],
            [
              110.49724070000008,
              -6.99505
            ],
            [
              110.49770890000008,
              -6.994920599999944
            ],
            [
              110.49795030000007,
              -6.994679899999937
            ],
            [
              110.49795070000005,
              -6.994273
            ],
            [
              110.49795090000003,
              -6.99411779999997
            ],
            [
              110.498394,
              -6.993114499999933
            ],
            [
              110.49887650000005,
              -6.992834
            ],
            [
              110.49907760000008,
              -6.992673599999932
            ],
            [
              110.49956020000008,
              -6.992232499999943
            ],
            [
              110.50024340000004,
              -6.992193099999952
            ],
            [
              110.50060510000009,
              -6.992153299999927
            ],
            [
              110.50120780000009,
              -6.992234199999928
            ],
            [
              110.50152870000005,
              -6.992716399999949
            ],
            [
              110.50164280000007,
              -6.992863199999931
            ],
            [
              110.50165560000005,
              -6.992832199999953
            ],
            [
              110.50167080000006,
              -6.992640499999936
            ],
            [
              110.50167080000006,
              -6.992616199999929
            ],
            [
              110.50163270000007,
              -6.992444499999976
            ],
            [
              110.50160980000004,
              -6.992301
            ],
            [
              110.50162510000007,
              -6.992218499999979
            ],
            [
              110.50163270000007,
              -6.992147899999964
            ],
            [
              110.50166320000005,
              -6.99200819999993
            ],
            [
              110.50164030000008,
              -6.991863199999955
            ],
            [
              110.50163270000007,
              -6.991764499999931
            ],
            [
              110.50160980000004,
              -6.991684899999939
            ],
            [
              110.50160980000004,
              -6.991620499999954
            ],
            [
              110.50160220000004,
              -6.991570399999944
            ],
            [
              110.50160980000004,
              -6.991425499999934
            ],
            [
              110.50167080000006,
              -6.991153199999928
            ],
            [
              110.50171660000007,
              -6.990949099999966
            ],
            [
              110.50173190000004,
              -6.990637699999979
            ],
            [
              110.50172420000007,
              -6.990548599999954
            ],
            [
              110.50170140000006,
              -6.990264399999944
            ],
            [
              110.50170140000006,
              -6.990233899999964
            ],
            [
              110.501648,
              -6.99000209999997
            ],
            [
              110.50154880000008,
              -6.989505699999938
            ],
            [
              110.50154880000008,
              -6.989311199999975
            ],
            [
              110.50179290000005,
              -6.988920199999939
            ],
            [
              110.50202180000008,
              -6.988442899999939
            ],
            [
              110.50221250000004,
              -6.988034199999959
            ],
            [
              110.50230410000006,
              -6.987807199999963
            ],
            [
              110.50279230000007,
              -6.986573699999951
            ],
            [
              110.50291440000007,
              -6.986194099999977
            ],
            [
              110.50299840000008,
              -6.985923299999968
            ],
            [
              110.50301360000009,
              -6.985882699999934
            ],
            [
              110.50298310000005,
              -6.985813099999973
            ],
            [
              110.50287630000008,
              -6.985765899999933
            ],
            [
              110.50260930000007,
              -6.985643799999934
            ],
            [
              110.50241850000003,
              -6.985575199999971
            ],
            [
              110.50192260000006,
              -6.985339099999976
            ],
            [
              110.50153130000007,
              -6.985058099999947
            ],
            [
              110.50134110000005,
              -6.98498189999998
            ],
            [
              110.50143110000005,
              -6.984853
            ],
            [
              110.501543,
              -6.984615699999949
            ],
            [
              110.501564,
              -6.984394099999975
            ],
            [
              110.50164030000008,
              -6.984102199999938
            ],
            [
              110.501648,
              -6.98388719999997
            ],
            [
              110.50161740000004,
              -6.983675
            ],
            [
              110.50159450000007,
              -6.983438
            ],
            [
              110.50161740000004,
              -6.982992599999932
            ],
            [
              110.50174710000005,
              -6.982175299999938
            ],
            [
              110.50192260000006,
              -6.98153439999993
            ],
            [
              110.50193020000006,
              -6.981498699999975
            ],
            [
              110.50205990000006,
              -6.979736299999956
            ],
            [
              110.50212860000005,
              -6.979320499999972
            ],
            [
              110.50219580000004,
              -6.979224299999942
            ],
            [
              110.50260840000004,
              -6.97932069999996
            ],
            [
              110.50262360000005,
              -6.979247699999974
            ],
            [
              110.50272980000005,
              -6.979165299999977
            ],
            [
              110.50286840000007,
              -6.979123899999934
            ],
            [
              110.50330280000009,
              -6.979227399999957
            ],
            [
              110.50345450000009,
              -6.979261099999974
            ],
            [
              110.50373480000007,
              -6.979029199999957
            ],
            [
              110.50440770000006,
              -6.977762499999926
            ],
            [
              110.50535780000007,
              -6.975974
            ],
            [
              110.50520170000004,
              -6.97466309999993
            ],
            [
              110.50491960000005,
              -6.97070169999995
            ],
            [
              110.50489790000006,
              -6.970382599999937
            ],
            [
              110.504832,
              -6.970206499999961
            ],
            [
              110.504678,
              -6.970008299999961
            ],
            [
              110.50447390000005,
              -6.969914499999959
            ],
            [
              110.50447950000006,
              -6.969908499999974
            ],
            [
              110.50367770000008,
              -6.969589399999961
            ],
            [
              110.50335940000008,
              -6.969435899999951
            ],
            [
              110.50322980000004,
              -6.969317799999942
            ],
            [
              110.50298220000008,
              -6.96917609999997
            ],
            [
              110.50295430000006,
              -6.969185399999958
            ],
            [
              110.50285120000007,
              -6.969002699999976
            ],
            [
              110.50279230000007,
              -6.968744199999946
            ],
            [
              110.50279150000006,
              -6.968740199999957
            ],
            [
              110.50275420000008,
              -6.968569199999934
            ],
            [
              110.50247190000005,
              -6.967591299999981
            ],
            [
              110.50236510000008,
              -6.967075299999976
            ],
            [
              110.50172420000007,
              -6.965806899999961
            ],
            [
              110.50151060000007,
              -6.965291
            ],
            [
              110.501358,
              -6.964667799999972
            ],
            [
              110.50119020000005,
              -6.963807599999939
            ],
            [
              110.50116730000008,
              -6.962797599999931
            ],
            [
              110.50131990000006,
              -6.961938399999951
            ],
            [
              110.50164030000008,
              -6.960885499999961
            ],
            [
              110.50213620000005,
              -6.959940399999937
            ],
            [
              110.50234990000007,
              -6.959403499999951
            ],
            [
              110.50280760000004,
              -6.958866599999965
            ],
            [
              110.50276180000009,
              -6.958114599999931
            ],
            [
              110.50272370000005,
              -6.957792299999937
            ],
            [
              110.50254820000004,
              -6.957448
            ],
            [
              110.50233460000004,
              -6.957061299999964
            ],
            [
              110.50228880000009,
              -6.956760399999951
            ],
            [
              110.50214380000006,
              -6.956265899999948
            ],
            [
              110.50204450000007,
              -6.955821199999946
            ],
            [
              110.50203980000003,
              -6.955800199999942
            ],
            [
              110.50192110000006,
              -6.955269399999963
            ],
            [
              110.50188450000007,
              -6.955105299999957
            ],
            [
              110.501778,
              -6.954745399999979
            ],
            [
              110.50173190000004,
              -6.954589299999952
            ],
            [
              110.50162510000007,
              -6.954202099999975
            ],
            [
              110.50143430000008,
              -6.953815
            ],
            [
              110.50125880000007,
              -6.953282799999954
            ],
            [
              110.50118260000005,
              -6.953102099999967
            ],
            [
              110.50103,
              -6.952719699999932
            ],
            [
              110.50101,
              -6.952643099999932
            ],
            [
              110.50100710000004,
              -6.952631899999972
            ],
            [
              110.50100420000007,
              -6.95262189999994
            ],
            [
              110.50033940000009,
              -6.95284259999994
            ],
            [
              110.49996180000005,
              -6.952960099999927
            ],
            [
              110.49958430000004,
              -6.95301859999995
            ],
            [
              110.49920670000006,
              -6.953088899999955
            ],
            [
              110.49891170000006,
              -6.953171099999963
            ],
            [
              110.49792650000006,
              -6.953447099999948
            ],
            [
              110.496723,
              -6.953764
            ],
            [
              110.495779,
              -6.953998799999965
            ],
            [
              110.49535430000009,
              -6.954069
            ],
            [
              110.49489410000007,
              -6.95425709999995
            ],
            [
              110.49423340000004,
              -6.954386099999965
            ],
            [
              110.49365520000003,
              -6.954503299999942
            ],
            [
              110.49311250000005,
              -6.954585299999962
            ],
            [
              110.49156670000008,
              -6.955066899999963
            ],
            [
              110.49097680000006,
              -6.955219499999941
            ],
            [
              110.49057140000008,
              -6.955230599999936
            ],
            [
              110.49055210000006,
              -6.955242599999963
            ],
            [
              110.49076520000006,
              -6.954965499999958
            ],
            [
              110.49052430000006,
              -6.955040399999973
            ],
            [
              110.49040220000006,
              -6.955069099999946
            ],
            [
              110.49028020000009,
              -6.955041899999969
            ],
            [
              110.49010470000007,
              -6.954963199999952
            ],
            [
              110.49004360000004,
              -6.954947
            ],
            [
              110.49005890000007,
              -6.954870699999958
            ],
            [
              110.49013520000005,
              -6.954822
            ],
            [
              110.49016570000003,
              -6.954778699999963
            ],
            [
              110.49015810000009,
              -6.954703799999947
            ],
            [
              110.49010470000007,
              -6.954652799999963
            ],
            [
              110.49006650000007,
              -6.954643699999963
            ],
            [
              110.49002070000006,
              -6.954631799999959
            ],
            [
              110.49008180000004,
              -6.954371899999956
            ],
            [
              110.490181,
              -6.95402619999993
            ],
            [
              110.49024960000008,
              -6.953805399999965
            ],
            [
              110.49011230000008,
              -6.953472599999941
            ],
            [
              110.49016570000003,
              -6.953312399999959
            ],
            [
              110.49045560000008,
              -6.952618599999937
            ],
            [
              110.49057010000007,
              -6.952261399999941
            ],
            [
              110.49066160000007,
              -6.951987199999962
            ],
            [
              110.49082950000007,
              -6.951697299999978
            ],
            [
              110.49114990000004,
              -6.951275799999962
            ],
            [
              110.49114230000004,
              -6.951111799999978
            ],
            [
              110.49110410000009,
              -6.950751799999978
            ],
            [
              110.49114230000004,
              -6.950527199999954
            ],
            [
              110.49123380000009,
              -6.950143299999979
            ],
            [
              110.49129490000007,
              -6.949890599999947
            ],
            [
              110.49130250000007,
              -6.949823799999933
            ],
            [
              110.49131010000008,
              -6.949792399999978
            ],
            [
              110.49144750000005,
              -6.949403299999972
            ],
            [
              110.49150850000007,
              -6.949178699999948
            ],
            [
              110.49158480000006,
              -6.94889349999994
            ],
            [
              110.49161530000003,
              -6.948809099999949
            ],
            [
              110.49178310000008,
              -6.948246899999958
            ],
            [
              110.49186710000004,
              -6.948149699999931
            ],
            [
              110.49199680000004,
              -6.948096299999975
            ],
            [
              110.492218,
              -6.948004699999956
            ],
            [
              110.49226380000005,
              -6.947924599999965
            ],
            [
              110.49225620000004,
              -6.947828299999969
            ],
            [
              110.49220470000006,
              -6.947510199999954
            ],
            [
              110.49220160000004,
              -6.947490899999934
            ],
            [
              110.48879040000008,
              -6.948689799999954
            ],
            [
              110.48915850000009,
              -6.946978299999955
            ],
            [
              110.48846950000006,
              -6.946724699999947
            ],
            [
              110.48850250000004,
              -6.946561799999927
            ],
            [
              110.48780060000007,
              -6.946411599999976
            ],
            [
              110.48750690000008,
              -6.946352
            ],
            [
              110.48753240000008,
              -6.946149799999944
            ],
            [
              110.48753040000008,
              -6.946128399999964
            ],
            [
              110.48664980000007,
              -6.945897199999933
            ],
            [
              110.48655520000005,
              -6.946158799999978
            ],
            [
              110.48655080000009,
              -6.946157899999946
            ],
            [
              110.48636220000009,
              -6.946756299999947
            ],
            [
              110.48450680000008,
              -6.946136099999933
            ],
            [
              110.48261290000005,
              -6.945608899999968
            ],
            [
              110.48239140000004,
              -6.945581899999979
            ],
            [
              110.48156220000004,
              -6.945456699999966
            ],
            [
              110.48094180000004,
              -6.945363
            ],
            [
              110.47988890000005,
              -6.944945299999972
            ],
            [
              110.47875980000003,
              -6.944411199999934
            ],
            [
              110.47843780000005,
              -6.944258899999966
            ],
            [
              110.47732540000004,
              -6.943732699999941
            ],
            [
              110.47509,
              -6.942706499999929
            ],
            [
              110.47340390000005,
              -6.942085199999951
            ],
            [
              110.47257230000008,
              -6.941419599999961
            ],
            [
              110.47248840000009,
              -6.941379099999949
            ],
            [
              110.47223660000009,
              -6.941226899999947
            ],
            [
              110.47191620000007,
              -6.941017099999954
            ],
            [
              110.471817,
              -6.94089839999998
            ],
            [
              110.47170260000007,
              -6.940801599999929
            ],
            [
              110.47109990000007,
              -6.940375299999971
            ],
            [
              110.47077940000008,
              -6.940067299999953
            ],
            [
              110.47047420000007,
              -6.939854599999933
            ],
            [
              110.470314,
              -6.939675799999975
            ],
            [
              110.47023010000004,
              -6.939583299999981
            ],
            [
              110.47006990000006,
              -6.939368699999932
            ],
            [
              110.46983340000008,
              -6.939200399999947
            ],
            [
              110.46933750000005,
              -6.938861799999927
            ],
            [
              110.46931460000008,
              -6.938753099999929
            ],
            [
              110.46934510000006,
              -6.938570499999969
            ],
            [
              110.46945950000008,
              -6.938144199999954
            ],
            [
              110.469429,
              -6.938027799999929
            ],
            [
              110.46935270000006,
              -6.937943
            ],
            [
              110.46923070000008,
              -6.93788619999998
            ],
            [
              110.46902470000003,
              -6.937796099999957
            ],
            [
              110.46875,
              -6.937646399999949
            ],
            [
              110.468483,
              -6.937532399999952
            ],
            [
              110.468071,
              -6.937417
            ],
            [
              110.46775060000004,
              -6.937364499999944
            ],
            [
              110.46768190000006,
              -6.937334499999963
            ],
            [
              110.46771240000004,
              -6.936859099999936
            ],
            [
              110.46779630000009,
              -6.936708
            ],
            [
              110.46788790000005,
              -6.936577799999952
            ],
            [
              110.46790310000006,
              -6.936485299999958
            ],
            [
              110.46787260000008,
              -6.936305499999946
            ],
            [
              110.46771240000004,
              -6.936020799999937
            ],
            [
              110.46757510000003,
              -6.935894
            ],
            [
              110.46721650000006,
              -6.935589299999947
            ],
            [
              110.46703340000005,
              -6.935310799999968
            ],
            [
              110.46675110000007,
              -6.934864499999946
            ],
            [
              110.46667480000008,
              -6.934636599999976
            ],
            [
              110.466568,
              -6.934329
            ],
            [
              110.46645360000008,
              -6.934182599999929
            ],
            [
              110.466301,
              -6.934108199999969
            ],
            [
              110.46617120000008,
              -6.934029599999974
            ],
            [
              110.46571350000005,
              -6.933663299999978
            ],
            [
              110.46562190000009,
              -6.933661899999947
            ],
            [
              110.46549990000005,
              -6.933670499999948
            ],
            [
              110.46538540000006,
              -6.933595599999933
            ],
            [
              110.46488190000008,
              -6.933259499999963
            ],
            [
              110.464798,
              -6.93328809999997
            ],
            [
              110.46466060000006,
              -6.933398199999942
            ],
            [
              110.46448520000007,
              -6.933539799999949
            ],
            [
              110.46445470000003,
              -6.93349459999996
            ],
            [
              110.46433260000003,
              -6.933210299999928
            ],
            [
              110.46411130000007,
              -6.932718299999976
            ],
            [
              110.46401210000005,
              -6.93260859999998
            ],
            [
              110.46394350000008,
              -6.932588499999952
            ],
            [
              110.46376040000007,
              -6.932602399999951
            ],
            [
              110.46366880000005,
              -6.932450699999947
            ],
            [
              110.463562,
              -6.932247099999927
            ],
            [
              110.46321250000005,
              -6.931527599999981
            ],
            [
              110.46239470000006,
              -6.931547099999932
            ],
            [
              110.46238980000004,
              -6.931541399999958
            ],
            [
              110.46219,
              -6.93159
            ],
            [
              110.46195,
              -6.9317
            ],
            [
              110.46169,
              -6.93184
            ],
            [
              110.46145,
              -6.93194
            ],
            [
              110.46129,
              -6.93208
            ],
            [
              110.46115,
              -6.93225
            ],
            [
              110.46102,
              -6.93239
            ],
            [
              110.46087,
              -6.9325
            ],
            [
              110.46052,
              -6.93264
            ],
            [
              110.46038,
              -6.9326
            ],
            [
              110.46018,
              -6.93262
            ],
            [
              110.45998,
              -6.93263
            ],
            [
              110.45984,
              -6.93268
            ],
            [
              110.45972,
              -6.93272
            ],
            [
              110.45951,
              -6.9328
            ],
            [
              110.45941,
              -6.93292
            ],
            [
              110.45936,
              -6.93312
            ],
            [
              110.45928,
              -6.93333
            ],
            [
              110.45915,
              -6.93351
            ],
            [
              110.45887,
              -6.9336
            ],
            [
              110.45868,
              -6.93373
            ],
            [
              110.45855,
              -6.93389
            ],
            [
              110.45781,
              -6.93449
            ],
            [
              110.45759,
              -6.93458
            ],
            [
              110.45751,
              -6.93467
            ],
            [
              110.45744,
              -6.9348
            ],
            [
              110.45731,
              -6.93496
            ],
            [
              110.45718,
              -6.93505
            ],
            [
              110.45697,
              -6.93511
            ],
            [
              110.45681,
              -6.93527
            ],
            [
              110.45671550000009,
              -6.935345599999948
            ],
            [
              110.45666,
              -6.93539
            ],
            [
              110.45638,
              -6.9355
            ],
            [
              110.45606,
              -6.9355
            ],
            [
              110.45588,
              -6.93537
            ],
            [
              110.45575,
              -6.93516
            ],
            [
              110.45552,
              -6.93517
            ],
            [
              110.45542,
              -6.93521
            ],
            [
              110.45528,
              -6.93554
            ],
            [
              110.45502,
              -6.93564
            ],
            [
              110.45475,
              -6.93571
            ],
            [
              110.450039,
              -6.937280599999951
            ],
            [
              110.44989,
              -6.93731
            ],
            [
              110.44960690000005,
              -6.937346499999933
            ],
            [
              110.44935770000006,
              -6.937396
            ],
            [
              110.44896370000004,
              -6.937454599999967
            ],
            [
              110.44873160000009,
              -6.937510299999929
            ],
            [
              110.44803450000006,
              -6.937734699999965
            ],
            [
              110.44778460000003,
              -6.937306399999954
            ],
            [
              110.44735630000008,
              -6.937306399999954
            ],
            [
              110.44681430000009,
              -6.936117399999944
            ],
            [
              110.446773,
              -6.936138899999946
            ],
            [
              110.44628510000007,
              -6.936727699999949
            ],
            [
              110.44614,
              -6.93677
            ],
            [
              110.44610560000007,
              -6.936787199999969
            ],
            [
              110.44570740000006,
              -6.938764899999967
            ],
            [
              110.444686,
              -6.942982699999959
            ],
            [
              110.44398010000003,
              -6.944818
            ],
            [
              110.44236320000005,
              -6.948478499999965
            ],
            [
              110.4417,
              -6.949990699999944
            ]
          ]
        ]
      }
    },
    {
      "type": "Feature",
      "properties": {
        "id": "KEC_SMG_12",
        "nama": "Semarang Tengah",
        "kode_bps": "3374130",
        "level": "kecamatan",
        "total_kelurahan": 15
      },
      "geometry": {
        "type": "Polygon",
        "coordinates": [
          [
            [
              110.40167150000008,
              -6.977498699999956
            ],
            [
              110.401673,
              -6.977512499999932
            ],
            [
              110.40180530000004,
              -6.97862159999994
            ],
            [
              110.40190420000005,
              -6.97934829999997
            ],
            [
              110.40196,
              -6.980288599999938
            ],
            [
              110.40196330000003,
              -6.981094699999971
            ],
            [
              110.40209610000005,
              -6.981123299999979
            ],
            [
              110.40216960000004,
              -6.981144699999959
            ],
            [
              110.40227160000006,
              -6.981168599999933
            ],
            [
              110.40234280000004,
              -6.981192399999941
            ],
            [
              110.40240570000009,
              -6.981222599999967
            ],
            [
              110.40368590000008,
              -6.981769
            ],
            [
              110.40510730000005,
              -6.982437
            ],
            [
              110.40646660000004,
              -6.983087099999977
            ],
            [
              110.406634,
              -6.983159199999932
            ],
            [
              110.40679290000008,
              -6.983227799999952
            ],
            [
              110.407355,
              -6.983470099999977
            ],
            [
              110.40865660000009,
              -6.984053499999959
            ],
            [
              110.40910980000007,
              -6.98420509999994
            ],
            [
              110.40924810000007,
              -6.984205299999928
            ],
            [
              110.40924910000007,
              -6.984225199999969
            ],
            [
              110.40929840000007,
              -6.984309199999927
            ],
            [
              110.40934030000005,
              -6.984361099999944
            ],
            [
              110.409397,
              -6.984417899999926
            ],
            [
              110.40944640000004,
              -6.98445
            ],
            [
              110.409513,
              -6.984479699999952
            ],
            [
              110.40958960000006,
              -6.984494599999948
            ],
            [
              110.40970570000007,
              -6.984489899999971
            ],
            [
              110.40975260000005,
              -6.984482499999956
            ],
            [
              110.40992290000008,
              -6.984581399999968
            ],
            [
              110.41015430000004,
              -6.984693899999968
            ],
            [
              110.41079,
              -6.985003899999981
            ],
            [
              110.41235330000006,
              -6.985718599999927
            ],
            [
              110.41377070000004,
              -6.986373
            ],
            [
              110.413793,
              -6.986382699999979
            ],
            [
              110.41391480000004,
              -6.98643549999997
            ],
            [
              110.41408850000005,
              -6.986510799999962
            ],
            [
              110.41466410000004,
              -6.986683299999982
            ],
            [
              110.415635,
              -6.986950699999966
            ],
            [
              110.416507,
              -6.987222299999928
            ],
            [
              110.41746070000005,
              -6.987506799999949
            ],
            [
              110.41792470000007,
              -6.987653399999942
            ],
            [
              110.41820810000007,
              -6.987782599999946
            ],
            [
              110.41876650000006,
              -6.988023699999928
            ],
            [
              110.41902420000008,
              -6.988161399999967
            ],
            [
              110.42092680000007,
              -6.989087
            ],
            [
              110.42169130000008,
              -6.989465699999926
            ],
            [
              110.42238180000004,
              -6.989783299999942
            ],
            [
              110.42237740000007,
              -6.98979259999993
            ],
            [
              110.422442,
              -6.989827799999944
            ],
            [
              110.42250790000008,
              -6.98971279999995
            ],
            [
              110.422576,
              -6.989540199999965
            ],
            [
              110.42272460000004,
              -6.989268899999956
            ],
            [
              110.42278030000006,
              -6.989176399999963
            ],
            [
              110.42278130000005,
              -6.989175399999965
            ],
            [
              110.4229,
              -6.98915
            ],
            [
              110.42291650000004,
              -6.989156399999956
            ],
            [
              110.42296560000005,
              -6.98914579999996
            ],
            [
              110.423089,
              -6.989170599999966
            ],
            [
              110.42329270000005,
              -6.98923869999993
            ],
            [
              110.42355810000004,
              -6.98935629999994
            ],
            [
              110.42385430000007,
              -6.989510899999971
            ],
            [
              110.42402090000007,
              -6.989653
            ],
            [
              110.42408250000005,
              -6.989739399999962
            ],
            [
              110.42409430000004,
              -6.98979879999996
            ],
            [
              110.42408350000005,
              -6.989801899999975
            ],
            [
              110.42409480000003,
              -6.989832
            ],
            [
              110.42407,
              -6.989899799999932
            ],
            [
              110.42378370000006,
              -6.990527099999952
            ],
            [
              110.42395,
              -6.99063
            ],
            [
              110.42443,
              -6.99088
            ],
            [
              110.42523,
              -6.99125
            ],
            [
              110.42665,
              -6.99195
            ],
            [
              110.42682,
              -6.99204
            ],
            [
              110.42716,
              -6.99221
            ],
            [
              110.42831,
              -6.99276
            ],
            [
              110.42891650000007,
              -6.993055499999969
            ],
            [
              110.42901940000007,
              -6.993103699999949
            ],
            [
              110.42905710000008,
              -6.993120899999951
            ],
            [
              110.42915660000006,
              -6.993169
            ],
            [
              110.42984,
              -6.99353
            ],
            [
              110.43064,
              -6.99392
            ],
            [
              110.43108,
              -6.99413
            ],
            [
              110.4313,
              -6.99419
            ],
            [
              110.43177,
              -6.99427
            ],
            [
              110.43198,
              -6.99428
            ],
            [
              110.43203170000004,
              -6.994296099999929
            ],
            [
              110.43206090000007,
              -6.994305299999951
            ],
            [
              110.43206170000008,
              -6.993639
            ],
            [
              110.43208110000006,
              -6.991735499999947
            ],
            [
              110.43198050000007,
              -6.989780499999938
            ],
            [
              110.43184640000004,
              -6.987139499999955
            ],
            [
              110.43180250000006,
              -6.985662699999978
            ],
            [
              110.431801,
              -6.98557
            ],
            [
              110.43179950000007,
              -6.985494499999959
            ],
            [
              110.43179910000003,
              -6.98547659999997
            ],
            [
              110.43174510000006,
              -6.982871899999964
            ],
            [
              110.431733,
              -6.981768299999942
            ],
            [
              110.43167510000006,
              -6.979487099999972
            ],
            [
              110.431609,
              -6.978504499999929
            ],
            [
              110.43156220000009,
              -6.976255399999957
            ],
            [
              110.43156170000009,
              -6.976231299999938
            ],
            [
              110.43156020000004,
              -6.976155799999958
            ],
            [
              110.43155950000005,
              -6.976051899999959
            ],
            [
              110.43154580000004,
              -6.975870199999974
            ],
            [
              110.43153230000007,
              -6.975422799999933
            ],
            [
              110.431533,
              -6.974480399999948
            ],
            [
              110.43152670000006,
              -6.974480599999936
            ],
            [
              110.43154260000006,
              -6.974230499999976
            ],
            [
              110.43150940000004,
              -6.973364699999934
            ],
            [
              110.43149110000007,
              -6.972269199999971
            ],
            [
              110.431454,
              -6.970606199999963
            ],
            [
              110.43143710000004,
              -6.969851499999947
            ],
            [
              110.43142090000003,
              -6.969623099999978
            ],
            [
              110.43142120000005,
              -6.969378499999948
            ],
            [
              110.43139220000006,
              -6.969075299999929
            ],
            [
              110.43139320000006,
              -6.968243799999925
            ],
            [
              110.43139360000004,
              -6.967891699999939
            ],
            [
              110.43139450000007,
              -6.967164699999955
            ],
            [
              110.43102220000009,
              -6.967372799999964
            ],
            [
              110.43051280000009,
              -6.967655799999932
            ],
            [
              110.430121,
              -6.967860799999926
            ],
            [
              110.42970960000008,
              -6.968046099999981
            ],
            [
              110.42932760000008,
              -6.968231499999945
            ],
            [
              110.42908270000004,
              -6.968309499999975
            ],
            [
              110.42886730000004,
              -6.968377699999962
            ],
            [
              110.42868130000005,
              -6.968387299999961
            ],
            [
              110.42798610000006,
              -6.96844509999994
            ],
            [
              110.42746720000008,
              -6.968483599999956
            ],
            [
              110.427056,
              -6.968512499999974
            ],
            [
              110.42670350000009,
              -6.968580499999973
            ],
            [
              110.42626290000004,
              -6.96864839999995
            ],
            [
              110.42571460000005,
              -6.968735799999934
            ],
            [
              110.42558660000009,
              -6.968752699999925
            ],
            [
              110.42556770000004,
              -6.968755199999976
            ],
            [
              110.42546470000008,
              -6.968822199999977
            ],
            [
              110.42545970000003,
              -6.968814499999951
            ],
            [
              110.42444180000007,
              -6.969752399999948
            ],
            [
              110.42434690000005,
              -6.969654899999966
            ],
            [
              110.42434490000005,
              -6.969656899999961
            ],
            [
              110.42427610000004,
              -6.969650899999976
            ],
            [
              110.42410720000004,
              -6.969676
            ],
            [
              110.42376770000004,
              -6.96967559999996
            ],
            [
              110.42338570000004,
              -6.969731699999954
            ],
            [
              110.42306030000009,
              -6.969830199999933
            ],
            [
              110.42245180000003,
              -6.97002729999997
            ],
            [
              110.42175830000008,
              -6.970393899999976
            ],
            [
              110.42110660000009,
              -6.970697899999948
            ],
            [
              110.42082380000005,
              -6.970829699999967
            ],
            [
              110.42053410000005,
              -6.970964799999933
            ],
            [
              110.41527920000004,
              -6.973512
            ],
            [
              110.41527580000007,
              -6.973504499999933
            ],
            [
              110.41520540000005,
              -6.973565899999926
            ],
            [
              110.41480920000004,
              -6.97370669999998
            ],
            [
              110.41432790000005,
              -6.973960499999976
            ],
            [
              110.41400240000007,
              -6.974129699999935
            ],
            [
              110.41383240000005,
              -6.974369799999977
            ],
            [
              110.41364070000009,
              -6.974742899999967
            ],
            [
              110.41359770000008,
              -6.974832499999934
            ],
            [
              110.41339860000005,
              -6.974722699999973
            ],
            [
              110.41331170000007,
              -6.974657899999954
            ],
            [
              110.41310430000004,
              -6.974499299999934
            ],
            [
              110.41298170000005,
              -6.974369799999977
            ],
            [
              110.412868,
              -6.974235799999974
            ],
            [
              110.41282440000003,
              -6.974270199999978
            ],
            [
              110.41233970000008,
              -6.974652
            ],
            [
              110.41191260000005,
              -6.97497119999997
            ],
            [
              110.411441,
              -6.975325899999973
            ],
            [
              110.410925,
              -6.975680599999976
            ],
            [
              110.41038230000004,
              -6.976008499999978
            ],
            [
              110.40984870000005,
              -6.976265399999932
            ],
            [
              110.40935950000005,
              -6.976486899999941
            ],
            [
              110.40856790000004,
              -6.976779
            ],
            [
              110.40813220000007,
              -6.976893899999936
            ],
            [
              110.40735420000004,
              -6.977048399999944
            ],
            [
              110.40708950000004,
              -6.97707749999995
            ],
            [
              110.40694910000008,
              -6.977092899999946
            ],
            [
              110.40687760000009,
              -6.97708769999997
            ],
            [
              110.4058,
              -6.97717
            ],
            [
              110.40573,
              -6.97717
            ],
            [
              110.40521,
              -6.97723
            ],
            [
              110.40512,
              -6.97723
            ],
            [
              110.4048,
              -6.97725
            ],
            [
              110.40442,
              -6.97729
            ],
            [
              110.40425,
              -6.9773
            ],
            [
              110.40391,
              -6.97733
            ],
            [
              110.403,
              -6.9774
            ],
            [
              110.40244,
              -6.97745
            ],
            [
              110.40201,
              -6.97748
            ],
            [
              110.40182120000009,
              -6.9775
            ],
            [
              110.40176240000005,
              -6.977502399999935
            ],
            [
              110.40167150000008,
              -6.977498699999956
            ]
          ]
        ]
      }
    },
    {
      "type": "Feature",
      "properties": {
        "id": "KEC_SMG_02",
        "nama": "Banyumanik",
        "kode_bps": "3374030",
        "level": "kecamatan",
        "total_kelurahan": 11
      },
      "geometry": {
        "type": "Polygon",
        "coordinates": [
          [
            [
              110.39710620000005,
              -7.105240899999956
            ],
            [
              110.397126,
              -7.105543699999942
            ],
            [
              110.39723680000009,
              -7.105776
            ],
            [
              110.39749920000008,
              -7.106058899999937
            ],
            [
              110.39794340000009,
              -7.106321899999955
            ],
            [
              110.398327,
              -7.106564599999956
            ],
            [
              110.39867030000005,
              -7.106746699999974
            ],
            [
              110.39886210000009,
              -7.106868099999929
            ],
            [
              110.39910460000004,
              -7.106888599999934
            ],
            [
              110.39924550000006,
              -7.10685239999998
            ],
            [
              110.39941780000004,
              -7.106868799999972
            ],
            [
              110.39964010000006,
              -7.106909499999972
            ],
            [
              110.39989250000008,
              -7.107030899999927
            ],
            [
              110.40021560000008,
              -7.107202899999947
            ],
            [
              110.40041740000004,
              -7.107394899999974
            ],
            [
              110.40075020000006,
              -7.107869699999981
            ],
            [
              110.40115330000003,
              -7.108687699999962
            ],
            [
              110.40129420000005,
              -7.109142099999929
            ],
            [
              110.40147560000008,
              -7.109455199999957
            ],
            [
              110.40155330000005,
              -7.10971509999996
            ],
            [
              110.40156620000005,
              -7.109758099999965
            ],
            [
              110.40181090000004,
              -7.109751199999948
            ],
            [
              110.40180540000006,
              -7.109729399999935
            ],
            [
              110.40209450000003,
              -7.10969369999998
            ],
            [
              110.40223710000004,
              -7.109649399999967
            ],
            [
              110.40229030000006,
              -7.109672499999931
            ],
            [
              110.402504,
              -7.10964249999995
            ],
            [
              110.40258750000004,
              -7.109628599999951
            ],
            [
              110.40287930000005,
              -7.109722699999963
            ],
            [
              110.40304710000004,
              -7.109974899999941
            ],
            [
              110.40299060000007,
              -7.110366799999952
            ],
            [
              110.40280790000008,
              -7.110772499999939
            ],
            [
              110.40252680000009,
              -7.111388099999942
            ],
            [
              110.40240030000007,
              -7.111639899999943
            ],
            [
              110.40241390000006,
              -7.111735799999963
            ],
            [
              110.40263040000008,
              -7.111738
            ],
            [
              110.40275160000004,
              -7.111914399999932
            ],
            [
              110.40280230000008,
              -7.111988199999928
            ],
            [
              110.40289880000006,
              -7.112140299999965
            ],
            [
              110.40297270000008,
              -7.112400099999945
            ],
            [
              110.40295960000009,
              -7.112669599999947
            ],
            [
              110.40291170000006,
              -7.113197199999945
            ],
            [
              110.40291950000005,
              -7.113563399999975
            ],
            [
              110.40292820000008,
              -7.11382169999996
            ],
            [
              110.40328820000008,
              -7.113599499999964
            ],
            [
              110.403626,
              -7.113452199999927
            ],
            [
              110.40375710000006,
              -7.11335669999994
            ],
            [
              110.40403150000009,
              -7.11304709999996
            ],
            [
              110.40426150000008,
              -7.112844699999926
            ],
            [
              110.40385240000006,
              -7.112463099999957
            ],
            [
              110.40378180000005,
              -7.11186859999998
            ],
            [
              110.40425350000004,
              -7.111661599999934
            ],
            [
              110.40441730000003,
              -7.111512699999935
            ],
            [
              110.40461430000005,
              -7.111277899999948
            ],
            [
              110.40452960000005,
              -7.110975399999973
            ],
            [
              110.40436860000005,
              -7.110704399999975
            ],
            [
              110.40439270000007,
              -7.110370299999943
            ],
            [
              110.40457940000005,
              -7.110080899999957
            ],
            [
              110.40503330000007,
              -7.110061799999926
            ],
            [
              110.40519920000008,
              -7.110054899999966
            ],
            [
              110.40551920000007,
              -7.110212499999932
            ],
            [
              110.40553480000005,
              -7.110220199999958
            ],
            [
              110.40571840000007,
              -7.110351599999944
            ],
            [
              110.40631990000008,
              -7.109926
            ],
            [
              110.40656860000007,
              -7.109851499999934
            ],
            [
              110.40666870000007,
              -7.109821599999975
            ],
            [
              110.40682350000009,
              -7.109553099999971
            ],
            [
              110.40737960000007,
              -7.109407499999975
            ],
            [
              110.40790540000006,
              -7.109056
            ],
            [
              110.40813260000004,
              -7.109177299999942
            ],
            [
              110.40851110000006,
              -7.109375799999953
            ],
            [
              110.40863980000006,
              -7.109539299999938
            ],
            [
              110.40910650000006,
              -7.109619699999939
            ],
            [
              110.40955940000003,
              -7.109926799999926
            ],
            [
              110.40986180000004,
              -7.110091799999964
            ],
            [
              110.410233,
              -7.109966099999951
            ],
            [
              110.41026970000007,
              -7.109653199999968
            ],
            [
              110.41099270000007,
              -7.109271499999977
            ],
            [
              110.411553,
              -7.108898499999952
            ],
            [
              110.41246150000006,
              -7.108502199999975
            ],
            [
              110.412925,
              -7.108244599999978
            ],
            [
              110.41313820000005,
              -7.108230799999944
            ],
            [
              110.41337920000007,
              -7.108221599999979
            ],
            [
              110.41357850000009,
              -7.108341199999927
            ],
            [
              110.41394920000005,
              -7.108373399999948
            ],
            [
              110.41406050000006,
              -7.108281399999953
            ],
            [
              110.41425390000006,
              -7.108228499999939
            ],
            [
              110.414481,
              -7.108242299999972
            ],
            [
              110.41465250000005,
              -7.108357299999966
            ],
            [
              110.41485170000004,
              -7.108472199999937
            ],
            [
              110.41508810000005,
              -7.108527399999957
            ],
            [
              110.41523180000007,
              -7.10848139999996
            ],
            [
              110.41559750000005,
              -7.108399099999929
            ],
            [
              110.41614770000007,
              -7.108372499999973
            ],
            [
              110.41619120000007,
              -7.108368799999937
            ],
            [
              110.41620640000008,
              -7.108343099999956
            ],
            [
              110.41622160000009,
              -7.10831879999995
            ],
            [
              110.41642,
              -7.108089899999925
            ],
            [
              110.41654970000008,
              -7.107948299999975
            ],
            [
              110.41664,
              -7.107831199999964
            ],
            [
              110.41664120000007,
              -7.107829599999945
            ],
            [
              110.41673280000003,
              -7.107447599999944
            ],
            [
              110.41676330000007,
              -7.107267399999955
            ],
            [
              110.41685490000003,
              -7.107055199999934
            ],
            [
              110.41690830000005,
              -7.106935899999939
            ],
            [
              110.41699980000004,
              -7.106787699999927
            ],
            [
              110.41717530000005,
              -7.106685599999935
            ],
            [
              110.41748050000007,
              -7.10644
            ],
            [
              110.41774750000008,
              -7.10628319999995
            ],
            [
              110.41793060000003,
              -7.106151599999976
            ],
            [
              110.41806030000004,
              -7.10603709999998
            ],
            [
              110.41828160000006,
              -7.105841599999962
            ],
            [
              110.41841890000006,
              -7.105711
            ],
            [
              110.41870120000004,
              -7.105442499999981
            ],
            [
              110.41899870000009,
              -7.10516309999997
            ],
            [
              110.41915890000007,
              -7.105044799999973
            ],
            [
              110.41965490000007,
              -7.104898399999968
            ],
            [
              110.41986850000006,
              -7.104871199999934
            ],
            [
              110.42005160000008,
              -7.104968499999927
            ],
            [
              110.42029570000005,
              -7.105092499999955
            ],
            [
              110.42057040000009,
              -7.105076299999951
            ],
            [
              110.42094420000006,
              -7.104904599999941
            ],
            [
              110.42129520000009,
              -7.104675699999973
            ],
            [
              110.42162320000006,
              -7.104205599999943
            ],
            [
              110.42173770000005,
              -7.103792699999929
            ],
            [
              110.421875,
              -7.103162699999928
            ],
            [
              110.42185970000008,
              -7.102522799999974
            ],
            [
              110.42190550000004,
              -7.101735099999928
            ],
            [
              110.42190550000004,
              -7.100881499999957
            ],
            [
              110.42192080000007,
              -7.100209199999938
            ],
            [
              110.42194370000004,
              -7.099517799999944
            ],
            [
              110.42195890000005,
              -7.098150699999962
            ],
            [
              110.42198850000005,
              -7.098077099999955
            ],
            [
              110.422142,
              -7.097695299999941
            ],
            [
              110.42224120000009,
              -7.097384899999952
            ],
            [
              110.42244720000008,
              -7.096894299999974
            ],
            [
              110.42266080000007,
              -7.09661959999994
            ],
            [
              110.42276,
              -7.096540399999981
            ],
            [
              110.42309570000003,
              -7.096287699999948
            ],
            [
              110.42380520000006,
              -7.095817099999977
            ],
            [
              110.42415620000008,
              -7.095591499999955
            ],
            [
              110.42469030000007,
              -7.095353599999953
            ],
            [
              110.42543790000008,
              -7.094889199999955
            ],
            [
              110.42593380000005,
              -7.094523899999956
            ],
            [
              110.42671970000004,
              -7.093848699999967
            ],
            [
              110.42723850000004,
              -7.093304599999954
            ],
            [
              110.42771150000004,
              -7.092857299999935
            ],
            [
              110.42834470000008,
              -7.092305599999975
            ],
            [
              110.42868040000008,
              -7.092048199999965
            ],
            [
              110.429184,
              -7.091765799999962
            ],
            [
              110.42973330000007,
              -7.091623299999981
            ],
            [
              110.43016810000006,
              -7.091641399999958
            ],
            [
              110.43107610000004,
              -7.091763499999956
            ],
            [
              110.43172450000009,
              -7.09192459999997
            ],
            [
              110.43182370000005,
              -7.091926599999965
            ],
            [
              110.43183010000007,
              -7.091926699999931
            ],
            [
              110.43184990000009,
              -7.091927099999964
            ],
            [
              110.43276980000007,
              -7.091945599999974
            ],
            [
              110.433754,
              -7.091913699999964
            ],
            [
              110.43479160000004,
              -7.091788299999962
            ],
            [
              110.43571470000006,
              -7.091594699999973
            ],
            [
              110.43630980000006,
              -7.091310899999939
            ],
            [
              110.43695830000007,
              -7.090956199999937
            ],
            [
              110.43792730000007,
              -7.090682
            ],
            [
              110.4383,
              -7.090640199999939
            ],
            [
              110.43830110000005,
              -7.09064
            ],
            [
              110.43859860000003,
              -7.090607099999943
            ],
            [
              110.43907930000006,
              -7.090637699999945
            ],
            [
              110.43965910000009,
              -7.090863699999943
            ],
            [
              110.44026950000006,
              -7.091044899999929
            ],
            [
              110.44092560000007,
              -7.091266599999926
            ],
            [
              110.44172670000006,
              -7.091352
            ],
            [
              110.44178270000003,
              -7.09135329999998
            ],
            [
              110.44211440000004,
              -7.091287399999942
            ],
            [
              110.44280150000009,
              -7.091288299999974
            ],
            [
              110.44334480000003,
              -7.091288899999938
            ],
            [
              110.44392,
              -7.091289599999925
            ],
            [
              110.44427170000006,
              -7.091242099999931
            ],
            [
              110.44449360000004,
              -7.091210699999976
            ],
            [
              110.44449740000005,
              -7.091160299999956
            ],
            [
              110.44451140000007,
              -7.090976699999942
            ],
            [
              110.44450380000006,
              -7.090676299999927
            ],
            [
              110.44453430000004,
              -7.09054279999998
            ],
            [
              110.44464110000007,
              -7.090451199999961
            ],
            [
              110.44487,
              -7.090367799999967
            ],
            [
              110.44525150000004,
              -7.090276699999947
            ],
            [
              110.44541540000006,
              -7.090276899999935
            ],
            [
              110.44557950000006,
              -7.090277199999946
            ],
            [
              110.44578550000006,
              -7.090319099999931
            ],
            [
              110.44590760000006,
              -7.09041069999995
            ],
            [
              110.44603730000006,
              -7.090561399999956
            ],
            [
              110.44615180000005,
              -7.090845099999967
            ],
            [
              110.44617770000008,
              -7.090917099999956
            ],
            [
              110.44619010000008,
              -7.090951599999926
            ],
            [
              110.44631760000004,
              -7.090733799999953
            ],
            [
              110.44674980000008,
              -7.090143699999942
            ],
            [
              110.44724590000004,
              -7.089473899999973
            ],
            [
              110.44777360000006,
              -7.089187199999969
            ],
            [
              110.448333,
              -7.089076099999943
            ],
            [
              110.44870050000009,
              -7.089092499999936
            ],
            [
              110.44881190000007,
              -7.089173599999981
            ],
            [
              110.44885740000007,
              -7.089160899999968
            ],
            [
              110.44910430000004,
              -7.089092199999925
            ],
            [
              110.44931030000004,
              -7.089092699999981
            ],
            [
              110.44947820000004,
              -7.089113699999928
            ],
            [
              110.44990540000003,
              -7.089260099999933
            ],
            [
              110.45037840000003,
              -7.089447899999925
            ],
            [
              110.45083620000008,
              -7.089677299999948
            ],
            [
              110.45136260000004,
              -7.089907099999948
            ],
            [
              110.45184320000004,
              -7.090064
            ],
            [
              110.45188710000008,
              -7.090069199999959
            ],
            [
              110.45192130000004,
              -7.090073299999972
            ],
            [
              110.45215140000005,
              -7.089655199999982
            ],
            [
              110.45263180000006,
              -7.088825799999938
            ],
            [
              110.45292020000005,
              -7.088203599999929
            ],
            [
              110.45324050000005,
              -7.087581399999976
            ],
            [
              110.45354470000007,
              -7.087071
            ],
            [
              110.45368110000004,
              -7.086568299999954
            ],
            [
              110.45374540000006,
              -7.086265099999935
            ],
            [
              110.45377780000007,
              -7.085834099999943
            ],
            [
              110.45376220000009,
              -7.085578699999928
            ],
            [
              110.45365060000006,
              -7.085339099999942
            ],
            [
              110.45366710000008,
              -7.084908199999973
            ],
            [
              110.45376340000007,
              -7.084525199999973
            ],
            [
              110.453796,
              -7.08399849999995
            ],
            [
              110.45368460000009,
              -7.08356729999997
            ],
            [
              110.45389260000007,
              -7.083328199999926
            ],
            [
              110.45394110000007,
              -7.082849299999964
            ],
            [
              110.45399240000006,
              -7.082595099999935
            ],
            [
              110.45397740000004,
              -7.082587899999965
            ],
            [
              110.45401130000005,
              -7.082336399999974
            ],
            [
              110.453949,
              -7.08223959999998
            ],
            [
              110.45384220000005,
              -7.08198589999995
            ],
            [
              110.45378870000008,
              -7.081594399999972
            ],
            [
              110.45379640000004,
              -7.081352699999968
            ],
            [
              110.45389560000007,
              -7.080845799999963
            ],
            [
              110.45399480000009,
              -7.080546799999979
            ],
            [
              110.454155,
              -7.080224499999929
            ],
            [
              110.45421170000009,
              -7.080149199999937
            ],
            [
              110.45416820000008,
              -7.079992299999958
            ],
            [
              110.454057,
              -7.079417499999977
            ],
            [
              110.45411290000004,
              -7.079040799999973
            ],
            [
              110.45428690000006,
              -7.07883279999993
            ],
            [
              110.45409380000007,
              -7.078931699999941
            ],
            [
              110.45389880000005,
              -7.079046499999947
            ],
            [
              110.45373030000007,
              -7.079258599999946
            ],
            [
              110.45355450000005,
              -7.079420899999946
            ],
            [
              110.45350040000005,
              -7.07942989999998
            ],
            [
              110.45330520000005,
              -7.07931119999995
            ],
            [
              110.45294230000007,
              -7.079195799999979
            ],
            [
              110.45240220000005,
              -7.079115499999943
            ],
            [
              110.45218090000009,
              -7.079053299999941
            ],
            [
              110.45180930000004,
              -7.078734399999973
            ],
            [
              110.45143780000006,
              -7.078353599999957
            ],
            [
              110.45095990000004,
              -7.078105299999947
            ],
            [
              110.45053510000008,
              -7.077936799999975
            ],
            [
              110.45027550000009,
              -7.07789409999998
            ],
            [
              110.45027,
              -7.077887
            ],
            [
              110.44800730000009,
              -7.076994599999978
            ],
            [
              110.44789760000003,
              -7.077072199999975
            ],
            [
              110.44783340000004,
              -7.077096099999949
            ],
            [
              110.44741310000006,
              -7.077313799999956
            ],
            [
              110.44695110000004,
              -7.07739719999995
            ],
            [
              110.44641350000006,
              -7.077363
            ],
            [
              110.44617820000008,
              -7.077324399999952
            ],
            [
              110.44572,
              -7.0771
            ],
            [
              110.44562,
              -7.07712
            ],
            [
              110.44541540000006,
              -7.077191199999959
            ],
            [
              110.44539,
              -7.0772
            ],
            [
              110.44515,
              -7.07715
            ],
            [
              110.44506,
              -7.07703
            ],
            [
              110.44485,
              -7.07678
            ],
            [
              110.44477,
              -7.07677
            ],
            [
              110.44471110000006,
              -7.076765099999932
            ],
            [
              110.44469180000004,
              -7.076744399999939
            ],
            [
              110.44463880000006,
              -7.076647
            ],
            [
              110.44467440000005,
              -7.076558599999942
            ],
            [
              110.44471870000007,
              -7.076505599999962
            ],
            [
              110.44471880000009,
              -7.076434799999959
            ],
            [
              110.44473660000006,
              -7.076364099999978
            ],
            [
              110.44477210000008,
              -7.076293299999975
            ],
            [
              110.44473670000008,
              -7.076293299999975
            ],
            [
              110.44451530000003,
              -7.076310699999965
            ],
            [
              110.44424970000006,
              -7.076248499999963
            ],
            [
              110.44405490000008,
              -7.076186299999961
            ],
            [
              110.44380710000007,
              -7.076079899999968
            ],
            [
              110.44366830000007,
              -7.076044199999956
            ],
            [
              110.44352,
              -7.07597
            ],
            [
              110.44286410000007,
              -7.075740699999926
            ],
            [
              110.44262720000006,
              -7.075722199999973
            ],
            [
              110.44237530000004,
              -7.075646399999926
            ],
            [
              110.44204780000007,
              -7.075562099999956
            ],
            [
              110.44207320000004,
              -7.075427899999966
            ],
            [
              110.44221640000006,
              -7.075067199999978
            ],
            [
              110.44225870000008,
              -7.07480709999993
            ],
            [
              110.44236820000003,
              -7.074538799999971
            ],
            [
              110.44249890000009,
              -7.074157099999979
            ],
            [
              110.44274290000004,
              -7.073805
            ],
            [
              110.44285230000008,
              -7.073620499999947
            ],
            [
              110.44283570000005,
              -7.073477899999943
            ],
            [
              110.44273510000005,
              -7.073301499999957
            ],
            [
              110.442517,
              -7.073091499999975
            ],
            [
              110.44206820000005,
              -7.072566499999937
            ],
            [
              110.44164880000005,
              -7.072138099999961
            ],
            [
              110.44138870000006,
              -7.071860799999968
            ],
            [
              110.44099420000003,
              -7.07159189999993
            ],
            [
              110.44069210000004,
              -7.071423699999968
            ],
            [
              110.44036470000009,
              -7.071221899999955
            ],
            [
              110.43991990000006,
              -7.07092769999997
            ],
            [
              110.43968490000009,
              -7.070768
            ],
            [
              110.43942470000007,
              -7.070625
            ],
            [
              110.43915610000005,
              -7.070456899999954
            ],
            [
              110.43889580000007,
              -7.070364199999972
            ],
            [
              110.43840060000008,
              -7.070111899999972
            ],
            [
              110.43800590000006,
              -7.069977199999926
            ],
            [
              110.43770380000007,
              -7.069783799999925
            ],
            [
              110.43752720000003,
              -7.069614
            ],
            [
              110.43752790000008,
              -7.069602299999929
            ],
            [
              110.43747730000007,
              -7.069573799999944
            ],
            [
              110.437356,
              -7.069432899999981
            ],
            [
              110.43728450000003,
              -7.069349899999963
            ],
            [
              110.43726760000004,
              -7.069330199999968
            ],
            [
              110.43713360000004,
              -7.069011199999977
            ],
            [
              110.43700780000006,
              -7.068809599999952
            ],
            [
              110.43685320000009,
              -7.068728799999974
            ],
            [
              110.43665,
              -7.06872
            ],
            [
              110.4364,
              -7.06867
            ],
            [
              110.43591,
              -7.06858
            ],
            [
              110.43541,
              -7.06851
            ],
            [
              110.43534050000005,
              -7.068500499999971
            ],
            [
              110.43494,
              -7.06845
            ],
            [
              110.43483810000004,
              -7.068447399999968
            ],
            [
              110.43480490000007,
              -7.068445699999927
            ],
            [
              110.43468450000006,
              -7.068436799999972
            ],
            [
              110.43469710000005,
              -7.068397499999946
            ],
            [
              110.43475740000008,
              -7.068227899999954
            ],
            [
              110.43504360000009,
              -7.067741599999977
            ],
            [
              110.43541380000005,
              -7.067238599999939
            ],
            [
              110.43566610000005,
              -7.066987199999971
            ],
            [
              110.43592230000007,
              -7.066776899999979
            ],
            [
              110.43590990000007,
              -7.066777699999932
            ],
            [
              110.43592380000007,
              -7.066765399999952
            ],
            [
              110.43725430000006,
              -7.066967099999943
            ],
            [
              110.43726170000008,
              -7.06693759999996
            ],
            [
              110.43729780000007,
              -7.066804399999967
            ],
            [
              110.43739430000005,
              -7.066495599999939
            ],
            [
              110.43749460000004,
              -7.066303499999947
            ],
            [
              110.43759750000004,
              -7.066124199999933
            ],
            [
              110.43777090000009,
              -7.065943699999934
            ],
            [
              110.43794810000009,
              -7.065818299999933
            ],
            [
              110.43804310000007,
              -7.065746699999977
            ],
            [
              110.43809970000007,
              -7.065631399999972
            ],
            [
              110.438127,
              -7.06538409999996
            ],
            [
              110.43813750000004,
              -7.065120099999945
            ],
            [
              110.43813160000008,
              -7.064729199999931
            ],
            [
              110.43811140000008,
              -7.064483099999961
            ],
            [
              110.43810660000008,
              -7.064219
            ],
            [
              110.43808630000007,
              -7.064021599999933
            ],
            [
              110.43808,
              -7.06378
            ],
            [
              110.43803,
              -7.06374
            ],
            [
              110.43775,
              -7.06364
            ],
            [
              110.4373,
              -7.06351
            ],
            [
              110.43665,
              -7.06332
            ],
            [
              110.43634,
              -7.06322
            ],
            [
              110.43617,
              -7.06311
            ],
            [
              110.43612,
              -7.06305
            ],
            [
              110.43598,
              -7.06291
            ],
            [
              110.43587,
              -7.06271
            ],
            [
              110.43578,
              -7.06243
            ],
            [
              110.43576,
              -7.06203
            ],
            [
              110.43574,
              -7.06176
            ],
            [
              110.43563,
              -7.06081
            ],
            [
              110.43553,
              -7.06032
            ],
            [
              110.43549,
              -7.06002
            ],
            [
              110.43547,
              -7.05979
            ],
            [
              110.43542,
              -7.0596
            ],
            [
              110.43538,
              -7.0591
            ],
            [
              110.43535,
              -7.05902
            ],
            [
              110.43534050000005,
              -7.059026299999971
            ],
            [
              110.43530250000003,
              -7.058953199999962
            ],
            [
              110.43518440000008,
              -7.058559799999955
            ],
            [
              110.43509510000007,
              -7.058480699999961
            ],
            [
              110.43482370000004,
              -7.058301699999959
            ],
            [
              110.43454550000007,
              -7.058091899999965
            ],
            [
              110.43422440000006,
              -7.057801299999937
            ],
            [
              110.43404590000006,
              -7.057591599999967
            ],
            [
              110.43383650000004,
              -7.057285599999943
            ],
            [
              110.43356030000007,
              -7.056861099999935
            ],
            [
              110.43338880000005,
              -7.056562099999951
            ],
            [
              110.43315740000008,
              -7.055996799999946
            ],
            [
              110.43298920000007,
              -7.055742499999951
            ],
            [
              110.43284170000004,
              -7.055495
            ],
            [
              110.43261350000006,
              -7.05515639999993
            ],
            [
              110.43245920000004,
              -7.054860899999937
            ],
            [
              110.43230150000005,
              -7.054486299999951
            ],
            [
              110.43222280000003,
              -7.054184
            ],
            [
              110.432192,
              -7.054012199999931
            ],
            [
              110.43201330000005,
              -7.054005099999927
            ],
            [
              110.43196,
              -7.05401
            ],
            [
              110.43081,
              -7.05401
            ],
            [
              110.43068,
              -7.05396
            ],
            [
              110.43057,
              -7.05387
            ],
            [
              110.43032,
              -7.05367
            ],
            [
              110.43018,
              -7.05355
            ],
            [
              110.43002,
              -7.05341
            ],
            [
              110.42994,
              -7.05333
            ],
            [
              110.43015,
              -7.05323
            ],
            [
              110.43029,
              -7.05315
            ],
            [
              110.43101,
              -7.05281
            ],
            [
              110.43122,
              -7.05271
            ],
            [
              110.43162,
              -7.05249
            ],
            [
              110.43182,
              -7.05235
            ],
            [
              110.432,
              -7.05222
            ],
            [
              110.43233,
              -7.05192
            ],
            [
              110.43259,
              -7.05168
            ],
            [
              110.43306,
              -7.05105
            ],
            [
              110.43314,
              -7.05088
            ],
            [
              110.43345,
              -7.05021
            ],
            [
              110.43359,
              -7.04988
            ],
            [
              110.43369,
              -7.04962
            ],
            [
              110.43375,
              -7.04946
            ],
            [
              110.43435,
              -7.04795
            ],
            [
              110.4346,
              -7.04731
            ],
            [
              110.43462,
              -7.04725
            ],
            [
              110.43465,
              -7.0472
            ],
            [
              110.43467,
              -7.04713
            ],
            [
              110.43471890000006,
              -7.046962899999926
            ],
            [
              110.43479,
              -7.04672
            ],
            [
              110.43489,
              -7.04626
            ],
            [
              110.43491,
              -7.04614
            ],
            [
              110.4349,
              -7.04537
            ],
            [
              110.43483,
              -7.04486
            ],
            [
              110.43473,
              -7.04437
            ],
            [
              110.43442,
              -7.0431
            ],
            [
              110.43434,
              -7.04283
            ],
            [
              110.43431,
              -7.04272
            ],
            [
              110.43424,
              -7.04245
            ],
            [
              110.4341,
              -7.0419
            ],
            [
              110.43401,
              -7.04145
            ],
            [
              110.43392,
              -7.04109
            ],
            [
              110.43376,
              -7.04042
            ],
            [
              110.43369,
              -7.04004
            ],
            [
              110.43367,
              -7.03997
            ],
            [
              110.43355,
              -7.03932
            ],
            [
              110.4334,
              -7.03865
            ],
            [
              110.43336,
              -7.03848
            ],
            [
              110.43333,
              -7.03836
            ],
            [
              110.43327,
              -7.03805
            ],
            [
              110.43312,
              -7.03733
            ],
            [
              110.43296,
              -7.0366
            ],
            [
              110.43293,
              -7.03647
            ],
            [
              110.43284,
              -7.03617
            ],
            [
              110.4328,
              -7.03595
            ],
            [
              110.43272,
              -7.03573
            ],
            [
              110.43259,
              -7.03532
            ],
            [
              110.43236,
              -7.03474
            ],
            [
              110.43229,
              -7.0346
            ],
            [
              110.43226,
              -7.03453
            ],
            [
              110.4321,
              -7.03419
            ],
            [
              110.43191,
              -7.03379
            ],
            [
              110.43185,
              -7.03365
            ],
            [
              110.43161,
              -7.03318
            ],
            [
              110.43156,
              -7.03311
            ],
            [
              110.43136,
              -7.03284
            ],
            [
              110.43062,
              -7.03209
            ],
            [
              110.42992,
              -7.03151
            ],
            [
              110.42976,
              -7.03142
            ],
            [
              110.42958,
              -7.03135
            ],
            [
              110.42945,
              -7.0313
            ],
            [
              110.4291,
              -7.03119
            ],
            [
              110.4289,
              -7.03115
            ],
            [
              110.42853330000008,
              -7.031135099999972
            ],
            [
              110.42816,
              -7.03112
            ],
            [
              110.42717,
              -7.03107
            ],
            [
              110.42562,
              -7.03113
            ],
            [
              110.42531,
              -7.03116
            ],
            [
              110.42481,
              -7.03121
            ],
            [
              110.42302,
              -7.03135
            ],
            [
              110.42291,
              -7.03136
            ],
            [
              110.42267,
              -7.03139
            ],
            [
              110.42246,
              -7.03139
            ],
            [
              110.42194,
              -7.03143
            ],
            [
              110.42171,
              -7.03146
            ],
            [
              110.42134,
              -7.03147
            ],
            [
              110.42099,
              -7.03148
            ],
            [
              110.42096060000006,
              -7.031470499999955
            ],
            [
              110.42049670000006,
              -7.03148
            ],
            [
              110.41951290000009,
              -7.031410599999958
            ],
            [
              110.41856660000008,
              -7.031354399999941
            ],
            [
              110.41839520000008,
              -7.031339299999956
            ],
            [
              110.418163,
              -7.031318099999964
            ],
            [
              110.41814110000007,
              -7.031312
            ],
            [
              110.41788850000006,
              -7.031279099999949
            ],
            [
              110.41774690000005,
              -7.031271499999946
            ],
            [
              110.41725830000007,
              -7.031230299999947
            ],
            [
              110.4154,
              -7.03109139999998
            ],
            [
              110.414386,
              -7.030987599999946
            ],
            [
              110.41424270000005,
              -7.030980099999965
            ],
            [
              110.41364,
              -7.0309
            ],
            [
              110.41243,
              -7.03059
            ],
            [
              110.41234,
              -7.03057
            ],
            [
              110.41123,
              -7.03013
            ],
            [
              110.4111,
              -7.03008
            ],
            [
              110.41022,
              -7.02962
            ],
            [
              110.40974,
              -7.02934
            ],
            [
              110.40938,
              -7.02911
            ],
            [
              110.40896,
              -7.0288
            ],
            [
              110.40852,
              -7.02844
            ],
            [
              110.40821,
              -7.02815
            ],
            [
              110.40813,
              -7.02806
            ],
            [
              110.40789,
              -7.02783
            ],
            [
              110.40766,
              -7.02758
            ],
            [
              110.4074,
              -7.02729
            ],
            [
              110.40716,
              -7.02702
            ],
            [
              110.40689,
              -7.02673
            ],
            [
              110.406,
              -7.02575
            ],
            [
              110.4058,
              -7.02554
            ],
            [
              110.40544,
              -7.02513
            ],
            [
              110.40532,
              -7.025
            ],
            [
              110.40498,
              -7.02461
            ],
            [
              110.40474410000007,
              -7.024345299999936
            ],
            [
              110.40457,
              -7.02415
            ],
            [
              110.40441,
              -7.02398
            ],
            [
              110.40405,
              -7.02358
            ],
            [
              110.40355,
              -7.02303
            ],
            [
              110.40340320000007,
              -7.022855
            ],
            [
              110.40320120000007,
              -7.023031099999969
            ],
            [
              110.40293020000007,
              -7.02326329999994
            ],
            [
              110.40274380000005,
              -7.023474399999941
            ],
            [
              110.40269260000008,
              -7.023799699999927
            ],
            [
              110.402798,
              -7.024095699999975
            ],
            [
              110.40286540000005,
              -7.024294499999939
            ],
            [
              110.40286530000009,
              -7.024361399999975
            ],
            [
              110.40274420000009,
              -7.024556399999938
            ],
            [
              110.40268150000009,
              -7.024939699999948
            ],
            [
              110.40270150000003,
              -7.025447399999962
            ],
            [
              110.40269080000007,
              -7.025737499999934
            ],
            [
              110.40252420000007,
              -7.026234699999975
            ],
            [
              110.40230570000006,
              -7.026793899999973
            ],
            [
              110.40211850000009,
              -7.027249499999925
            ],
            [
              110.40188980000005,
              -7.027622299999962
            ],
            [
              110.40166180000006,
              -7.027841399999943
            ],
            [
              110.40177530000005,
              -7.027984799999956
            ],
            [
              110.402107,
              -7.028119899999979
            ],
            [
              110.40233620000004,
              -7.028197399999954
            ],
            [
              110.40262240000004,
              -7.028358699999956
            ],
            [
              110.40288520000007,
              -7.028873
            ],
            [
              110.40292560000006,
              -7.029199499999947
            ],
            [
              110.40308620000008,
              -7.029575299999976
            ],
            [
              110.40360480000004,
              -7.029897799999958
            ],
            [
              110.40401610000004,
              -7.030202299999928
            ],
            [
              110.40420590000008,
              -7.03040059999995
            ],
            [
              110.40423,
              -7.03056
            ],
            [
              110.40430160000005,
              -7.030917899999963
            ],
            [
              110.40419380000009,
              -7.031221799999969
            ],
            [
              110.40396080000005,
              -7.031436
            ],
            [
              110.403621,
              -7.031712599999935
            ],
            [
              110.40334960000007,
              -7.032073299999979
            ],
            [
              110.40322250000008,
              -7.032506399999932
            ],
            [
              110.40316780000006,
              -7.032939499999941
            ],
            [
              110.40340220000007,
              -7.033337
            ],
            [
              110.40361860000007,
              -7.033644099999947
            ],
            [
              110.40372520000005,
              -7.033780099999944
            ],
            [
              110.403697,
              -7.033788499999957
            ],
            [
              110.40370590000003,
              -7.033802099999946
            ],
            [
              110.40381170000006,
              -7.033963299999925
            ],
            [
              110.40381870000004,
              -7.033960499999978
            ],
            [
              110.40417350000007,
              -7.034474899999964
            ],
            [
              110.404375,
              -7.034909099999936
            ],
            [
              110.40434440000007,
              -7.035100799999952
            ],
            [
              110.40434420000008,
              -7.035262299999943
            ],
            [
              110.40452580000004,
              -7.035444199999972
            ],
            [
              110.40472780000005,
              -7.035535299999935
            ],
            [
              110.40492940000007,
              -7.035818199999937
            ],
            [
              110.40496930000006,
              -7.036292599999967
            ],
            [
              110.40483760000006,
              -7.036585099999968
            ],
            [
              110.40473620000006,
              -7.036837299999945
            ],
            [
              110.40470890000006,
              -7.036843099999942
            ],
            [
              110.40459470000008,
              -7.036867399999949
            ],
            [
              110.40437240000006,
              -7.036957899999948
            ],
            [
              110.40419040000006,
              -7.037058599999966
            ],
            [
              110.40409920000008,
              -7.037300699999946
            ],
            [
              110.40403840000005,
              -7.037442
            ],
            [
              110.40396220000008,
              -7.037800199999936
            ],
            [
              110.40397170000006,
              -7.038203899999928
            ],
            [
              110.40410250000008,
              -7.03861779999994
            ],
            [
              110.40426370000006,
              -7.039011699999946
            ],
            [
              110.40429360000007,
              -7.039334699999927
            ],
            [
              110.40433270000005,
              -7.039591099999939
            ],
            [
              110.40429330000006,
              -7.039678399999957
            ],
            [
              110.40433340000004,
              -7.039799
            ],
            [
              110.40433320000005,
              -7.039970599999947
            ],
            [
              110.40422130000007,
              -7.040082
            ],
            [
              110.40422280000007,
              -7.040108
            ],
            [
              110.40395890000008,
              -7.040333399999952
            ],
            [
              110.40372630000007,
              -7.040565299999969
            ],
            [
              110.40369560000005,
              -7.040827599999943
            ],
            [
              110.40383670000006,
              -7.041150799999969
            ],
            [
              110.40403850000007,
              -7.041272099999958
            ],
            [
              110.40435160000004,
              -7.041363399999966
            ],
            [
              110.40447770000009,
              -7.041395
            ],
            [
              110.40448,
              -7.0414
            ],
            [
              110.40452140000008,
              -7.041454299999941
            ],
            [
              110.404604,
              -7.041484799999978
            ],
            [
              110.40468470000008,
              -7.041575799999976
            ],
            [
              110.40475520000007,
              -7.041737299999966
            ],
            [
              110.40474480000006,
              -7.041979499999968
            ],
            [
              110.40469410000009,
              -7.042130899999961
            ],
            [
              110.40460550000006,
              -7.042259299999955
            ],
            [
              110.40461510000006,
              -7.042289699999969
            ],
            [
              110.40450170000008,
              -7.042524199999946
            ],
            [
              110.40439030000005,
              -7.042736
            ],
            [
              110.404289,
              -7.042937799999947
            ],
            [
              110.40427860000005,
              -7.043190099999947
            ],
            [
              110.40432870000006,
              -7.043452499999944
            ],
            [
              110.40446970000005,
              -7.043806
            ],
            [
              110.40455,
              -7.044240099999968
            ],
            [
              110.40462030000003,
              -7.044553
            ],
            [
              110.40471070000007,
              -7.044936699999937
            ],
            [
              110.40473050000008,
              -7.045269699999949
            ],
            [
              110.40468480000004,
              -7.045486699999969
            ],
            [
              110.40456320000004,
              -7.045738799999981
            ],
            [
              110.40450230000005,
              -7.045991099999981
            ],
            [
              110.40447170000004,
              -7.046213099999932
            ],
            [
              110.404532,
              -7.046445299999959
            ],
            [
              110.40473380000009,
              -7.046677699999975
            ],
            [
              110.40514740000003,
              -7.047092
            ],
            [
              110.40552070000007,
              -7.047496199999955
            ],
            [
              110.40567190000007,
              -7.047809299999926
            ],
            [
              110.405717,
              -7.048026299999947
            ],
            [
              110.40570650000006,
              -7.048399699999948
            ],
            [
              110.40562520000009,
              -7.048722599999962
            ],
            [
              110.40558460000005,
              -7.048858499999938
            ],
            [
              110.40551360000006,
              -7.049095899999941
            ],
            [
              110.40545250000008,
              -7.049459099999979
            ],
            [
              110.40538140000007,
              -7.04983249999998
            ],
            [
              110.40530010000003,
              -7.050135199999943
            ],
            [
              110.40527470000006,
              -7.050301699999977
            ],
            [
              110.40531490000006,
              -7.050463199999967
            ],
            [
              110.40551670000008,
              -7.050665299999935
            ],
            [
              110.405658,
              -7.050756299999932
            ],
            [
              110.40576890000006,
              -7.050958299999934
            ],
            [
              110.40588950000006,
              -7.051392499999963
            ],
            [
              110.40600020000005,
              -7.051796299999978
            ],
            [
              110.40614130000006,
              -7.052028599999971
            ],
            [
              110.40639370000008,
              -7.052170199999978
            ],
            [
              110.40648440000007,
              -7.052352
            ],
            [
              110.406464,
              -7.052513499999975
            ],
            [
              110.40634250000005,
              -7.052674799999977
            ],
            [
              110.40617070000008,
              -7.052765399999942
            ],
            [
              110.40595840000009,
              -7.052825699999971
            ],
            [
              110.40573620000004,
              -7.052825399999961
            ],
            [
              110.40553410000007,
              -7.05283529999997
            ],
            [
              110.40536230000004,
              -7.052895599999943
            ],
            [
              110.40529140000007,
              -7.052996399999927
            ],
            [
              110.40518510000004,
              -7.05319309999993
            ],
            [
              110.40517470000009,
              -7.053475699999979
            ],
            [
              110.40527540000005,
              -7.053667599999926
            ],
            [
              110.40543690000004,
              -7.053829299999961
            ],
            [
              110.40562840000007,
              -7.054122199999938
            ],
            [
              110.40572930000008,
              -7.054253499999959
            ],
            [
              110.40581990000004,
              -7.054516099999944
            ],
            [
              110.40581950000006,
              -7.054808799999932
            ],
            [
              110.40589980000004,
              -7.055232799999942
            ],
            [
              110.40604080000008,
              -7.055586199999937
            ],
            [
              110.40604060000004,
              -7.055757799999981
            ],
            [
              110.40610520000007,
              -7.056600599999967
            ],
            [
              110.406034,
              -7.056973899999946
            ],
            [
              110.40599280000004,
              -7.05754909999996
            ],
            [
              110.405962,
              -7.057983099999944
            ],
            [
              110.40596160000007,
              -7.058245499999941
            ],
            [
              110.40587050000005,
              -7.058386699999971
            ],
            [
              110.40576930000009,
              -7.058568199999968
            ],
            [
              110.40563260000005,
              -7.058795099999941
            ],
            [
              110.40553120000004,
              -7.059067499999969
            ],
            [
              110.40553090000009,
              -7.059309699999972
            ],
            [
              110.40547,
              -7.05953169999998
            ],
            [
              110.40531810000004,
              -7.059834299999977
            ],
            [
              110.40511580000003,
              -7.059995499999957
            ],
            [
              110.40492370000004,
              -7.060106299999973
            ],
            [
              110.40473040000006,
              -7.060234699999967
            ],
            [
              110.40470870000007,
              -7.060230199999978
            ],
            [
              110.40462030000003,
              -7.060358199999939
            ],
            [
              110.40448880000008,
              -7.060529599999938
            ],
            [
              110.40446820000005,
              -7.060792
            ],
            [
              110.40452850000008,
              -7.06103429999996
            ],
            [
              110.40467980000005,
              -7.06122629999993
            ],
            [
              110.40496220000006,
              -7.061600099999964
            ],
            [
              110.40528480000006,
              -7.062125299999934
            ],
            [
              110.40550650000006,
              -7.062559599999929
            ],
            [
              110.40565760000004,
              -7.062923099999978
            ],
            [
              110.40575810000007,
              -7.063377399999979
            ],
            [
              110.405788,
              -7.063690299999962
            ],
            [
              110.40576750000008,
              -7.063942599999962
            ],
            [
              110.40566590000009,
              -7.064366399999926
            ],
            [
              110.40554420000007,
              -7.06470939999997
            ],
            [
              110.40539710000007,
              -7.065218899999934
            ],
            [
              110.40524510000006,
              -7.065571899999952
            ],
            [
              110.40519420000004,
              -7.065874599999972
            ],
            [
              110.40518380000009,
              -7.066116799999975
            ],
            [
              110.405345,
              -7.066429899999946
            ],
            [
              110.40553660000006,
              -7.066743
            ],
            [
              110.40562220000004,
              -7.066929899999934
            ],
            [
              110.40563210000005,
              -7.06707119999993
            ],
            [
              110.40558150000004,
              -7.067172
            ],
            [
              110.40545010000005,
              -7.067242499999963
            ],
            [
              110.40504550000009,
              -7.067554899999948
            ],
            [
              110.40473190000006,
              -7.067907699999978
            ],
            [
              110.40453960000008,
              -7.068200199999978
            ],
            [
              110.40447850000004,
              -7.068513
            ],
            [
              110.40450850000008,
              -7.068825899999979
            ],
            [
              110.40445230000006,
              -7.069264799999928
            ],
            [
              110.40434090000008,
              -7.069527099999959
            ],
            [
              110.40422940000008,
              -7.069749
            ],
            [
              110.40419890000004,
              -7.069940699999961
            ],
            [
              110.40422880000006,
              -7.070213299999978
            ],
            [
              110.40428610000004,
              -7.070291699999927
            ],
            [
              110.40442050000007,
              -7.070475899999963
            ],
            [
              110.40454140000008,
              -7.070688
            ],
            [
              110.40463220000004,
              -7.070809199999928
            ],
            [
              110.404627,
              -7.070945499999937
            ],
            [
              110.40445490000008,
              -7.071207699999945
            ],
            [
              110.404212,
              -7.07150009999998
            ],
            [
              110.404171,
              -7.071581699999967
            ],
            [
              110.40412040000007,
              -7.071682599999974
            ],
            [
              110.40399930000007,
              -7.071923699999957
            ],
            [
              110.403881,
              -7.072335499999951
            ],
            [
              110.40387760000004,
              -7.072347399999956
            ],
            [
              110.40389730000004,
              -7.072680499999933
            ],
            [
              110.40389820000007,
              -7.072681199999977
            ],
            [
              110.40410930000007,
              -7.072852299999965
            ],
            [
              110.40451310000009,
              -7.073054699999943
            ],
            [
              110.40506850000008,
              -7.073287599999958
            ],
            [
              110.40530570000004,
              -7.073464499999943
            ],
            [
              110.40539640000009,
              -7.073666499999945
            ],
            [
              110.40549710000005,
              -7.073898699999972
            ],
            [
              110.40548670000004,
              -7.074151
            ],
            [
              110.405345,
              -7.074372899999958
            ],
            [
              110.40504170000008,
              -7.074483499999928
            ],
            [
              110.40479920000007,
              -7.074533699999961
            ],
            [
              110.40452630000004,
              -7.074614099999962
            ],
            [
              110.40429390000008,
              -7.074613799999952
            ],
            [
              110.404224,
              -7.074608699999942
            ],
            [
              110.40422160000008,
              -7.074604299999976
            ],
            [
              110.40405140000007,
              -7.07463359999997
            ],
            [
              110.40381910000008,
              -7.074603099999933
            ],
            [
              110.403698,
              -7.074502
            ],
            [
              110.40359720000004,
              -7.074279799999942
            ],
            [
              110.40350650000005,
              -7.074148499999978
            ],
            [
              110.403383,
              -7.07409279999996
            ],
            [
              110.40336550000006,
              -7.074104099999943
            ],
            [
              110.40319350000004,
              -7.073986599999955
            ],
            [
              110.402961,
              -7.074057
            ],
            [
              110.40259710000004,
              -7.074248199999943
            ],
            [
              110.40243510000005,
              -7.074470099999928
            ],
            [
              110.40237420000005,
              -7.074752599999954
            ],
            [
              110.40258610000006,
              -7.074944599999981
            ],
            [
              110.40296970000009,
              -7.07517729999995
            ],
            [
              110.40325230000008,
              -7.075419799999963
            ],
            [
              110.40340350000008,
              -7.075692499999946
            ],
            [
              110.40344350000004,
              -7.075965099999962
            ],
            [
              110.40333230000005,
              -7.076076
            ],
            [
              110.40313010000006,
              -7.076126199999976
            ],
            [
              110.40252380000004,
              -7.076236399999971
            ],
            [
              110.40204870000008,
              -7.076447799999926
            ],
            [
              110.40176550000007,
              -7.076639199999931
            ],
            [
              110.40157320000009,
              -7.076931599999966
            ],
            [
              110.40153240000006,
              -7.077244399999927
            ],
            [
              110.40166340000007,
              -7.077527199999963
            ],
            [
              110.40188550000005,
              -7.077628399999981
            ],
            [
              110.40213810000006,
              -7.077659
            ],
            [
              110.40231020000004,
              -7.077560099999971
            ],
            [
              110.40231840000007,
              -7.077564199999927
            ],
            [
              110.40255270000006,
              -7.077356699999939
            ],
            [
              110.40274480000005,
              -7.077205599999957
            ],
            [
              110.402957,
              -7.077165499999978
            ],
            [
              110.40313890000004,
              -7.077145599999938
            ],
            [
              110.40331740000005,
              -7.077188199999966
            ],
            [
              110.40344180000005,
              -7.07733769999993
            ],
            [
              110.40344150000004,
              -7.077559699999938
            ],
            [
              110.40345140000005,
              -7.077741399999979
            ],
            [
              110.40367340000006,
              -7.077943599999969
            ],
            [
              110.40385940000004,
              -7.078120099999978
            ],
            [
              110.40393550000005,
              -7.078377899999964
            ],
            [
              110.40397630000007,
              -7.078586399999949
            ],
            [
              110.40393270000004,
              -7.07869809999994
            ],
            [
              110.403622,
              -7.078609599999936
            ],
            [
              110.40337960000005,
              -7.078579
            ],
            [
              110.40306630000003,
              -7.078598799999952
            ],
            [
              110.40291460000009,
              -7.078709599999968
            ],
            [
              110.40288740000005,
              -7.078747599999929
            ],
            [
              110.40285710000006,
              -7.078737499999932
            ],
            [
              110.40279840000005,
              -7.078832899999952
            ],
            [
              110.40268190000006,
              -7.07902219999994
            ],
            [
              110.40255030000009,
              -7.079213799999934
            ],
            [
              110.40237830000007,
              -7.079365
            ],
            [
              110.40233820000009,
              -7.079407299999957
            ],
            [
              110.40220630000005,
              -7.07954639999997
            ],
            [
              110.40203440000005,
              -7.079697599999974
            ],
            [
              110.40184220000003,
              -7.079868899999951
            ],
            [
              110.40176110000004,
              -7.080070699999965
            ],
            [
              110.40173050000004,
              -7.08030279999997
            ],
            [
              110.40176050000008,
              -7.080545
            ],
            [
              110.40183090000005,
              -7.080837799999927
            ],
            [
              110.401861,
              -7.080938799999956
            ],
            [
              110.40185060000005,
              -7.081181
            ],
            [
              110.40179960000006,
              -7.08160479999998
            ],
            [
              110.40175890000006,
              -7.081826799999931
            ],
            [
              110.40178890000004,
              -7.082008499999972
            ],
            [
              110.40191,
              -7.082119699999964
            ],
            [
              110.40203120000007,
              -7.08218039999997
            ],
            [
              110.402203,
              -7.082170499999961
            ],
            [
              110.40235260000009,
              -7.082128
            ],
            [
              110.40235610000008,
              -7.082143299999927
            ],
            [
              110.40257690000004,
              -7.082070099999953
            ],
            [
              110.40290030000006,
              -7.081989699999951
            ],
            [
              110.403163,
              -7.081990099999928
            ],
            [
              110.40331460000004,
              -7.081980199999975
            ],
            [
              110.40339180000007,
              -7.082009199999959
            ],
            [
              110.40344410000006,
              -7.082000199999925
            ],
            [
              110.40361740000009,
              -7.082182399999965
            ],
            [
              110.40370790000009,
              -7.082556
            ],
            [
              110.40372760000008,
              -7.082879
            ],
            [
              110.40372690000004,
              -7.083494599999938
            ],
            [
              110.40376690000005,
              -7.083787399999949
            ],
            [
              110.40375630000005,
              -7.084150699999952
            ],
            [
              110.40370540000004,
              -7.084453399999973
            ],
            [
              110.40352310000009,
              -7.084826599999928
            ],
            [
              110.40328020000004,
              -7.085098799999969
            ],
            [
              110.40296670000004,
              -7.085381
            ],
            [
              110.40286530000009,
              -7.085673499999928
            ],
            [
              110.40286490000005,
              -7.08592589999995
            ],
            [
              110.40303130000007,
              -7.086223799999971
            ],
            [
              110.40334410000008,
              -7.086516899999936
            ],
            [
              110.40351550000008,
              -7.086759299999926
            ],
            [
              110.40354550000006,
              -7.087031899999943
            ],
            [
              110.40355520000008,
              -7.087324599999931
            ],
            [
              110.40358510000004,
              -7.087688
            ],
            [
              110.403595,
              -7.087849399999925
            ],
            [
              110.40344320000008,
              -7.088030899999978
            ],
            [
              110.40322050000009,
              -7.088353599999948
            ],
            [
              110.403099,
              -7.088585599999931
            ],
            [
              110.40268850000007,
              -7.089569099999949
            ],
            [
              110.40242520000004,
              -7.09006329999994
            ],
            [
              110.40226310000008,
              -7.090396099999964
            ],
            [
              110.40219210000004,
              -7.090608
            ],
            [
              110.40222210000007,
              -7.090830099999948
            ],
            [
              110.40240370000004,
              -7.091072499999939
            ],
            [
              110.40259540000005,
              -7.091254499999934
            ],
            [
              110.40273160000004,
              -7.091421199999957
            ],
            [
              110.40277170000007,
              -7.091623099999936
            ],
            [
              110.40277130000004,
              -7.091925799999956
            ],
            [
              110.40265980000004,
              -7.092228499999976
            ],
            [
              110.40246740000003,
              -7.092581499999937
            ],
            [
              110.40214370000007,
              -7.092893899999979
            ],
            [
              110.40131420000006,
              -7.093639699999926
            ],
            [
              110.40088430000009,
              -7.094047899999964
            ],
            [
              110.40070210000005,
              -7.094330299999967
            ],
            [
              110.40070180000004,
              -7.094552299999975
            ],
            [
              110.40081260000005,
              -7.094845199999952
            ],
            [
              110.40096380000006,
              -7.095067399999948
            ],
            [
              110.40126660000004,
              -7.09531
            ],
            [
              110.40144820000006,
              -7.095532299999945
            ],
            [
              110.40163990000008,
              -7.095744499999967
            ],
            [
              110.40166990000006,
              -7.095946399999946
            ],
            [
              110.40154860000007,
              -7.09602689999997
            ],
            [
              110.401033,
              -7.096288699999945
            ],
            [
              110.40058310000006,
              -7.096464699999956
            ],
            [
              110.40064340000004,
              -7.096707
            ],
            [
              110.40076430000005,
              -7.096969599999966
            ],
            [
              110.40083460000005,
              -7.097322899999938
            ],
            [
              110.40083420000008,
              -7.097635799999978
            ],
            [
              110.40070260000005,
              -7.097857699999963
            ],
            [
              110.40049010000007,
              -7.098059299999932
            ],
            [
              110.40043930000007,
              -7.09833169999996
            ],
            [
              110.40043890000004,
              -7.098614299999952
            ],
            [
              110.40051940000006,
              -7.098856599999976
            ],
            [
              110.40067510000006,
              -7.099598599999979
            ],
            [
              110.40063430000004,
              -7.099891299999967
            ],
            [
              110.40044170000004,
              -7.100325
            ],
            [
              110.40006730000005,
              -7.100748399999929
            ],
            [
              110.39968270000008,
              -7.101282799999979
            ],
            [
              110.39949510000008,
              -7.101852799999961
            ],
            [
              110.39933310000004,
              -7.102074699999946
            ],
            [
              110.39906010000004,
              -7.102276199999949
            ],
            [
              110.39870610000008,
              -7.102497699999958
            ],
            [
              110.39860080000005,
              -7.102742399999954
            ],
            [
              110.39859630000007,
              -7.102728799999966
            ],
            [
              110.39854370000006,
              -7.103093
            ],
            [
              110.39854320000006,
              -7.103456299999948
            ],
            [
              110.39863350000007,
              -7.103940899999941
            ],
            [
              110.398815,
              -7.104264099999966
            ],
            [
              110.39879440000004,
              -7.104546699999958
            ],
            [
              110.39874790000005,
              -7.104604599999959
            ],
            [
              110.39871920000007,
              -7.10458639999996
            ],
            [
              110.39859210000009,
              -7.104687699999943
            ],
            [
              110.39838,
              -7.104687399999932
            ],
            [
              110.39814780000006,
              -7.104535699999929
            ],
            [
              110.39808730000004,
              -7.104444799999953
            ],
            [
              110.39803040000004,
              -7.104345199999955
            ],
            [
              110.39801610000006,
              -7.104355399999974
            ],
            [
              110.39793590000005,
              -7.104283099999975
            ],
            [
              110.39770350000003,
              -7.104282799999964
            ],
            [
              110.39742050000007,
              -7.104413699999952
            ],
            [
              110.39721820000005,
              -7.104574899999932
            ],
            [
              110.39714710000004,
              -7.104877599999952
            ],
            [
              110.39710620000005,
              -7.105240899999956
            ]
          ]
        ]
      }
    },
    {
      "type": "Feature",
      "properties": {
        "id": "KEC_SMG_11",
        "nama": "Semarang Selatan",
        "kode_bps": "3374050",
        "level": "kecamatan",
        "total_kelurahan": 10
      },
      "geometry": {
        "type": "Polygon",
        "coordinates": [
          [
            [
              110.40186,
              -6.98153
            ],
            [
              110.40201,
              -6.98264
            ],
            [
              110.40206,
              -6.98298
            ],
            [
              110.40214050000009,
              -6.98389009999994
            ],
            [
              110.40219,
              -6.98445
            ],
            [
              110.40218,
              -6.98491
            ],
            [
              110.40218,
              -6.98562
            ],
            [
              110.40238,
              -6.98754
            ],
            [
              110.40249,
              -6.98885
            ],
            [
              110.40249,
              -6.9897
            ],
            [
              110.4025,
              -6.99088
            ],
            [
              110.4025,
              -6.99399
            ],
            [
              110.40231210000007,
              -6.994835699999953
            ],
            [
              110.40225730000009,
              -6.994947199999956
            ],
            [
              110.40210920000004,
              -6.99534929999993
            ],
            [
              110.40203690000004,
              -6.995547
            ],
            [
              110.40207270000008,
              -6.995573199999967
            ],
            [
              110.40207110000006,
              -6.995577599999933
            ],
            [
              110.40243310000005,
              -6.99585959999996
            ],
            [
              110.40266550000007,
              -6.99593729999998
            ],
            [
              110.40299090000008,
              -6.99599969999997
            ],
            [
              110.40356450000007,
              -6.995938499999966
            ],
            [
              110.40412250000008,
              -6.995939199999953
            ],
            [
              110.40433840000009,
              -6.995939499999963
            ],
            [
              110.40433950000005,
              -6.995939499999963
            ],
            [
              110.404366,
              -6.995938399999943
            ],
            [
              110.40436710000006,
              -6.995938399999943
            ],
            [
              110.40472710000006,
              -6.995924499999944
            ],
            [
              110.40500610000004,
              -6.995909299999937
            ],
            [
              110.40520770000006,
              -6.995785699999942
            ],
            [
              110.40540950000008,
              -6.995615599999951
            ],
            [
              110.40564240000003,
              -6.99527519999998
            ],
            [
              110.40585970000006,
              -6.994996699999945
            ],
            [
              110.40606140000006,
              -6.994842099999971
            ],
            [
              110.40608540000005,
              -6.994838399999935
            ],
            [
              110.40623,
              -6.99473
            ],
            [
              110.40655,
              -6.99459
            ],
            [
              110.40681,
              -6.99449
            ],
            [
              110.40684490000007,
              -6.994475099999931
            ],
            [
              110.40688,
              -6.99446
            ],
            [
              110.40692,
              -6.99457
            ],
            [
              110.40706,
              -6.99474
            ],
            [
              110.4074,
              -6.99501
            ],
            [
              110.40777,
              -6.99528
            ],
            [
              110.40798,
              -6.99549
            ],
            [
              110.40812,
              -6.99574
            ],
            [
              110.40817,
              -6.99596
            ],
            [
              110.40817,
              -6.99611
            ],
            [
              110.40835,
              -6.9961
            ],
            [
              110.40886,
              -6.99608
            ],
            [
              110.4095,
              -6.99593
            ],
            [
              110.40974,
              -6.99581
            ],
            [
              110.40981,
              -6.99579
            ],
            [
              110.40982940000004,
              -6.995799899999952
            ],
            [
              110.40989690000004,
              -6.995780099999934
            ],
            [
              110.41004990000005,
              -6.995802099999935
            ],
            [
              110.41026840000006,
              -6.995911599999943
            ],
            [
              110.41047960000009,
              -6.996028399999943
            ],
            [
              110.41066170000005,
              -6.996086899999966
            ],
            [
              110.410975,
              -6.996116399999948
            ],
            [
              110.41147780000006,
              -6.996109699999977
            ],
            [
              110.41191510000004,
              -6.996073899999942
            ],
            [
              110.41234150000008,
              -6.996041599999955
            ],
            [
              110.41285170000003,
              -6.995984
            ],
            [
              110.41325980000005,
              -6.995933599999944
            ],
            [
              110.41326720000006,
              -6.995935399999951
            ],
            [
              110.41351,
              -6.9959
            ],
            [
              110.41358,
              -6.99589
            ],
            [
              110.41385,
              -6.99581
            ],
            [
              110.41403,
              -6.99574
            ],
            [
              110.41409,
              -6.99573
            ],
            [
              110.41415,
              -6.99575
            ],
            [
              110.41445,
              -6.99592
            ],
            [
              110.41451,
              -6.99596
            ],
            [
              110.41464,
              -6.99605
            ],
            [
              110.41491,
              -6.9962
            ],
            [
              110.41555450000004,
              -6.996540299999936
            ],
            [
              110.41562650000009,
              -6.996578799999952
            ],
            [
              110.41573690000007,
              -6.996612499999969
            ],
            [
              110.41586,
              -6.99664
            ],
            [
              110.41596,
              -6.99669
            ],
            [
              110.41604,
              -6.99671
            ],
            [
              110.41669,
              -6.99691
            ],
            [
              110.41702,
              -6.99697
            ],
            [
              110.41713410000006,
              -6.996993299999929
            ],
            [
              110.41734,
              -6.99699
            ],
            [
              110.41791,
              -6.99708
            ],
            [
              110.4182,
              -6.99712
            ],
            [
              110.41841,
              -6.99713
            ],
            [
              110.41873,
              -6.99722
            ],
            [
              110.41906,
              -6.9973
            ],
            [
              110.41929,
              -6.99734
            ],
            [
              110.41941,
              -6.99735
            ],
            [
              110.41942610000007,
              -6.997354299999927
            ],
            [
              110.41950150000008,
              -6.997374499999978
            ],
            [
              110.41988630000009,
              -6.997477799999956
            ],
            [
              110.42022270000007,
              -6.997610299999963
            ],
            [
              110.42077530000006,
              -6.997844
            ],
            [
              110.42135370000005,
              -6.998146799999972
            ],
            [
              110.42173340000005,
              -6.998458
            ],
            [
              110.422087,
              -6.998907299999928
            ],
            [
              110.42237150000005,
              -6.999373699999978
            ],
            [
              110.42262160000007,
              -6.999693399999956
            ],
            [
              110.42311350000006,
              -7.000116899999966
            ],
            [
              110.42347160000008,
              -7.000449599999968
            ],
            [
              110.42365270000005,
              -7.000691499999959
            ],
            [
              110.42368520000008,
              -7.000711499999966
            ],
            [
              110.42429250000004,
              -7.001373699999931
            ],
            [
              110.42427,
              -7.001392899999928
            ],
            [
              110.424705,
              -7.002004699999929
            ],
            [
              110.42530010000007,
              -7.002782299999978
            ],
            [
              110.42577460000007,
              -7.00328339999993
            ],
            [
              110.42624920000009,
              -7.003776
            ],
            [
              110.42652770000007,
              -7.004019399999947
            ],
            [
              110.42670360000005,
              -7.004227
            ],
            [
              110.42686670000006,
              -7.004518899999937
            ],
            [
              110.42720520000006,
              -7.004741
            ],
            [
              110.42774180000004,
              -7.005255199999965
            ],
            [
              110.42786390000003,
              -7.005255299999931
            ],
            [
              110.42789480000005,
              -7.005185299999937
            ],
            [
              110.42803390000006,
              -7.005185499999925
            ],
            [
              110.42847770000009,
              -7.005186
            ],
            [
              110.42869960000007,
              -7.005186299999934
            ],
            [
              110.42888650000003,
              -7.005233199999964
            ],
            [
              110.42922510000005,
              -7.005303599999934
            ],
            [
              110.42943520000006,
              -7.005397199999948
            ],
            [
              110.429622,
              -7.005444199999943
            ],
            [
              110.429914,
              -7.005467799999963
            ],
            [
              110.43019430000004,
              -7.005444799999964
            ],
            [
              110.43029950000005,
              -7.005421599999977
            ],
            [
              110.43052140000009,
              -7.005410199999972
            ],
            [
              110.43074330000007,
              -7.005410499999925
            ],
            [
              110.43090690000008,
              -7.005329
            ],
            [
              110.43110570000005,
              -7.005189199999961
            ],
            [
              110.43140960000005,
              -7.004991199999949
            ],
            [
              110.43160830000005,
              -7.004828099999941
            ],
            [
              110.43174860000005,
              -7.004746599999976
            ],
            [
              110.43186540000005,
              -7.00477
            ],
            [
              110.43204070000007,
              -7.004825599999947
            ],
            [
              110.43202,
              -7.0049
            ],
            [
              110.432,
              -7.00509
            ],
            [
              110.43192,
              -7.00573
            ],
            [
              110.43192,
              -7.00583
            ],
            [
              110.43191,
              -7.00608
            ],
            [
              110.43195,
              -7.00645
            ],
            [
              110.43215,
              -7.0073
            ],
            [
              110.43232,
              -7.00794
            ],
            [
              110.43244530000004,
              -7.00843169999996
            ],
            [
              110.43245,
              -7.00845
            ],
            [
              110.43255,
              -7.00854
            ],
            [
              110.43267,
              -7.00858
            ],
            [
              110.43286,
              -7.00869
            ],
            [
              110.43351,
              -7.00904
            ],
            [
              110.43399290000008,
              -7.009220099999936
            ],
            [
              110.43407230000008,
              -7.009237399999961
            ],
            [
              110.434267,
              -7.009232399999973
            ],
            [
              110.43464590000008,
              -7.00920659999997
            ],
            [
              110.43508790000004,
              -7.009165
            ],
            [
              110.43549840000009,
              -7.009149799999932
            ],
            [
              110.43570360000007,
              -7.009123699999975
            ],
            [
              110.43581410000007,
              -7.009134399999937
            ],
            [
              110.43584720000007,
              -7.009155599999929
            ],
            [
              110.4359,
              -7.00917
            ],
            [
              110.43766,
              -7.00959
            ],
            [
              110.43867,
              -7.00981
            ],
            [
              110.43875,
              -7.00984
            ],
            [
              110.439,
              -7.00994
            ],
            [
              110.43921,
              -7.01001
            ],
            [
              110.43957,
              -7.01014
            ],
            [
              110.44073,
              -7.01045
            ],
            [
              110.4412,
              -7.01058
            ],
            [
              110.44128,
              -7.0106
            ],
            [
              110.44136,
              -7.01063
            ],
            [
              110.44155,
              -7.01069
            ],
            [
              110.44199,
              -7.0108
            ],
            [
              110.4426,
              -7.01102
            ],
            [
              110.44289,
              -7.01108
            ],
            [
              110.44328,
              -7.01113
            ],
            [
              110.44335,
              -7.01113
            ],
            [
              110.44412,
              -7.01117
            ],
            [
              110.44418,
              -7.01118
            ],
            [
              110.44433,
              -7.01124
            ],
            [
              110.44451,
              -7.01133
            ],
            [
              110.44471560000005,
              -7.011428299999977
            ],
            [
              110.44474370000006,
              -7.01136379999997
            ],
            [
              110.44484750000004,
              -7.011194399999965
            ],
            [
              110.44497980000006,
              -7.010921499999938
            ],
            [
              110.44510720000005,
              -7.010733399999936
            ],
            [
              110.44514990000005,
              -7.010702399999957
            ],
            [
              110.446675,
              -7.008924699999966
            ],
            [
              110.44824410000007,
              -7.007391299999938
            ],
            [
              110.44857770000004,
              -7.007095
            ],
            [
              110.44870110000005,
              -7.006964499999981
            ],
            [
              110.44944940000005,
              -7.006240699999978
            ],
            [
              110.44954980000006,
              -7.006148099999962
            ],
            [
              110.44954010000004,
              -7.006129299999941
            ],
            [
              110.44915,
              -7.00537
            ],
            [
              110.44912,
              -7.0053
            ],
            [
              110.44908,
              -7.00521
            ],
            [
              110.44905,
              -7.00481
            ],
            [
              110.44905,
              -7.00439
            ],
            [
              110.44902,
              -7.00418
            ],
            [
              110.44896,
              -7.00405
            ],
            [
              110.44872,
              -7.0038
            ],
            [
              110.44866,
              -7.00374
            ],
            [
              110.44842,
              -7.00356
            ],
            [
              110.44822,
              -7.00343
            ],
            [
              110.44679,
              -7.00283
            ],
            [
              110.44647,
              -7.00274
            ],
            [
              110.44581,
              -7.00254
            ],
            [
              110.44551,
              -7.0024
            ],
            [
              110.44541540000006,
              -7.002364199999931
            ],
            [
              110.44514,
              -7.00226
            ],
            [
              110.44474,
              -7.00213
            ],
            [
              110.4445,
              -7.00201
            ],
            [
              110.44439620000009,
              -7.001942
            ],
            [
              110.44435,
              -7.00191
            ],
            [
              110.44391810000008,
              -7.001679699999954
            ],
            [
              110.44356020000004,
              -7.001422899999966
            ],
            [
              110.44337060000004,
              -7.001291799999933
            ],
            [
              110.44310610000008,
              -7.001160599999935
            ],
            [
              110.442847,
              -7.001064199999973
            ],
            [
              110.44253160000005,
              -7.00099709999995
            ],
            [
              110.44195990000009,
              -7.000780099999929
            ],
            [
              110.44117180000006,
              -7.000466699999947
            ],
            [
              110.440712,
              -7.000303
            ],
            [
              110.440673,
              -7.000289099999975
            ],
            [
              110.44066860000004,
              -7.000282299999981
            ],
            [
              110.44063130000006,
              -7.000213799999926
            ],
            [
              110.44042280000008,
              -7.000026799999944
            ],
            [
              110.44023920000006,
              -6.999902099999929
            ],
            [
              110.43993890000007,
              -6.999666799999943
            ],
            [
              110.43968990000008,
              -6.999486
            ],
            [
              110.43940360000005,
              -6.999258499999939
            ],
            [
              110.43914530000006,
              -6.999074599999972
            ],
            [
              110.43894,
              -6.998893899999928
            ],
            [
              110.438688,
              -6.998644599999977
            ],
            [
              110.43864130000009,
              -6.998610299999939
            ],
            [
              110.43860090000004,
              -6.998557399999981
            ],
            [
              110.43853560000008,
              -6.998429699999974
            ],
            [
              110.43850490000005,
              -6.998074899999949
            ],
            [
              110.43850510000004,
              -6.997897499999965
            ],
            [
              110.438524,
              -6.997745
            ],
            [
              110.43858350000005,
              -6.997424599999931
            ],
            [
              110.43866460000004,
              -6.997331299999928
            ],
            [
              110.43872710000005,
              -6.997225599999979
            ],
            [
              110.43877070000008,
              -6.99716959999995
            ],
            [
              110.43880820000004,
              -6.997116699999935
            ],
            [
              110.43879170000008,
              -6.997119099999964
            ],
            [
              110.43866,
              -6.99704
            ],
            [
              110.43847,
              -6.99696
            ],
            [
              110.43838,
              -6.99691
            ],
            [
              110.43783,
              -6.99669
            ],
            [
              110.43766,
              -6.99661
            ],
            [
              110.43723,
              -6.99643
            ],
            [
              110.43657,
              -6.99616
            ],
            [
              110.43626,
              -6.99604
            ],
            [
              110.43604,
              -6.99594
            ],
            [
              110.43592,
              -6.9959
            ],
            [
              110.43427,
              -6.99518
            ],
            [
              110.43393050000009,
              -6.995044199999938
            ],
            [
              110.43387,
              -6.99502
            ],
            [
              110.4326,
              -6.99451
            ],
            [
              110.43214,
              -6.99433
            ],
            [
              110.43206090000007,
              -6.994305299999951
            ],
            [
              110.43203170000004,
              -6.994296099999929
            ],
            [
              110.43198,
              -6.99428
            ],
            [
              110.43177,
              -6.99427
            ],
            [
              110.4313,
              -6.99419
            ],
            [
              110.43108,
              -6.99413
            ],
            [
              110.43064,
              -6.99392
            ],
            [
              110.42984,
              -6.99353
            ],
            [
              110.42915660000006,
              -6.993169
            ],
            [
              110.42905710000008,
              -6.993120899999951
            ],
            [
              110.42901940000007,
              -6.993103699999949
            ],
            [
              110.42891650000007,
              -6.993055499999969
            ],
            [
              110.42831,
              -6.99276
            ],
            [
              110.42716,
              -6.99221
            ],
            [
              110.42682,
              -6.99204
            ],
            [
              110.42665,
              -6.99195
            ],
            [
              110.42523,
              -6.99125
            ],
            [
              110.42443,
              -6.99088
            ],
            [
              110.42395,
              -6.99063
            ],
            [
              110.42378370000006,
              -6.990527099999952
            ],
            [
              110.42407,
              -6.989899799999932
            ],
            [
              110.42409480000003,
              -6.989832
            ],
            [
              110.42408350000005,
              -6.989801899999975
            ],
            [
              110.42409430000004,
              -6.98979879999996
            ],
            [
              110.42408250000005,
              -6.989739399999962
            ],
            [
              110.42402090000007,
              -6.989653
            ],
            [
              110.42385430000007,
              -6.989510899999971
            ],
            [
              110.42355810000004,
              -6.98935629999994
            ],
            [
              110.42329270000005,
              -6.98923869999993
            ],
            [
              110.423089,
              -6.989170599999966
            ],
            [
              110.42296560000005,
              -6.98914579999996
            ],
            [
              110.42291650000004,
              -6.989156399999956
            ],
            [
              110.4229,
              -6.98915
            ],
            [
              110.42278130000005,
              -6.989175399999965
            ],
            [
              110.42278030000006,
              -6.989176399999963
            ],
            [
              110.42272460000004,
              -6.989268899999956
            ],
            [
              110.422576,
              -6.989540199999965
            ],
            [
              110.42250790000008,
              -6.98971279999995
            ],
            [
              110.422442,
              -6.989827799999944
            ],
            [
              110.42237740000007,
              -6.98979259999993
            ],
            [
              110.42238180000004,
              -6.989783299999942
            ],
            [
              110.42169130000008,
              -6.989465699999926
            ],
            [
              110.42092680000007,
              -6.989087
            ],
            [
              110.41902420000008,
              -6.988161399999967
            ],
            [
              110.41876650000006,
              -6.988023699999928
            ],
            [
              110.41820810000007,
              -6.987782599999946
            ],
            [
              110.41792470000007,
              -6.987653399999942
            ],
            [
              110.41746070000005,
              -6.987506799999949
            ],
            [
              110.416507,
              -6.987222299999928
            ],
            [
              110.415635,
              -6.986950699999966
            ],
            [
              110.41466410000004,
              -6.986683299999982
            ],
            [
              110.41408850000005,
              -6.986510799999962
            ],
            [
              110.41391480000004,
              -6.98643549999997
            ],
            [
              110.413793,
              -6.986382699999979
            ],
            [
              110.41377070000004,
              -6.986373
            ],
            [
              110.41235330000006,
              -6.985718599999927
            ],
            [
              110.41079,
              -6.985003899999981
            ],
            [
              110.41015430000004,
              -6.984693899999968
            ],
            [
              110.40992290000008,
              -6.984581399999968
            ],
            [
              110.40975260000005,
              -6.984482499999956
            ],
            [
              110.40970570000007,
              -6.984489899999971
            ],
            [
              110.40958960000006,
              -6.984494599999948
            ],
            [
              110.409513,
              -6.984479699999952
            ],
            [
              110.40944640000004,
              -6.98445
            ],
            [
              110.409397,
              -6.984417899999926
            ],
            [
              110.40934030000005,
              -6.984361099999944
            ],
            [
              110.40929840000007,
              -6.984309199999927
            ],
            [
              110.40924910000007,
              -6.984225199999969
            ],
            [
              110.40924810000007,
              -6.984205299999928
            ],
            [
              110.40910980000007,
              -6.98420509999994
            ],
            [
              110.40865660000009,
              -6.984053499999959
            ],
            [
              110.407355,
              -6.983470099999977
            ],
            [
              110.40679290000008,
              -6.983227799999952
            ],
            [
              110.406634,
              -6.983159199999932
            ],
            [
              110.40646660000004,
              -6.983087099999977
            ],
            [
              110.40510730000005,
              -6.982437
            ],
            [
              110.40368590000008,
              -6.981769
            ],
            [
              110.40240570000009,
              -6.981222599999967
            ],
            [
              110.40234280000004,
              -6.981192399999941
            ],
            [
              110.40227160000006,
              -6.981168599999933
            ],
            [
              110.40216960000004,
              -6.981144699999959
            ],
            [
              110.40209610000005,
              -6.981123299999979
            ],
            [
              110.40196330000003,
              -6.981094699999971
            ],
            [
              110.40186,
              -6.98153
            ]
          ]
        ]
      }
    },
    {
      "type": "Feature",
      "properties": {
        "id": "KEC_SMG_06",
        "nama": "Gajahmungkur",
        "kode_bps": "3374040",
        "level": "kecamatan",
        "total_kelurahan": 8
      },
      "geometry": {
        "type": "Polygon",
        "coordinates": [
          [
            [
              110.38639020000005,
              -7.011154599999941
            ],
            [
              110.38644960000005,
              -7.011498499999959
            ],
            [
              110.38663520000006,
              -7.011746499999958
            ],
            [
              110.38694230000004,
              -7.012336399999981
            ],
            [
              110.38722570000004,
              -7.013009599999975
            ],
            [
              110.38735970000005,
              -7.013577899999973
            ],
            [
              110.387299,
              -7.014190799999938
            ],
            [
              110.387211,
              -7.014850399999943
            ],
            [
              110.387227,
              -7.014863099999957
            ],
            [
              110.38722340000004,
              -7.014999199999977
            ],
            [
              110.38722310000009,
              -7.015011499999957
            ],
            [
              110.38722090000005,
              -7.015093799999931
            ],
            [
              110.38732060000007,
              -7.015420799999958
            ],
            [
              110.38743020000004,
              -7.015857799999935
            ],
            [
              110.38752320000009,
              -7.016244799999981
            ],
            [
              110.38740260000009,
              -7.016544799999963
            ],
            [
              110.38728870000006,
              -7.016864799999951
            ],
            [
              110.38714130000005,
              -7.017231399999957
            ],
            [
              110.38707950000008,
              -7.017385699999977
            ],
            [
              110.38707290000008,
              -7.01741119999997
            ],
            [
              110.38706280000008,
              -7.017473299999949
            ],
            [
              110.38702580000006,
              -7.017713199999946
            ],
            [
              110.38708760000009,
              -7.018055199999935
            ],
            [
              110.38734630000005,
              -7.018490799999938
            ],
            [
              110.387719,
              -7.018978199999935
            ],
            [
              110.38830970000004,
              -7.01931049999996
            ],
            [
              110.38876580000004,
              -7.019456199999979
            ],
            [
              110.38926350000008,
              -7.019581199999948
            ],
            [
              110.38968860000006,
              -7.019623199999955
            ],
            [
              110.38997890000007,
              -7.019706399999961
            ],
            [
              110.39034160000006,
              -7.019903799999952
            ],
            [
              110.39046580000007,
              -7.020069699999965
            ],
            [
              110.39052770000006,
              -7.020349599999975
            ],
            [
              110.39053780000006,
              -7.020556799999952
            ],
            [
              110.39070340000006,
              -7.020764199999974
            ],
            [
              110.39094180000006,
              -7.020878499999981
            ],
            [
              110.39105310000008,
              -7.020878699999969
            ],
            [
              110.39106,
              -7.02089
            ],
            [
              110.39108680000004,
              -7.020903399999952
            ],
            [
              110.39131520000007,
              -7.020879
            ],
            [
              110.39179240000004,
              -7.020744899999954
            ],
            [
              110.39237350000008,
              -7.020497
            ],
            [
              110.39264350000008,
              -7.020196899999974
            ],
            [
              110.39286180000005,
              -7.019793099999958
            ],
            [
              110.393111,
              -7.019524
            ],
            [
              110.39339120000005,
              -7.019451799999956
            ],
            [
              110.39355710000007,
              -7.019462399999952
            ],
            [
              110.39363930000007,
              -7.01950949999997
            ],
            [
              110.39364160000008,
              -7.019508499999972
            ],
            [
              110.39380580000005,
              -7.019618199999968
            ],
            [
              110.394334,
              -7.020168
            ],
            [
              110.39470680000005,
              -7.020551799999964
            ],
            [
              110.39518330000004,
              -7.020966899999962
            ],
            [
              110.39544220000005,
              -7.021236599999952
            ],
            [
              110.39575280000008,
              -7.021630799999969
            ],
            [
              110.39586640000005,
              -7.022076399999946
            ],
            [
              110.39611480000008,
              -7.022398
            ],
            [
              110.39649820000005,
              -7.022709299999974
            ],
            [
              110.39686070000005,
              -7.023010199999931
            ],
            [
              110.397068,
              -7.023103699999979
            ],
            [
              110.39721610000004,
              -7.023098199999936
            ],
            [
              110.39728060000004,
              -7.023118599999975
            ],
            [
              110.397514,
              -7.02308359999995
            ],
            [
              110.39782510000003,
              -7.023063299999933
            ],
            [
              110.39812580000006,
              -7.023105099999952
            ],
            [
              110.39836840000004,
              -7.023186199999941
            ],
            [
              110.398377,
              -7.02318669999994
            ],
            [
              110.39859230000008,
              -7.023323299999959
            ],
            [
              110.39890310000004,
              -7.023541299999977
            ],
            [
              110.39920360000008,
              -7.023707399999978
            ],
            [
              110.39933,
              -7.023720199999957
            ],
            [
              110.39933,
              -7.023964099999944
            ],
            [
              110.39926520000006,
              -7.024215199999958
            ],
            [
              110.39904670000004,
              -7.024753699999962
            ],
            [
              110.39892180000004,
              -7.025116199999957
            ],
            [
              110.39892150000009,
              -7.02534419999995
            ],
            [
              110.39902490000009,
              -7.025561899999957
            ],
            [
              110.399201,
              -7.025759
            ],
            [
              110.39953270000007,
              -7.025925199999961
            ],
            [
              110.39994710000008,
              -7.026205499999946
            ],
            [
              110.40042370000003,
              -7.026620499999979
            ],
            [
              110.40079670000006,
              -7.026869699999963
            ],
            [
              110.40153720000006,
              -7.027684
            ],
            [
              110.40166180000006,
              -7.027841399999943
            ],
            [
              110.40188980000005,
              -7.027622299999962
            ],
            [
              110.40211850000009,
              -7.027249499999925
            ],
            [
              110.40230570000006,
              -7.026793899999973
            ],
            [
              110.40252420000007,
              -7.026234699999975
            ],
            [
              110.40269080000007,
              -7.025737499999934
            ],
            [
              110.40270150000003,
              -7.025447399999962
            ],
            [
              110.40268150000009,
              -7.024939699999948
            ],
            [
              110.40274420000009,
              -7.024556399999938
            ],
            [
              110.40286530000009,
              -7.024361399999975
            ],
            [
              110.40286540000005,
              -7.024294499999939
            ],
            [
              110.402798,
              -7.024095699999975
            ],
            [
              110.40269260000008,
              -7.023799699999927
            ],
            [
              110.40274380000005,
              -7.023474399999941
            ],
            [
              110.40293020000007,
              -7.02326329999994
            ],
            [
              110.40320120000007,
              -7.023031099999969
            ],
            [
              110.40340320000007,
              -7.022855
            ],
            [
              110.40355,
              -7.02303
            ],
            [
              110.40405,
              -7.02358
            ],
            [
              110.40441,
              -7.02398
            ],
            [
              110.40457,
              -7.02415
            ],
            [
              110.40474410000007,
              -7.024345299999936
            ],
            [
              110.40498,
              -7.02461
            ],
            [
              110.40532,
              -7.025
            ],
            [
              110.40544,
              -7.02513
            ],
            [
              110.4058,
              -7.02554
            ],
            [
              110.406,
              -7.02575
            ],
            [
              110.40689,
              -7.02673
            ],
            [
              110.40716,
              -7.02702
            ],
            [
              110.4074,
              -7.02729
            ],
            [
              110.40766,
              -7.02758
            ],
            [
              110.40789,
              -7.02783
            ],
            [
              110.40813,
              -7.02806
            ],
            [
              110.40821,
              -7.02815
            ],
            [
              110.40852,
              -7.02844
            ],
            [
              110.40896,
              -7.0288
            ],
            [
              110.40938,
              -7.02911
            ],
            [
              110.40974,
              -7.02934
            ],
            [
              110.41022,
              -7.02962
            ],
            [
              110.4111,
              -7.03008
            ],
            [
              110.41123,
              -7.03013
            ],
            [
              110.41234,
              -7.03057
            ],
            [
              110.41243,
              -7.03059
            ],
            [
              110.41364,
              -7.0309
            ],
            [
              110.41424270000005,
              -7.030980099999965
            ],
            [
              110.414386,
              -7.030987599999946
            ],
            [
              110.4154,
              -7.03109139999998
            ],
            [
              110.41725830000007,
              -7.031230299999947
            ],
            [
              110.41774690000005,
              -7.031271499999946
            ],
            [
              110.41788850000006,
              -7.031279099999949
            ],
            [
              110.41814110000007,
              -7.031312
            ],
            [
              110.418163,
              -7.031318099999964
            ],
            [
              110.41835850000007,
              -7.029996
            ],
            [
              110.41846480000004,
              -7.029363399999966
            ],
            [
              110.41853870000006,
              -7.028690199999971
            ],
            [
              110.41858780000007,
              -7.028357699999958
            ],
            [
              110.41871070000008,
              -7.027514199999928
            ],
            [
              110.418927,
              -7.026545099999964
            ],
            [
              110.419025,
              -7.026139699999931
            ],
            [
              110.41912290000005,
              -7.025718
            ],
            [
              110.41928580000007,
              -7.025336899999957
            ],
            [
              110.41944860000007,
              -7.024996399999964
            ],
            [
              110.41966990000009,
              -7.024653299999954
            ],
            [
              110.42012,
              -7.02416
            ],
            [
              110.42043,
              -7.02386
            ],
            [
              110.42034,
              -7.02337
            ],
            [
              110.42027,
              -7.02316
            ],
            [
              110.42024,
              -7.02303
            ],
            [
              110.42017,
              -7.02274
            ],
            [
              110.42013,
              -7.02258
            ],
            [
              110.41995,
              -7.02188
            ],
            [
              110.41977,
              -7.02117
            ],
            [
              110.41964,
              -7.02068
            ],
            [
              110.41953,
              -7.02031
            ],
            [
              110.41952050000003,
              -7.020276699999954
            ],
            [
              110.41949,
              -7.02017
            ],
            [
              110.41937,
              -7.01972
            ],
            [
              110.41935,
              -7.01966
            ],
            [
              110.41916,
              -7.01887
            ],
            [
              110.41867,
              -7.01709
            ],
            [
              110.41859,
              -7.01682
            ],
            [
              110.41848,
              -7.01639
            ],
            [
              110.41835,
              -7.01581
            ],
            [
              110.41836510000007,
              -7.01575889999998
            ],
            [
              110.41840420000005,
              -7.015728699999954
            ],
            [
              110.41813680000007,
              -7.014744199999939
            ],
            [
              110.41801430000004,
              -7.014230199999929
            ],
            [
              110.417769,
              -7.013397699999928
            ],
            [
              110.41761010000005,
              -7.013042899999959
            ],
            [
              110.41749080000005,
              -7.012851
            ],
            [
              110.41715790000006,
              -7.012604499999952
            ],
            [
              110.41677430000004,
              -7.012444799999969
            ],
            [
              110.416492,
              -7.012249099999963
            ],
            [
              110.416304,
              -7.011995599999977
            ],
            [
              110.41594610000004,
              -7.01144869999996
            ],
            [
              110.41585230000004,
              -7.01119529999994
            ],
            [
              110.41578030000005,
              -7.010811699999977
            ],
            [
              110.41579520000005,
              -7.010500499999978
            ],
            [
              110.41592980000007,
              -7.010033899999939
            ],
            [
              110.41609690000007,
              -7.009614399999975
            ],
            [
              110.41621330000004,
              -7.00921649999998
            ],
            [
              110.41625,
              -7.008847499999945
            ],
            [
              110.41627280000006,
              -7.008292499999925
            ],
            [
              110.41626190000005,
              -7.008242899999971
            ],
            [
              110.41623160000006,
              -7.008193299999959
            ],
            [
              110.41613530000006,
              -7.008000299999935
            ],
            [
              110.41736350000008,
              -7.00744039999995
            ],
            [
              110.41742640000007,
              -7.007433099999957
            ],
            [
              110.41753860000006,
              -7.007468099999926
            ],
            [
              110.41755,
              -7.007334299999968
            ],
            [
              110.417559,
              -7.007014899999945
            ],
            [
              110.417568,
              -7.006712799999946
            ],
            [
              110.41749070000009,
              -7.006367499999953
            ],
            [
              110.41725430000008,
              -7.005456599999945
            ],
            [
              110.41712990000008,
              -7.004735799999935
            ],
            [
              110.41700990000004,
              -7.003976099999932
            ],
            [
              110.416924,
              -7.003604899999971
            ],
            [
              110.41682070000007,
              -7.003302599999927
            ],
            [
              110.41670010000007,
              -7.003026299999931
            ],
            [
              110.41645010000008,
              -7.002577199999962
            ],
            [
              110.41626050000008,
              -7.002248899999927
            ],
            [
              110.41624350000006,
              -7.002015899999947
            ],
            [
              110.416261,
              -7.001800099999969
            ],
            [
              110.41648590000005,
              -7.001593299999968
            ],
            [
              110.41671070000007,
              -7.001464099999964
            ],
            [
              110.41702820000006,
              -7.001331899999968
            ],
            [
              110.41754,
              -7.00121
            ],
            [
              110.41789,
              -7.00111
            ],
            [
              110.41834,
              -7.00098
            ],
            [
              110.41859,
              -7.00093
            ],
            [
              110.41882,
              -7.00094
            ],
            [
              110.41901,
              -7.00101
            ],
            [
              110.41919,
              -7.00109
            ],
            [
              110.41936,
              -7.00113
            ],
            [
              110.41952,
              -7.00112
            ],
            [
              110.41959570000006,
              -7.001079199999936
            ],
            [
              110.41963960000004,
              -7.001079299999958
            ],
            [
              110.41989890000008,
              -7.000958799999978
            ],
            [
              110.42011520000005,
              -7.00073459999993
            ],
            [
              110.42037480000005,
              -7.000346599999943
            ],
            [
              110.42044420000008,
              -7.000087699999938
            ],
            [
              110.42044470000008,
              -6.999699299999975
            ],
            [
              110.42039330000006,
              -6.99937129999995
            ],
            [
              110.42024670000006,
              -6.999112199999956
            ],
            [
              110.420057,
              -6.998827099999971
            ],
            [
              110.41982420000005,
              -6.99855059999993
            ],
            [
              110.41958260000007,
              -6.99831729999994
            ],
            [
              110.41956120000009,
              -6.998271099999954
            ],
            [
              110.41952640000005,
              -6.99824289999998
            ],
            [
              110.41940390000008,
              -6.998058699999945
            ],
            [
              110.41937340000004,
              -6.997864499999935
            ],
            [
              110.41935320000005,
              -6.997670299999925
            ],
            [
              110.41938410000006,
              -6.997455699999932
            ],
            [
              110.41942610000007,
              -6.997354299999927
            ],
            [
              110.41941,
              -6.99735
            ],
            [
              110.41929,
              -6.99734
            ],
            [
              110.41906,
              -6.9973
            ],
            [
              110.41873,
              -6.99722
            ],
            [
              110.41841,
              -6.99713
            ],
            [
              110.4182,
              -6.99712
            ],
            [
              110.41791,
              -6.99708
            ],
            [
              110.41734,
              -6.99699
            ],
            [
              110.41713410000006,
              -6.996993299999929
            ],
            [
              110.41702,
              -6.99697
            ],
            [
              110.41669,
              -6.99691
            ],
            [
              110.41604,
              -6.99671
            ],
            [
              110.41596,
              -6.99669
            ],
            [
              110.41586,
              -6.99664
            ],
            [
              110.41573690000007,
              -6.996612499999969
            ],
            [
              110.41562650000009,
              -6.996578799999952
            ],
            [
              110.41555450000004,
              -6.996540299999936
            ],
            [
              110.41491,
              -6.9962
            ],
            [
              110.41464,
              -6.99605
            ],
            [
              110.41451,
              -6.99596
            ],
            [
              110.41445,
              -6.99592
            ],
            [
              110.41415,
              -6.99575
            ],
            [
              110.41409,
              -6.99573
            ],
            [
              110.41403,
              -6.99574
            ],
            [
              110.41385,
              -6.99581
            ],
            [
              110.41358,
              -6.99589
            ],
            [
              110.41351,
              -6.9959
            ],
            [
              110.41326720000006,
              -6.995935399999951
            ],
            [
              110.41325980000005,
              -6.995933599999944
            ],
            [
              110.41285170000003,
              -6.995984
            ],
            [
              110.41234150000008,
              -6.996041599999955
            ],
            [
              110.41191510000004,
              -6.996073899999942
            ],
            [
              110.41147780000006,
              -6.996109699999977
            ],
            [
              110.410975,
              -6.996116399999948
            ],
            [
              110.41066170000005,
              -6.996086899999966
            ],
            [
              110.41047960000009,
              -6.996028399999943
            ],
            [
              110.41026840000006,
              -6.995911599999943
            ],
            [
              110.41004990000005,
              -6.995802099999935
            ],
            [
              110.40989690000004,
              -6.995780099999934
            ],
            [
              110.40982940000004,
              -6.995799899999952
            ],
            [
              110.40981,
              -6.99579
            ],
            [
              110.40974,
              -6.99581
            ],
            [
              110.4095,
              -6.99593
            ],
            [
              110.40886,
              -6.99608
            ],
            [
              110.40835,
              -6.9961
            ],
            [
              110.40817,
              -6.99611
            ],
            [
              110.40817,
              -6.99596
            ],
            [
              110.40812,
              -6.99574
            ],
            [
              110.40798,
              -6.99549
            ],
            [
              110.40777,
              -6.99528
            ],
            [
              110.4074,
              -6.99501
            ],
            [
              110.40706,
              -6.99474
            ],
            [
              110.40692,
              -6.99457
            ],
            [
              110.40688,
              -6.99446
            ],
            [
              110.40684490000007,
              -6.994475099999931
            ],
            [
              110.40681,
              -6.99449
            ],
            [
              110.40655,
              -6.99459
            ],
            [
              110.40623,
              -6.99473
            ],
            [
              110.40608540000005,
              -6.994838399999935
            ],
            [
              110.40606140000006,
              -6.994842099999971
            ],
            [
              110.40585970000006,
              -6.994996699999945
            ],
            [
              110.40564240000003,
              -6.99527519999998
            ],
            [
              110.40540950000008,
              -6.995615599999951
            ],
            [
              110.40520770000006,
              -6.995785699999942
            ],
            [
              110.40500610000004,
              -6.995909299999937
            ],
            [
              110.40472710000006,
              -6.995924499999944
            ],
            [
              110.40436710000006,
              -6.995938399999943
            ],
            [
              110.404366,
              -6.995938399999943
            ],
            [
              110.40433950000005,
              -6.995939499999963
            ],
            [
              110.40433840000009,
              -6.995939499999963
            ],
            [
              110.40412250000008,
              -6.995939199999953
            ],
            [
              110.40356450000007,
              -6.995938499999966
            ],
            [
              110.40299090000008,
              -6.99599969999997
            ],
            [
              110.40266550000007,
              -6.99593729999998
            ],
            [
              110.40243310000005,
              -6.99585959999996
            ],
            [
              110.40207110000006,
              -6.995577599999933
            ],
            [
              110.40207270000008,
              -6.995573199999967
            ],
            [
              110.40203690000004,
              -6.995547
            ],
            [
              110.40194760000009,
              -6.995791599999961
            ],
            [
              110.40166160000007,
              -6.996398
            ],
            [
              110.40152020000005,
              -6.996773299999973
            ],
            [
              110.40135850000007,
              -6.997289399999943
            ],
            [
              110.40119020000009,
              -6.997691499999974
            ],
            [
              110.40095810000008,
              -6.99817059999998
            ],
            [
              110.40091070000005,
              -6.99845879999998
            ],
            [
              110.40099090000007,
              -6.99875389999994
            ],
            [
              110.40111130000008,
              -6.999042399999951
            ],
            [
              110.40131230000009,
              -6.999337699999955
            ],
            [
              110.40148640000007,
              -6.999586
            ],
            [
              110.40164360000006,
              -6.999985099999947
            ],
            [
              110.40160990000004,
              -7.000132599999972
            ],
            [
              110.40141490000008,
              -7.00046089999995
            ],
            [
              110.401166,
              -7.000869499999965
            ],
            [
              110.400971,
              -7.001164299999971
            ],
            [
              110.40075080000008,
              -7.001352399999973
            ],
            [
              110.40044060000008,
              -7.001391599999977
            ],
            [
              110.40006480000005,
              -7.001364299999977
            ],
            [
              110.39959510000006,
              -7.001397199999928
            ],
            [
              110.39949250000006,
              -7.001394
            ],
            [
              110.39946220000007,
              -7.001402299999938
            ],
            [
              110.39934,
              -7.001396899999975
            ],
            [
              110.399038,
              -7.00143
            ],
            [
              110.39821240000003,
              -7.001576499999942
            ],
            [
              110.39748070000007,
              -7.001743199999964
            ],
            [
              110.39709130000006,
              -7.001903599999935
            ],
            [
              110.39689640000006,
              -7.002131299999974
            ],
            [
              110.396853,
              -7.002268
            ],
            [
              110.39684370000003,
              -7.002275599999962
            ],
            [
              110.39674830000007,
              -7.002493199999947
            ],
            [
              110.39661350000006,
              -7.00294219999995
            ],
            [
              110.39651250000009,
              -7.003223699999978
            ],
            [
              110.39632420000004,
              -7.003531899999928
            ],
            [
              110.39620580000008,
              -7.003695199999981
            ],
            [
              110.39620520000005,
              -7.003696099999956
            ],
            [
              110.39616340000003,
              -7.00375379999997
            ],
            [
              110.396161,
              -7.003756599999974
            ],
            [
              110.39585580000005,
              -7.004111399999942
            ],
            [
              110.39569230000006,
              -7.004349099999956
            ],
            [
              110.39539660000008,
              -7.004684
            ],
            [
              110.395242,
              -7.004871499999979
            ],
            [
              110.39520190000007,
              -7.004951499999947
            ],
            [
              110.39519690000009,
              -7.004950599999972
            ],
            [
              110.39495980000004,
              -7.005193
            ],
            [
              110.39458350000007,
              -7.005594799999926
            ],
            [
              110.39432150000005,
              -7.005809
            ],
            [
              110.39403270000008,
              -7.005956099999935
            ],
            [
              110.393744,
              -7.006049599999926
            ],
            [
              110.39366680000006,
              -7.006062399999962
            ],
            [
              110.39346560000007,
              -7.006149499999935
            ],
            [
              110.39296560000008,
              -7.006123799999955
            ],
            [
              110.39271,
              -7.00605
            ],
            [
              110.39260280000008,
              -7.006011599999965
            ],
            [
              110.39218,
              -7.00586
            ],
            [
              110.39182,
              -7.00575
            ],
            [
              110.39158,
              -7.0057
            ],
            [
              110.3914,
              -7.0057
            ],
            [
              110.3913,
              -7.00572
            ],
            [
              110.39102,
              -7.00577
            ],
            [
              110.3907,
              -7.00582
            ],
            [
              110.39043,
              -7.00586
            ],
            [
              110.39028,
              -7.00587
            ],
            [
              110.39,
              -7.00586
            ],
            [
              110.38958,
              -7.00588
            ],
            [
              110.38936,
              -7.00591
            ],
            [
              110.38925,
              -7.00598
            ],
            [
              110.38912,
              -7.00611
            ],
            [
              110.38899,
              -7.00629
            ],
            [
              110.38888,
              -7.0065
            ],
            [
              110.38883,
              -7.00664
            ],
            [
              110.38883,
              -7.006753599999968
            ],
            [
              110.38846,
              -7.007554
            ],
            [
              110.38789010000005,
              -7.008465299999955
            ],
            [
              110.38750010000007,
              -7.009167499999933
            ],
            [
              110.38700510000007,
              -7.010049
            ],
            [
              110.38652540000004,
              -7.010751099999936
            ],
            [
              110.38639020000005,
              -7.011154599999941
            ]
          ]
        ]
      }
    },
    {
      "type": "Feature",
      "properties": {
        "id": "KEC_SMG_01",
        "nama": "Semarang Barat",
        "kode_bps": "3374140",
        "level": "kecamatan",
        "total_kelurahan": 16
      },
      "geometry": {
        "type": "Polygon",
        "coordinates": [
          [
            [
              110.36311180000007,
              -6.986941199999933
            ],
            [
              110.36317850000006,
              -6.986967099999958
            ],
            [
              110.36347570000004,
              -6.987054899999976
            ],
            [
              110.36407870000005,
              -6.987300299999958
            ],
            [
              110.36466420000005,
              -6.987493299999926
            ],
            [
              110.36538970000004,
              -6.987686499999938
            ],
            [
              110.36597530000006,
              -6.987853199999961
            ],
            [
              110.36656980000004,
              -6.987906499999951
            ],
            [
              110.36728690000007,
              -6.987837499999955
            ],
            [
              110.36752640000009,
              -6.987813399999936
            ],
            [
              110.36764,
              -6.98779
            ],
            [
              110.36796,
              -6.98774
            ],
            [
              110.36815,
              -6.98772
            ],
            [
              110.36815660000008,
              -6.987742099999934
            ],
            [
              110.36818,
              -6.98782
            ],
            [
              110.36846,
              -6.9888
            ],
            [
              110.36859,
              -6.98922
            ],
            [
              110.36868,
              -6.98956
            ],
            [
              110.36899,
              -6.99072
            ],
            [
              110.36904,
              -6.99099
            ],
            [
              110.36922,
              -6.99199
            ],
            [
              110.36909,
              -6.9933
            ],
            [
              110.36902,
              -6.99348
            ],
            [
              110.36897850000008,
              -6.993597499999964
            ],
            [
              110.36896,
              -6.99365
            ],
            [
              110.36894,
              -6.99376
            ],
            [
              110.36858,
              -6.99494
            ],
            [
              110.36857,
              -6.99524
            ],
            [
              110.36864,
              -6.99563
            ],
            [
              110.36873,
              -6.99596
            ],
            [
              110.36887,
              -6.99637
            ],
            [
              110.36894,
              -6.99655
            ],
            [
              110.36913,
              -6.99696
            ],
            [
              110.36952,
              -6.99757
            ],
            [
              110.37013,
              -6.99832
            ],
            [
              110.3702,
              -6.99841
            ],
            [
              110.37057,
              -6.9989
            ],
            [
              110.37077,
              -6.99936
            ],
            [
              110.37085,
              -6.99977
            ],
            [
              110.37089,
              -7
            ],
            [
              110.37091,
              -7.00011
            ],
            [
              110.37094,
              -7.00031
            ],
            [
              110.37103,
              -7.00081
            ],
            [
              110.37114,
              -7.0012
            ],
            [
              110.37146,
              -7.00182
            ],
            [
              110.37179,
              -7.00218
            ],
            [
              110.37198,
              -7.00234
            ],
            [
              110.37233,
              -7.00253
            ],
            [
              110.37302,
              -7.00278
            ],
            [
              110.37327,
              -7.00286
            ],
            [
              110.37364,
              -7.00295
            ],
            [
              110.37424,
              -7.00312
            ],
            [
              110.37475,
              -7.00329
            ],
            [
              110.37499,
              -7.00339
            ],
            [
              110.37547,
              -7.00368
            ],
            [
              110.3756,
              -7.00383
            ],
            [
              110.3766,
              -7.00501
            ],
            [
              110.37683,
              -7.0053
            ],
            [
              110.37699,
              -7.00548
            ],
            [
              110.37777,
              -7.00628
            ],
            [
              110.37795,
              -7.00647
            ],
            [
              110.37800230000005,
              -7.006527099999971
            ],
            [
              110.37828960000007,
              -7.006895
            ],
            [
              110.37836790000006,
              -7.006982099999959
            ],
            [
              110.37835630000006,
              -7.006995099999926
            ],
            [
              110.37847960000005,
              -7.007112
            ],
            [
              110.37998270000008,
              -7.008798099999979
            ],
            [
              110.380316,
              -7.009185399999978
            ],
            [
              110.38166590000009,
              -7.010651199999927
            ],
            [
              110.38189250000005,
              -7.010924899999964
            ],
            [
              110.38295610000006,
              -7.011770099999978
            ],
            [
              110.38467340000005,
              -7.013076299999966
            ],
            [
              110.38722310000009,
              -7.015011499999957
            ],
            [
              110.38722340000004,
              -7.014999199999977
            ],
            [
              110.387227,
              -7.014863099999957
            ],
            [
              110.387211,
              -7.014850399999943
            ],
            [
              110.387299,
              -7.014190799999938
            ],
            [
              110.38735970000005,
              -7.013577899999973
            ],
            [
              110.38722570000004,
              -7.013009599999975
            ],
            [
              110.38694230000004,
              -7.012336399999981
            ],
            [
              110.38663520000006,
              -7.011746499999958
            ],
            [
              110.38644960000005,
              -7.011498499999959
            ],
            [
              110.38639020000005,
              -7.011154599999941
            ],
            [
              110.38652540000004,
              -7.010751099999936
            ],
            [
              110.38700510000007,
              -7.010049
            ],
            [
              110.38750010000007,
              -7.009167499999933
            ],
            [
              110.38789010000005,
              -7.008465299999955
            ],
            [
              110.38846,
              -7.007554
            ],
            [
              110.38883,
              -7.006753599999968
            ],
            [
              110.38883,
              -7.00664
            ],
            [
              110.38888,
              -7.0065
            ],
            [
              110.38899,
              -7.00629
            ],
            [
              110.38912,
              -7.00611
            ],
            [
              110.38925,
              -7.00598
            ],
            [
              110.38936,
              -7.00591
            ],
            [
              110.38958,
              -7.00588
            ],
            [
              110.39,
              -7.00586
            ],
            [
              110.39028,
              -7.00587
            ],
            [
              110.39043,
              -7.00586
            ],
            [
              110.3907,
              -7.00582
            ],
            [
              110.39102,
              -7.00577
            ],
            [
              110.3913,
              -7.00572
            ],
            [
              110.3914,
              -7.0057
            ],
            [
              110.39158,
              -7.0057
            ],
            [
              110.39182,
              -7.00575
            ],
            [
              110.39218,
              -7.00586
            ],
            [
              110.39260280000008,
              -7.006011599999965
            ],
            [
              110.39271,
              -7.00605
            ],
            [
              110.39296560000008,
              -7.006123799999955
            ],
            [
              110.39346560000007,
              -7.006149499999935
            ],
            [
              110.39366680000006,
              -7.006062399999962
            ],
            [
              110.393744,
              -7.006049599999926
            ],
            [
              110.39403270000008,
              -7.005956099999935
            ],
            [
              110.39432150000005,
              -7.005809
            ],
            [
              110.39458350000007,
              -7.005594799999926
            ],
            [
              110.39495980000004,
              -7.005193
            ],
            [
              110.39519690000009,
              -7.004950599999972
            ],
            [
              110.39520190000007,
              -7.004951499999947
            ],
            [
              110.395242,
              -7.004871499999979
            ],
            [
              110.39539660000008,
              -7.004684
            ],
            [
              110.39569230000006,
              -7.004349099999956
            ],
            [
              110.39585580000005,
              -7.004111399999942
            ],
            [
              110.396161,
              -7.003756599999974
            ],
            [
              110.39616340000003,
              -7.00375379999997
            ],
            [
              110.39620520000005,
              -7.003696099999956
            ],
            [
              110.39620580000008,
              -7.003695199999981
            ],
            [
              110.39632420000004,
              -7.003531899999928
            ],
            [
              110.39651250000009,
              -7.003223699999978
            ],
            [
              110.39661350000006,
              -7.00294219999995
            ],
            [
              110.39674830000007,
              -7.002493199999947
            ],
            [
              110.39684370000003,
              -7.002275599999962
            ],
            [
              110.396853,
              -7.002268
            ],
            [
              110.39689640000006,
              -7.002131299999974
            ],
            [
              110.39709130000006,
              -7.001903599999935
            ],
            [
              110.39748070000007,
              -7.001743199999964
            ],
            [
              110.39821240000003,
              -7.001576499999942
            ],
            [
              110.399038,
              -7.00143
            ],
            [
              110.39934,
              -7.001396899999975
            ],
            [
              110.39946220000007,
              -7.001402299999938
            ],
            [
              110.39949250000006,
              -7.001394
            ],
            [
              110.39959510000006,
              -7.001397199999928
            ],
            [
              110.40006480000005,
              -7.001364299999977
            ],
            [
              110.40044060000008,
              -7.001391599999977
            ],
            [
              110.40075080000008,
              -7.001352399999973
            ],
            [
              110.400971,
              -7.001164299999971
            ],
            [
              110.401166,
              -7.000869499999965
            ],
            [
              110.40141490000008,
              -7.00046089999995
            ],
            [
              110.40160990000004,
              -7.000132599999972
            ],
            [
              110.40164360000006,
              -6.999985099999947
            ],
            [
              110.40148640000007,
              -6.999586
            ],
            [
              110.40131230000009,
              -6.999337699999955
            ],
            [
              110.40111130000008,
              -6.999042399999951
            ],
            [
              110.40099090000007,
              -6.99875389999994
            ],
            [
              110.40091070000005,
              -6.99845879999998
            ],
            [
              110.40095810000008,
              -6.99817059999998
            ],
            [
              110.40119020000009,
              -6.997691499999974
            ],
            [
              110.40135850000007,
              -6.997289399999943
            ],
            [
              110.40152020000005,
              -6.996773299999973
            ],
            [
              110.40166160000007,
              -6.996398
            ],
            [
              110.40194760000009,
              -6.995791599999961
            ],
            [
              110.40203690000004,
              -6.995547
            ],
            [
              110.40210920000004,
              -6.99534929999993
            ],
            [
              110.40225730000009,
              -6.994947199999956
            ],
            [
              110.40231210000007,
              -6.994835699999953
            ],
            [
              110.4025,
              -6.99399
            ],
            [
              110.4025,
              -6.99088
            ],
            [
              110.40249,
              -6.9897
            ],
            [
              110.40249,
              -6.98885
            ],
            [
              110.40238,
              -6.98754
            ],
            [
              110.40218,
              -6.98562
            ],
            [
              110.40218,
              -6.98491
            ],
            [
              110.40219,
              -6.98445
            ],
            [
              110.40214050000009,
              -6.98389009999994
            ],
            [
              110.40206,
              -6.98298
            ],
            [
              110.40201,
              -6.98264
            ],
            [
              110.40186,
              -6.98153
            ],
            [
              110.40196330000003,
              -6.981094699999971
            ],
            [
              110.40196,
              -6.980288599999938
            ],
            [
              110.40190420000005,
              -6.97934829999997
            ],
            [
              110.40180530000004,
              -6.97862159999994
            ],
            [
              110.401673,
              -6.977512499999932
            ],
            [
              110.40167150000008,
              -6.977498699999956
            ],
            [
              110.40148650000003,
              -6.975554099999954
            ],
            [
              110.40143620000003,
              -6.974202099999957
            ],
            [
              110.40130790000006,
              -6.972824
            ],
            [
              110.40102440000004,
              -6.970639799999958
            ],
            [
              110.40098950000004,
              -6.970245399999953
            ],
            [
              110.400982,
              -6.970160799999974
            ],
            [
              110.40085630000004,
              -6.968740299999979
            ],
            [
              110.40085110000007,
              -6.968682499999943
            ],
            [
              110.40079950000006,
              -6.968683399999975
            ],
            [
              110.40063890000005,
              -6.96686939999995
            ],
            [
              110.40046070000005,
              -6.965792499999964
            ],
            [
              110.40045040000007,
              -6.96573049999995
            ],
            [
              110.40048840000009,
              -6.965728199999944
            ],
            [
              110.400381,
              -6.96510109999997
            ],
            [
              110.40030390000004,
              -6.96432109999995
            ],
            [
              110.40020120000008,
              -6.963229
            ],
            [
              110.40017720000009,
              -6.961669
            ],
            [
              110.40002290000007,
              -6.96018689999994
            ],
            [
              110.39979060000007,
              -6.958756599999958
            ],
            [
              110.39950640000006,
              -6.957170299999973
            ],
            [
              110.39911760000007,
              -6.955973899999947
            ],
            [
              110.39861480000008,
              -6.955022299999939
            ],
            [
              110.39847750000007,
              -6.954777299999932
            ],
            [
              110.39834060000004,
              -6.954557899999941
            ],
            [
              110.39824,
              -6.9544
            ],
            [
              110.398086,
              -6.954106499999966
            ],
            [
              110.39718580000005,
              -6.952301399999953
            ],
            [
              110.39626570000007,
              -6.949800499999981
            ],
            [
              110.39583190000008,
              -6.948889799999961
            ],
            [
              110.39457840000006,
              -6.949377899999945
            ],
            [
              110.39251620000005,
              -6.94591719999994
            ],
            [
              110.39057,
              -6.94713
            ],
            [
              110.3904,
              -6.94727
            ],
            [
              110.3899,
              -6.94761
            ],
            [
              110.38918410000008,
              -6.948320299999978
            ],
            [
              110.38886760000008,
              -6.948634299999981
            ],
            [
              110.39043910000004,
              -6.950799399999937
            ],
            [
              110.39011690000007,
              -6.951073199999939
            ],
            [
              110.38708910000008,
              -6.951619899999969
            ],
            [
              110.38708820000005,
              -6.951618099999962
            ],
            [
              110.38663690000004,
              -6.95172759999997
            ],
            [
              110.38610150000005,
              -6.951430099999925
            ],
            [
              110.38567830000005,
              -6.949855599999978
            ],
            [
              110.38535790000009,
              -6.948664
            ],
            [
              110.38538770000008,
              -6.948217899999975
            ],
            [
              110.38595280000004,
              -6.94792039999993
            ],
            [
              110.38714250000004,
              -6.947771699999976
            ],
            [
              110.387083,
              -6.947444599999926
            ],
            [
              110.38660720000007,
              -6.947057899999947
            ],
            [
              110.38642870000007,
              -6.946641499999942
            ],
            [
              110.38630970000008,
              -6.946403499999974
            ],
            [
              110.38262160000005,
              -6.947563499999944
            ],
            [
              110.381878,
              -6.948217899999975
            ],
            [
              110.38164,
              -6.94911019999995
            ],
            [
              110.38191040000004,
              -6.950326699999948
            ],
            [
              110.37876170000004,
              -6.950711899999931
            ],
            [
              110.376772,
              -6.95089
            ],
            [
              110.37637550000005,
              -6.95113269999996
            ],
            [
              110.37551290000005,
              -6.951549099999966
            ],
            [
              110.37536420000004,
              -6.951876299999981
            ],
            [
              110.37536420000004,
              -6.952054799999928
            ],
            [
              110.37616730000008,
              -6.952500899999961
            ],
            [
              110.37738670000005,
              -6.952619899999945
            ],
            [
              110.37806860000006,
              -6.95263319999998
            ],
            [
              110.37867650000004,
              -6.952946099999963
            ],
            [
              110.37967890000004,
              -6.953358199999968
            ],
            [
              110.38112540000009,
              -6.953672199999971
            ],
            [
              110.38217740000005,
              -6.95388719999994
            ],
            [
              110.382736,
              -6.9542
            ],
            [
              110.38319020000006,
              -6.954376399999944
            ],
            [
              110.383175,
              -6.954401599999926
            ],
            [
              110.38308,
              -6.95456
            ],
            [
              110.38275,
              -6.9547
            ],
            [
              110.38223,
              -6.95476
            ],
            [
              110.38164,
              -6.95481
            ],
            [
              110.38151,
              -6.95479
            ],
            [
              110.38134,
              -6.95471
            ],
            [
              110.38101,
              -6.95474
            ],
            [
              110.38079,
              -6.95474
            ],
            [
              110.38017,
              -6.9548
            ],
            [
              110.37981,
              -6.9548
            ],
            [
              110.37928,
              -6.95477
            ],
            [
              110.37837,
              -6.95472
            ],
            [
              110.3768,
              -6.95471
            ],
            [
              110.37628540000009,
              -6.95464949999996
            ],
            [
              110.37468010000003,
              -6.954731699999968
            ],
            [
              110.37405550000005,
              -6.95491009999995
            ],
            [
              110.373074,
              -6.95496959999997
            ],
            [
              110.37238990000009,
              -6.954939899999943
            ],
            [
              110.36976220000008,
              -6.95496849999995
            ],
            [
              110.36861340000007,
              -6.954885399999966
            ],
            [
              110.36771950000008,
              -6.954820799999936
            ],
            [
              110.36758330000004,
              -6.955371199999945
            ],
            [
              110.36735210000006,
              -6.956143
            ],
            [
              110.36703910000006,
              -6.956586199999947
            ],
            [
              110.36675880000007,
              -6.957193699999948
            ],
            [
              110.36664270000006,
              -6.957949299999939
            ],
            [
              110.36652670000007,
              -6.958606299999929
            ],
            [
              110.36621250000007,
              -6.959969499999943
            ],
            [
              110.36601380000008,
              -6.961004299999956
            ],
            [
              110.36589820000006,
              -6.961382
            ],
            [
              110.36591420000008,
              -6.961710599999947
            ],
            [
              110.36583990000008,
              -6.961932299999944
            ],
            [
              110.36562090000007,
              -6.962105899999926
            ],
            [
              110.36544480000003,
              -6.962354799999957
            ],
            [
              110.36530640000007,
              -6.962561699999981
            ],
            [
              110.36523680000005,
              -6.962945
            ],
            [
              110.36509780000006,
              -6.963604199999963
            ],
            [
              110.36467830000004,
              -6.96452759999994
            ],
            [
              110.36446260000008,
              -6.965202099999942
            ],
            [
              110.364316,
              -6.965792299999976
            ],
            [
              110.36446160000008,
              -6.965938199999925
            ],
            [
              110.36527030000008,
              -6.966556499999967
            ],
            [
              110.36652750000007,
              -6.967570299999977
            ],
            [
              110.36817440000004,
              -6.968818899999974
            ],
            [
              110.36805820000006,
              -6.968980399999964
            ],
            [
              110.36805650000008,
              -6.968979399999967
            ],
            [
              110.36758770000006,
              -6.969469499999946
            ],
            [
              110.36726490000007,
              -6.969844799999976
            ],
            [
              110.36693450000007,
              -6.970166399999925
            ],
            [
              110.36681150000004,
              -6.970373199999926
            ],
            [
              110.36663410000006,
              -6.971001699999931
            ],
            [
              110.36651070000005,
              -6.971507599999939
            ],
            [
              110.36651040000004,
              -6.97171469999995
            ],
            [
              110.36649040000009,
              -6.972316599999942
            ],
            [
              110.36646690000003,
              -6.972638599999925
            ],
            [
              110.36648960000008,
              -6.972914599999967
            ],
            [
              110.36655070000006,
              -6.97308339999995
            ],
            [
              110.36651980000005,
              -6.973290399999939
            ],
            [
              110.36640440000008,
              -6.973458899999969
            ],
            [
              110.36646110000004,
              -6.973850699999957
            ],
            [
              110.36655310000003,
              -6.974153099999967
            ],
            [
              110.36640680000005,
              -6.974528599999928
            ],
            [
              110.36624530000006,
              -6.974819699999955
            ],
            [
              110.366245,
              -6.975072799999964
            ],
            [
              110.36619850000005,
              -6.975348699999927
            ],
            [
              110.36595210000007,
              -6.97601549999996
            ],
            [
              110.36570180000007,
              -6.976670699999943
            ],
            [
              110.36550150000005,
              -6.977207199999953
            ],
            [
              110.36534760000006,
              -6.977567399999941
            ],
            [
              110.36519350000009,
              -6.977988899999957
            ],
            [
              110.36481230000004,
              -6.979019699999981
            ],
            [
              110.36458130000005,
              -6.979594499999962
            ],
            [
              110.36443490000005,
              -6.980023699999947
            ],
            [
              110.36417910000006,
              -6.980908699999929
            ],
            [
              110.36435,
              -6.98096
            ],
            [
              110.36493320000005,
              -6.981105799999966
            ],
            [
              110.36473470000004,
              -6.981743799999947
            ],
            [
              110.36467730000004,
              -6.98207119999995
            ],
            [
              110.36460580000005,
              -6.98227049999997
            ],
            [
              110.36454850000007,
              -6.982476899999938
            ],
            [
              110.36451260000007,
              -6.98267629999998
            ],
            [
              110.36445530000009,
              -6.98284
            ],
            [
              110.36426310000007,
              -6.98274
            ],
            [
              110.36420580000004,
              -6.982946399999946
            ],
            [
              110.36418430000003,
              -6.983017599999926
            ],
            [
              110.36419130000007,
              -6.983095899999967
            ],
            [
              110.36413740000006,
              -6.983151699999951
            ],
            [
              110.36409160000005,
              -6.983251899999971
            ],
            [
              110.36410520000004,
              -6.983347599999945
            ],
            [
              110.36415070000004,
              -6.983420599999931
            ],
            [
              110.36420070000008,
              -6.983502699999974
            ],
            [
              110.36420520000007,
              -6.983580199999949
            ],
            [
              110.36416390000005,
              -6.983735
            ],
            [
              110.36410430000006,
              -6.983985599999926
            ],
            [
              110.36409040000007,
              -6.984163299999977
            ],
            [
              110.36410840000008,
              -6.984304599999973
            ],
            [
              110.36415850000009,
              -6.984423199999981
            ],
            [
              110.36415930000004,
              -6.98442689999996
            ],
            [
              110.36415,
              -6.98443
            ],
            [
              110.36413,
              -6.9845
            ],
            [
              110.36406,
              -6.9847
            ],
            [
              110.36387370000006,
              -6.98529869999993
            ],
            [
              110.36387140000005,
              -6.985340399999927
            ],
            [
              110.36378660000008,
              -6.985624
            ],
            [
              110.36372530000006,
              -6.985766299999966
            ],
            [
              110.36349760000007,
              -6.985782599999936
            ],
            [
              110.36347930000005,
              -6.985782499999971
            ],
            [
              110.36338320000004,
              -6.986005699999964
            ],
            [
              110.36332370000008,
              -6.986201599999958
            ],
            [
              110.363223,
              -6.986420199999941
            ],
            [
              110.363223,
              -6.986459399999944
            ],
            [
              110.36321720000007,
              -6.986476599999946
            ],
            [
              110.36316160000007,
              -6.986674799999946
            ],
            [
              110.36311180000007,
              -6.986941199999933
            ]
          ]
        ]
      }
    },
    {
      "type": "Feature",
      "properties": {
        "id": "KEC_SMG_09",
        "nama": "Mijen",
        "kode_bps": "3374010",
        "level": "kecamatan",
        "total_kelurahan": 14
      },
      "geometry": {
        "type": "Polygon",
        "coordinates": [
          [
            [
              110.26912690000006,
              -7.04650879999997
            ],
            [
              110.26913450000006,
              -7.046536399999979
            ],
            [
              110.26915810000008,
              -7.04665289999997
            ],
            [
              110.26920320000005,
              -7.046875499999942
            ],
            [
              110.26934820000008,
              -7.047219299999938
            ],
            [
              110.26943970000008,
              -7.04737229999995
            ],
            [
              110.26946260000005,
              -7.047832899999946
            ],
            [
              110.26946260000005,
              -7.047966
            ],
            [
              110.26971440000005,
              -7.048480499999926
            ],
            [
              110.26982120000008,
              -7.048626899999931
            ],
            [
              110.27011870000007,
              -7.049152399999969
            ],
            [
              110.27012640000004,
              -7.04943609999998
            ],
            [
              110.270195,
              -7.049576699999932
            ],
            [
              110.27016190000006,
              -7.049677299999928
            ],
            [
              110.27014920000005,
              -7.049716
            ],
            [
              110.27022550000004,
              -7.049770299999977
            ],
            [
              110.27035520000004,
              -7.049935299999959
            ],
            [
              110.27052550000008,
              -7.050218
            ],
            [
              110.27061460000004,
              -7.050365899999974
            ],
            [
              110.27077490000005,
              -7.050552299999936
            ],
            [
              110.27076360000007,
              -7.050707799999941
            ],
            [
              110.27097250000008,
              -7.050712699999963
            ],
            [
              110.27141620000003,
              -7.050622199999964
            ],
            [
              110.27176850000006,
              -7.050583599999925
            ],
            [
              110.27223810000004,
              -7.050571299999945
            ],
            [
              110.27265570000009,
              -7.050519899999927
            ],
            [
              110.27306030000005,
              -7.050390199999981
            ],
            [
              110.27367370000007,
              -7.050247699999943
            ],
            [
              110.27371370000009,
              -7.049674399999958
            ],
            [
              110.27373110000008,
              -7.049702099999934
            ],
            [
              110.27372690000004,
              -7.049557099999959
            ],
            [
              110.27396220000008,
              -7.049270699999965
            ],
            [
              110.27428890000004,
              -7.048919299999966
            ],
            [
              110.27458920000004,
              -7.048724299999947
            ],
            [
              110.27487620000005,
              -7.048724799999945
            ],
            [
              110.275124,
              -7.048790299999951
            ],
            [
              110.27571080000007,
              -7.048973699999976
            ],
            [
              110.27629750000006,
              -7.04920919999995
            ],
            [
              110.27653580000003,
              -7.049375699999928
            ],
            [
              110.27666250000004,
              -7.049366099999929
            ],
            [
              110.27730160000004,
              -7.049445299999945
            ],
            [
              110.27762770000004,
              -7.049458899999934
            ],
            [
              110.27788890000005,
              -7.049276799999973
            ],
            [
              110.27831940000004,
              -7.04927749999996
            ],
            [
              110.27858020000008,
              -7.049395199999935
            ],
            [
              110.27876280000004,
              -7.049434599999927
            ],
            [
              110.27935030000003,
              -7.049613
            ],
            [
              110.27967070000005,
              -7.04967019999998
            ],
            [
              110.28006750000009,
              -7.04978129999995
            ],
            [
              110.28038020000008,
              -7.049851899999965
            ],
            [
              110.28060150000005,
              -7.049901499999976
            ],
            [
              110.28073890000007,
              -7.049987299999941
            ],
            [
              110.28109740000008,
              -7.050068799999963
            ],
            [
              110.28149420000005,
              -7.050083099999938
            ],
            [
              110.28199770000003,
              -7.050009199999977
            ],
            [
              110.28258520000009,
              -7.049701199999959
            ],
            [
              110.282903,
              -7.049515
            ],
            [
              110.28315740000005,
              -7.049366
            ],
            [
              110.28317260000006,
              -7.04939939999997
            ],
            [
              110.28338620000005,
              -7.04978559999995
            ],
            [
              110.28373720000008,
              -7.050219
            ],
            [
              110.28392030000003,
              -7.050455099999965
            ],
            [
              110.28402710000006,
              -7.050601399999948
            ],
            [
              110.28418730000004,
              -7.050842299999942
            ],
            [
              110.28448490000005,
              -7.051112599999954
            ],
            [
              110.28517910000005,
              -7.051738199999932
            ],
            [
              110.28535460000006,
              -7.051896499999941
            ],
            [
              110.28554530000008,
              -7.052054899999973
            ],
            [
              110.28563740000004,
              -7.052114599999925
            ],
            [
              110.28566740000008,
              -7.052134
            ],
            [
              110.28577420000005,
              -7.052163099999973
            ],
            [
              110.28589630000005,
              -7.052156
            ],
            [
              110.28612520000007,
              -7.052092099999925
            ],
            [
              110.28649140000005,
              -7.051919899999973
            ],
            [
              110.28662870000005,
              -7.051805499999944
            ],
            [
              110.28664330000004,
              -7.051774499999965
            ],
            [
              110.28680420000006,
              -7.051432099999943
            ],
            [
              110.28700260000005,
              -7.051137899999958
            ],
            [
              110.28731540000007,
              -7.050779299999931
            ],
            [
              110.28742980000004,
              -7.0506
            ],
            [
              110.28753660000007,
              -7.05054279999996
            ],
            [
              110.28770450000007,
              -7.05052139999998
            ],
            [
              110.28789520000004,
              -7.050571899999966
            ],
            [
              110.28858180000009,
              -7.050752599999953
            ],
            [
              110.28882410000006,
              -7.050844899999959
            ],
            [
              110.28916930000008,
              -7.050976299999945
            ],
            [
              110.28939820000005,
              -7.05114889999993
            ],
            [
              110.28986360000005,
              -7.051537499999938
            ],
            [
              110.28999330000005,
              -7.051587499999926
            ],
            [
              110.29017640000006,
              -7.051652899999965
            ],
            [
              110.29043580000007,
              -7.05177539999994
            ],
            [
              110.29064860000005,
              -7.051987499999939
            ],
            [
              110.29066850000004,
              -7.052007299999957
            ],
            [
              110.29070280000008,
              -7.052041499999973
            ],
            [
              110.29084780000005,
              -7.052113499999962
            ],
            [
              110.29119870000005,
              -7.052128299999936
            ],
            [
              110.29154210000007,
              -7.052093
            ],
            [
              110.29193120000008,
              -7.051992899999959
            ],
            [
              110.29223640000004,
              -7.051943299999948
            ],
            [
              110.29235940000007,
              -7.051947299999938
            ],
            [
              110.29245760000003,
              -7.051950399999953
            ],
            [
              110.292717,
              -7.052015799999936
            ],
            [
              110.29294590000006,
              -7.052217
            ],
            [
              110.293457,
              -7.052634199999943
            ],
            [
              110.29402920000007,
              -7.053339
            ],
            [
              110.29433440000008,
              -7.053705699999966
            ],
            [
              110.29440310000007,
              -7.053842499999973
            ],
            [
              110.29444880000005,
              -7.053971699999977
            ],
            [
              110.29447170000009,
              -7.054058
            ],
            [
              110.294487,
              -7.054165799999964
            ],
            [
              110.29447940000006,
              -7.054237799999953
            ],
            [
              110.29441830000007,
              -7.054345099999978
            ],
            [
              110.29431150000005,
              -7.054424299999937
            ],
            [
              110.29419710000008,
              -7.05446
            ],
            [
              110.29409030000005,
              -7.054452399999946
            ],
            [
              110.29402920000007,
              -7.054409499999963
            ],
            [
              110.29396820000005,
              -7.054330299999947
            ],
            [
              110.29396520000006,
              -7.054323899999929
            ],
            [
              110.29390720000004,
              -7.054200599999945
            ],
            [
              110.29383090000005,
              -7.054057099999966
            ],
            [
              110.29373170000008,
              -7.053920199999936
            ],
            [
              110.29361730000005,
              -7.053841099999943
            ],
            [
              110.29347230000008,
              -7.05379819999996
            ],
            [
              110.293335,
              -7.053804799999966
            ],
            [
              110.29322050000007,
              -7.053869199999951
            ],
            [
              110.29287720000008,
              -7.05406279999994
            ],
            [
              110.29257970000003,
              -7.054242099999954
            ],
            [
              110.29235840000007,
              -7.054428099999939
            ],
            [
              110.29212950000004,
              -7.054650799999933
            ],
            [
              110.292038,
              -7.054808599999944
            ],
            [
              110.291954,
              -7.054987899999958
            ],
            [
              110.29190830000005,
              -7.055203399999925
            ],
            [
              110.29192350000005,
              -7.055433299999947
            ],
            [
              110.29198460000003,
              -7.055620199999964
            ],
            [
              110.292194,
              -7.055812499999945
            ],
            [
              110.29228210000008,
              -7.055893399999945
            ],
            [
              110.29261780000007,
              -7.055973
            ],
            [
              110.29300690000008,
              -7.056059799999957
            ],
            [
              110.29324340000005,
              -7.056139
            ],
            [
              110.29342650000007,
              -7.05621089999994
            ],
            [
              110.293602,
              -7.056297799999925
            ],
            [
              110.29373930000008,
              -7.056384099999946
            ],
            [
              110.29387670000006,
              -7.056527599999981
            ],
            [
              110.29394530000008,
              -7.056685899999934
            ],
            [
              110.29397580000006,
              -7.056951499999968
            ],
            [
              110.29396060000005,
              -7.05713129999998
            ],
            [
              110.29390720000004,
              -7.057303399999967
            ],
            [
              110.29389950000007,
              -7.057418299999938
            ],
            [
              110.29396060000005,
              -7.057670099999939
            ],
            [
              110.29408260000008,
              -7.057878499999958
            ],
            [
              110.29444880000005,
              -7.058295699999974
            ],
            [
              110.294754,
              -7.058590399999957
            ],
            [
              110.29489140000004,
              -7.05874149999994
            ],
            [
              110.29497530000003,
              -7.058863599999938
            ],
            [
              110.29502110000004,
              -7.058964199999934
            ],
            [
              110.29505160000008,
              -7.059057699999926
            ],
            [
              110.29511260000004,
              -7.059129699999971
            ],
            [
              110.29520420000006,
              -7.05925179999997
            ],
            [
              110.29528160000007,
              -7.059300399999927
            ],
            [
              110.29534150000006,
              -7.059338099999934
            ],
            [
              110.295517,
              -7.059388599999977
            ],
            [
              110.29574580000008,
              -7.059410599999978
            ],
            [
              110.29594420000006,
              -7.059389599999975
            ],
            [
              110.29615780000006,
              -7.05933239999996
            ],
            [
              110.29622250000006,
              -7.059324799999956
            ],
            [
              110.296341,
              -7.059310899999957
            ],
            [
              110.29643250000004,
              -7.059296599999925
            ],
            [
              110.29651640000009,
              -7.059311399999956
            ],
            [
              110.29663850000009,
              -7.059325699999931
            ],
            [
              110.29668430000004,
              -7.059397699999977
            ],
            [
              110.29675290000006,
              -7.05952689999998
            ],
            [
              110.29677580000003,
              -7.059728099999973
            ],
            [
              110.29690550000004,
              -7.06047529999995
            ],
            [
              110.29702760000004,
              -7.060964099999978
            ],
            [
              110.29711150000009,
              -7.06121539999998
            ],
            [
              110.29720180000004,
              -7.061357399999963
            ],
            [
              110.29720310000005,
              -7.061359399999958
            ],
            [
              110.29729460000004,
              -7.061438599999974
            ],
            [
              110.29740910000004,
              -7.061467099999959
            ],
            [
              110.29752350000007,
              -7.061474799999928
            ],
            [
              110.29764560000007,
              -7.061467599999958
            ],
            [
              110.29783630000009,
              -7.061468099999956
            ],
            [
              110.29798130000006,
              -7.061468099999956
            ],
            [
              110.29801160000005,
              -7.06146659999996
            ],
            [
              110.29802280000007,
              -7.061466099999961
            ],
            [
              110.29812620000007,
              -7.061460899999929
            ],
            [
              110.29825590000007,
              -7.06147569999996
            ],
            [
              110.29840090000005,
              -7.061512
            ],
            [
              110.29853820000005,
              -7.06156249999998
            ],
            [
              110.29862980000007,
              -7.061619699999937
            ],
            [
              110.29867550000006,
              -7.061684599999978
            ],
            [
              110.29885870000004,
              -7.062037
            ],
            [
              110.29896550000007,
              -7.062335499999961
            ],
            [
              110.29896780000007,
              -7.062342199999932
            ],
            [
              110.29918670000006,
              -7.062975399999971
            ],
            [
              110.29939270000006,
              -7.06339209999993
            ],
            [
              110.29954530000003,
              -7.063665399999934
            ],
            [
              110.29985050000005,
              -7.064060599999948
            ],
            [
              110.299942,
              -7.064147
            ],
            [
              110.30012510000006,
              -7.064248099999929
            ],
            [
              110.30034640000008,
              -7.06435579999993
            ],
            [
              110.30045320000005,
              -7.064413499999944
            ],
            [
              110.30057530000005,
              -7.064471199999957
            ],
            [
              110.30068970000008,
              -7.064528899999971
            ],
            [
              110.300766,
              -7.064586599999927
            ],
            [
              110.30080410000005,
              -7.064708699999926
            ],
            [
              110.30079650000005,
              -7.06483789999993
            ],
            [
              110.30075840000006,
              -7.065002899999968
            ],
            [
              110.30065150000007,
              -7.065232699999967
            ],
            [
              110.30039980000004,
              -7.065462099999934
            ],
            [
              110.30007170000005,
              -7.065777699999956
            ],
            [
              110.29984280000008,
              -7.066064299999937
            ],
            [
              110.299675,
              -7.066287
            ],
            [
              110.29957580000007,
              -7.066452
            ],
            [
              110.29936980000008,
              -7.066817699999945
            ],
            [
              110.29923250000007,
              -7.06712669999996
            ],
            [
              110.29917910000006,
              -7.067234
            ],
            [
              110.29914860000008,
              -7.06740659999997
            ],
            [
              110.29915620000008,
              -7.067564499999946
            ],
            [
              110.29917910000006,
              -7.067650799999967
            ],
            [
              110.29924130000006,
              -7.067688299999929
            ],
            [
              110.29935440000008,
              -7.067659499999934
            ],
            [
              110.299517,
              -7.06762729999997
            ],
            [
              110.29968760000008,
              -7.06765189999993
            ],
            [
              110.29987870000008,
              -7.067766699999936
            ],
            [
              110.30010990000005,
              -7.067767099999969
            ],
            [
              110.30036170000005,
              -7.067774799999938
            ],
            [
              110.30051420000007,
              -7.067803799999979
            ],
            [
              110.30071260000005,
              -7.067861499999935
            ],
            [
              110.30101020000006,
              -7.067998399999965
            ],
            [
              110.30115510000007,
              -7.068084699999929
            ],
            [
              110.30129240000008,
              -7.068228699999963
            ],
            [
              110.301384,
              -7.068422799999951
            ],
            [
              110.30141450000008,
              -7.068559099999959
            ],
            [
              110.30140680000005,
              -7.068774699999949
            ],
            [
              110.30135350000006,
              -7.068946799999935
            ],
            [
              110.30117030000008,
              -7.069233899999972
            ],
            [
              110.300827,
              -7.069815099999971
            ],
            [
              110.30071260000005,
              -7.070087899999976
            ],
            [
              110.30063630000006,
              -7.070267199999932
            ],
            [
              110.30063630000006,
              -7.070389299999931
            ],
            [
              110.30065150000007,
              -7.070626199999936
            ],
            [
              110.30072780000006,
              -7.07072729999993
            ],
            [
              110.30081180000008,
              -7.070813599999951
            ],
            [
              110.30091860000005,
              -7.070914199999947
            ],
            [
              110.30096440000005,
              -7.071057799999949
            ],
            [
              110.30097960000006,
              -7.071216099999958
            ],
            [
              110.30095670000009,
              -7.07146739999996
            ],
            [
              110.30081940000008,
              -7.072062899999935
            ],
            [
              110.30075840000006,
              -7.072271299999954
            ],
            [
              110.30073550000009,
              -7.072371899999951
            ],
            [
              110.30072780000006,
              -7.072508299999981
            ],
            [
              110.30073470000008,
              -7.072520199999929
            ],
            [
              110.30073980000009,
              -7.072528899999952
            ],
            [
              110.30091010000007,
              -7.072496799999954
            ],
            [
              110.30102850000009,
              -7.072510099999931
            ],
            [
              110.30121250000008,
              -7.07256289999998
            ],
            [
              110.301283,
              -7.072653699999933
            ],
            [
              110.30129240000008,
              -7.072652799999958
            ],
            [
              110.30142210000008,
              -7.072631299999955
            ],
            [
              110.30153660000008,
              -7.072617
            ],
            [
              110.30166630000008,
              -7.072603199999946
            ],
            [
              110.30176550000004,
              -7.072610399999974
            ],
            [
              110.30184940000004,
              -7.072632299999952
            ],
            [
              110.30188750000008,
              -7.072675199999935
            ],
            [
              110.30191040000005,
              -7.072740099999976
            ],
            [
              110.30189520000005,
              -7.072847799999977
            ],
            [
              110.30182650000006,
              -7.073084299999948
            ],
            [
              110.30174260000007,
              -7.073271199999965
            ],
            [
              110.30160690000008,
              -7.073639599999979
            ],
            [
              110.30160520000004,
              -7.073644099999967
            ],
            [
              110.30149840000007,
              -7.074103799999932
            ],
            [
              110.30149840000007,
              -7.074211599999956
            ],
            [
              110.30151370000004,
              -7.074369399999966
            ],
            [
              110.30153660000008,
              -7.07443429999995
            ],
            [
              110.30161290000007,
              -7.07459259999996
            ],
            [
              110.30172730000004,
              -7.074707499999931
            ],
            [
              110.30176160000008,
              -7.07473989999994
            ],
            [
              110.301857,
              -7.07483
            ],
            [
              110.30192560000006,
              -7.074923499999954
            ],
            [
              110.30197570000007,
              -7.075031199999955
            ],
            [
              110.30197910000004,
              -7.075038399999926
            ],
            [
              110.30199430000005,
              -7.075217699999939
            ],
            [
              110.30197140000007,
              -7.075505199999952
            ],
            [
              110.30197140000007,
              -7.075677399999961
            ],
            [
              110.30197910000004,
              -7.07582089999994
            ],
            [
              110.30197910000004,
              -7.075935799999968
            ],
            [
              110.302002,
              -7.076029299999959
            ],
            [
              110.30204770000006,
              -7.076079799999945
            ],
            [
              110.30211640000005,
              -7.076130399999954
            ],
            [
              110.30246730000005,
              -7.076245799999981
            ],
            [
              110.30261230000008,
              -7.076310599999942
            ],
            [
              110.30276490000006,
              -7.076404099999934
            ],
            [
              110.30284120000005,
              -7.076511799999935
            ],
            [
              110.30291750000004,
              -7.076863799999956
            ],
            [
              110.30296330000004,
              -7.077323899999953
            ],
            [
              110.30299380000008,
              -7.077675799999952
            ],
            [
              110.30300140000008,
              -7.077912799999979
            ],
            [
              110.30303190000006,
              -7.078403899999955
            ],
            [
              110.30304720000004,
              -7.078449699999965
            ],
            [
              110.30318450000004,
              -7.07885639999995
            ],
            [
              110.30323030000005,
              -7.07901
            ],
            [
              110.30322260000008,
              -7.079116299999953
            ],
            [
              110.30314640000006,
              -7.079220299999974
            ],
            [
              110.30303960000003,
              -7.079276499999935
            ],
            [
              110.30251310000006,
              -7.07927989999996
            ],
            [
              110.30240460000005,
              -7.079259
            ],
            [
              110.302124,
              -7.079205
            ],
            [
              110.30178070000005,
              -7.079142499999932
            ],
            [
              110.30157470000006,
              -7.079148699999962
            ],
            [
              110.30152730000009,
              -7.079167599999948
            ],
            [
              110.30139160000004,
              -7.079221699999948
            ],
            [
              110.30122380000006,
              -7.079365699999926
            ],
            [
              110.30114750000007,
              -7.079534
            ],
            [
              110.30108640000009,
              -7.079807699999947
            ],
            [
              110.30108640000009,
              -7.079965099999981
            ],
            [
              110.30113980000004,
              -7.080121499999962
            ],
            [
              110.30124670000004,
              -7.080273099999943
            ],
            [
              110.30149080000007,
              -7.08044289999998
            ],
            [
              110.30180360000008,
              -7.080611199999964
            ],
            [
              110.302475,
              -7.080940699999928
            ],
            [
              110.30265630000008,
              -7.08106209999994
            ],
            [
              110.30266660000007,
              -7.081069
            ],
            [
              110.30271150000004,
              -7.081099
            ],
            [
              110.30273980000004,
              -7.08113
            ],
            [
              110.302742,
              -7.081132399999944
            ],
            [
              110.30281830000007,
              -7.081439499999931
            ],
            [
              110.30281880000007,
              -7.081440499999928
            ],
            [
              110.30307770000007,
              -7.081971599999974
            ],
            [
              110.30329130000007,
              -7.082436499999972
            ],
            [
              110.30348970000006,
              -7.082712199999946
            ],
            [
              110.30374150000006,
              -7.08296439999998
            ],
            [
              110.30400850000007,
              -7.083165599999973
            ],
            [
              110.30423740000003,
              -7.083313899999951
            ],
            [
              110.30426790000007,
              -7.083339199999955
            ],
            [
              110.30431370000008,
              -7.083387799999969
            ],
            [
              110.30442050000005,
              -7.083465099999955
            ],
            [
              110.30443570000006,
              -7.083820799999955
            ],
            [
              110.30426790000007,
              -7.084042499999953
            ],
            [
              110.30422210000006,
              -7.08412839999994
            ],
            [
              110.30421450000006,
              -7.084235599999943
            ],
            [
              110.30427550000007,
              -7.084372
            ],
            [
              110.30446630000006,
              -7.084519399999976
            ],
            [
              110.30467990000005,
              -7.084673399999929
            ],
            [
              110.30478670000008,
              -7.084802599999932
            ],
            [
              110.30481720000006,
              -7.084932799999933
            ],
            [
              110.30476380000005,
              -7.085226499999976
            ],
            [
              110.30464930000005,
              -7.085463
            ],
            [
              110.304512,
              -7.085699499999976
            ],
            [
              110.30446630000006,
              -7.085841599999981
            ],
            [
              110.304596,
              -7.086308
            ],
            [
              110.304657,
              -7.086558799999978
            ],
            [
              110.30470280000009,
              -7.086928299999954
            ],
            [
              110.30473330000007,
              -7.087021299999947
            ],
            [
              110.30481720000006,
              -7.087228699999969
            ],
            [
              110.30490880000008,
              -7.087419499999953
            ],
            [
              110.30493930000006,
              -7.087595399999941
            ],
            [
              110.30507660000006,
              -7.088009299999953
            ],
            [
              110.30508420000007,
              -7.088183399999934
            ],
            [
              110.30509320000004,
              -7.088256499999943
            ],
            [
              110.30511480000007,
              -7.088432299999965
            ],
            [
              110.30508420000007,
              -7.088800399999968
            ],
            [
              110.30509950000004,
              -7.089251
            ],
            [
              110.30511480000007,
              -7.089602499999955
            ],
            [
              110.304657,
              -7.090307199999927
            ],
            [
              110.30461120000007,
              -7.090517
            ],
            [
              110.30454250000008,
              -7.090821299999959
            ],
            [
              110.30436710000004,
              -7.091191699999968
            ],
            [
              110.304184,
              -7.091533199999958
            ],
            [
              110.30392460000007,
              -7.091861199999926
            ],
            [
              110.30374910000006,
              -7.09213589999996
            ],
            [
              110.30371210000004,
              -7.09219719999993
            ],
            [
              110.30372620000009,
              -7.092453499999976
            ],
            [
              110.30372590000007,
              -7.092622899999981
            ],
            [
              110.303755,
              -7.09275729999996
            ],
            [
              110.30379570000008,
              -7.092909199999951
            ],
            [
              110.30383650000005,
              -7.092996899999946
            ],
            [
              110.30383620000003,
              -7.093148699999972
            ],
            [
              110.30384190000007,
              -7.093294799999967
            ],
            [
              110.303871,
              -7.093394099999955
            ],
            [
              110.30388240000008,
              -7.093546
            ],
            [
              110.303929,
              -7.093651199999954
            ],
            [
              110.30395220000008,
              -7.093820599999958
            ],
            [
              110.30396370000005,
              -7.093949099999975
            ],
            [
              110.30396350000007,
              -7.094077599999935
            ],
            [
              110.30390490000008,
              -7.094176799999957
            ],
            [
              110.30382910000009,
              -7.094267499999944
            ],
            [
              110.30379130000006,
              -7.094320799999934
            ],
            [
              110.30384070000008,
              -7.094443299999966
            ],
            [
              110.30400080000004,
              -7.095206699999949
            ],
            [
              110.30400850000007,
              -7.095501399999932
            ],
            [
              110.30400850000007,
              -7.095996799999966
            ],
            [
              110.30394750000005,
              -7.096198099999981
            ],
            [
              110.303833,
              -7.096463699999958
            ],
            [
              110.30365750000004,
              -7.096707299999935
            ],
            [
              110.30358860000007,
              -7.096781599999929
            ],
            [
              110.30333080000008,
              -7.097059699999932
            ],
            [
              110.30332950000007,
              -7.097061099999962
            ],
            [
              110.30354310000007,
              -7.097431099999937
            ],
            [
              110.30384070000008,
              -7.098036299999933
            ],
            [
              110.30412290000004,
              -7.098569899999973
            ],
            [
              110.30426790000007,
              -7.098762
            ],
            [
              110.30443570000006,
              -7.098906
            ],
            [
              110.30460950000008,
              -7.098941799999977
            ],
            [
              110.30477140000005,
              -7.098975199999927
            ],
            [
              110.30488590000004,
              -7.098999899999967
            ],
            [
              110.30495450000006,
              -7.09906239999998
            ],
            [
              110.30496980000004,
              -7.099150599999973
            ],
            [
              110.30487820000008,
              -7.099324199999955
            ],
            [
              110.304718,
              -7.099562599999956
            ],
            [
              110.30461120000007,
              -7.099784299999953
            ],
            [
              110.30488590000004,
              -7.10091639999996
            ],
            [
              110.30499270000007,
              -7.101240599999926
            ],
            [
              110.30507380000006,
              -7.101404099999968
            ],
            [
              110.30507770000008,
              -7.101411799999937
            ],
            [
              110.30511240000004,
              -7.101408899999967
            ],
            [
              110.30522940000009,
              -7.101394499999969
            ],
            [
              110.30545590000008,
              -7.101453299999946
            ],
            [
              110.30557990000005,
              -7.101577599999928
            ],
            [
              110.30564320000008,
              -7.101618099999939
            ],
            [
              110.30574040000005,
              -7.101624
            ],
            [
              110.30593110000007,
              -7.101571099999944
            ],
            [
              110.30609130000005,
              -7.101579199999946
            ],
            [
              110.30625150000009,
              -7.101651199999935
            ],
            [
              110.30632780000008,
              -7.10171889999998
            ],
            [
              110.30680080000008,
              -7.102309699999978
            ],
            [
              110.30690760000005,
              -7.10241549999995
            ],
            [
              110.30702210000004,
              -7.102474199999961
            ],
            [
              110.30713650000007,
              -7.102577199999928
            ],
            [
              110.30720520000006,
              -7.102654399999949
            ],
            [
              110.307373,
              -7.102729799999963
            ],
            [
              110.30751040000007,
              -7.102788399999952
            ],
            [
              110.30767820000005,
              -7.102831799999933
            ],
            [
              110.30786130000007,
              -7.102871899999968
            ],
            [
              110.30809020000004,
              -7.102893799999947
            ],
            [
              110.30823520000007,
              -7.10286659999997
            ],
            [
              110.30845640000007,
              -7.102843699999937
            ],
            [
              110.30878450000006,
              -7.102825099999961
            ],
            [
              110.30918880000007,
              -7.102820399999928
            ],
            [
              110.30976110000006,
              -7.102877599999943
            ],
            [
              110.31009670000009,
              -7.102925699999957
            ],
            [
              110.31024930000007,
              -7.103020199999946
            ],
            [
              110.31042480000008,
              -7.103222399999936
            ],
            [
              110.31086730000004,
              -7.103749199999982
            ],
            [
              110.31114960000008,
              -7.104089699999975
            ],
            [
              110.31147760000005,
              -7.104414399999939
            ],
            [
              110.31182860000007,
              -7.104743
            ],
            [
              110.312233,
              -7.105231299999957
            ],
            [
              110.31246190000007,
              -7.105529799999942
            ],
            [
              110.31323370000007,
              -7.10627089999997
            ],
            [
              110.31325950000007,
              -7.106295599999953
            ],
            [
              110.31334840000005,
              -7.106282399999941
            ],
            [
              110.31344060000004,
              -7.106261299999971
            ],
            [
              110.31348330000009,
              -7.106162199999972
            ],
            [
              110.31338420000009,
              -7.106048699999974
            ],
            [
              110.313363,
              -7.105970699999943
            ],
            [
              110.31333480000006,
              -7.105850299999929
            ],
            [
              110.31328530000008,
              -7.105786399999943
            ],
            [
              110.31346980000006,
              -7.10573
            ],
            [
              110.31366130000004,
              -7.105702
            ],
            [
              110.31377490000006,
              -7.105602899999951
            ],
            [
              110.31383880000004,
              -7.10554639999998
            ],
            [
              110.31403030000007,
              -7.105539599999929
            ],
            [
              110.31421480000006,
              -7.105511499999977
            ],
            [
              110.31425040000005,
              -7.105426499999965
            ],
            [
              110.314371,
              -7.105384199999946
            ],
            [
              110.31460530000004,
              -7.105228699999941
            ],
            [
              110.31483950000006,
              -7.105144
            ],
            [
              110.31503090000007,
              -7.105193899999961
            ],
            [
              110.31535710000009,
              -7.105194399999959
            ],
            [
              110.31559820000007,
              -7.10520889999998
            ],
            [
              110.31569040000005,
              -7.10521609999995
            ],
            [
              110.31575440000006,
              -7.105124099999955
            ],
            [
              110.315854,
              -7.104897599999958
            ],
            [
              110.31595360000006,
              -7.104741799999942
            ],
            [
              110.31605290000005,
              -7.104692399999976
            ],
            [
              110.31618070000007,
              -7.104621699999939
            ],
            [
              110.31632260000003,
              -7.104586499999925
            ],
            [
              110.31653180000006,
              -7.104572699999949
            ],
            [
              110.31673190000004,
              -7.104614099999935
            ],
            [
              110.31677290000005,
              -7.104622599999971
            ],
            [
              110.31687930000004,
              -7.104622799999959
            ],
            [
              110.31699990000004,
              -7.10458749999998
            ],
            [
              110.31712050000004,
              -7.104580599999963
            ],
            [
              110.31718420000004,
              -7.104644499999949
            ],
            [
              110.317255,
              -7.104743799999937
            ],
            [
              110.31736110000008,
              -7.104921
            ],
            [
              110.31708440000006,
              -7.104984399999978
            ],
            [
              110.31702050000007,
              -7.105069299999968
            ],
            [
              110.31699890000004,
              -7.105267599999934
            ],
            [
              110.31698440000008,
              -7.105466
            ],
            [
              110.31699840000005,
              -7.105586499999959
            ],
            [
              110.31701250000003,
              -7.105685699999981
            ],
            [
              110.31704780000007,
              -7.105777799999942
            ],
            [
              110.31713280000008,
              -7.10583459999998
            ],
            [
              110.31721060000007,
              -7.10596929999997
            ],
            [
              110.31724590000005,
              -7.106111099999964
            ],
            [
              110.31725980000004,
              -7.106267
            ],
            [
              110.31726670000006,
              -7.106444099999976
            ],
            [
              110.31728780000009,
              -7.106536199999937
            ],
            [
              110.31735850000007,
              -7.106670899999926
            ],
            [
              110.31733,
              -7.106755899999939
            ],
            [
              110.31733250000008,
              -7.106755299999975
            ],
            [
              110.31770610000007,
              -7.106664399999943
            ],
            [
              110.31760710000009,
              -7.10645169999998
            ],
            [
              110.31753660000004,
              -7.106154
            ],
            [
              110.31752990000007,
              -7.105906
            ],
            [
              110.31758680000007,
              -7.105771499999946
            ],
            [
              110.31856580000004,
              -7.10563129999997
            ],
            [
              110.31879260000005,
              -7.105430399999932
            ],
            [
              110.31882140000005,
              -7.10540489999994
            ],
            [
              110.31895650000007,
              -7.105178399999943
            ],
            [
              110.31913410000004,
              -7.104973199999961
            ],
            [
              110.31950350000005,
              -7.104555799999957
            ],
            [
              110.31976630000008,
              -7.104315299999939
            ],
            [
              110.31995810000006,
              -7.104145499999959
            ],
            [
              110.32018510000006,
              -7.104117499999973
            ],
            [
              110.32035540000004,
              -7.104004399999951
            ],
            [
              110.32055410000004,
              -7.103919699999949
            ],
            [
              110.32068190000007,
              -7.103834899999981
            ],
            [
              110.32090910000005,
              -7.103700599999968
            ],
            [
              110.32126390000008,
              -7.103566499999943
            ],
            [
              110.32146260000007,
              -7.103467599999931
            ],
            [
              110.32183180000004,
              -7.103227299999958
            ],
            [
              110.32202090000004,
              -7.103103699999963
            ],
            [
              110.32201390000006,
              -7.103101199999969
            ],
            [
              110.322113,
              -7.102760799999942
            ],
            [
              110.32218930000005,
              -7.102667299999951
            ],
            [
              110.32230510000005,
              -7.102500799999973
            ],
            [
              110.322319,
              -7.102480899999932
            ],
            [
              110.322464,
              -7.102373599999964
            ],
            [
              110.32289890000004,
              -7.102221
            ],
            [
              110.32321930000006,
              -7.102089799999931
            ],
            [
              110.32339480000007,
              -7.102029799999968
            ],
            [
              110.32353210000008,
              -7.101954899999953
            ],
            [
              110.32375330000008,
              -7.101726
            ],
            [
              110.32399750000008,
              -7.101481899999953
            ],
            [
              110.32407010000009,
              -7.101458799999932
            ],
            [
              110.32407380000006,
              -7.101457599999947
            ],
            [
              110.32426450000008,
              -7.101389799999936
            ],
            [
              110.32444,
              -7.101382199999932
            ],
            [
              110.324585,
              -7.101441399999942
            ],
            [
              110.32461550000005,
              -7.101473299999952
            ],
            [
              110.32475280000006,
              -7.10159729999998
            ],
            [
              110.32484440000007,
              -7.101676399999974
            ],
            [
              110.32498170000008,
              -7.101800399999945
            ],
            [
              110.32514510000004,
              -7.101900699999931
            ],
            [
              110.32519550000006,
              -7.101907399999959
            ],
            [
              110.32547920000007,
              -7.10191489999994
            ],
            [
              110.32549780000005,
              -7.101899099999969
            ],
            [
              110.32562120000006,
              -7.101794599999948
            ],
            [
              110.325742,
              -7.101631899999973
            ],
            [
              110.325955,
              -7.10146919999994
            ],
            [
              110.32613230000004,
              -7.101455299999941
            ],
            [
              110.32647970000005,
              -7.101583299999959
            ],
            [
              110.32661430000007,
              -7.101661499999977
            ],
            [
              110.32677710000007,
              -7.101853
            ],
            [
              110.32683550000007,
              -7.102015799999947
            ],
            [
              110.32687380000004,
              -7.102014
            ],
            [
              110.32699410000004,
              -7.102017399999966
            ],
            [
              110.32740020000006,
              -7.102028799999971
            ],
            [
              110.32823530000007,
              -7.102174599999955
            ],
            [
              110.32849170000009,
              -7.102200599999946
            ],
            [
              110.328738,
              -7.102139399999942
            ],
            [
              110.32897430000008,
              -7.101842599999941
            ],
            [
              110.32905160000007,
              -7.101586599999962
            ],
            [
              110.32919570000007,
              -7.101310099999978
            ],
            [
              110.32920090000005,
              -7.101202499999943
            ],
            [
              110.32931390000005,
              -7.101131
            ],
            [
              110.32979610000007,
              -7.101054799999929
            ],
            [
              110.32980140000006,
              -7.101054099999942
            ],
            [
              110.32988740000008,
              -7.100930199999937
            ],
            [
              110.330101,
              -7.100960699999973
            ],
            [
              110.33041380000009,
              -7.100965499999973
            ],
            [
              110.33055110000004,
              -7.100941099999943
            ],
            [
              110.33065030000006,
              -7.100882
            ],
            [
              110.33071140000004,
              -7.100783799999931
            ],
            [
              110.33074190000008,
              -7.100443799999937
            ],
            [
              110.33076480000005,
              -7.099953099999937
            ],
            [
              110.33081820000007,
              -7.099732899999935
            ],
            [
              110.33090970000006,
              -7.099541199999976
            ],
            [
              110.33099360000006,
              -7.099439599999926
            ],
            [
              110.33123020000005,
              -7.099338499999931
            ],
            [
              110.33165740000004,
              -7.099294199999974
            ],
            [
              110.33190150000007,
              -7.09925979999997
            ],
            [
              110.33218380000005,
              -7.099082
            ],
            [
              110.332222,
              -7.09919119999995
            ],
            [
              110.33235930000006,
              -7.099421499999949
            ],
            [
              110.33256530000006,
              -7.099736699999937
            ],
            [
              110.33257290000006,
              -7.099874499999942
            ],
            [
              110.33252720000007,
              -7.100283099999956
            ],
            [
              110.33226010000004,
              -7.101500499999929
            ],
            [
              110.33220670000009,
              -7.101795699999968
            ],
            [
              110.33221440000005,
              -7.102050299999974
            ],
            [
              110.332222,
              -7.102174299999945
            ],
            [
              110.33225250000004,
              -7.102445099999954
            ],
            [
              110.33233640000009,
              -7.102567199999953
            ],
            [
              110.33247380000006,
              -7.102683
            ],
            [
              110.33254970000007,
              -7.102821899999981
            ],
            [
              110.33255770000005,
              -7.102836599999932
            ],
            [
              110.33256880000005,
              -7.102868099999966
            ],
            [
              110.33258820000009,
              -7.102922899999953
            ],
            [
              110.33261110000007,
              -7.103101199999969
            ],
            [
              110.33264920000005,
              -7.103257599999949
            ],
            [
              110.33267210000008,
              -7.103372499999978
            ],
            [
              110.33270260000006,
              -7.103519399999925
            ],
            [
              110.33284760000004,
              -7.103756399999952
            ],
            [
              110.33294680000006,
              -7.103843199999972
            ],
            [
              110.33309170000007,
              -7.103952799999945
            ],
            [
              110.333313,
              -7.104070199999967
            ],
            [
              110.333371,
              -7.104095
            ],
            [
              110.333379,
              -7.104098399999941
            ],
            [
              110.333519,
              -7.10415839999996
            ],
            [
              110.33367160000006,
              -7.104178899999965
            ],
            [
              110.33396910000005,
              -7.104105899999979
            ],
            [
              110.33423610000006,
              -7.103813099999968
            ],
            [
              110.334404,
              -7.103716299999974
            ],
            [
              110.33471680000008,
              -7.103618099999949
            ],
            [
              110.33505250000007,
              -7.10358709999997
            ],
            [
              110.33529660000005,
              -7.10359619999997
            ],
            [
              110.33561710000004,
              -7.103714399999944
            ],
            [
              110.33592990000005,
              -7.104039199999931
            ],
            [
              110.33607480000006,
              -7.104136399999959
            ],
            [
              110.33615880000008,
              -7.104207499999973
            ],
            [
              110.33623510000007,
              -7.104259
            ],
            [
              110.33630370000009,
              -7.10431049999994
            ],
            [
              110.33639530000005,
              -7.104333899999972
            ],
            [
              110.336525,
              -7.104383
            ],
            [
              110.33660890000004,
              -7.104393399999935
            ],
            [
              110.336792,
              -7.104395799999963
            ],
            [
              110.33688360000008,
              -7.104374399999926
            ],
            [
              110.33706670000004,
              -7.104332
            ],
            [
              110.33719640000004,
              -7.104263299999957
            ],
            [
              110.33737180000008,
              -7.104144499999961
            ],
            [
              110.33743290000007,
              -7.104084899999975
            ],
            [
              110.33752440000006,
              -7.103936199999964
            ],
            [
              110.33758550000005,
              -7.103787399999931
            ],
            [
              110.33765410000007,
              -7.103565699999933
            ],
            [
              110.33772280000005,
              -7.103429799999958
            ],
            [
              110.33779140000007,
              -7.103233299999943
            ],
            [
              110.337883,
              -7.103033499999981
            ],
            [
              110.33795930000008,
              -7.102881899999943
            ],
            [
              110.33821110000008,
              -7.102461799999958
            ],
            [
              110.33846330000006,
              -7.102083899999968
            ],
            [
              110.33847050000008,
              -7.10207319999995
            ],
            [
              110.33873750000004,
              -7.101809
            ],
            [
              110.33913420000005,
              -7.101559099999974
            ],
            [
              110.33921410000005,
              -7.101527499999975
            ],
            [
              110.33948520000007,
              -7.101419899999939
            ],
            [
              110.33995820000007,
              -7.101415599999939
            ],
            [
              110.34172190000004,
              -7.100277799999958
            ],
            [
              110.34179380000006,
              -7.100216399999965
            ],
            [
              110.34184520000008,
              -7.100155
            ],
            [
              110.34188080000007,
              -7.100079
            ],
            [
              110.34193420000008,
              -7.099988899999971
            ],
            [
              110.342041,
              -7.099910699999953
            ],
            [
              110.34228520000005,
              -7.099809099999959
            ],
            [
              110.342598,
              -7.099641299999973
            ],
            [
              110.34284210000004,
              -7.099454399999956
            ],
            [
              110.34287260000008,
              -7.099369499999966
            ],
            [
              110.34284210000004,
              -7.099276
            ],
            [
              110.34266660000009,
              -7.09889789999994
            ],
            [
              110.34265140000008,
              -7.098865499999931
            ],
            [
              110.34264370000005,
              -7.098518799999965
            ],
            [
              110.34283450000004,
              -7.098250399999927
            ],
            [
              110.34301760000005,
              -7.098056799999938
            ],
            [
              110.34326170000008,
              -7.097848899999974
            ],
            [
              110.34358980000007,
              -7.097648099999958
            ],
            [
              110.34390260000004,
              -7.097476
            ],
            [
              110.344429,
              -7.097173199999929
            ],
            [
              110.34443080000005,
              -7.097173199999929
            ],
            [
              110.34462550000006,
              -7.097150399999975
            ],
            [
              110.34466070000008,
              -7.097134799999935
            ],
            [
              110.34482590000005,
              -7.097045499999979
            ],
            [
              110.34484930000008,
              -7.097032
            ],
            [
              110.34482110000005,
              -7.096895399999937
            ],
            [
              110.34482120000007,
              -7.096783199999948
            ],
            [
              110.34491060000005,
              -7.096643699999959
            ],
            [
              110.34491410000004,
              -7.096638299999938
            ],
            [
              110.344853,
              -7.096621899999946
            ],
            [
              110.34480690000004,
              -7.096573199999966
            ],
            [
              110.34477620000007,
              -7.096498799999949
            ],
            [
              110.34472320000003,
              -7.096394299999929
            ],
            [
              110.344368,
              -7.09612889999994
            ],
            [
              110.344307,
              -7.09602689999997
            ],
            [
              110.34427890000006,
              -7.096015799999975
            ],
            [
              110.34425310000006,
              -7.095984399999963
            ],
            [
              110.34408830000007,
              -7.095961099999954
            ],
            [
              110.34408240000005,
              -7.095834099999934
            ],
            [
              110.34412010000005,
              -7.095717799999932
            ],
            [
              110.34405360000005,
              -7.095567899999935
            ],
            [
              110.34398710000005,
              -7.095484499999941
            ],
            [
              110.34385390000006,
              -7.095384399999944
            ],
            [
              110.34363210000004,
              -7.095407199999954
            ],
            [
              110.34351110000006,
              -7.095343599999978
            ],
            [
              110.343475,
              -7.095183299999974
            ],
            [
              110.34375440000008,
              -7.095018
            ],
            [
              110.343788,
              -7.094784899999979
            ],
            [
              110.34367150000008,
              -7.094668199999944
            ],
            [
              110.34353820000007,
              -7.094601399999931
            ],
            [
              110.34338830000007,
              -7.094551199999955
            ],
            [
              110.34323840000008,
              -7.094467699999939
            ],
            [
              110.34323860000006,
              -7.094334499999945
            ],
            [
              110.34342230000004,
              -7.094068399999969
            ],
            [
              110.34338920000005,
              -7.093935099999953
            ],
            [
              110.34338960000008,
              -7.093618699999979
            ],
            [
              110.34362350000004,
              -7.093286
            ],
            [
              110.34392410000004,
              -7.092870199999936
            ],
            [
              110.34407440000007,
              -7.092637299999978
            ],
            [
              110.34417490000004,
              -7.092321
            ],
            [
              110.34411420000004,
              -7.092148399999928
            ],
            [
              110.34386010000009,
              -7.092033
            ],
            [
              110.34365840000004,
              -7.092170399999929
            ],
            [
              110.343325,
              -7.09215329999995
            ],
            [
              110.34315850000007,
              -7.092019899999968
            ],
            [
              110.34314220000005,
              -7.091786699999943
            ],
            [
              110.34310920000007,
              -7.091536899999937
            ],
            [
              110.34302610000009,
              -7.091370299999937
            ],
            [
              110.34279280000004,
              -7.091303399999958
            ],
            [
              110.34269310000008,
              -7.091120099999955
            ],
            [
              110.34259340000006,
              -7.090870099999961
            ],
            [
              110.34231050000005,
              -7.090536699999973
            ],
            [
              110.34212750000006,
              -7.090253399999938
            ],
            [
              110.34192810000008,
              -7.089820199999963
            ],
            [
              110.34176190000005,
              -7.089470299999959
            ],
            [
              110.341779,
              -7.089203899999973
            ],
            [
              110.34193150000004,
              -7.088903
            ],
            [
              110.34201590000004,
              -7.088807499999973
            ],
            [
              110.34232270000007,
              -7.088436899999977
            ],
            [
              110.34254530000004,
              -7.088077699999928
            ],
            [
              110.34253020000006,
              -7.087882599999944
            ],
            [
              110.34246460000008,
              -7.087639599999932
            ],
            [
              110.342265,
              -7.08733959999995
            ],
            [
              110.34221540000004,
              -7.087089799999944
            ],
            [
              110.34231750000004,
              -7.086700399999927
            ],
            [
              110.34263220000008,
              -7.086215099999947
            ],
            [
              110.34281720000007,
              -7.085875099999953
            ],
            [
              110.34295580000008,
              -7.085447899999963
            ],
            [
              110.34295490000005,
              -7.085427599999946
            ],
            [
              110.34300150000007,
              -7.085209299999974
            ],
            [
              110.34305180000007,
              -7.084992899999975
            ],
            [
              110.34314550000005,
              -7.084820899999954
            ],
            [
              110.34333220000008,
              -7.084702299999947
            ],
            [
              110.343646,
              -7.084437199999968
            ],
            [
              110.34380920000007,
              -7.084064799999965
            ],
            [
              110.34378160000006,
              -7.083918199999971
            ],
            [
              110.34360730000009,
              -7.083759399999963
            ],
            [
              110.34361550000006,
              -7.083589
            ],
            [
              110.34393750000004,
              -7.083379
            ],
            [
              110.344438,
              -7.08311329999998
            ],
            [
              110.34495530000004,
              -7.082697699999926
            ],
            [
              110.34543930000007,
              -7.082265399999926
            ],
            [
              110.34558950000007,
              -7.082099099999937
            ],
            [
              110.34560940000006,
              -7.082069799999942
            ],
            [
              110.34584010000009,
              -7.081733199999974
            ],
            [
              110.34601120000008,
              -7.081301399999973
            ],
            [
              110.34620620000004,
              -7.080869699999937
            ],
            [
              110.34628130000004,
              -7.080349699999942
            ],
            [
              110.34617890000004,
              -7.080010399999935
            ],
            [
              110.34608650000007,
              -7.079902199999935
            ],
            [
              110.34595620000005,
              -7.079821599999946
            ],
            [
              110.34568190000005,
              -7.079797299999939
            ],
            [
              110.34550350000006,
              -7.079889499999979
            ],
            [
              110.34532170000006,
              -7.079920099999981
            ],
            [
              110.34521090000004,
              -7.079963
            ],
            [
              110.34488270000008,
              -7.079922899999929
            ],
            [
              110.34465940000007,
              -7.07975
            ],
            [
              110.34450980000008,
              -7.079433399999971
            ],
            [
              110.34446050000008,
              -7.078983799999946
            ],
            [
              110.34457780000008,
              -7.078517699999963
            ],
            [
              110.34494520000004,
              -7.078035299999954
            ],
            [
              110.34526260000007,
              -7.07751959999996
            ],
            [
              110.34548,
              -7.077090599999963
            ],
            [
              110.34551470000008,
              -7.076782299999934
            ],
            [
              110.34535030000006,
              -7.076638199999934
            ],
            [
              110.345172,
              -7.076631099999929
            ],
            [
              110.345082,
              -7.07664
            ],
            [
              110.34493240000006,
              -7.076677099999927
            ],
            [
              110.34469260000009,
              -7.076551199999926
            ],
            [
              110.34443,
              -7.076482399999975
            ],
            [
              110.344236,
              -7.076345199999935
            ],
            [
              110.34422480000006,
              -7.076185399999929
            ],
            [
              110.34441920000006,
              -7.076037399999962
            ],
            [
              110.34445370000009,
              -7.075889099999927
            ],
            [
              110.34430560000004,
              -7.075580799999955
            ],
            [
              110.34400940000006,
              -7.07505539999994
            ],
            [
              110.34371310000006,
              -7.074530099999947
            ],
            [
              110.34336030000009,
              -7.073662399999932
            ],
            [
              110.34313280000003,
              -7.072954599999946
            ],
            [
              110.34285940000007,
              -7.072406399999977
            ],
            [
              110.34253250000006,
              -7.072030699999971
            ],
            [
              110.34250710000003,
              -7.07199559999998
            ],
            [
              110.34248650000006,
              -7.071968199999958
            ],
            [
              110.34243360000005,
              -7.071914099999958
            ],
            [
              110.342185,
              -7.071758799999941
            ],
            [
              110.34191260000006,
              -7.071549299999958
            ],
            [
              110.34184230000005,
              -7.071486599999957
            ],
            [
              110.341751,
              -7.071399099999951
            ],
            [
              110.34165570000005,
              -7.071379099999945
            ],
            [
              110.34165590000003,
              -7.071375399999965
            ],
            [
              110.34168810000006,
              -7.070854699999927
            ],
            [
              110.34168510000006,
              -7.070818599999939
            ],
            [
              110.34162840000005,
              -7.07057889999993
            ],
            [
              110.34140020000007,
              -7.070396
            ],
            [
              110.34121760000005,
              -7.070270299999947
            ],
            [
              110.34095510000009,
              -7.070075899999949
            ],
            [
              110.34066970000003,
              -7.06995
            ],
            [
              110.34044160000008,
              -7.069767099999979
            ],
            [
              110.34033890000006,
              -7.06963
            ],
            [
              110.34039630000007,
              -7.069481699999926
            ],
            [
              110.34075040000005,
              -7.069448
            ],
            [
              110.340907,
              -7.069537699999955
            ],
            [
              110.34095410000003,
              -7.069522
            ],
            [
              110.34113850000006,
              -7.069642499999929
            ],
            [
              110.34144670000006,
              -7.069768499999952
            ],
            [
              110.34160660000003,
              -7.069780099999946
            ],
            [
              110.34170440000008,
              -7.069739
            ],
            [
              110.34173770000007,
              -7.06975239999997
            ],
            [
              110.34176830000007,
              -7.069744599999979
            ],
            [
              110.341882,
              -7.069653099999925
            ],
            [
              110.34191940000005,
              -7.069419699999969
            ],
            [
              110.34193280000005,
              -7.069236399999966
            ],
            [
              110.34200730000003,
              -7.069040099999938
            ],
            [
              110.342095,
              -7.068848299999956
            ],
            [
              110.34230940000003,
              -7.068556199999932
            ],
            [
              110.34235770000004,
              -7.068416599999978
            ],
            [
              110.34231640000007,
              -7.068261599999971
            ],
            [
              110.34222050000005,
              -7.068148
            ],
            [
              110.34205490000005,
              -7.067868499999975
            ],
            [
              110.34180190000006,
              -7.067597599999942
            ],
            [
              110.34157060000007,
              -7.067405299999962
            ],
            [
              110.34135050000003,
              -7.067058
            ],
            [
              110.34126770000006,
              -7.066944499999977
            ],
            [
              110.34111530000007,
              -7.066608199999962
            ],
            [
              110.34095840000003,
              -7.066324399999928
            ],
            [
              110.34091760000007,
              -7.065863899999954
            ],
            [
              110.34096590000007,
              -7.065702499999929
            ],
            [
              110.34098360000007,
              -7.06548429999998
            ],
            [
              110.34110610000005,
              -7.06535359999998
            ],
            [
              110.34126360000005,
              -7.065174899999931
            ],
            [
              110.34138190000004,
              -7.064922
            ],
            [
              110.34125780000005,
              -7.064657799999964
            ],
            [
              110.34110960000004,
              -7.064448099999936
            ],
            [
              110.34086540000004,
              -7.064120499999945
            ],
            [
              110.34071290000009,
              -7.06391519999994
            ],
            [
              110.34063020000008,
              -7.063661899999943
            ],
            [
              110.34038170000008,
              -7.063325599999928
            ],
            [
              110.34021170000005,
              -7.063054799999975
            ],
            [
              110.34019220000005,
              -7.062990699999943
            ],
            [
              110.340185,
              -7.062992599999973
            ],
            [
              110.34015510000006,
              -7.062936899999954
            ],
            [
              110.34005040000005,
              -7.062832
            ],
            [
              110.33991950000006,
              -7.062740199999951
            ],
            [
              110.33981470000003,
              -7.062744399999929
            ],
            [
              110.33960490000004,
              -7.062813899999981
            ],
            [
              110.33943,
              -7.062896599999931
            ],
            [
              110.33937540000005,
              -7.062938
            ],
            [
              110.33937290000006,
              -7.062929499999939
            ],
            [
              110.33930330000004,
              -7.062953099999959
            ],
            [
              110.33914160000006,
              -7.062983399999951
            ],
            [
              110.33898440000007,
              -7.062974499999939
            ],
            [
              110.33886660000007,
              -7.062887
            ],
            [
              110.33885810000004,
              -7.062721199999942
            ],
            [
              110.33896990000005,
              -7.062426799999969
            ],
            [
              110.33905740000006,
              -7.062274199999933
            ],
            [
              110.33912760000004,
              -7.062069199999939
            ],
            [
              110.33911050000006,
              -7.061811699999964
            ],
            [
              110.33906280000008,
              -7.061597799999959
            ],
            [
              110.33907840000006,
              -7.061342599999932
            ],
            [
              110.33913560000008,
              -7.06108949999998
            ],
            [
              110.33923640000006,
              -7.060806
            ],
            [
              110.33938350000005,
              -7.060289099999977
            ],
            [
              110.33945370000004,
              -7.06010589999994
            ],
            [
              110.33948450000008,
              -7.059909599999969
            ],
            [
              110.33948040000007,
              -7.059713199999976
            ],
            [
              110.33938470000004,
              -7.059464399999968
            ],
            [
              110.33929110000008,
              -7.059195799999941
            ],
            [
              110.33926520000006,
              -7.059038699999974
            ],
            [
              110.33930910000004,
              -7.058838
            ],
            [
              110.339471,
              -7.058663699999954
            ],
            [
              110.33955420000007,
              -7.058484899999939
            ],
            [
              110.33959180000005,
              -7.058146799999975
            ],
            [
              110.33959210000006,
              -7.057950399999982
            ],
            [
              110.33966690000005,
              -7.05759269999993
            ],
            [
              110.33973720000006,
              -7.05730479999994
            ],
            [
              110.34000190000006,
              -7.057019299999979
            ],
            [
              110.34014190000005,
              -7.056836199999964
            ],
            [
              110.34022530000004,
              -7.056552699999941
            ],
            [
              110.34036550000008,
              -7.056291
            ],
            [
              110.34050970000004,
              -7.056199599999957
            ],
            [
              110.34075440000004,
              -7.0562
            ],
            [
              110.340988,
              -7.056237399999929
            ],
            [
              110.34124130000004,
              -7.056294499999979
            ],
            [
              110.34151640000005,
              -7.056303599999978
            ],
            [
              110.34182220000008,
              -7.056290899999965
            ],
            [
              110.34197520000004,
              -7.05626929999994
            ],
            [
              110.34208880000006,
              -7.056186599999933
            ],
            [
              110.34218080000005,
              -7.056038299999955
            ],
            [
              110.34220730000004,
              -7.055828899999938
            ],
            [
              110.34215740000008,
              -7.055582299999969
            ],
            [
              110.34208760000007,
              -7.055486199999962
            ],
            [
              110.34186080000006,
              -7.055263299999979
            ],
            [
              110.34162950000007,
              -7.055105899999944
            ],
            [
              110.34141130000006,
              -7.055013899999949
            ],
            [
              110.34109690000008,
              -7.054873799999939
            ],
            [
              110.34070220000007,
              -7.054474
            ],
            [
              110.34057570000004,
              -7.054325399999925
            ],
            [
              110.34034480000008,
              -7.053893099999925
            ],
            [
              110.340127,
              -7.053513099999975
            ],
            [
              110.34003770000004,
              -7.053288299999963
            ],
            [
              110.34002910000004,
              -7.053196599999978
            ],
            [
              110.34002490000006,
              -7.053061299999968
            ],
            [
              110.34012120000006,
              -7.052930499999945
            ],
            [
              110.34027850000007,
              -7.052926399999933
            ],
            [
              110.34044010000008,
              -7.05295719999998
            ],
            [
              110.34076320000008,
              -7.053031799999928
            ],
            [
              110.34090720000006,
              -7.053110599999968
            ],
            [
              110.34105120000004,
              -7.053211099999942
            ],
            [
              110.34140940000009,
              -7.053246599999966
            ],
            [
              110.34151420000006,
              -7.053233599999942
            ],
            [
              110.34157990000006,
              -7.053133299999956
            ],
            [
              110.34158880000007,
              -7.052980599999955
            ],
            [
              110.34151490000005,
              -7.052771
            ],
            [
              110.34143620000009,
              -7.052632299999971
            ],
            [
              110.34118,
              -7.05249
            ],
            [
              110.34100860000007,
              -7.052407199999948
            ],
            [
              110.34088640000004,
              -7.052386099999978
            ],
            [
              110.340655,
              -7.052320399999928
            ],
            [
              110.34031680000004,
              -7.052103899999963
            ],
            [
              110.34015970000007,
              -7.051985799999954
            ],
            [
              110.33994160000009,
              -7.051802199999941
            ],
            [
              110.33985870000004,
              -7.051666799999964
            ],
            [
              110.33984150000003,
              -7.05150539999994
            ],
            [
              110.33985060000003,
              -7.051278399999944
            ],
            [
              110.33993610000005,
              -7.050997099999961
            ],
            [
              110.34004110000006,
              -7.050901199999942
            ],
            [
              110.34018090000006,
              -7.050897099999929
            ],
            [
              110.34025820000005,
              -7.050909299999944
            ],
            [
              110.34033350000004,
              -7.050909399999966
            ],
            [
              110.340486,
              -7.050943199999949
            ],
            [
              110.34056260000006,
              -7.050957899999958
            ],
            [
              110.34090410000005,
              -7.050915599999939
            ],
            [
              110.34096340000008,
              -7.050856499999952
            ],
            [
              110.34102810000007,
              -7.05075979999998
            ],
            [
              110.34106810000009,
              -7.050588499999947
            ],
            [
              110.34104230000008,
              -7.050296099999969
            ],
            [
              110.34099690000005,
              -7.049966599999948
            ],
            [
              110.34094030000006,
              -7.049796299999969
            ],
            [
              110.34087070000004,
              -7.049573599999974
            ],
            [
              110.34069630000005,
              -7.049363899999946
            ],
            [
              110.34020550000008,
              -7.04891159999994
            ],
            [
              110.340079,
              -7.048832799999957
            ],
            [
              110.33996550000006,
              -7.048767199999929
            ],
            [
              110.33972990000007,
              -7.048583599999972
            ],
            [
              110.33952920000007,
              -7.048395699999958
            ],
            [
              110.33948130000005,
              -7.048286499999961
            ],
            [
              110.33956890000007,
              -7.048160099999961
            ],
            [
              110.33988140000008,
              -7.048014299999977
            ],
            [
              110.33997760000005,
              -7.047940299999937
            ],
            [
              110.34007380000008,
              -7.047892399999967
            ],
            [
              110.34034030000004,
              -7.047805499999981
            ],
            [
              110.34051950000008,
              -7.04774029999993
            ],
            [
              110.340703,
              -7.047727499999951
            ],
            [
              110.34089950000003,
              -7.047745199999952
            ],
            [
              110.34119220000008,
              -7.047767399999941
            ],
            [
              110.34139750000008,
              -7.047724099999925
            ],
            [
              110.34163570000004,
              -7.047613199999944
            ],
            [
              110.34176240000005,
              -7.047617699999932
            ],
            [
              110.34208570000004,
              -7.047570199999939
            ],
            [
              110.34232170000007,
              -7.047461399999975
            ],
            [
              110.34285730000005,
              -7.047123899999974
            ],
            [
              110.34314590000008,
              -7.04694109999997
            ],
            [
              110.34340820000006,
              -7.046732
            ],
            [
              110.34383490000005,
              -7.046171799999968
            ],
            [
              110.34394870000006,
              -7.046001799999942
            ],
            [
              110.34414150000003,
              -7.045574399999964
            ],
            [
              110.34440230000007,
              -7.044952899999942
            ],
            [
              110.34453370000006,
              -7.044678199999964
            ],
            [
              110.34471770000005,
              -7.044290099999955
            ],
            [
              110.34484290000006,
              -7.043803699999955
            ],
            [
              110.34486930000008,
              -7.043637899999965
            ],
            [
              110.34484350000008,
              -7.043367299999943
            ],
            [
              110.34483070000005,
              -7.043175299999973
            ],
            [
              110.34476980000005,
              -7.042961299999945
            ],
            [
              110.34474840000007,
              -7.042620899999974
            ],
            [
              110.34472270000003,
              -7.042294499999969
            ],
            [
              110.34461760000005,
              -7.041765699999928
            ],
            [
              110.34448480000009,
              -7.041048699999976
            ],
            [
              110.34454640000007,
              -7.040453499999956
            ],
            [
              110.34463220000004,
              -7.039991899999961
            ],
            [
              110.34476620000004,
              -7.039822
            ],
            [
              110.34504590000006,
              -7.039834499999927
            ],
            [
              110.34534980000006,
              -7.039944299999945
            ],
            [
              110.34550740000009,
              -7.04029689999993
            ],
            [
              110.34550690000009,
              -7.040661299999954
            ],
            [
              110.34568750000005,
              -7.040987299999927
            ],
            [
              110.345707,
              -7.040990399999941
            ],
            [
              110.34574440000006,
              -7.041060499999958
            ],
            [
              110.34581590000005,
              -7.041121099999941
            ],
            [
              110.345981,
              -7.041220399999929
            ],
            [
              110.34619570000007,
              -7.041231699999969
            ],
            [
              110.346394,
              -7.041221
            ],
            [
              110.34646990000005,
              -7.041165699999965
            ],
            [
              110.34650920000007,
              -7.041039499999954
            ],
            [
              110.34650790000006,
              -7.041017799999963
            ],
            [
              110.34650570000008,
              -7.040978399999972
            ],
            [
              110.34652120000004,
              -7.040764599999932
            ],
            [
              110.34659860000005,
              -7.04059959999995
            ],
            [
              110.34669790000004,
              -7.04045119999995
            ],
            [
              110.34672010000008,
              -7.040335699999957
            ],
            [
              110.34678090000006,
              -7.040143299999954
            ],
            [
              110.34680870000005,
              -7.039967299999944
            ],
            [
              110.34686770000008,
              -7.039803899999981
            ],
            [
              110.34688610000006,
              -7.039747399999953
            ],
            [
              110.34689720000006,
              -7.039659399999948
            ],
            [
              110.346914,
              -7.039499899999953
            ],
            [
              110.34690860000006,
              -7.03936779999998
            ],
            [
              110.34683720000004,
              -7.039252199999964
            ],
            [
              110.34671080000004,
              -7.039109
            ],
            [
              110.34662020000007,
              -7.039061199999935
            ],
            [
              110.34660780000007,
              -7.039028599999938
            ],
            [
              110.34650170000003,
              -7.038976699999978
            ],
            [
              110.34610840000005,
              -7.038709299999937
            ],
            [
              110.34598740000007,
              -7.038582599999927
            ],
            [
              110.34591050000006,
              -7.038445
            ],
            [
              110.34581160000005,
              -7.038301799999942
            ],
            [
              110.34578430000005,
              -7.038180799999964
            ],
            [
              110.34579,
              -7.038021199999946
            ],
            [
              110.34579570000005,
              -7.037845199999936
            ],
            [
              110.34591730000005,
              -7.037581299999943
            ],
            [
              110.34619010000006,
              -7.037347899999929
            ],
            [
              110.34619590000005,
              -7.037177399999962
            ],
            [
              110.34622920000004,
              -7.036984899999936
            ],
            [
              110.34627350000005,
              -7.036819899999955
            ],
            [
              110.34632890000006,
              -7.036567
            ],
            [
              110.34634580000005,
              -7.036297399999967
            ],
            [
              110.34644540000005,
              -7.03594
            ],
            [
              110.34651170000006,
              -7.035786099999939
            ],
            [
              110.34659990000006,
              -7.035703699999942
            ],
            [
              110.34668810000005,
              -7.035654299999976
            ],
            [
              110.34686980000004,
              -7.035649
            ],
            [
              110.34696140000005,
              -7.035693799999933
            ],
            [
              110.34703,
              -7.0357
            ],
            [
              110.34722,
              -7.03579
            ],
            [
              110.34730450000006,
              -7.035886199999936
            ],
            [
              110.34737590000009,
              -7.035952299999963
            ],
            [
              110.34759320000006,
              -7.036125899999945
            ],
            [
              110.34775830000007,
              -7.036225099999967
            ],
            [
              110.34801140000008,
              -7.036324499999978
            ],
            [
              110.34816,
              -7.036396199999956
            ],
            [
              110.34833060000005,
              -7.036473499999943
            ],
            [
              110.34856730000007,
              -7.036528799999928
            ],
            [
              110.34871590000006,
              -7.036556499999961
            ],
            [
              110.348892,
              -7.036644799999976
            ],
            [
              110.34891390000007,
              -7.036721799999953
            ],
            [
              110.34890270000005,
              -7.036809799999958
            ],
            [
              110.34869330000004,
              -7.036958099999936
            ],
            [
              110.34859960000006,
              -7.037040499999932
            ],
            [
              110.34853890000005,
              -7.037089899999955
            ],
            [
              110.348346,
              -7.03727669999995
            ],
            [
              110.34821910000005,
              -7.037419499999942
            ],
            [
              110.34816940000007,
              -7.037535
            ],
            [
              110.34814720000008,
              -7.037650499999927
            ],
            [
              110.34814710000006,
              -7.037744
            ],
            [
              110.34825150000006,
              -7.037881599999935
            ],
            [
              110.34840560000004,
              -7.037958899999978
            ],
            [
              110.34865230000008,
              -7.037962599999958
            ],
            [
              110.34877990000007,
              -7.038009
            ],
            [
              110.34894520000006,
              -7.03797609999998
            ],
            [
              110.34915460000008,
              -7.037811399999953
            ],
            [
              110.34941940000004,
              -7.037514699999974
            ],
            [
              110.34992970000008,
              -7.036781
            ],
            [
              110.35007320000005,
              -7.036572199999966
            ],
            [
              110.35021130000007,
              -7.036242299999969
            ],
            [
              110.35037140000009,
              -7.035917899999959
            ],
            [
              110.35054570000005,
              -7.035332299999936
            ],
            [
              110.350623,
              -7.035172899999964
            ],
            [
              110.35068930000006,
              -7.035019
            ],
            [
              110.35078340000007,
              -7.034639499999969
            ],
            [
              110.35097670000005,
              -7.034249199999977
            ],
            [
              110.351101,
              -7.033944099999928
            ],
            [
              110.35120570000004,
              -7.033878199999947
            ],
            [
              110.35128280000004,
              -7.033834299999967
            ],
            [
              110.35155280000004,
              -7.033724599999971
            ],
            [
              110.35169050000007,
              -7.03367529999997
            ],
            [
              110.35184490000006,
              -7.033565499999952
            ],
            [
              110.35193860000004,
              -7.033494099999928
            ],
            [
              110.352071,
              -7.033290799999975
            ],
            [
              110.352154,
              -7.032960799999955
            ],
            [
              110.35228370000004,
              -7.032760199999927
            ],
            [
              110.35236090000006,
              -7.032683299999974
            ],
            [
              110.35245460000004,
              -7.03264489999998
            ],
            [
              110.35256480000004,
              -7.032590099999936
            ],
            [
              110.35269140000008,
              -7.032573699999944
            ],
            [
              110.35277410000003,
              -7.032546299999979
            ],
            [
              110.35287330000006,
              -7.032497
            ],
            [
              110.352978,
              -7.032409099999938
            ],
            [
              110.35304970000004,
              -7.032326699999942
            ],
            [
              110.35316560000007,
              -7.032139799999925
            ],
            [
              110.35326480000003,
              -7.032029899999941
            ],
            [
              110.35334210000008,
              -7.03188149999994
            ],
            [
              110.35341940000006,
              -7.031788099999972
            ],
            [
              110.35357350000004,
              -7.03178829999996
            ],
            [
              110.35371110000006,
              -7.031816
            ],
            [
              110.35376060000004,
              -7.031857299999956
            ],
            [
              110.35380470000007,
              -7.031871099999933
            ],
            [
              110.35394770000005,
              -7.031959399999948
            ],
            [
              110.35420610000006,
              -7.032234799999969
            ],
            [
              110.35459930000007,
              -7.032645099999968
            ],
            [
              110.35468720000006,
              -7.032733299999961
            ],
            [
              110.35478070000005,
              -7.032865399999935
            ],
            [
              110.35490710000005,
              -7.033019599999932
            ],
            [
              110.35501160000007,
              -7.033102299999939
            ],
            [
              110.35512710000006,
              -7.033207
            ],
            [
              110.35522060000005,
              -7.033284099999946
            ],
            [
              110.35535820000007,
              -7.033295299999963
            ],
            [
              110.355432,
              -7.033261399999958
            ],
            [
              110.355441,
              -7.033270799999968
            ],
            [
              110.35547940000004,
              -7.033262499999978
            ],
            [
              110.355551,
              -7.033262599999944
            ],
            [
              110.35563910000008,
              -7.033240699999965
            ],
            [
              110.35584290000008,
              -7.033219
            ],
            [
              110.35604110000008,
              -7.033197199999961
            ],
            [
              110.35625610000005,
              -7.033049
            ],
            [
              110.35643240000007,
              -7.032977699999947
            ],
            [
              110.35696980000006,
              -7.032579599999963
            ],
            [
              110.35707450000007,
              -7.032519299999933
            ],
            [
              110.35710760000006,
              -7.032458799999972
            ],
            [
              110.35729510000004,
              -7.032239
            ],
            [
              110.35731170000008,
              -7.032178499999929
            ],
            [
              110.35730640000008,
              -7.032063
            ],
            [
              110.35730110000009,
              -7.03192
            ],
            [
              110.35725710000008,
              -7.031848399999944
            ],
            [
              110.35721320000005,
              -7.031721799999957
            ],
            [
              110.35716390000005,
              -7.031578699999955
            ],
            [
              110.35708150000005,
              -7.031391499999927
            ],
            [
              110.35694410000008,
              -7.031253799999945
            ],
            [
              110.35677360000005,
              -7.031083099999933
            ],
            [
              110.35668570000007,
              -7.030989399999953
            ],
            [
              110.35657030000004,
              -7.030774699999938
            ],
            [
              110.35657040000007,
              -7.030692199999976
            ],
            [
              110.35658160000008,
              -7.030587699999955
            ],
            [
              110.35669180000008,
              -7.030521799999974
            ],
            [
              110.35689,
              -7.030538599999943
            ],
            [
              110.357044,
              -7.030628
            ],
            [
              110.35706930000003,
              -7.030615399999931
            ],
            [
              110.35715970000007,
              -7.03064349999994
            ],
            [
              110.35722570000007,
              -7.030665599999963
            ],
            [
              110.35740180000005,
              -7.030753899999979
            ],
            [
              110.35755030000007,
              -7.030831099999943
            ],
            [
              110.35782560000007,
              -7.030848
            ],
            [
              110.35800010000008,
              -7.030828799999938
            ],
            [
              110.35803820000007,
              -7.030834399999947
            ],
            [
              110.35816570000009,
              -7.030768399999943
            ],
            [
              110.35844250000008,
              -7.030561599999942
            ],
            [
              110.35871920000005,
              -7.030437699999936
            ],
            [
              110.35893170000008,
              -7.030369499999949
            ],
            [
              110.35892670000004,
              -7.030355099999952
            ],
            [
              110.35920340000007,
              -7.030217299999947
            ],
            [
              110.35939750000006,
              -7.029886099999942
            ],
            [
              110.35948090000005,
              -7.02954079999995
            ],
            [
              110.35967470000008,
              -7.029403
            ],
            [
              110.35995120000007,
              -7.029417099999932
            ],
            [
              110.36015870000006,
              -7.029293099999961
            ],
            [
              110.36021450000004,
              -7.028947799999969
            ],
            [
              110.36027770000004,
              -7.028222699999958
            ],
            [
              110.36023690000007,
              -7.027766799999938
            ],
            [
              110.36008520000007,
              -7.027448899999968
            ],
            [
              110.35987810000006,
              -7.02724139999998
            ],
            [
              110.359823,
              -7.027089399999966
            ],
            [
              110.36001680000004,
              -7.026882399999977
            ],
            [
              110.36034870000009,
              -7.026869099999942
            ],
            [
              110.36049630000008,
              -7.026961599999936
            ],
            [
              110.36052660000007,
              -7.026948599999969
            ],
            [
              110.36083220000006,
              -7.027159799999936
            ],
            [
              110.36130190000006,
              -7.027450599999952
            ],
            [
              110.361675,
              -7.027603
            ],
            [
              110.36187970000009,
              -7.027613799999926
            ],
            [
              110.36194580000006,
              -7.027613899999949
            ],
            [
              110.36206760000005,
              -7.027609799999937
            ],
            [
              110.36228350000005,
              -7.027493299999946
            ],
            [
              110.362616,
              -7.027024099999949
            ],
            [
              110.36312850000007,
              -7.026375599999938
            ],
            [
              110.36354410000007,
              -7.025782199999981
            ],
            [
              110.36386280000005,
              -7.025216199999932
            ],
            [
              110.36402950000007,
              -7.02466389999995
            ],
            [
              110.36405820000004,
              -7.023904199999947
            ],
            [
              110.36399,
              -7.023213399999975
            ],
            [
              110.363972,
              -7.02292
            ],
            [
              110.36395570000008,
              -7.022913699999947
            ],
            [
              110.36390450000005,
              -7.022754499999962
            ],
            [
              110.36371820000005,
              -7.022474299999942
            ],
            [
              110.36349,
              -7.022411799999929
            ],
            [
              110.36327180000006,
              -7.022618899999941
            ],
            [
              110.36310540000005,
              -7.022888199999954
            ],
            [
              110.36282220000004,
              -7.023060599999951
            ],
            [
              110.36270210000004,
              -7.023078199999929
            ],
            [
              110.36247210000005,
              -7.023156899999947
            ],
            [
              110.36221270000004,
              -7.023115099999927
            ],
            [
              110.36195360000005,
              -7.022917699999937
            ],
            [
              110.36179830000009,
              -7.022616899999946
            ],
            [
              110.36189210000003,
              -7.022347499999967
            ],
            [
              110.36220360000004,
              -7.022161299999937
            ],
            [
              110.36255680000005,
              -7.021871499999975
            ],
            [
              110.36279590000004,
              -7.021571199999926
            ],
            [
              110.36317,
              -7.021136299999966
            ],
            [
              110.363482,
              -7.020670199999927
            ],
            [
              110.36393940000005,
              -7.020017699999926
            ],
            [
              110.36420360000005,
              -7.01970179999995
            ],
            [
              110.36379,
              -7.01849
            ],
            [
              110.36331,
              -7.01684
            ],
            [
              110.36245,
              -7.01442
            ],
            [
              110.36244480000005,
              -7.014423699999952
            ],
            [
              110.36241150000006,
              -7.014313799999968
            ],
            [
              110.36228680000005,
              -7.014427699999942
            ],
            [
              110.36206860000004,
              -7.014665899999954
            ],
            [
              110.36168450000008,
              -7.014789699999938
            ],
            [
              110.36129020000004,
              -7.01482029999994
            ],
            [
              110.36094760000009,
              -7.014892399999951
            ],
            [
              110.36021050000005,
              -7.015212799999972
            ],
            [
              110.35956680000004,
              -7.015460699999949
            ],
            [
              110.35936940000005,
              -7.015657399999952
            ],
            [
              110.35933050000006,
              -7.015795599999933
            ],
            [
              110.35930480000007,
              -7.015802899999926
            ],
            [
              110.35925810000003,
              -7.015981599999975
            ],
            [
              110.35924720000008,
              -7.016277
            ],
            [
              110.35924690000007,
              -7.016509099999951
            ],
            [
              110.35916210000005,
              -7.016688299999942
            ],
            [
              110.35894010000004,
              -7.016856799999971
            ],
            [
              110.35868650000003,
              -7.017035899999939
            ],
            [
              110.358454,
              -7.017151599999977
            ],
            [
              110.35826390000005,
              -7.017151299999966
            ],
            [
              110.35808450000007,
              -7.01709829999993
            ],
            [
              110.35777840000009,
              -7.016971299999966
            ],
            [
              110.35753560000006,
              -7.016918199999964
            ],
            [
              110.35731380000004,
              -7.016960099999949
            ],
            [
              110.35705250000007,
              -7.017049499999928
            ],
            [
              110.35698,
              -7.01713
            ],
            [
              110.35694,
              -7.01728
            ],
            [
              110.35686,
              -7.01746
            ],
            [
              110.3568,
              -7.01749
            ],
            [
              110.3567,
              -7.01749
            ],
            [
              110.35659260000006,
              -7.017484
            ],
            [
              110.35656530000006,
              -7.017498899999964
            ],
            [
              110.35645110000007,
              -7.01755049999997
            ],
            [
              110.35633680000007,
              -7.01768519999996
            ],
            [
              110.35631570000004,
              -7.017913199999953
            ],
            [
              110.35632580000004,
              -7.018120499999952
            ],
            [
              110.35632560000005,
              -7.01827609999998
            ],
            [
              110.35618020000004,
              -7.01837949999998
            ],
            [
              110.35592060000005,
              -7.018503599999974
            ],
            [
              110.35586860000006,
              -7.018627899999956
            ],
            [
              110.35590450000007,
              -7.018902699999956
            ],
            [
              110.35595620000004,
              -7.019037499999968
            ],
            [
              110.35595590000008,
              -7.019244799999967
            ],
            [
              110.35589340000007,
              -7.019431399999974
            ],
            [
              110.35563360000003,
              -7.019731599999943
            ],
            [
              110.35539460000007,
              -7.019990499999949
            ],
            [
              110.35497890000005,
              -7.020446099999958
            ],
            [
              110.35465660000006,
              -7.020912099999975
            ],
            [
              110.35446930000006,
              -7.021254
            ],
            [
              110.35432050000009,
              -7.021169199999974
            ],
            [
              110.35432,
              -7.02117
            ],
            [
              110.35419,
              -7.02111
            ],
            [
              110.35385,
              -7.02093
            ],
            [
              110.35363,
              -7.02083
            ],
            [
              110.35360390000005,
              -7.020822
            ],
            [
              110.35344730000008,
              -7.020740399999966
            ],
            [
              110.35309450000005,
              -7.020607699999971
            ],
            [
              110.35273070000005,
              -7.020526399999937
            ],
            [
              110.35241450000007,
              -7.020474499999978
            ],
            [
              110.35205790000003,
              -7.020437299999969
            ],
            [
              110.35193570000007,
              -7.02042849999998
            ],
            [
              110.35187,
              -7.02041
            ],
            [
              110.3516,
              -7.02038
            ],
            [
              110.35097,
              -7.02036
            ],
            [
              110.3505,
              -7.02032
            ],
            [
              110.34992,
              -7.02026
            ],
            [
              110.34931,
              -7.02015
            ],
            [
              110.34884,
              -7.02013
            ],
            [
              110.34837,
              -7.02001
            ],
            [
              110.34799,
              -7.01986
            ],
            [
              110.34768,
              -7.01975
            ],
            [
              110.34762,
              -7.01973
            ],
            [
              110.34679,
              -7.01951
            ],
            [
              110.34665,
              -7.01949
            ],
            [
              110.34635,
              -7.01946
            ],
            [
              110.34613,
              -7.01944
            ],
            [
              110.34601,
              -7.01942
            ],
            [
              110.34528,
              -7.01931
            ],
            [
              110.34491,
              -7.01929
            ],
            [
              110.34404,
              -7.0193
            ],
            [
              110.34313,
              -7.0193
            ],
            [
              110.34295,
              -7.01931
            ],
            [
              110.34272,
              -7.01933
            ],
            [
              110.34248680000007,
              -7.01933
            ],
            [
              110.34201220000006,
              -7.01941549999998
            ],
            [
              110.34184360000006,
              -7.019433499999934
            ],
            [
              110.34155190000007,
              -7.019474099999968
            ],
            [
              110.34131930000007,
              -7.019592099999954
            ],
            [
              110.34112320000008,
              -7.019737499999962
            ],
            [
              110.34100010000009,
              -7.019810199999938
            ],
            [
              110.34085880000003,
              -7.01980089999995
            ],
            [
              110.34073580000006,
              -7.019782499999963
            ],
            [
              110.34069370000009,
              -7.019794099999956
            ],
            [
              110.34069140000008,
              -7.019810099999972
            ],
            [
              110.34063420000007,
              -7.019831
            ],
            [
              110.34037630000006,
              -7.019919799999968
            ],
            [
              110.33986050000004,
              -7.020028099999934
            ],
            [
              110.33958780000006,
              -7.020082199999933
            ],
            [
              110.33907710000005,
              -7.020076499999959
            ],
            [
              110.33857160000008,
              -7.01998169999996
            ],
            [
              110.33813550000008,
              -7.01983249999995
            ],
            [
              110.33766960000008,
              -7.019698099999971
            ],
            [
              110.33724370000004,
              -7.019571199999973
            ],
            [
              110.33723740000005,
              -7.019590799999946
            ],
            [
              110.33718870000007,
              -7.019717199999945
            ],
            [
              110.33680380000004,
              -7.020501299999978
            ],
            [
              110.33603850000009,
              -7.022005499999977
            ],
            [
              110.33590120000008,
              -7.022279099999935
            ],
            [
              110.33588190000006,
              -7.02228759999997
            ],
            [
              110.33586,
              -7.02229
            ],
            [
              110.33579,
              -7.02229
            ],
            [
              110.33535870000009,
              -7.022199799999953
            ],
            [
              110.33501330000007,
              -7.022144299999979
            ],
            [
              110.33470550000004,
              -7.022060799999963
            ],
            [
              110.33464930000008,
              -7.022037399999931
            ],
            [
              110.33445670000003,
              -7.021922
            ],
            [
              110.33421770000007,
              -7.021838499999944
            ],
            [
              110.33398910000005,
              -7.021651199999951
            ],
            [
              110.33375040000004,
              -7.021380699999952
            ],
            [
              110.33350110000003,
              -7.021151799999927
            ],
            [
              110.33327250000008,
              -7.021037199999967
            ],
            [
              110.33301270000004,
              -7.020932899999934
            ],
            [
              110.33268,
              -7.020839
            ],
            [
              110.33220190000009,
              -7.02065129999994
            ],
            [
              110.33212450000008,
              -7.020627599999955
            ],
            [
              110.33201790000004,
              -7.020568199999957
            ],
            [
              110.33169160000006,
              -7.020477199999959
            ],
            [
              110.33121720000008,
              -7.020358699999974
            ],
            [
              110.33027450000009,
              -7.020164099999931
            ],
            [
              110.32876680000004,
              -7.019826799999976
            ],
            [
              110.32845260000005,
              -7.019729699999971
            ],
            [
              110.32833170000004,
              -7.019723499999941
            ],
            [
              110.32799320000004,
              -7.019735099999934
            ],
            [
              110.32740680000006,
              -7.019734199999959
            ],
            [
              110.326754,
              -7.019751399999961
            ],
            [
              110.32611320000007,
              -7.019762599999979
            ],
            [
              110.32544820000004,
              -7.019773699999973
            ],
            [
              110.32487310000005,
              -7.019760799999972
            ],
            [
              110.32399760000004,
              -7.019687099999942
            ],
            [
              110.32355030000008,
              -7.019650199999944
            ],
            [
              110.32293390000007,
              -7.019576799999925
            ],
            [
              110.32256520000004,
              -7.019509899999946
            ],
            [
              110.32192460000005,
              -7.01945459999996
            ],
            [
              110.32174320000007,
              -7.019466399999942
            ],
            [
              110.32168970000004,
              -7.01953
            ],
            [
              110.32168660000008,
              -7.01953
            ],
            [
              110.32157370000004,
              -7.019647299999974
            ],
            [
              110.32134970000004,
              -7.019900699999937
            ],
            [
              110.32106540000007,
              -7.020021
            ],
            [
              110.320621,
              -7.020089799999937
            ],
            [
              110.32022790000008,
              -7.020204
            ],
            [
              110.31988920000003,
              -7.020306199999936
            ],
            [
              110.31968980000005,
              -7.020287799999949
            ],
            [
              110.31938770000005,
              -7.020178599999952
            ],
            [
              110.31880160000009,
              -7.020014699999933
            ],
            [
              110.31832730000008,
              -7.019835899999975
            ],
            [
              110.31799490000009,
              -7.019781
            ],
            [
              110.31739670000007,
              -7.019611099999963
            ],
            [
              110.31693470000005,
              -7.019514699999945
            ],
            [
              110.31692770000006,
              -7.019512
            ],
            [
              110.31676050000004,
              -7.019412399999965
            ],
            [
              110.31646680000006,
              -7.019285499999967
            ],
            [
              110.31634930000007,
              -7.019253699999979
            ],
            [
              110.31619120000005,
              -7.019163099999957
            ],
            [
              110.31606920000007,
              -7.019059
            ],
            [
              110.315893,
              -7.01896389999996
            ],
            [
              110.31569870000004,
              -7.018913899999973
            ],
            [
              110.315441,
              -7.018872899999963
            ],
            [
              110.31516520000008,
              -7.018849899999964
            ],
            [
              110.31505750000008,
              -7.018851599999948
            ],
            [
              110.31498890000006,
              -7.018831599999942
            ],
            [
              110.31481250000007,
              -7.018835899999942
            ],
            [
              110.31452770000004,
              -7.018835399999944
            ],
            [
              110.31407550000006,
              -7.018834799999979
            ],
            [
              110.31372280000005,
              -7.018847799999946
            ],
            [
              110.31362930000006,
              -7.018862399999932
            ],
            [
              110.31309390000007,
              -7.018892199999925
            ],
            [
              110.31248930000004,
              -7.018969799999979
            ],
            [
              110.31190280000004,
              -7.019083699999953
            ],
            [
              110.31148650000006,
              -7.019161299999951
            ],
            [
              110.31132140000005,
              -7.019169599999941
            ],
            [
              110.31105450000007,
              -7.019227899999976
            ],
            [
              110.31073790000005,
              -7.019331299999976
            ],
            [
              110.31035340000005,
              -7.019448199999943
            ],
            [
              110.31005030000006,
              -7.019547199999977
            ],
            [
              110.30960690000006,
              -7.019718199999943
            ],
            [
              110.30936710000009,
              -7.019826299999977
            ],
            [
              110.30938130000004,
              -7.019849199999953
            ],
            [
              110.30945,
              -7.01996
            ],
            [
              110.30966,
              -7.02031
            ],
            [
              110.30977,
              -7.02057
            ],
            [
              110.30992,
              -7.02085
            ],
            [
              110.30996,
              -7.02092
            ],
            [
              110.31001,
              -7.02117
            ],
            [
              110.31034,
              -7.02204
            ],
            [
              110.31050920000007,
              -7.022503099999938
            ],
            [
              110.31013160000003,
              -7.022581499999944
            ],
            [
              110.30958680000003,
              -7.022633
            ],
            [
              110.309084,
              -7.022632299999941
            ],
            [
              110.30823550000008,
              -7.022599599999978
            ],
            [
              110.30752320000005,
              -7.022577599999977
            ],
            [
              110.30662240000004,
              -7.022524
            ],
            [
              110.30617220000005,
              -7.02241859999998
            ],
            [
              110.305858,
              -7.022376299999962
            ],
            [
              110.30575320000008,
              -7.022397099999978
            ],
            [
              110.30558520000005,
              -7.022658499999977
            ],
            [
              110.30541710000006,
              -7.023003599999981
            ],
            [
              110.30526070000008,
              -7.023283899999967
            ],
            [
              110.30486140000005,
              -7.023337699999956
            ],
            [
              110.30417,
              -7.023347099999967
            ],
            [
              110.30325860000005,
              -7.02337719999997
            ],
            [
              110.30249390000006,
              -7.023355099999947
            ],
            [
              110.30195970000005,
              -7.023312399999952
            ],
            [
              110.30162470000005,
              -7.023186399999929
            ],
            [
              110.30098590000006,
              -7.023059799999942
            ],
            [
              110.30024230000004,
              -7.022964499999944
            ],
            [
              110.29975,
              -7.022963799999957
            ],
            [
              110.29875980000008,
              -7.023124499999938
            ],
            [
              110.29839290000007,
              -7.023301899999979
            ],
            [
              110.29797370000006,
              -7.023468699999967
            ],
            [
              110.29778520000008,
              -7.023509799999943
            ],
            [
              110.29762,
              -7.0235
            ],
            [
              110.29746,
              -7.02338
            ],
            [
              110.29733,
              -7.02326
            ],
            [
              110.29698,
              -7.02312
            ],
            [
              110.2967,
              -7.02304
            ],
            [
              110.29644,
              -7.02298
            ],
            [
              110.29624670000004,
              -7.022914599999979
            ],
            [
              110.29617620000005,
              -7.022879299999943
            ],
            [
              110.29609990000006,
              -7.022885
            ],
            [
              110.29598750000008,
              -7.022900799999945
            ],
            [
              110.29598420000008,
              -7.022900599999957
            ],
            [
              110.29595440000008,
              -7.022582899999975
            ],
            [
              110.29594290000006,
              -7.022579699999937
            ],
            [
              110.29585910000009,
              -7.02248179999998
            ],
            [
              110.29542980000008,
              -7.022355499999946
            ],
            [
              110.29465470000008,
              -7.022302
            ],
            [
              110.29392440000004,
              -7.022217799999964
            ],
            [
              110.29289360000007,
              -7.022047599999951
            ],
            [
              110.29290710000004,
              -7.021734899999956
            ],
            [
              110.29295970000004,
              -7.021422099999938
            ],
            [
              110.29290840000004,
              -7.020835599999941
            ],
            [
              110.29294030000005,
              -7.020497699999964
            ],
            [
              110.29297340000005,
              -7.020139499999971
            ],
            [
              110.29309790000008,
              -7.019249699999932
            ],
            [
              110.29321120000009,
              -7.018573199999935
            ],
            [
              110.29330640000006,
              -7.017878699999926
            ],
            [
              110.29349660000008,
              -7.016619899999966
            ],
            [
              110.29358650000006,
              -7.015842099999929
            ],
            [
              110.29324,
              -7.01564
            ],
            [
              110.29266870000004,
              -7.01546559999997
            ],
            [
              110.29191240000006,
              -7.015229899999952
            ],
            [
              110.29149530000007,
              -7.015033699999947
            ],
            [
              110.29101280000003,
              -7.014954799999941
            ],
            [
              110.29043890000008,
              -7.014875699999948
            ],
            [
              110.28984,
              -7.01475
            ],
            [
              110.28958,
              -7.0149
            ],
            [
              110.28938,
              -7.01495
            ],
            [
              110.28902,
              -7.01488
            ],
            [
              110.28872,
              -7.01474
            ],
            [
              110.28866,
              -7.01471
            ],
            [
              110.28862,
              -7.0145
            ],
            [
              110.28849,
              -7.01437
            ],
            [
              110.28837310000006,
              -7.014339499999949
            ],
            [
              110.28836290000004,
              -7.014322499999935
            ],
            [
              110.28806350000008,
              -7.014136199999939
            ],
            [
              110.28774330000005,
              -7.014022099999977
            ],
            [
              110.28756760000005,
              -7.014021799999966
            ],
            [
              110.28747450000009,
              -7.014104299999929
            ],
            [
              110.287247,
              -7.014134899999931
            ],
            [
              110.28703,
              -7.014134599999977
            ],
            [
              110.28670970000007,
              -7.014051499999937
            ],
            [
              110.28642040000005,
              -7.013989099999947
            ],
            [
              110.28626560000004,
              -7.013865
            ],
            [
              110.28607990000006,
              -7.013647899999967
            ],
            [
              110.28583220000007,
              -7.013430599999936
            ],
            [
              110.28566690000008,
              -7.013358099999948
            ],
            [
              110.28544990000006,
              -7.013357799999937
            ],
            [
              110.28520190000006,
              -7.013347099999976
            ],
            [
              110.28507970000004,
              -7.013361199999963
            ],
            [
              110.28507340000004,
              -7.013352699999928
            ],
            [
              110.28493320000007,
              -7.013346699999943
            ],
            [
              110.28485050000006,
              -7.013305199999934
            ],
            [
              110.28481970000007,
              -7.013222599999949
            ],
            [
              110.28479920000007,
              -7.013078
            ],
            [
              110.28478620000004,
              -7.012986199999943
            ],
            [
              110.28477190000007,
              -7.012971899999968
            ],
            [
              110.28476840000008,
              -7.012943699999937
            ],
            [
              110.28471690000003,
              -7.012840399999959
            ],
            [
              110.28453890000009,
              -7.012741199999937
            ],
            [
              110.284376,
              -7.012736599999926
            ],
            [
              110.28437740000004,
              -7.012738
            ],
            [
              110.28432430000004,
              -7.012726199999975
            ],
            [
              110.284159,
              -7.012694899999929
            ],
            [
              110.28398330000005,
              -7.012725699999976
            ],
            [
              110.27623750000004,
              -7.011821699999928
            ],
            [
              110.27610020000009,
              -7.011794499999951
            ],
            [
              110.27600720000004,
              -7.011818299999959
            ],
            [
              110.275961,
              -7.011888799999952
            ],
            [
              110.27572210000005,
              -7.01234489999996
            ],
            [
              110.27564420000004,
              -7.012437
            ],
            [
              110.27554220000007,
              -7.012349499999971
            ],
            [
              110.27542110000007,
              -7.012125899999944
            ],
            [
              110.27539060000004,
              -7.01199239999994
            ],
            [
              110.27538790000006,
              -7.011973099999977
            ],
            [
              110.275387,
              -7.011966199999961
            ],
            [
              110.27529830000009,
              -7.012076599999943
            ],
            [
              110.275246,
              -7.012141699999972
            ],
            [
              110.27507660000003,
              -7.012076199999967
            ],
            [
              110.27501150000006,
              -7.011958799999945
            ],
            [
              110.27501180000007,
              -7.011802399999965
            ],
            [
              110.27494780000006,
              -7.011674199999959
            ],
            [
              110.274921,
              -7.011751199999935
            ],
            [
              110.27477270000009,
              -7.01224469999994
            ],
            [
              110.27468110000007,
              -7.012436399999956
            ],
            [
              110.27368930000006,
              -7.014114799999959
            ],
            [
              110.27355960000006,
              -7.014405699999941
            ],
            [
              110.27336890000004,
              -7.015007
            ],
            [
              110.27337650000004,
              -7.015270199999975
            ],
            [
              110.273468,
              -7.015459
            ],
            [
              110.27348330000007,
              -7.015566299999932
            ],
            [
              110.27356720000006,
              -7.015920599999959
            ],
            [
              110.27394870000006,
              -7.016935299999943
            ],
            [
              110.27421570000007,
              -7.017669199999943
            ],
            [
              110.27431490000004,
              -7.018044399999951
            ],
            [
              110.27452850000009,
              -7.018508399999973
            ],
            [
              110.274826,
              -7.019045299999959
            ],
            [
              110.27485660000008,
              -7.019342399999971
            ],
            [
              110.27478790000004,
              -7.01942779999996
            ],
            [
              110.274765,
              -7.019532199999958
            ],
            [
              110.27471920000005,
              -7.019617499999981
            ],
            [
              110.274643,
              -7.019775799999934
            ],
            [
              110.27459720000007,
              -7.019826399999943
            ],
            [
              110.27445220000004,
              -7.020031399999937
            ],
            [
              110.27429960000006,
              -7.020173
            ],
            [
              110.27389530000005,
              -7.02040379999994
            ],
            [
              110.27357480000006,
              -7.020501599999932
            ],
            [
              110.27313230000004,
              -7.020550699999944
            ],
            [
              110.27274450000004,
              -7.020568099999934
            ],
            [
              110.27240340000009,
              -7.020938
            ],
            [
              110.27233630000006,
              -7.02099579999998
            ],
            [
              110.27143680000006,
              -7.022314
            ],
            [
              110.27088790000005,
              -7.022825
            ],
            [
              110.27082760000008,
              -7.023008499999946
            ],
            [
              110.27105460000007,
              -7.023148099999958
            ],
            [
              110.27141920000008,
              -7.023617799999954
            ],
            [
              110.27143970000009,
              -7.023606599999937
            ],
            [
              110.27156240000005,
              -7.023787499999969
            ],
            [
              110.27180960000004,
              -7.024204899999972
            ],
            [
              110.27192660000009,
              -7.024439699999959
            ],
            [
              110.27188720000004,
              -7.024635099999955
            ],
            [
              110.27160010000006,
              -7.024725899999964
            ],
            [
              110.27127390000004,
              -7.024725399999966
            ],
            [
              110.27087020000005,
              -7.024599199999955
            ],
            [
              110.27087910000006,
              -7.024616599999945
            ],
            [
              110.271712,
              -7.025427399999955
            ],
            [
              110.27221120000007,
              -7.026190099999951
            ],
            [
              110.27229410000007,
              -7.026511699999958
            ],
            [
              110.27206740000008,
              -7.026701799999955
            ],
            [
              110.27184690000007,
              -7.026755
            ],
            [
              110.27180860000004,
              -7.026751099999956
            ],
            [
              110.271603,
              -7.02705229999998
            ],
            [
              110.27155010000007,
              -7.02746929999995
            ],
            [
              110.27165330000008,
              -7.02821229999995
            ],
            [
              110.27166210000007,
              -7.028247399999941
            ],
            [
              110.27182070000003,
              -7.028302599999961
            ],
            [
              110.272202,
              -7.028291199999956
            ],
            [
              110.27235680000007,
              -7.028374799999938
            ],
            [
              110.27221330000003,
              -7.02867219999996
            ],
            [
              110.27201030000003,
              -7.028981399999964
            ],
            [
              110.27193240000008,
              -7.029328899999939
            ],
            [
              110.271958,
              -7.029431399999964
            ],
            [
              110.27214010000006,
              -7.029744499999936
            ],
            [
              110.27213990000007,
              -7.029887799999926
            ],
            [
              110.27202710000006,
              -7.029918399999929
            ],
            [
              110.27205040000007,
              -7.030023099999937
            ],
            [
              110.27214430000004,
              -7.030892299999948
            ],
            [
              110.27231040000004,
              -7.031380699999943
            ],
            [
              110.27250040000007,
              -7.031785699999944
            ],
            [
              110.27251210000009,
              -7.031940499999962
            ],
            [
              110.27247620000009,
              -7.032047599999942
            ],
            [
              110.27226180000008,
              -7.031987699999945
            ],
            [
              110.27189240000007,
              -7.031987099999981
            ],
            [
              110.27155860000005,
              -7.032093799999927
            ],
            [
              110.27153620000007,
              -7.03212039999994
            ],
            [
              110.27160790000005,
              -7.03225249999997
            ],
            [
              110.27177690000008,
              -7.032617699999946
            ],
            [
              110.27180280000005,
              -7.032774099999926
            ],
            [
              110.27167220000007,
              -7.032865099999981
            ],
            [
              110.27138510000009,
              -7.032916799999953
            ],
            [
              110.27133260000005,
              -7.033073499999944
            ],
            [
              110.27135430000004,
              -7.033176799999978
            ],
            [
              110.27128150000004,
              -7.033225899999934
            ],
            [
              110.27128030000006,
              -7.033229399999925
            ],
            [
              110.27143640000008,
              -7.033477299999959
            ],
            [
              110.271684,
              -7.033673199999953
            ],
            [
              110.27195770000009,
              -7.033804
            ],
            [
              110.27208820000004,
              -7.033804199999963
            ],
            [
              110.27221760000003,
              -7.03376609999998
            ],
            [
              110.27228960000008,
              -7.033792
            ],
            [
              110.27259720000006,
              -7.033648599999935
            ],
            [
              110.27298870000004,
              -7.033531899999957
            ],
            [
              110.27332790000008,
              -7.03354539999998
            ],
            [
              110.27357550000005,
              -7.033702199999937
            ],
            [
              110.27365250000008,
              -7.033895399999949
            ],
            [
              110.27366,
              -7.03389569999996
            ],
            [
              110.27365990000004,
              -7.033943399999941
            ],
            [
              110.27380310000007,
              -7.03413919999997
            ],
            [
              110.27386770000004,
              -7.034530299999972
            ],
            [
              110.27386710000007,
              -7.034908199999961
            ],
            [
              110.27371010000007,
              -7.035220799999934
            ],
            [
              110.27340980000008,
              -7.035376699999972
            ],
            [
              110.27307060000004,
              -7.035376199999973
            ],
            [
              110.27257520000006,
              -7.035166899999979
            ],
            [
              110.27209290000008,
              -7.034931499999971
            ],
            [
              110.27163650000006,
              -7.034826499999951
            ],
            [
              110.27121880000004,
              -7.034969299999943
            ],
            [
              110.27095740000004,
              -7.035307699999976
            ],
            [
              110.270957,
              -7.035568399999931
            ],
            [
              110.27119140000008,
              -7.035842399999979
            ],
            [
              110.27127110000004,
              -7.035870399999965
            ],
            [
              110.27142590000005,
              -7.03606439999993
            ],
            [
              110.27180390000007,
              -7.036221299999966
            ],
            [
              110.27201240000005,
              -7.03640409999997
            ],
            [
              110.27233820000004,
              -7.036587099999963
            ],
            [
              110.27233790000008,
              -7.036769599999957
            ],
            [
              110.27222030000007,
              -7.036912699999959
            ],
            [
              110.27224620000004,
              -7.037069199999962
            ],
            [
              110.27228520000006,
              -7.037134399999957
            ],
            [
              110.27240250000006,
              -7.037199699999974
            ],
            [
              110.27242840000008,
              -7.037291
            ],
            [
              110.27242820000004,
              -7.037460399999929
            ],
            [
              110.27223190000007,
              -7.037838099999931
            ],
            [
              110.27194410000004,
              -7.038345899999968
            ],
            [
              110.27189150000004,
              -7.038606499999958
            ],
            [
              110.27189130000005,
              -7.038736799999981
            ],
            [
              110.27194310000004,
              -7.03902359999995
            ],
            [
              110.27195580000006,
              -7.039232199999958
            ],
            [
              110.27202040000009,
              -7.039636299999927
            ],
            [
              110.27198090000007,
              -7.03988389999995
            ],
            [
              110.27191530000005,
              -7.040066199999956
            ],
            [
              110.27154410000009,
              -7.041197799999964
            ],
            [
              110.27080220000005,
              -7.04282749999993
            ],
            [
              110.27072350000009,
              -7.043088
            ],
            [
              110.27063210000006,
              -7.043153099999927
            ],
            [
              110.270501,
              -7.043517799999961
            ],
            [
              110.27041630000008,
              -7.043815099999961
            ],
            [
              110.27031710000006,
              -7.043925299999955
            ],
            [
              110.27021030000009,
              -7.044034499999952
            ],
            [
              110.27016450000008,
              -7.044122199999947
            ],
            [
              110.27008060000009,
              -7.044275699999957
            ],
            [
              110.26991270000008,
              -7.044619499999953
            ],
            [
              110.26971440000005,
              -7.04486419999995
            ],
            [
              110.26962280000004,
              -7.045109199999956
            ],
            [
              110.26944730000008,
              -7.045611799999961
            ],
            [
              110.26942440000005,
              -7.045743499999958
            ],
            [
              110.26924130000003,
              -7.04604
            ],
            [
              110.26914980000004,
              -7.046358099999964
            ],
            [
              110.26912690000006,
              -7.04650879999997
            ]
          ]
        ]
      }
    },
    {
      "type": "Feature",
      "properties": {
        "id": "KEC_SMG_13",
        "nama": "Semarang Timur",
        "kode_bps": "3374110",
        "level": "kecamatan",
        "total_kelurahan": 10
      },
      "geometry": {
        "type": "Polygon",
        "coordinates": [
          [
            [
              110.43119680000007,
              -6.954406699999936
            ],
            [
              110.43131660000006,
              -6.962041899999974
            ],
            [
              110.43135390000003,
              -6.964148699999953
            ],
            [
              110.43133010000008,
              -6.964162299999941
            ],
            [
              110.43132980000007,
              -6.964398699999947
            ],
            [
              110.43134410000005,
              -6.964391699999965
            ],
            [
              110.43134380000004,
              -6.964605099999972
            ],
            [
              110.43137550000006,
              -6.967104199999937
            ],
            [
              110.43139450000007,
              -6.967128699999932
            ],
            [
              110.43139450000007,
              -6.967164699999955
            ],
            [
              110.43139360000004,
              -6.967891699999939
            ],
            [
              110.43139320000006,
              -6.968243799999925
            ],
            [
              110.43139220000006,
              -6.969075299999929
            ],
            [
              110.43142120000005,
              -6.969378499999948
            ],
            [
              110.43142090000003,
              -6.969623099999978
            ],
            [
              110.43143710000004,
              -6.969851499999947
            ],
            [
              110.431454,
              -6.970606199999963
            ],
            [
              110.43149110000007,
              -6.972269199999971
            ],
            [
              110.43150940000004,
              -6.973364699999934
            ],
            [
              110.43154260000006,
              -6.974230499999976
            ],
            [
              110.43152670000006,
              -6.974480599999936
            ],
            [
              110.431533,
              -6.974480399999948
            ],
            [
              110.43153230000007,
              -6.975422799999933
            ],
            [
              110.43154580000004,
              -6.975870199999974
            ],
            [
              110.43155950000005,
              -6.976051899999959
            ],
            [
              110.43156020000004,
              -6.976155799999958
            ],
            [
              110.43156170000009,
              -6.976231299999938
            ],
            [
              110.43156220000009,
              -6.976255399999957
            ],
            [
              110.431609,
              -6.978504499999929
            ],
            [
              110.43167510000006,
              -6.979487099999972
            ],
            [
              110.431733,
              -6.981768299999942
            ],
            [
              110.43174510000006,
              -6.982871899999964
            ],
            [
              110.43179910000003,
              -6.98547659999997
            ],
            [
              110.43179950000007,
              -6.985494499999959
            ],
            [
              110.431801,
              -6.98557
            ],
            [
              110.43180250000006,
              -6.985662699999978
            ],
            [
              110.43184640000004,
              -6.987139499999955
            ],
            [
              110.43198050000007,
              -6.989780499999938
            ],
            [
              110.43208110000006,
              -6.991735499999947
            ],
            [
              110.43206170000008,
              -6.993639
            ],
            [
              110.43206090000007,
              -6.994305299999951
            ],
            [
              110.43214,
              -6.99433
            ],
            [
              110.4326,
              -6.99451
            ],
            [
              110.43387,
              -6.99502
            ],
            [
              110.43393050000009,
              -6.995044199999938
            ],
            [
              110.43427,
              -6.99518
            ],
            [
              110.43592,
              -6.9959
            ],
            [
              110.43604,
              -6.99594
            ],
            [
              110.43626,
              -6.99604
            ],
            [
              110.43657,
              -6.99616
            ],
            [
              110.43723,
              -6.99643
            ],
            [
              110.43766,
              -6.99661
            ],
            [
              110.43783,
              -6.99669
            ],
            [
              110.43838,
              -6.99691
            ],
            [
              110.43847,
              -6.99696
            ],
            [
              110.43866,
              -6.99704
            ],
            [
              110.43879170000008,
              -6.997119099999964
            ],
            [
              110.43880820000004,
              -6.997116699999935
            ],
            [
              110.43882380000008,
              -6.997082499999976
            ],
            [
              110.43888390000006,
              -6.997008599999958
            ],
            [
              110.438979,
              -6.996785699999975
            ],
            [
              110.43920260000004,
              -6.996418099999971
            ],
            [
              110.43935910000005,
              -6.996217599999966
            ],
            [
              110.43948210000008,
              -6.996000299999935
            ],
            [
              110.43964410000007,
              -6.995783099999926
            ],
            [
              110.43974480000008,
              -6.995549099999948
            ],
            [
              110.43979530000007,
              -6.995359599999972
            ],
            [
              110.43980120000003,
              -6.995047499999941
            ],
            [
              110.43984470000004,
              -6.994739899999956
            ],
            [
              110.43989680000004,
              -6.994551299999955
            ],
            [
              110.43991940000006,
              -6.994236699999931
            ],
            [
              110.43998850000008,
              -6.993764899999974
            ],
            [
              110.44002950000004,
              -6.993513299999961
            ],
            [
              110.44004080000008,
              -6.993413399999952
            ],
            [
              110.44002240000009,
              -6.993287599999974
            ],
            [
              110.43995230000007,
              -6.993058
            ],
            [
              110.43988030000008,
              -6.992852599999935
            ],
            [
              110.43978430000004,
              -6.992560099999935
            ],
            [
              110.43971810000005,
              -6.992245399999945
            ],
            [
              110.43971320000009,
              -6.992227499999956
            ],
            [
              110.43971190000008,
              -6.992222699999957
            ],
            [
              110.43970770000004,
              -6.992195699999968
            ],
            [
              110.43970740000009,
              -6.992193699999973
            ],
            [
              110.43970730000007,
              -6.992193
            ],
            [
              110.43970690000003,
              -6.992190799999946
            ],
            [
              110.43969710000005,
              -6.992127699999969
            ],
            [
              110.43969410000005,
              -6.992031199999929
            ],
            [
              110.43975680000005,
              -6.991738699999928
            ],
            [
              110.43985670000006,
              -6.991536599999961
            ],
            [
              110.43997830000006,
              -6.991387299999928
            ],
            [
              110.44002740000008,
              -6.991338499999927
            ],
            [
              110.44003,
              -6.99133
            ],
            [
              110.44003050000003,
              -6.991327099999978
            ],
            [
              110.44020130000007,
              -6.991196199999933
            ],
            [
              110.44030730000009,
              -6.991096699999957
            ],
            [
              110.44036810000006,
              -6.99099259999997
            ],
            [
              110.44039010000006,
              -6.99084629999993
            ],
            [
              110.44041390000007,
              -6.990514899999937
            ],
            [
              110.44040970000009,
              -6.990102599999943
            ],
            [
              110.44043190000008,
              -6.989791399999945
            ],
            [
              110.44045260000007,
              -6.989413299999967
            ],
            [
              110.44046520000006,
              -6.989235899999926
            ],
            [
              110.44049350000006,
              -6.989027499999963
            ],
            [
              110.44058580000006,
              -6.988661899999954
            ],
            [
              110.44062030000003,
              -6.988465899999937
            ],
            [
              110.44068920000007,
              -6.988142299999936
            ],
            [
              110.44075490000006,
              -6.987893399999962
            ],
            [
              110.44081640000007,
              -6.987577
            ],
            [
              110.44082820000006,
              -6.987578799999937
            ],
            [
              110.44084720000006,
              -6.987397099999953
            ],
            [
              110.44113970000006,
              -6.985905099999968
            ],
            [
              110.441198,
              -6.985607799999968
            ],
            [
              110.44125450000007,
              -6.98529549999995
            ],
            [
              110.441295,
              -6.984943199999975
            ],
            [
              110.44125530000008,
              -6.984574799999962
            ],
            [
              110.44125570000006,
              -6.98421449999995
            ],
            [
              110.44132460000009,
              -6.983561899999927
            ],
            [
              110.44146940000007,
              -6.98312169999997
            ],
            [
              110.44160620000008,
              -6.982649399999957
            ],
            [
              110.44177150000007,
              -6.981852799999956
            ],
            [
              110.44186840000003,
              -6.981172299999969
            ],
            [
              110.44206650000007,
              -6.979695099999958
            ],
            [
              110.44213140000005,
              -6.979102599999976
            ],
            [
              110.44213190000005,
              -6.978678199999933
            ],
            [
              110.44218030000008,
              -6.978357899999935
            ],
            [
              110.44221270000008,
              -6.978069699999935
            ],
            [
              110.44238570000005,
              -6.977521299999978
            ],
            [
              110.44254650000005,
              -6.977081099999964
            ],
            [
              110.44269120000007,
              -6.976704899999959
            ],
            [
              110.44279580000006,
              -6.976312599999972
            ],
            [
              110.44288070000005,
              -6.975708199999929
            ],
            [
              110.44288520000003,
              -6.975645499999928
            ],
            [
              110.44288870000008,
              -6.97559549999994
            ],
            [
              110.44290520000004,
              -6.975363899999934
            ],
            [
              110.44288970000008,
              -6.97489939999997
            ],
            [
              110.44289820000006,
              -6.974483
            ],
            [
              110.44289860000004,
              -6.974098599999934
            ],
            [
              110.44292310000009,
              -6.973778299999935
            ],
            [
              110.443076,
              -6.973202
            ],
            [
              110.44317250000006,
              -6.972929799999974
            ],
            [
              110.44320770000007,
              -6.972870399999977
            ],
            [
              110.44321570000005,
              -6.972856899999954
            ],
            [
              110.44327690000006,
              -6.972753799999964
            ],
            [
              110.44335070000005,
              -6.972592099999929
            ],
            [
              110.443375,
              -6.972601399999974
            ],
            [
              110.443418,
              -6.972021199999972
            ],
            [
              110.44346660000008,
              -6.971588899999972
            ],
            [
              110.44353130000007,
              -6.971092399999975
            ],
            [
              110.44364410000009,
              -6.970612099999926
            ],
            [
              110.443801,
              -6.970039699999973
            ],
            [
              110.44396240000009,
              -6.969127
            ],
            [
              110.444043,
              -6.968734799999936
            ],
            [
              110.44404320000007,
              -6.968534599999941
            ],
            [
              110.44424530000003,
              -6.967053399999941
            ],
            [
              110.44430550000004,
              -6.966621199999963
            ],
            [
              110.44431250000008,
              -6.966622799999925
            ],
            [
              110.44433540000006,
              -6.966493399999933
            ],
            [
              110.44453,
              -6.965392699999938
            ],
            [
              110.44460130000004,
              -6.964665199999956
            ],
            [
              110.44460220000008,
              -6.963937599999952
            ],
            [
              110.44441510000007,
              -6.963256799999954
            ],
            [
              110.44420440000005,
              -6.96264629999996
            ],
            [
              110.44371180000007,
              -6.962012
            ],
            [
              110.44324270000004,
              -6.961495099999979
            ],
            [
              110.44303180000009,
              -6.961072399999978
            ],
            [
              110.442962,
              -6.960509
            ],
            [
              110.44296260000004,
              -6.95993679999998
            ],
            [
              110.44296260000004,
              -6.959931
            ],
            [
              110.442961,
              -6.959931499999925
            ],
            [
              110.442401,
              -6.958137799999975
            ],
            [
              110.44174580000004,
              -6.956048099999975
            ],
            [
              110.44130110000009,
              -6.954733199999964
            ],
            [
              110.44095050000004,
              -6.953230699999949
            ],
            [
              110.44088090000008,
              -6.952503
            ],
            [
              110.440952,
              -6.951939799999934
            ],
            [
              110.44139970000003,
              -6.950813699999969
            ],
            [
              110.44174990000005,
              -6.949972499999944
            ],
            [
              110.4417,
              -6.949990699999944
            ],
            [
              110.44098220000006,
              -6.950253199999963
            ],
            [
              110.44088130000006,
              -6.950284699999941
            ],
            [
              110.43975350000005,
              -6.950755299999969
            ],
            [
              110.43953030000006,
              -6.950812699999972
            ],
            [
              110.43864010000004,
              -6.951177399999949
            ],
            [
              110.43824380000007,
              -6.951348699999926
            ],
            [
              110.43767420000006,
              -6.951620099999957
            ],
            [
              110.43723970000008,
              -6.951836599999979
            ],
            [
              110.43720260000003,
              -6.951844899999969
            ],
            [
              110.43686,
              -6.952088799999956
            ],
            [
              110.43605680000007,
              -6.952458099999944
            ],
            [
              110.43515060000004,
              -6.95293
            ],
            [
              110.43414150000007,
              -6.953381299999933
            ],
            [
              110.432906,
              -6.953852899999958
            ],
            [
              110.43119680000007,
              -6.954406699999936
            ]
          ]
        ]
      }
    },
    {
      "type": "Feature",
      "properties": {
        "id": "KEC_SMG_05",
        "nama": "Tembalang",
        "kode_bps": "3374070",
        "level": "kecamatan",
        "total_kelurahan": 12
      },
      "geometry": {
        "type": "Polygon",
        "coordinates": [
          [
            [
              110.42853330000008,
              -7.031135099999972
            ],
            [
              110.4289,
              -7.03115
            ],
            [
              110.4291,
              -7.03119
            ],
            [
              110.42945,
              -7.0313
            ],
            [
              110.42958,
              -7.03135
            ],
            [
              110.42976,
              -7.03142
            ],
            [
              110.42992,
              -7.03151
            ],
            [
              110.43062,
              -7.03209
            ],
            [
              110.43136,
              -7.03284
            ],
            [
              110.43156,
              -7.03311
            ],
            [
              110.43161,
              -7.03318
            ],
            [
              110.43185,
              -7.03365
            ],
            [
              110.43191,
              -7.03379
            ],
            [
              110.4321,
              -7.03419
            ],
            [
              110.43226,
              -7.03453
            ],
            [
              110.43229,
              -7.0346
            ],
            [
              110.43236,
              -7.03474
            ],
            [
              110.43259,
              -7.03532
            ],
            [
              110.43272,
              -7.03573
            ],
            [
              110.4328,
              -7.03595
            ],
            [
              110.43284,
              -7.03617
            ],
            [
              110.43293,
              -7.03647
            ],
            [
              110.43296,
              -7.0366
            ],
            [
              110.43312,
              -7.03733
            ],
            [
              110.43327,
              -7.03805
            ],
            [
              110.43333,
              -7.03836
            ],
            [
              110.43336,
              -7.03848
            ],
            [
              110.4334,
              -7.03865
            ],
            [
              110.43355,
              -7.03932
            ],
            [
              110.43367,
              -7.03997
            ],
            [
              110.43369,
              -7.04004
            ],
            [
              110.43376,
              -7.04042
            ],
            [
              110.43392,
              -7.04109
            ],
            [
              110.43401,
              -7.04145
            ],
            [
              110.4341,
              -7.0419
            ],
            [
              110.43424,
              -7.04245
            ],
            [
              110.43431,
              -7.04272
            ],
            [
              110.43434,
              -7.04283
            ],
            [
              110.43442,
              -7.0431
            ],
            [
              110.43473,
              -7.04437
            ],
            [
              110.43483,
              -7.04486
            ],
            [
              110.4349,
              -7.04537
            ],
            [
              110.43491,
              -7.04614
            ],
            [
              110.43489,
              -7.04626
            ],
            [
              110.43479,
              -7.04672
            ],
            [
              110.43471890000006,
              -7.046962899999926
            ],
            [
              110.43467,
              -7.04713
            ],
            [
              110.43465,
              -7.0472
            ],
            [
              110.43462,
              -7.04725
            ],
            [
              110.4346,
              -7.04731
            ],
            [
              110.43435,
              -7.04795
            ],
            [
              110.43375,
              -7.04946
            ],
            [
              110.43369,
              -7.04962
            ],
            [
              110.43359,
              -7.04988
            ],
            [
              110.43345,
              -7.05021
            ],
            [
              110.43314,
              -7.05088
            ],
            [
              110.43306,
              -7.05105
            ],
            [
              110.43259,
              -7.05168
            ],
            [
              110.43233,
              -7.05192
            ],
            [
              110.432,
              -7.05222
            ],
            [
              110.43182,
              -7.05235
            ],
            [
              110.43162,
              -7.05249
            ],
            [
              110.43122,
              -7.05271
            ],
            [
              110.43101,
              -7.05281
            ],
            [
              110.43029,
              -7.05315
            ],
            [
              110.43015,
              -7.05323
            ],
            [
              110.42994,
              -7.05333
            ],
            [
              110.43002,
              -7.05341
            ],
            [
              110.43018,
              -7.05355
            ],
            [
              110.43032,
              -7.05367
            ],
            [
              110.43057,
              -7.05387
            ],
            [
              110.43068,
              -7.05396
            ],
            [
              110.43081,
              -7.05401
            ],
            [
              110.43196,
              -7.05401
            ],
            [
              110.43201330000005,
              -7.054005099999927
            ],
            [
              110.432192,
              -7.054012199999931
            ],
            [
              110.43222280000003,
              -7.054184
            ],
            [
              110.43230150000005,
              -7.054486299999951
            ],
            [
              110.43245920000004,
              -7.054860899999937
            ],
            [
              110.43261350000006,
              -7.05515639999993
            ],
            [
              110.43284170000004,
              -7.055495
            ],
            [
              110.43298920000007,
              -7.055742499999951
            ],
            [
              110.43315740000008,
              -7.055996799999946
            ],
            [
              110.43338880000005,
              -7.056562099999951
            ],
            [
              110.43356030000007,
              -7.056861099999935
            ],
            [
              110.43383650000004,
              -7.057285599999943
            ],
            [
              110.43404590000006,
              -7.057591599999967
            ],
            [
              110.43422440000006,
              -7.057801299999937
            ],
            [
              110.43454550000007,
              -7.058091899999965
            ],
            [
              110.43482370000004,
              -7.058301699999959
            ],
            [
              110.43509510000007,
              -7.058480699999961
            ],
            [
              110.43518440000008,
              -7.058559799999955
            ],
            [
              110.43530250000003,
              -7.058953199999962
            ],
            [
              110.43534050000005,
              -7.059026299999971
            ],
            [
              110.43535,
              -7.05902
            ],
            [
              110.43538,
              -7.0591
            ],
            [
              110.43542,
              -7.0596
            ],
            [
              110.43547,
              -7.05979
            ],
            [
              110.43549,
              -7.06002
            ],
            [
              110.43553,
              -7.06032
            ],
            [
              110.43563,
              -7.06081
            ],
            [
              110.43574,
              -7.06176
            ],
            [
              110.43576,
              -7.06203
            ],
            [
              110.43578,
              -7.06243
            ],
            [
              110.43587,
              -7.06271
            ],
            [
              110.43598,
              -7.06291
            ],
            [
              110.43612,
              -7.06305
            ],
            [
              110.43617,
              -7.06311
            ],
            [
              110.43634,
              -7.06322
            ],
            [
              110.43665,
              -7.06332
            ],
            [
              110.4373,
              -7.06351
            ],
            [
              110.43775,
              -7.06364
            ],
            [
              110.43803,
              -7.06374
            ],
            [
              110.43808,
              -7.06378
            ],
            [
              110.43808630000007,
              -7.064021599999933
            ],
            [
              110.43810660000008,
              -7.064219
            ],
            [
              110.43811140000008,
              -7.064483099999961
            ],
            [
              110.43813160000008,
              -7.064729199999931
            ],
            [
              110.43813750000004,
              -7.065120099999945
            ],
            [
              110.438127,
              -7.06538409999996
            ],
            [
              110.43809970000007,
              -7.065631399999972
            ],
            [
              110.43804310000007,
              -7.065746699999977
            ],
            [
              110.43794810000009,
              -7.065818299999933
            ],
            [
              110.43777090000009,
              -7.065943699999934
            ],
            [
              110.43759750000004,
              -7.066124199999933
            ],
            [
              110.43749460000004,
              -7.066303499999947
            ],
            [
              110.43739430000005,
              -7.066495599999939
            ],
            [
              110.43729780000007,
              -7.066804399999967
            ],
            [
              110.43726170000008,
              -7.06693759999996
            ],
            [
              110.43725430000006,
              -7.066967099999943
            ],
            [
              110.43592380000007,
              -7.066765399999952
            ],
            [
              110.43590990000007,
              -7.066777699999932
            ],
            [
              110.43592230000007,
              -7.066776899999979
            ],
            [
              110.43566610000005,
              -7.066987199999971
            ],
            [
              110.43541380000005,
              -7.067238599999939
            ],
            [
              110.43504360000009,
              -7.067741599999977
            ],
            [
              110.43475740000008,
              -7.068227899999954
            ],
            [
              110.43469710000005,
              -7.068397499999946
            ],
            [
              110.43468450000006,
              -7.068436799999972
            ],
            [
              110.43480490000007,
              -7.068445699999927
            ],
            [
              110.43483810000004,
              -7.068447399999968
            ],
            [
              110.43494,
              -7.06845
            ],
            [
              110.43534050000005,
              -7.068500499999971
            ],
            [
              110.43541,
              -7.06851
            ],
            [
              110.43591,
              -7.06858
            ],
            [
              110.4364,
              -7.06867
            ],
            [
              110.43665,
              -7.06872
            ],
            [
              110.43685320000009,
              -7.068728799999974
            ],
            [
              110.43700780000006,
              -7.068809599999952
            ],
            [
              110.43713360000004,
              -7.069011199999977
            ],
            [
              110.43726760000004,
              -7.069330199999968
            ],
            [
              110.43728450000003,
              -7.069349899999963
            ],
            [
              110.437356,
              -7.069432899999981
            ],
            [
              110.43747730000007,
              -7.069573799999944
            ],
            [
              110.43752790000008,
              -7.069602299999929
            ],
            [
              110.43752720000003,
              -7.069614
            ],
            [
              110.43770380000007,
              -7.069783799999925
            ],
            [
              110.43800590000006,
              -7.069977199999926
            ],
            [
              110.43840060000008,
              -7.070111899999972
            ],
            [
              110.43889580000007,
              -7.070364199999972
            ],
            [
              110.43915610000005,
              -7.070456899999954
            ],
            [
              110.43942470000007,
              -7.070625
            ],
            [
              110.43968490000009,
              -7.070768
            ],
            [
              110.43991990000006,
              -7.07092769999997
            ],
            [
              110.44036470000009,
              -7.071221899999955
            ],
            [
              110.44069210000004,
              -7.071423699999968
            ],
            [
              110.44099420000003,
              -7.07159189999993
            ],
            [
              110.44138870000006,
              -7.071860799999968
            ],
            [
              110.44164880000005,
              -7.072138099999961
            ],
            [
              110.44206820000005,
              -7.072566499999937
            ],
            [
              110.442517,
              -7.073091499999975
            ],
            [
              110.44273510000005,
              -7.073301499999957
            ],
            [
              110.44283570000005,
              -7.073477899999943
            ],
            [
              110.44285230000008,
              -7.073620499999947
            ],
            [
              110.44274290000004,
              -7.073805
            ],
            [
              110.44249890000009,
              -7.074157099999979
            ],
            [
              110.44236820000003,
              -7.074538799999971
            ],
            [
              110.44225870000008,
              -7.07480709999993
            ],
            [
              110.44221640000006,
              -7.075067199999978
            ],
            [
              110.44207320000004,
              -7.075427899999966
            ],
            [
              110.44204780000007,
              -7.075562099999956
            ],
            [
              110.44237530000004,
              -7.075646399999926
            ],
            [
              110.44262720000006,
              -7.075722199999973
            ],
            [
              110.44286410000007,
              -7.075740699999926
            ],
            [
              110.44352,
              -7.07597
            ],
            [
              110.44366830000007,
              -7.076044199999956
            ],
            [
              110.44380710000007,
              -7.076079899999968
            ],
            [
              110.44405490000008,
              -7.076186299999961
            ],
            [
              110.44424970000006,
              -7.076248499999963
            ],
            [
              110.44451530000003,
              -7.076310699999965
            ],
            [
              110.44473670000008,
              -7.076293299999975
            ],
            [
              110.44477210000008,
              -7.076293299999975
            ],
            [
              110.44473660000006,
              -7.076364099999978
            ],
            [
              110.44471880000009,
              -7.076434799999959
            ],
            [
              110.44471870000007,
              -7.076505599999962
            ],
            [
              110.44467440000005,
              -7.076558599999942
            ],
            [
              110.44463880000006,
              -7.076647
            ],
            [
              110.44469180000004,
              -7.076744399999939
            ],
            [
              110.44471110000006,
              -7.076765099999932
            ],
            [
              110.44477,
              -7.07677
            ],
            [
              110.44485,
              -7.07678
            ],
            [
              110.44506,
              -7.07703
            ],
            [
              110.44515,
              -7.07715
            ],
            [
              110.44539,
              -7.0772
            ],
            [
              110.44541540000006,
              -7.077191199999959
            ],
            [
              110.44562,
              -7.07712
            ],
            [
              110.44572,
              -7.0771
            ],
            [
              110.44617820000008,
              -7.077324399999952
            ],
            [
              110.44641350000006,
              -7.077363
            ],
            [
              110.44695110000004,
              -7.07739719999995
            ],
            [
              110.44741310000006,
              -7.077313799999956
            ],
            [
              110.44783340000004,
              -7.077096099999949
            ],
            [
              110.44789760000003,
              -7.077072199999975
            ],
            [
              110.44800730000009,
              -7.076994599999978
            ],
            [
              110.45027,
              -7.077887
            ],
            [
              110.45027550000009,
              -7.07789409999998
            ],
            [
              110.45053510000008,
              -7.077936799999975
            ],
            [
              110.45095990000004,
              -7.078105299999947
            ],
            [
              110.45143780000006,
              -7.078353599999957
            ],
            [
              110.45180930000004,
              -7.078734399999973
            ],
            [
              110.45218090000009,
              -7.079053299999941
            ],
            [
              110.45240220000005,
              -7.079115499999943
            ],
            [
              110.45294230000007,
              -7.079195799999979
            ],
            [
              110.45330520000005,
              -7.07931119999995
            ],
            [
              110.45350040000005,
              -7.07942989999998
            ],
            [
              110.45355450000005,
              -7.079420899999946
            ],
            [
              110.45373030000007,
              -7.079258599999946
            ],
            [
              110.45389880000005,
              -7.079046499999947
            ],
            [
              110.45409380000007,
              -7.078931699999941
            ],
            [
              110.45428690000006,
              -7.07883279999993
            ],
            [
              110.45429940000008,
              -7.078817799999968
            ],
            [
              110.45433420000006,
              -7.078808599999945
            ],
            [
              110.45490420000004,
              -7.078657499999963
            ],
            [
              110.45532740000004,
              -7.078637799999967
            ],
            [
              110.45587130000007,
              -7.07881969999994
            ],
            [
              110.45613310000005,
              -7.079021299999965
            ],
            [
              110.45629970000005,
              -7.079188099999953
            ],
            [
              110.45635230000005,
              -7.079133
            ],
            [
              110.45653530000004,
              -7.078983299999948
            ],
            [
              110.45668790000008,
              -7.078879799999982
            ],
            [
              110.45689390000007,
              -7.078843599999971
            ],
            [
              110.45717620000005,
              -7.078854499999977
            ],
            [
              110.457428,
              -7.078938899999969
            ],
            [
              110.45776370000004,
              -7.079086299999972
            ],
            [
              110.45811460000004,
              -7.079180699999938
            ],
            [
              110.45846560000007,
              -7.079223099999979
            ],
            [
              110.45857240000004,
              -7.079265599999928
            ],
            [
              110.45858,
              -7.079268699999943
            ],
            [
              110.45864870000008,
              -7.079297
            ],
            [
              110.45864930000005,
              -7.079298499999936
            ],
            [
              110.45868680000007,
              -7.079392899999959
            ],
            [
              110.45893470000004,
              -7.079427599999974
            ],
            [
              110.45916750000004,
              -7.079460099999949
            ],
            [
              110.45989230000004,
              -7.07947489999998
            ],
            [
              110.46022030000006,
              -7.079410499999938
            ],
            [
              110.46041870000005,
              -7.079359
            ],
            [
              110.46065520000008,
              -7.07935139999995
            ],
            [
              110.46125790000008,
              -7.07931659999997
            ],
            [
              110.46187590000005,
              -7.079186
            ],
            [
              110.46206660000007,
              -7.079247399999929
            ],
            [
              110.46215060000009,
              -7.079257899999959
            ],
            [
              110.46218870000007,
              -7.079239299999927
            ],
            [
              110.46223450000008,
              -7.079251699999929
            ],
            [
              110.46242530000006,
              -7.079303699999969
            ],
            [
              110.46256260000007,
              -7.079367099999956
            ],
            [
              110.46324920000006,
              -7.079664199999968
            ],
            [
              110.46326450000004,
              -7.079697599999974
            ],
            [
              110.46334070000006,
              -7.079720899999927
            ],
            [
              110.46398160000007,
              -7.079844899999955
            ],
            [
              110.46489710000009,
              -7.080020899999965
            ],
            [
              110.46518710000004,
              -7.079876899999931
            ],
            [
              110.465271,
              -7.079747699999928
            ],
            [
              110.46529390000006,
              -7.079628399999933
            ],
            [
              110.46527860000003,
              -7.079222699999946
            ],
            [
              110.46533970000007,
              -7.079006599999957
            ],
            [
              110.46537780000006,
              -7.07899
            ],
            [
              110.46555330000007,
              -7.078989499999977
            ],
            [
              110.46590420000007,
              -7.079010499999981
            ],
            [
              110.466156,
              -7.079003299999954
            ],
            [
              110.46638490000004,
              -7.079092499999945
            ],
            [
              110.46675110000007,
              -7.079239299999927
            ],
            [
              110.46734620000007,
              -7.079296099999965
            ],
            [
              110.46782690000003,
              -7.079352799999981
            ],
            [
              110.46803280000006,
              -7.079435299999943
            ],
            [
              110.46830750000004,
              -7.079630799999961
            ],
            [
              110.46838380000008,
              -7.079753399999959
            ],
            [
              110.46844480000004,
              -7.079885499999932
            ],
            [
              110.46856690000004,
              -7.07995649999998
            ],
            [
              110.46874240000005,
              -7.079983199999958
            ],
            [
              110.469162,
              -7.080089599999951
            ],
            [
              110.47024540000007,
              -7.080510599999968
            ],
            [
              110.47113040000005,
              -7.080852499999935
            ],
            [
              110.47163390000009,
              -7.081054199999926
            ],
            [
              110.47209930000008,
              -7.08127589999998
            ],
            [
              110.47245790000005,
              -7.08149
            ],
            [
              110.47300720000004,
              -7.081802299999936
            ],
            [
              110.47357180000006,
              -7.082089399999973
            ],
            [
              110.47406770000003,
              -7.082253
            ],
            [
              110.47469330000007,
              -7.082535699999937
            ],
            [
              110.475357,
              -7.082932399999947
            ],
            [
              110.47551730000004,
              -7.083051199999943
            ],
            [
              110.475608,
              -7.083146199999931
            ],
            [
              110.47561640000004,
              -7.083155099999942
            ],
            [
              110.47573090000009,
              -7.08321049999995
            ],
            [
              110.47569270000008,
              -7.08324
            ],
            [
              110.47571560000006,
              -7.083306299999947
            ],
            [
              110.47612760000004,
              -7.083342
            ],
            [
              110.47629550000005,
              -7.083391699999936
            ],
            [
              110.47656250000006,
              -7.083539499999972
            ],
            [
              110.47691340000006,
              -7.083783599999947
            ],
            [
              110.47722630000004,
              -7.084102599999937
            ],
            [
              110.47726440000008,
              -7.08418649999993
            ],
            [
              110.477356,
              -7.084289499999954
            ],
            [
              110.47750090000005,
              -7.084403499999951
            ],
            [
              110.47754670000006,
              -7.084491699999944
            ],
            [
              110.47754670000006,
              -7.084528899999953
            ],
            [
              110.47755430000007,
              -7.084555599999931
            ],
            [
              110.47760770000008,
              -7.084692
            ],
            [
              110.47761540000005,
              -7.084762099999978
            ],
            [
              110.47758480000005,
              -7.085433899999941
            ],
            [
              110.47882840000005,
              -7.084637599999951
            ],
            [
              110.47915650000004,
              -7.084431099999961
            ],
            [
              110.47996520000004,
              -7.083981499999936
            ],
            [
              110.48100280000006,
              -7.083470299999931
            ],
            [
              110.48103520000006,
              -7.083451599999933
            ],
            [
              110.48200230000003,
              -7.082893299999967
            ],
            [
              110.48270420000006,
              -7.082458
            ],
            [
              110.48362730000008,
              -7.081971099999976
            ],
            [
              110.48468020000007,
              -7.081281599999954
            ],
            [
              110.48513790000004,
              -7.080822
            ],
            [
              110.485257,
              -7.080717799999945
            ],
            [
              110.48543550000005,
              -7.080561599999953
            ],
            [
              110.485878,
              -7.08014819999994
            ],
            [
              110.486023,
              -7.080019
            ],
            [
              110.48635860000007,
              -7.079705699999977
            ],
            [
              110.48736570000005,
              -7.078784
            ],
            [
              110.48737340000008,
              -7.07871339999997
            ],
            [
              110.48741150000006,
              -7.078415399999926
            ],
            [
              110.487503,
              -7.078163099999927
            ],
            [
              110.48770140000005,
              -7.07758709999996
            ],
            [
              110.48774720000006,
              -7.077492199999938
            ],
            [
              110.48789980000004,
              -7.077413099999944
            ],
            [
              110.48829650000005,
              -7.077370599999938
            ],
            [
              110.489151,
              -7.077341099999956
            ],
            [
              110.48923490000004,
              -7.077316699999926
            ],
            [
              110.48947910000004,
              -7.076847099999952
            ],
            [
              110.48966980000006,
              -7.076423199999965
            ],
            [
              110.48985290000007,
              -7.076113699999951
            ],
            [
              110.48998260000008,
              -7.075995399999954
            ],
            [
              110.49015050000008,
              -7.075929599999938
            ],
            [
              110.49041750000004,
              -7.075882399999955
            ],
            [
              110.49056240000004,
              -7.075815199999965
            ],
            [
              110.49089810000004,
              -7.075382699999977
            ],
            [
              110.49102780000004,
              -7.075179099999957
            ],
            [
              110.491188,
              -7.074442399999953
            ],
            [
              110.49123380000009,
              -7.074160499999948
            ],
            [
              110.491394,
              -7.074018399999943
            ],
            [
              110.49156950000008,
              -7.073955
            ],
            [
              110.49212650000004,
              -7.073328
            ],
            [
              110.49278260000006,
              -7.072810599999968
            ],
            [
              110.49334720000007,
              -7.072298
            ],
            [
              110.49356840000007,
              -7.071884599999976
            ],
            [
              110.493721,
              -7.071596099999965
            ],
            [
              110.49390410000007,
              -7.071322899999927
            ],
            [
              110.49406080000006,
              -7.071124899999973
            ],
            [
              110.49406330000005,
              -7.071121799999958
            ],
            [
              110.49415590000007,
              -7.071004799999969
            ],
            [
              110.49429320000007,
              -7.070913799999971
            ],
            [
              110.49438480000003,
              -7.070891399999937
            ],
            [
              110.49447630000009,
              -7.070925199999976
            ],
            [
              110.49459080000008,
              -7.071073499999954
            ],
            [
              110.49466760000007,
              -7.071156299999927
            ],
            [
              110.49467080000005,
              -7.07115959999993
            ],
            [
              110.49472810000009,
              -7.071221299999934
            ],
            [
              110.49492650000008,
              -7.071301399999925
            ],
            [
              110.49515530000008,
              -7.071290499999975
            ],
            [
              110.49529270000005,
              -7.071233699999937
            ],
            [
              110.49536130000007,
              -7.071131199999968
            ],
            [
              110.49543,
              -7.070915199999945
            ],
            [
              110.49549870000004,
              -7.070733
            ],
            [
              110.495636,
              -7.070562799999948
            ],
            [
              110.49579620000009,
              -7.070357799999954
            ],
            [
              110.49599460000007,
              -7.070119399999953
            ],
            [
              110.49612430000008,
              -7.069925799999965
            ],
            [
              110.49620820000007,
              -7.069732699999975
            ],
            [
              110.49623870000005,
              -7.069539
            ],
            [
              110.49623110000005,
              -7.069334499999968
            ],
            [
              110.49616240000006,
              -7.069140899999979
            ],
            [
              110.49607080000004,
              -7.068924899999956
            ],
            [
              110.49597170000004,
              -7.06881089999996
            ],
            [
              110.49575040000008,
              -7.068651199999977
            ],
            [
              110.49552150000005,
              -7.068514299999947
            ],
            [
              110.49547930000006,
              -7.068464899999981
            ],
            [
              110.495477,
              -7.068462299999965
            ],
            [
              110.49541470000008,
              -7.068389399999944
            ],
            [
              110.49539180000005,
              -7.068332199999929
            ],
            [
              110.49542240000005,
              -7.068275399999948
            ],
            [
              110.49548340000007,
              -7.068241599999965
            ],
            [
              110.49565120000005,
              -7.068253
            ],
            [
              110.49581910000006,
              -7.068332599999962
            ],
            [
              110.49588060000008,
              -7.068380799999943
            ],
            [
              110.49597930000004,
              -7.068458
            ],
            [
              110.49626920000009,
              -7.068572
            ],
            [
              110.49627140000007,
              -7.068572499999959
            ],
            [
              110.49638370000008,
              -7.068594899999937
            ],
            [
              110.49644470000004,
              -7.068561099999954
            ],
            [
              110.49655150000007,
              -7.068413199999952
            ],
            [
              110.496666,
              -7.068231099999934
            ],
            [
              110.496694,
              -7.06814739999993
            ],
            [
              110.49671170000005,
              -7.068094699999961
            ],
            [
              110.49671930000005,
              -7.067935399999953
            ],
            [
              110.49673550000006,
              -7.067831399999932
            ],
            [
              110.49674220000009,
              -7.067787599999974
            ],
            [
              110.49681090000007,
              -7.067719499999953
            ],
            [
              110.49690250000003,
              -7.067708
            ],
            [
              110.49703980000004,
              -7.067708499999981
            ],
            [
              110.49718950000005,
              -7.067764199999942
            ],
            [
              110.49722290000005,
              -7.067776599999945
            ],
            [
              110.49736020000006,
              -7.067867699999965
            ],
            [
              110.49742130000004,
              -7.067981699999962
            ],
            [
              110.497406,
              -7.068107099999963
            ],
            [
              110.49733730000008,
              -7.068220599999961
            ],
            [
              110.49723820000008,
              -7.068334099999959
            ],
            [
              110.49720840000003,
              -7.068357099999957
            ],
            [
              110.49703220000004,
              -7.068493299999943
            ],
            [
              110.49694820000008,
              -7.068573
            ],
            [
              110.49690250000003,
              -7.068709299999966
            ],
            [
              110.49690250000003,
              -7.068834699999968
            ],
            [
              110.49694060000007,
              -7.068971099999942
            ],
            [
              110.49703980000004,
              -7.069108
            ],
            [
              110.49722290000005,
              -7.069232899999975
            ],
            [
              110.49746410000006,
              -7.069339299999967
            ],
            [
              110.49748230000006,
              -7.06934739999997
            ],
            [
              110.49777220000004,
              -7.069393099999957
            ],
            [
              110.49817660000008,
              -7.069416
            ],
            [
              110.49838260000007,
              -7.069382099999928
            ],
            [
              110.498497,
              -7.069314
            ],
            [
              110.49853520000005,
              -7.069245799999976
            ],
            [
              110.49853520000005,
              -7.069132299999978
            ],
            [
              110.49848940000004,
              -7.069018299999925
            ],
            [
              110.49835210000003,
              -7.068827099999965
            ],
            [
              110.49829870000008,
              -7.068771799999979
            ],
            [
              110.49820710000006,
              -7.068716499999937
            ],
            [
              110.498085,
              -7.06867219999998
            ],
            [
              110.497879,
              -7.068616799999972
            ],
            [
              110.49779510000008,
              -7.068550099999925
            ],
            [
              110.49777990000007,
              -7.068494799999939
            ],
            [
              110.49777990000007,
              -7.068395599999974
            ],
            [
              110.49780270000008,
              -7.068240599999967
            ],
            [
              110.497818,
              -7.068085599999961
            ],
            [
              110.497818,
              -7.067953099999954
            ],
            [
              110.49778750000007,
              -7.06777569999997
            ],
            [
              110.49776460000004,
              -7.067598799999928
            ],
            [
              110.49776460000004,
              -7.067510599999935
            ],
            [
              110.49781040000005,
              -7.067421899999943
            ],
            [
              110.49784090000009,
              -7.067333699999949
            ],
            [
              110.49792480000008,
              -7.067245
            ],
            [
              110.49794510000004,
              -7.067236299999934
            ],
            [
              110.49800110000007,
              -7.067212099999949
            ],
            [
              110.49810030000003,
              -7.067212099999949
            ],
            [
              110.49822240000009,
              -7.067245499999956
            ],
            [
              110.49880980000006,
              -7.067423299999973
            ],
            [
              110.49898120000006,
              -7.067469
            ],
            [
              110.49898810000008,
              -7.067470799999967
            ],
            [
              110.49918370000006,
              -7.067523
            ],
            [
              110.49934390000004,
              -7.067545399999972
            ],
            [
              110.49945070000007,
              -7.067512499999964
            ],
            [
              110.499527,
              -7.067457199999978
            ],
            [
              110.49957280000007,
              -7.067313199999944
            ],
            [
              110.49960330000005,
              -7.06712529999993
            ],
            [
              110.49961850000005,
              -7.066926
            ],
            [
              110.49963450000007,
              -7.066893
            ],
            [
              110.49967190000007,
              -7.066815799999972
            ],
            [
              110.49983980000007,
              -7.066749499999958
            ],
            [
              110.49990850000006,
              -7.066716199999973
            ],
            [
              110.5,
              -7.06671659999995
            ],
            [
              110.50004580000007,
              -7.06674529999998
            ],
            [
              110.50015260000004,
              -7.066817699999945
            ],
            [
              110.50028790000005,
              -7.067100799999935
            ],
            [
              110.50029760000007,
              -7.067121
            ],
            [
              110.50030520000007,
              -7.067155599999978
            ],
            [
              110.50033570000005,
              -7.067292699999939
            ],
            [
              110.50048070000008,
              -7.067345599999953
            ],
            [
              110.50059510000006,
              -7.067352299999925
            ],
            [
              110.500679,
              -7.067326
            ],
            [
              110.50079350000004,
              -7.067279799999937
            ],
            [
              110.50079940000006,
              -7.067276499999934
            ],
            [
              110.50081640000008,
              -7.067266899999936
            ],
            [
              110.50086970000007,
              -7.067214
            ],
            [
              110.50089260000004,
              -7.067161499999941
            ],
            [
              110.50092320000005,
              -7.067042799999967
            ],
            [
              110.50092320000005,
              -7.06685159999995
            ],
            [
              110.50090030000007,
              -7.066601299999945
            ],
            [
              110.50085450000006,
              -7.066429599999935
            ],
            [
              110.500557,
              -7.066270799999927
            ],
            [
              110.50016790000006,
              -7.066152099999954
            ],
            [
              110.5,
              -7.066001899999947
            ],
            [
              110.49993130000007,
              -7.065964199999939
            ],
            [
              110.49989320000009,
              -7.065875499999947
            ],
            [
              110.499855,
              -7.065643299999977
            ],
            [
              110.49978640000006,
              -7.065433
            ],
            [
              110.49971010000007,
              -7.065056799999979
            ],
            [
              110.49967190000007,
              -7.064813599999979
            ],
            [
              110.49967190000007,
              -7.064647699999966
            ],
            [
              110.499733,
              -7.064382
            ],
            [
              110.49971010000007,
              -7.06405019999994
            ],
            [
              110.499733,
              -7.063795499999969
            ],
            [
              110.49941250000006,
              -7.063315799999941
            ],
            [
              110.49919150000005,
              -7.063238599999977
            ],
            [
              110.498848,
              -7.063118399999951
            ],
            [
              110.49792480000008,
              -7.063171799999964
            ],
            [
              110.49712370000009,
              -7.063456
            ],
            [
              110.49619290000004,
              -7.063541399999963
            ],
            [
              110.49553680000008,
              -7.063354899999979
            ],
            [
              110.49491880000005,
              -7.062597299999936
            ],
            [
              110.49411770000006,
              -7.061830499999928
            ],
            [
              110.493309,
              -7.061419899999976
            ],
            [
              110.49213410000004,
              -7.060958899999946
            ],
            [
              110.49144750000005,
              -7.060323699999969
            ],
            [
              110.49093630000004,
              -7.059389099999976
            ],
            [
              110.49096680000008,
              -7.058397799999966
            ],
            [
              110.49117280000007,
              -7.057741599999929
            ],
            [
              110.49150850000007,
              -7.057006299999955
            ],
            [
              110.49143220000008,
              -7.056424599999957
            ],
            [
              110.49099730000006,
              -7.05525629999994
            ],
            [
              110.49012760000005,
              -7.054098599999975
            ],
            [
              110.48952130000004,
              -7.053313099999968
            ],
            [
              110.48921970000004,
              -7.052922199999955
            ],
            [
              110.488678,
              -7.052300899999977
            ],
            [
              110.48789210000007,
              -7.051368699999955
            ],
            [
              110.486763,
              -7.050243399999943
            ],
            [
              110.48667910000006,
              -7.050144199999977
            ],
            [
              110.48659510000005,
              -7.050230899999974
            ],
            [
              110.48657990000004,
              -7.05025379999995
            ],
            [
              110.486496,
              -7.050323499999934
            ],
            [
              110.48648740000004,
              -7.050332699999956
            ],
            [
              110.48642730000006,
              -7.050397399999952
            ],
            [
              110.48636630000004,
              -7.050660099999959
            ],
            [
              110.48634340000007,
              -7.050926699999934
            ],
            [
              110.48640440000008,
              -7.051095499999974
            ],
            [
              110.48661040000007,
              -7.051728699999956
            ],
            [
              110.48661040000007,
              -7.051926099999946
            ],
            [
              110.48650360000005,
              -7.052292799999975
            ],
            [
              110.48637390000005,
              -7.052765299999976
            ],
            [
              110.48588560000007,
              -7.054138699999953
            ],
            [
              110.48576350000008,
              -7.054456699999946
            ],
            [
              110.48551940000004,
              -7.055109
            ],
            [
              110.48541260000007,
              -7.055203399999925
            ],
            [
              110.484993,
              -7.055477599999961
            ],
            [
              110.48471070000005,
              -7.055730299999937
            ],
            [
              110.48449710000006,
              -7.05587479999997
            ],
            [
              110.48435210000008,
              -7.055984499999965
            ],
            [
              110.48415370000004,
              -7.056088899999963
            ],
            [
              110.48398590000005,
              -7.056188099999929
            ],
            [
              110.48368070000004,
              -7.056392199999948
            ],
            [
              110.48339840000006,
              -7.056557599999962
            ],
            [
              110.48319240000006,
              -7.05659049999997
            ],
            [
              110.48306270000006,
              -7.05655859999996
            ],
            [
              110.482872,
              -7.056472699999972
            ],
            [
              110.48252870000005,
              -7.056314399999962
            ],
            [
              110.48230740000008,
              -7.056292
            ],
            [
              110.48194120000005,
              -7.056310599999961
            ],
            [
              110.48189540000004,
              -7.056325899999933
            ],
            [
              110.48145290000008,
              -7.056548099999929
            ],
            [
              110.48126220000006,
              -7.056714499999941
            ],
            [
              110.48120120000004,
              -7.056873799999948
            ],
            [
              110.48117830000007,
              -7.057045
            ],
            [
              110.48115540000003,
              -7.05723809999995
            ],
            [
              110.48094180000004,
              -7.05743259999997
            ],
            [
              110.48083120000007,
              -7.057372699999974
            ],
            [
              110.48082730000004,
              -7.057370599999956
            ],
            [
              110.48080440000007,
              -7.057360599999981
            ],
            [
              110.48074340000005,
              -7.057135099999925
            ],
            [
              110.48068240000003,
              -7.056777
            ],
            [
              110.48073580000005,
              -7.056510399999979
            ],
            [
              110.48084260000007,
              -7.056315899999959
            ],
            [
              110.48107150000004,
              -7.056028799999979
            ],
            [
              110.48114780000009,
              -7.05590959999995
            ],
            [
              110.48119350000007,
              -7.055686
            ],
            [
              110.48114780000009,
              -7.055283
            ],
            [
              110.48107910000004,
              -7.054925
            ],
            [
              110.48097230000008,
              -7.054686499999946
            ],
            [
              110.48078920000006,
              -7.054298399999936
            ],
            [
              110.48075110000008,
              -7.054059499999937
            ],
            [
              110.48073580000005,
              -7.053910199999962
            ],
            [
              110.48081210000004,
              -7.053654199999926
            ],
            [
              110.48081330000008,
              -7.053650799999957
            ],
            [
              110.480896,
              -7.05343339999996
            ],
            [
              110.48104860000007,
              -7.053150199999948
            ],
            [
              110.48117060000004,
              -7.053016199999945
            ],
            [
              110.48142240000004,
              -7.052911699999981
            ],
            [
              110.48167420000004,
              -7.052807799999925
            ],
            [
              110.481926,
              -7.052763399999947
            ],
            [
              110.48224640000007,
              -7.052778699999976
            ],
            [
              110.48268890000008,
              -7.052793899999926
            ],
            [
              110.482811,
              -7.052764399999944
            ],
            [
              110.482872,
              -7.052704799999958
            ],
            [
              110.48290250000008,
              -7.05260039999996
            ],
            [
              110.48290250000008,
              -7.052421099999947
            ],
            [
              110.482811,
              -7.052197399999955
            ],
            [
              110.48268890000008,
              -7.051988599999959
            ],
            [
              110.482666,
              -7.051868899999931
            ],
            [
              110.48269650000009,
              -7.051720099999955
            ],
            [
              110.48279570000005,
              -7.051481199999955
            ],
            [
              110.48294830000009,
              -7.051258
            ],
            [
              110.48307040000009,
              -7.051183199999969
            ],
            [
              110.48332210000007,
              -7.051109299999951
            ],
            [
              110.483706,
              -7.051109699999927
            ],
            [
              110.48371570000006,
              -7.051109699999927
            ],
            [
              110.48374170000005,
              -7.051109799999949
            ],
            [
              110.48403930000006,
              -7.051169399999935
            ],
            [
              110.48427580000003,
              -7.051244199999928
            ],
            [
              110.48461910000009,
              -7.051424
            ],
            [
              110.48481750000008,
              -7.051573299999973
            ],
            [
              110.48491670000004,
              -7.051737299999957
            ],
            [
              110.48493190000005,
              -7.05191659999997
            ],
            [
              110.48491670000004,
              -7.052020499999969
            ],
            [
              110.484787,
              -7.052139699999941
            ],
            [
              110.48460390000008,
              -7.05225889999997
            ],
            [
              110.48442840000007,
              -7.052392899999973
            ],
            [
              110.48423,
              -7.052587
            ],
            [
              110.48419950000005,
              -7.052751
            ],
            [
              110.48421480000007,
              -7.052899799999977
            ],
            [
              110.48441310000004,
              -7.053138699999977
            ],
            [
              110.48464970000003,
              -7.05333319999994
            ],
            [
              110.484835,
              -7.053382399999975
            ],
            [
              110.48485430000005,
              -7.053387499999928
            ],
            [
              110.48493190000005,
              -7.053408099999956
            ],
            [
              110.48509980000006,
              -7.05342289999993
            ],
            [
              110.48522950000006,
              -7.053393299999925
            ],
            [
              110.48533630000009,
              -7.053274099999953
            ],
            [
              110.48547360000003,
              -7.053005699999972
            ],
            [
              110.48563390000004,
              -7.052767299999971
            ],
            [
              110.48581690000009,
              -7.052454399999931
            ],
            [
              110.48596190000006,
              -7.05220079999998
            ],
            [
              110.48600770000007,
              -7.051991899999962
            ],
            [
              110.48596190000006,
              -7.051544699999965
            ],
            [
              110.48589320000008,
              -7.050947599999972
            ],
            [
              110.48577120000004,
              -7.050351099999943
            ],
            [
              110.485672,
              -7.050057399999957
            ],
            [
              110.48567170000007,
              -7.050057
            ],
            [
              110.48553470000007,
              -7.049885199999949
            ],
            [
              110.48530580000005,
              -7.049587199999962
            ],
            [
              110.48507690000008,
              -7.049404099999947
            ],
            [
              110.484848,
              -7.049254899999937
            ],
            [
              110.48459620000006,
              -7.049105599999962
            ],
            [
              110.48450470000006,
              -7.049014099999965
            ],
            [
              110.48432160000004,
              -7.048865299999932
            ],
            [
              110.48420720000007,
              -7.048773299999937
            ],
            [
              110.48408510000007,
              -7.04875039999996
            ],
            [
              110.483818,
              -7.048738499999956
            ],
            [
              110.48376590000004,
              -7.048731099999941
            ],
            [
              110.48372040000004,
              -7.04872469999998
            ],
            [
              110.48357390000007,
              -7.048704099999952
            ],
            [
              110.48347470000004,
              -7.048658299999943
            ],
            [
              110.48345760000007,
              -7.048619599999938
            ],
            [
              110.483452,
              -7.048606899999925
            ],
            [
              110.48324340000005,
              -7.048559
            ],
            [
              110.48308620000006,
              -7.048524699999973
            ],
            [
              110.48297690000004,
              -7.04846989999993
            ],
            [
              110.48293590000009,
              -7.048415199999965
            ],
            [
              110.48291550000005,
              -7.048319599999957
            ],
            [
              110.482943,
              -7.048169299999927
            ],
            [
              110.48301850000007,
              -7.047923499999968
            ],
            [
              110.48310760000004,
              -7.047698199999957
            ],
            [
              110.48321050000004,
              -7.047466099999951
            ],
            [
              110.48355290000006,
              -7.046967799999948
            ],
            [
              110.48360770000005,
              -7.04681759999994
            ],
            [
              110.48361860000006,
              -7.046704599999941
            ],
            [
              110.48361260000007,
              -7.046703799999932
            ],
            [
              110.48358920000004,
              -7.046700899999962
            ],
            [
              110.48329160000009,
              -7.046677599999953
            ],
            [
              110.48310850000007,
              -7.046677599999953
            ],
            [
              110.483029,
              -7.046607599999959
            ],
            [
              110.48302270000005,
              -7.046602
            ],
            [
              110.48297210000004,
              -7.046618799999976
            ],
            [
              110.48279430000008,
              -7.046632299999942
            ],
            [
              110.48263710000003,
              -7.046604799999955
            ],
            [
              110.482562,
              -7.046522699999969
            ],
            [
              110.48254850000006,
              -7.046379299999955
            ],
            [
              110.48256230000004,
              -7.046229
            ],
            [
              110.48269240000008,
              -7.046078899999941
            ],
            [
              110.48288390000005,
              -7.04602449999993
            ],
            [
              110.48312320000008,
              -7.04600419999997
            ],
            [
              110.48351290000005,
              -7.045991
            ],
            [
              110.483636,
              -7.045950199999936
            ],
            [
              110.48380710000004,
              -7.045841099999961
            ],
            [
              110.48388930000004,
              -7.045738699999958
            ],
            [
              110.48388950000009,
              -7.045554299999935
            ],
            [
              110.48380750000007,
              -7.045438099999956
            ],
            [
              110.483688,
              -7.045391199999926
            ],
            [
              110.48345190000003,
              -7.045407299999965
            ],
            [
              110.48310850000007,
              -7.045418199999972
            ],
            [
              110.48291780000005,
              -7.045394899999962
            ],
            [
              110.48282130000007,
              -7.045368699999926
            ],
            [
              110.48267950000007,
              -7.045368499999938
            ],
            [
              110.48252220000006,
              -7.045354699999962
            ],
            [
              110.48226940000006,
              -7.045265599999937
            ],
            [
              110.48196190000004,
              -7.045101299999942
            ],
            [
              110.48159970000006,
              -7.044889199999943
            ],
            [
              110.48127180000006,
              -7.044649699999979
            ],
            [
              110.48116960000004,
              -7.04439009999993
            ],
            [
              110.48116980000009,
              -7.044205599999941
            ],
            [
              110.48127250000005,
              -7.044028099999935
            ],
            [
              110.48142990000008,
              -7.043898499999955
            ],
            [
              110.48174460000007,
              -7.043762299999969
            ],
            [
              110.48197370000008,
              -7.043684
            ],
            [
              110.48236340000005,
              -7.043670799999973
            ],
            [
              110.48282150000006,
              -7.043712199999959
            ],
            [
              110.48342990000003,
              -7.043788099999972
            ],
            [
              110.48395630000005,
              -7.043836399999975
            ],
            [
              110.48440750000009,
              -7.043891599999938
            ],
            [
              110.48465370000008,
              -7.043850899999939
            ],
            [
              110.48479060000005,
              -7.043734899999947
            ],
            [
              110.48483160000006,
              -7.043687099999943
            ],
            [
              110.48481810000004,
              -7.04353
            ],
            [
              110.48475,
              -7.043352299999981
            ],
            [
              110.48455540000003,
              -7.043096
            ],
            [
              110.48437780000006,
              -7.042925
            ],
            [
              110.484084,
              -7.042767599999934
            ],
            [
              110.48380380000009,
              -7.042651199999966
            ],
            [
              110.48352350000005,
              -7.042582599999946
            ],
            [
              110.48327750000004,
              -7.042500299999972
            ],
            [
              110.48312720000007,
              -7.04239089999993
            ],
            [
              110.483059,
              -7.042226899999946
            ],
            [
              110.48308660000004,
              -7.042022
            ],
            [
              110.48316880000004,
              -7.041830799999957
            ],
            [
              110.48340160000004,
              -7.041537299999959
            ],
            [
              110.48357280000005,
              -7.041305299999976
            ],
            [
              110.483662,
              -7.041066299999954
            ],
            [
              110.48364170000008,
              -7.040847699999972
            ],
            [
              110.48364820000006,
              -7.04063309999998
            ],
            [
              110.48361720000008,
              -7.040630799999974
            ],
            [
              110.48333,
              -7.04061
            ],
            [
              110.4831,
              -7.04064
            ],
            [
              110.48297510000003,
              -7.04063009999993
            ],
            [
              110.482924,
              -7.04063519999994
            ],
            [
              110.48272570000006,
              -7.04064859999994
            ],
            [
              110.48237030000007,
              -7.040573099999961
            ],
            [
              110.48202170000008,
              -7.040449799999976
            ],
            [
              110.48145110000007,
              -7.040206599999976
            ],
            [
              110.48116420000008,
              -7.040015099999948
            ],
            [
              110.48104810000007,
              -7.039830499999937
            ],
            [
              110.48098680000004,
              -7.039680199999964
            ],
            [
              110.48102120000004,
              -7.039475299999935
            ],
            [
              110.48118930000004,
              -7.03895979999993
            ],
            [
              110.48140840000008,
              -7.038645799999927
            ],
            [
              110.48164820000005,
              -7.038202099999978
            ],
            [
              110.481751,
              -7.03796989999995
            ],
            [
              110.48175450000008,
              -7.037884599999927
            ],
            [
              110.48170680000004,
              -7.037747899999943
            ],
            [
              110.48161130000005,
              -7.037529199999938
            ],
            [
              110.48138590000008,
              -7.037351399999977
            ],
            [
              110.48117410000003,
              -7.037207699999954
            ],
            [
              110.48098620000007,
              -7.037101599999971
            ],
            [
              110.48086330000007,
              -7.036978499999975
            ],
            [
              110.48078830000009,
              -7.036759899999936
            ],
            [
              110.48079540000003,
              -7.036589099999958
            ],
            [
              110.480953,
              -7.036275099999955
            ],
            [
              110.481001,
              -7.036111199999937
            ],
            [
              110.48097730000006,
              -7.035937
            ],
            [
              110.48080660000005,
              -7.035704599999974
            ],
            [
              110.48056760000009,
              -7.035431099999926
            ],
            [
              110.48042440000006,
              -7.035130399999957
            ],
            [
              110.48038040000006,
              -7.03471019999995
            ],
            [
              110.48033970000006,
              -7.034443799999963
            ],
            [
              110.48034690000009,
              -7.034088599999961
            ],
            [
              110.48029930000007,
              -7.033856299999968
            ],
            [
              110.48019010000007,
              -7.033705899999973
            ],
            [
              110.48006410000005,
              -7.033258399999966
            ],
            [
              110.47992780000004,
              -7.032834699999967
            ],
            [
              110.47983930000004,
              -7.032472599999949
            ],
            [
              110.47972350000003,
              -7.03213779999993
            ],
            [
              110.47959770000006,
              -7.03147169999994
            ],
            [
              110.47957050000008,
              -7.031328199999962
            ],
            [
              110.47951620000003,
              -7.03100029999996
            ],
            [
              110.47947540000007,
              -7.030836299999976
            ],
            [
              110.47933890000007,
              -7.030583399999955
            ],
            [
              110.479346,
              -7.030358
            ],
            [
              110.47934620000007,
              -7.030180399999949
            ],
            [
              110.47927470000008,
              -7.029883199999972
            ],
            [
              110.47913820000008,
              -7.029753299999925
            ],
            [
              110.47899480000007,
              -7.029541399999971
            ],
            [
              110.47891990000005,
              -7.029281699999956
            ],
            [
              110.47890650000005,
              -7.02907
            ],
            [
              110.47882460000005,
              -7.028864899999974
            ],
            [
              110.47874280000008,
              -7.028714599999944
            ],
            [
              110.47876340000005,
              -7.028584799999976
            ],
            [
              110.478774,
              -7.028253599999971
            ],
            [
              110.47868640000007,
              -7.027146899999934
            ],
            [
              110.47866610000005,
              -7.026948799999957
            ],
            [
              110.47838970000004,
              -7.026494199999945
            ],
            [
              110.47820540000004,
              -7.026241299999981
            ],
            [
              110.47804850000006,
              -7.025913299999957
            ],
            [
              110.47792210000006,
              -7.02569619999997
            ],
            [
              110.47790520000007,
              -7.02566719999993
            ],
            [
              110.47787820000008,
              -7.025400799999943
            ],
            [
              110.47770420000006,
              -7.025048799999979
            ],
            [
              110.477445,
              -7.024522599999955
            ],
            [
              110.47739730000006,
              -7.024358599999971
            ],
            [
              110.47727440000006,
              -7.024290099999973
            ],
            [
              110.47717190000009,
              -7.024214899999947
            ],
            [
              110.47710350000006,
              -7.024214799999982
            ],
            [
              110.47694630000007,
              -7.024180499999943
            ],
            [
              110.476796,
              -7.024043699999936
            ],
            [
              110.47663920000008,
              -7.023715699999968
            ],
            [
              110.47648240000007,
              -7.023326099999963
            ],
            [
              110.47627520000009,
              -7.022604699999931
            ],
            [
              110.47627480000006,
              -7.022603299999957
            ],
            [
              110.476259,
              -7.022567299999935
            ],
            [
              110.47625690000007,
              -7.02256239999997
            ],
            [
              110.47608970000005,
              -7.02217939999997
            ],
            [
              110.47599790000004,
              -7.022041599999966
            ],
            [
              110.47582,
              -7.02196
            ],
            [
              110.47565910000009,
              -7.021845
            ],
            [
              110.47563180000009,
              -7.021845
            ],
            [
              110.47555540000008,
              -7.021835399999929
            ],
            [
              110.47551720000007,
              -7.021825799999931
            ],
            [
              110.47549810000004,
              -7.02179719999998
            ],
            [
              110.47546,
              -7.021797099999958
            ],
            [
              110.47540270000007,
              -7.021778
            ],
            [
              110.47532640000009,
              -7.021730199999979
            ],
            [
              110.47526910000005,
              -7.021711099999948
            ],
            [
              110.47514510000008,
              -7.021606
            ],
            [
              110.475126,
              -7.021558299999981
            ],
            [
              110.47512610000007,
              -7.021472399999936
            ],
            [
              110.47513570000007,
              -7.021443799999929
            ],
            [
              110.47513580000009,
              -7.021338899999932
            ],
            [
              110.47521230000007,
              -7.02122449999996
            ],
            [
              110.47523150000006,
              -7.021176799999978
            ],
            [
              110.47524110000006,
              -7.021129099999939
            ],
            [
              110.47524130000005,
              -7.020967
            ],
            [
              110.47524140000007,
              -7.020890599999973
            ],
            [
              110.47520320000007,
              -7.020833399999958
            ],
            [
              110.47511740000004,
              -7.020728299999973
            ],
            [
              110.47501250000005,
              -7.020613799999978
            ],
            [
              110.47492670000008,
              -7.020518299999935
            ],
            [
              110.47486940000005,
              -7.020489599999962
            ],
            [
              110.47483370000003,
              -7.02048439999993
            ],
            [
              110.47479,
              -7.020453599999939
            ],
            [
              110.47457790000004,
              -7.020354
            ],
            [
              110.47437240000005,
              -7.020247799999936
            ],
            [
              110.47425830000009,
              -7.020212
            ],
            [
              110.47423010000006,
              -7.020193099999972
            ],
            [
              110.47419410000003,
              -7.020145199999945
            ],
            [
              110.47414,
              -7.02014
            ],
            [
              110.47395,
              -7.0201
            ],
            [
              110.47384540000007,
              -7.020023899999956
            ],
            [
              110.47380230000005,
              -7.020008599999926
            ],
            [
              110.47366970000007,
              -7.019902399999978
            ],
            [
              110.47350410000007,
              -7.019710099999941
            ],
            [
              110.47339830000004,
              -7.01949129999997
            ],
            [
              110.47332240000009,
              -7.019289699999945
            ],
            [
              110.47326,
              -7.0192
            ],
            [
              110.4732,
              -7.01915
            ],
            [
              110.47282,
              -7.01893
            ],
            [
              110.47276,
              -7.0189
            ],
            [
              110.4727,
              -7.01888
            ],
            [
              110.4723,
              -7.01871
            ],
            [
              110.47213,
              -7.01864
            ],
            [
              110.47145,
              -7.01817
            ],
            [
              110.47138750000005,
              -7.018123099999968
            ],
            [
              110.47089,
              -7.01775
            ],
            [
              110.4706,
              -7.01744
            ],
            [
              110.47023,
              -7.01698
            ],
            [
              110.47015,
              -7.01682
            ],
            [
              110.47003,
              -7.01669
            ],
            [
              110.46942,
              -7.01654
            ],
            [
              110.46772,
              -7.01592
            ],
            [
              110.46746,
              -7.01583
            ],
            [
              110.46714,
              -7.01573
            ],
            [
              110.46689,
              -7.01566
            ],
            [
              110.46678,
              -7.01562
            ],
            [
              110.46670730000005,
              -7.015589699999964
            ],
            [
              110.46666,
              -7.01557
            ],
            [
              110.46621,
              -7.01537
            ],
            [
              110.46608,
              -7.01532
            ],
            [
              110.46575,
              -7.01519
            ],
            [
              110.46555,
              -7.01517
            ],
            [
              110.46543,
              -7.01512
            ],
            [
              110.46521,
              -7.01505
            ],
            [
              110.46502,
              -7.01498
            ],
            [
              110.46497970000007,
              -7.014964299999974
            ],
            [
              110.46484540000006,
              -7.014941499999964
            ],
            [
              110.46454870000008,
              -7.014818699999978
            ],
            [
              110.46426620000005,
              -7.01463949999993
            ],
            [
              110.46398840000006,
              -7.014408499999945
            ],
            [
              110.46383640000005,
              -7.014329299999929
            ],
            [
              110.46381,
              -7.01432
            ],
            [
              110.4636,
              -7.01432
            ],
            [
              110.46337,
              -7.01425
            ],
            [
              110.46329240000006,
              -7.014224099999979
            ],
            [
              110.46322530000003,
              -7.014224
            ],
            [
              110.46297090000007,
              -7.01415309999993
            ],
            [
              110.46256110000007,
              -7.01406789999993
            ],
            [
              110.46230680000008,
              -7.013964099999953
            ],
            [
              110.46227390000007,
              -7.013860499999964
            ],
            [
              110.46211640000007,
              -7.013566
            ],
            [
              110.46198930000008,
              -7.013396399999976
            ],
            [
              110.46187660000004,
              -7.013090299999931
            ],
            [
              110.46185810000009,
              -7.012826599999926
            ],
            [
              110.46187720000006,
              -7.012539499999946
            ],
            [
              110.461854,
              -7.012294699999927
            ],
            [
              110.46171760000004,
              -7.012045
            ],
            [
              110.46158660000009,
              -7.01185659999993
            ],
            [
              110.46155,
              -7.01182
            ],
            [
              110.46149130000003,
              -7.011761299999932
            ],
            [
              110.46144470000007,
              -7.011663299999952
            ],
            [
              110.46130360000006,
              -7.011517199999957
            ],
            [
              110.46113870000005,
              -7.011441699999978
            ],
            [
              110.460809,
              -7.011342499999955
            ],
            [
              110.460517,
              -7.011252699999943
            ],
            [
              110.46039240000005,
              -7.011234
            ],
            [
              110.46016670000006,
              -7.011145699999929
            ],
            [
              110.46011660000005,
              -7.01109219999995
            ],
            [
              110.45985770000004,
              -7.010927099999947
            ],
            [
              110.45964570000007,
              -7.01083269999998
            ],
            [
              110.45952380000006,
              -7.010797
            ],
            [
              110.45944130000004,
              -7.010749499999974
            ],
            [
              110.45939140000007,
              -7.010738299999957
            ],
            [
              110.45915120000006,
              -7.010681499999976
            ],
            [
              110.45891570000003,
              -7.010587099999952
            ],
            [
              110.45885250000003,
              -7.010549099999935
            ],
            [
              110.45883520000007,
              -7.010551699999951
            ],
            [
              110.45881680000008,
              -7.010539899999969
            ],
            [
              110.45863780000008,
              -7.010464399999933
            ],
            [
              110.45839760000007,
              -7.010426399999972
            ],
            [
              110.45808660000006,
              -7.010407199999975
            ],
            [
              110.45778520000005,
              -7.010284499999955
            ],
            [
              110.45729530000006,
              -7.010128599999973
            ],
            [
              110.45719520000006,
              -7.010096099999942
            ],
            [
              110.45719160000004,
              -7.01008719999993
            ],
            [
              110.457154,
              -7.010076599999934
            ],
            [
              110.45699860000008,
              -7.010001099999954
            ],
            [
              110.45683380000008,
              -7.009892599999944
            ],
            [
              110.456622,
              -7.009671099999935
            ],
            [
              110.45639140000009,
              -7.009482499999933
            ],
            [
              110.456209,
              -7.00938
            ],
            [
              110.45594,
              -7.0093
            ],
            [
              110.45567,
              -7.00917
            ],
            [
              110.45547130000006,
              -7.009089099999926
            ],
            [
              110.45535420000004,
              -7.009019199999955
            ],
            [
              110.45505530000008,
              -7.008930299999975
            ],
            [
              110.45468990000006,
              -7.008885599999928
            ],
            [
              110.45447410000008,
              -7.008867599999974
            ],
            [
              110.45431790000004,
              -7.00882839999997
            ],
            [
              110.45410140000007,
              -7.008811499999979
            ],
            [
              110.45387940000006,
              -7.008750299999974
            ],
            [
              110.45369640000007,
              -7.008644699999934
            ],
            [
              110.45358550000009,
              -7.008472599999948
            ],
            [
              110.45350250000007,
              -7.008256199999948
            ],
            [
              110.45337940000007,
              -7.008116399999949
            ],
            [
              110.45337,
              -7.00811
            ],
            [
              110.45318,
              -7.00798
            ],
            [
              110.45301,
              -7.00791
            ],
            [
              110.45292150000006,
              -7.007908899999961
            ],
            [
              110.452859,
              -7.007883899999968
            ],
            [
              110.45270370000009,
              -7.007839299999944
            ],
            [
              110.45250380000004,
              -7.00781139999998
            ],
            [
              110.45222080000008,
              -7.007805499999961
            ],
            [
              110.45187650000008,
              -7.007849499999963
            ],
            [
              110.45168890000008,
              -7.007820899999956
            ],
            [
              110.45165,
              -7.0078
            ],
            [
              110.45144,
              -7.00768
            ],
            [
              110.45028,
              -7.007
            ],
            [
              110.45004,
              -7.00684
            ],
            [
              110.44978,
              -7.0066
            ],
            [
              110.44971,
              -7.00646
            ],
            [
              110.44957910000005,
              -7.006205299999976
            ],
            [
              110.44954980000006,
              -7.006148099999962
            ],
            [
              110.44944940000005,
              -7.006240699999978
            ],
            [
              110.44870110000005,
              -7.006964499999981
            ],
            [
              110.44857770000004,
              -7.007095
            ],
            [
              110.44824410000007,
              -7.007391299999938
            ],
            [
              110.446675,
              -7.008924699999966
            ],
            [
              110.44514990000005,
              -7.010702399999957
            ],
            [
              110.44510720000005,
              -7.010733399999936
            ],
            [
              110.44497980000006,
              -7.010921499999938
            ],
            [
              110.44484750000004,
              -7.011194399999965
            ],
            [
              110.44474370000006,
              -7.01136379999997
            ],
            [
              110.44471560000005,
              -7.011428299999977
            ],
            [
              110.444729,
              -7.011434799999961
            ],
            [
              110.44460820000006,
              -7.011702799999966
            ],
            [
              110.44438010000005,
              -7.012325299999929
            ],
            [
              110.44418880000006,
              -7.012881899999968
            ],
            [
              110.44400480000007,
              -7.013409299999978
            ],
            [
              110.443865,
              -7.01379739999993
            ],
            [
              110.44385780000005,
              -7.013826199999926
            ],
            [
              110.44379,
              -7.01396
            ],
            [
              110.44341090000006,
              -7.015027599999939
            ],
            [
              110.44341,
              -7.01503
            ],
            [
              110.44339730000007,
              -7.015082499999949
            ],
            [
              110.44339040000006,
              -7.015104799999961
            ],
            [
              110.44334630000009,
              -7.015258599999981
            ],
            [
              110.44321370000006,
              -7.015690699999936
            ],
            [
              110.44286410000007,
              -7.01674909999997
            ],
            [
              110.44276110000004,
              -7.017071399999963
            ],
            [
              110.44260660000003,
              -7.017437499999971
            ],
            [
              110.44231270000006,
              -7.017891499999962
            ],
            [
              110.44202630000007,
              -7.018250199999954
            ],
            [
              110.44164450000005,
              -7.018645399999969
            ],
            [
              110.44109390000006,
              -7.019106299999976
            ],
            [
              110.44103760000007,
              -7.019182199999932
            ],
            [
              110.44103510000008,
              -7.01917949999995
            ],
            [
              110.44069010000004,
              -7.019479499999932
            ],
            [
              110.44041850000008,
              -7.019706399999961
            ],
            [
              110.44006610000008,
              -7.020013699999936
            ],
            [
              110.43978710000005,
              -7.02023319999995
            ],
            [
              110.43941280000007,
              -7.020459899999935
            ],
            [
              110.43908990000006,
              -7.02061329999998
            ],
            [
              110.43891910000008,
              -7.02067
            ],
            [
              110.43882630000007,
              -7.020695199999977
            ],
            [
              110.43836360000006,
              -7.02078709999995
            ],
            [
              110.43783920000004,
              -7.020894299999952
            ],
            [
              110.43756470000005,
              -7.020977799999969
            ],
            [
              110.436906,
              -7.021178099999929
            ],
            [
              110.436366,
              -7.021501
            ],
            [
              110.43570220000004,
              -7.022101
            ],
            [
              110.43403470000004,
              -7.023947599999929
            ],
            [
              110.43319320000006,
              -7.024909399999956
            ],
            [
              110.43294590000005,
              -7.025371299999961
            ],
            [
              110.43272920000004,
              -7.026095099999964
            ],
            [
              110.43238870000005,
              -7.027157599999953
            ],
            [
              110.43187010000008,
              -7.028813
            ],
            [
              110.43163810000004,
              -7.029428899999971
            ],
            [
              110.43131360000007,
              -7.029998499999977
            ],
            [
              110.43097390000008,
              -7.030383299999926
            ],
            [
              110.43061890000007,
              -7.030660099999977
            ],
            [
              110.43024860000008,
              -7.030875299999934
            ],
            [
              110.42981670000006,
              -7.030982599999959
            ],
            [
              110.42943110000004,
              -7.03109
            ],
            [
              110.428953,
              -7.031135599999971
            ],
            [
              110.42853330000008,
              -7.031135099999972
            ]
          ]
        ]
      }
    },
    {
      "type": "Feature",
      "properties": {
        "id": "KEC_SMG_04",
        "nama": "Candisari",
        "kode_bps": "3374060",
        "level": "kecamatan",
        "total_kelurahan": 7
      },
      "geometry": {
        "type": "Polygon",
        "coordinates": [
          [
            [
              110.41578030000005,
              -7.010811699999977
            ],
            [
              110.41585230000004,
              -7.01119529999994
            ],
            [
              110.41594610000004,
              -7.01144869999996
            ],
            [
              110.416304,
              -7.011995599999977
            ],
            [
              110.416492,
              -7.012249099999963
            ],
            [
              110.41677430000004,
              -7.012444799999969
            ],
            [
              110.41715790000006,
              -7.012604499999952
            ],
            [
              110.41749080000005,
              -7.012851
            ],
            [
              110.41761010000005,
              -7.013042899999959
            ],
            [
              110.417769,
              -7.013397699999928
            ],
            [
              110.41801430000004,
              -7.014230199999929
            ],
            [
              110.41813680000007,
              -7.014744199999939
            ],
            [
              110.41840420000005,
              -7.015728699999954
            ],
            [
              110.41836510000007,
              -7.01575889999998
            ],
            [
              110.41835,
              -7.01581
            ],
            [
              110.41848,
              -7.01639
            ],
            [
              110.41859,
              -7.01682
            ],
            [
              110.41867,
              -7.01709
            ],
            [
              110.41916,
              -7.01887
            ],
            [
              110.41935,
              -7.01966
            ],
            [
              110.41937,
              -7.01972
            ],
            [
              110.41949,
              -7.02017
            ],
            [
              110.41952050000003,
              -7.020276699999954
            ],
            [
              110.41953,
              -7.02031
            ],
            [
              110.41964,
              -7.02068
            ],
            [
              110.41977,
              -7.02117
            ],
            [
              110.41995,
              -7.02188
            ],
            [
              110.42013,
              -7.02258
            ],
            [
              110.42017,
              -7.02274
            ],
            [
              110.42024,
              -7.02303
            ],
            [
              110.42027,
              -7.02316
            ],
            [
              110.42034,
              -7.02337
            ],
            [
              110.42043,
              -7.02386
            ],
            [
              110.42012,
              -7.02416
            ],
            [
              110.41966990000009,
              -7.024653299999954
            ],
            [
              110.41944860000007,
              -7.024996399999964
            ],
            [
              110.41928580000007,
              -7.025336899999957
            ],
            [
              110.41912290000005,
              -7.025718
            ],
            [
              110.419025,
              -7.026139699999931
            ],
            [
              110.418927,
              -7.026545099999964
            ],
            [
              110.41871070000008,
              -7.027514199999928
            ],
            [
              110.41858780000007,
              -7.028357699999958
            ],
            [
              110.41853870000006,
              -7.028690199999971
            ],
            [
              110.41846480000004,
              -7.029363399999966
            ],
            [
              110.41835850000007,
              -7.029996
            ],
            [
              110.418163,
              -7.031318099999964
            ],
            [
              110.41839520000008,
              -7.031339299999956
            ],
            [
              110.41856660000008,
              -7.031354399999941
            ],
            [
              110.41951290000009,
              -7.031410599999958
            ],
            [
              110.42049670000006,
              -7.03148
            ],
            [
              110.42096060000006,
              -7.031470499999955
            ],
            [
              110.42099,
              -7.03148
            ],
            [
              110.42134,
              -7.03147
            ],
            [
              110.42171,
              -7.03146
            ],
            [
              110.42194,
              -7.03143
            ],
            [
              110.42246,
              -7.03139
            ],
            [
              110.42267,
              -7.03139
            ],
            [
              110.42291,
              -7.03136
            ],
            [
              110.42302,
              -7.03135
            ],
            [
              110.42481,
              -7.03121
            ],
            [
              110.42531,
              -7.03116
            ],
            [
              110.42562,
              -7.03113
            ],
            [
              110.42717,
              -7.03107
            ],
            [
              110.42816,
              -7.03112
            ],
            [
              110.42853330000008,
              -7.031135099999972
            ],
            [
              110.428953,
              -7.031135599999971
            ],
            [
              110.42943110000004,
              -7.03109
            ],
            [
              110.42981670000006,
              -7.030982599999959
            ],
            [
              110.43024860000008,
              -7.030875299999934
            ],
            [
              110.43061890000007,
              -7.030660099999977
            ],
            [
              110.43097390000008,
              -7.030383299999926
            ],
            [
              110.43131360000007,
              -7.029998499999977
            ],
            [
              110.43163810000004,
              -7.029428899999971
            ],
            [
              110.43187010000008,
              -7.028813
            ],
            [
              110.43238870000005,
              -7.027157599999953
            ],
            [
              110.43272920000004,
              -7.026095099999964
            ],
            [
              110.43294590000005,
              -7.025371299999961
            ],
            [
              110.43319320000006,
              -7.024909399999956
            ],
            [
              110.43403470000004,
              -7.023947599999929
            ],
            [
              110.43570220000004,
              -7.022101
            ],
            [
              110.436366,
              -7.021501
            ],
            [
              110.436906,
              -7.021178099999929
            ],
            [
              110.43756470000005,
              -7.020977799999969
            ],
            [
              110.43783920000004,
              -7.020894299999952
            ],
            [
              110.43836360000006,
              -7.02078709999995
            ],
            [
              110.43882630000007,
              -7.020695199999977
            ],
            [
              110.43891910000008,
              -7.02067
            ],
            [
              110.43908990000006,
              -7.02061329999998
            ],
            [
              110.43941280000007,
              -7.020459899999935
            ],
            [
              110.43978710000005,
              -7.02023319999995
            ],
            [
              110.44006610000008,
              -7.020013699999936
            ],
            [
              110.44041850000008,
              -7.019706399999961
            ],
            [
              110.44069010000004,
              -7.019479499999932
            ],
            [
              110.44103510000008,
              -7.01917949999995
            ],
            [
              110.44103760000007,
              -7.019182199999932
            ],
            [
              110.44109390000006,
              -7.019106299999976
            ],
            [
              110.44164450000005,
              -7.018645399999969
            ],
            [
              110.44202630000007,
              -7.018250199999954
            ],
            [
              110.44231270000006,
              -7.017891499999962
            ],
            [
              110.44260660000003,
              -7.017437499999971
            ],
            [
              110.44276110000004,
              -7.017071399999963
            ],
            [
              110.44286410000007,
              -7.01674909999997
            ],
            [
              110.44321370000006,
              -7.015690699999936
            ],
            [
              110.44334630000009,
              -7.015258599999981
            ],
            [
              110.44339040000006,
              -7.015104799999961
            ],
            [
              110.44339730000007,
              -7.015082499999949
            ],
            [
              110.44341,
              -7.01503
            ],
            [
              110.44341090000006,
              -7.015027599999939
            ],
            [
              110.44379,
              -7.01396
            ],
            [
              110.44385780000005,
              -7.013826199999926
            ],
            [
              110.443865,
              -7.01379739999993
            ],
            [
              110.44400480000007,
              -7.013409299999978
            ],
            [
              110.44418880000006,
              -7.012881899999968
            ],
            [
              110.44438010000005,
              -7.012325299999929
            ],
            [
              110.44460820000006,
              -7.011702799999966
            ],
            [
              110.444729,
              -7.011434799999961
            ],
            [
              110.44471560000005,
              -7.011428299999977
            ],
            [
              110.44451,
              -7.01133
            ],
            [
              110.44433,
              -7.01124
            ],
            [
              110.44418,
              -7.01118
            ],
            [
              110.44412,
              -7.01117
            ],
            [
              110.44335,
              -7.01113
            ],
            [
              110.44328,
              -7.01113
            ],
            [
              110.44289,
              -7.01108
            ],
            [
              110.4426,
              -7.01102
            ],
            [
              110.44199,
              -7.0108
            ],
            [
              110.44155,
              -7.01069
            ],
            [
              110.44136,
              -7.01063
            ],
            [
              110.44128,
              -7.0106
            ],
            [
              110.4412,
              -7.01058
            ],
            [
              110.44073,
              -7.01045
            ],
            [
              110.43957,
              -7.01014
            ],
            [
              110.43921,
              -7.01001
            ],
            [
              110.439,
              -7.00994
            ],
            [
              110.43875,
              -7.00984
            ],
            [
              110.43867,
              -7.00981
            ],
            [
              110.43766,
              -7.00959
            ],
            [
              110.4359,
              -7.00917
            ],
            [
              110.43584720000007,
              -7.009155599999929
            ],
            [
              110.43581410000007,
              -7.009134399999937
            ],
            [
              110.43570360000007,
              -7.009123699999975
            ],
            [
              110.43549840000009,
              -7.009149799999932
            ],
            [
              110.43508790000004,
              -7.009165
            ],
            [
              110.43464590000008,
              -7.00920659999997
            ],
            [
              110.434267,
              -7.009232399999973
            ],
            [
              110.43407230000008,
              -7.009237399999961
            ],
            [
              110.43399290000008,
              -7.009220099999936
            ],
            [
              110.43351,
              -7.00904
            ],
            [
              110.43286,
              -7.00869
            ],
            [
              110.43267,
              -7.00858
            ],
            [
              110.43255,
              -7.00854
            ],
            [
              110.43245,
              -7.00845
            ],
            [
              110.43244530000004,
              -7.00843169999996
            ],
            [
              110.43232,
              -7.00794
            ],
            [
              110.43215,
              -7.0073
            ],
            [
              110.43195,
              -7.00645
            ],
            [
              110.43191,
              -7.00608
            ],
            [
              110.43192,
              -7.00583
            ],
            [
              110.43192,
              -7.00573
            ],
            [
              110.432,
              -7.00509
            ],
            [
              110.43202,
              -7.0049
            ],
            [
              110.43204070000007,
              -7.004825599999947
            ],
            [
              110.43186540000005,
              -7.00477
            ],
            [
              110.43174860000005,
              -7.004746599999976
            ],
            [
              110.43160830000005,
              -7.004828099999941
            ],
            [
              110.43140960000005,
              -7.004991199999949
            ],
            [
              110.43110570000005,
              -7.005189199999961
            ],
            [
              110.43090690000008,
              -7.005329
            ],
            [
              110.43074330000007,
              -7.005410499999925
            ],
            [
              110.43052140000009,
              -7.005410199999972
            ],
            [
              110.43029950000005,
              -7.005421599999977
            ],
            [
              110.43019430000004,
              -7.005444799999964
            ],
            [
              110.429914,
              -7.005467799999963
            ],
            [
              110.429622,
              -7.005444199999943
            ],
            [
              110.42943520000006,
              -7.005397199999948
            ],
            [
              110.42922510000005,
              -7.005303599999934
            ],
            [
              110.42888650000003,
              -7.005233199999964
            ],
            [
              110.42869960000007,
              -7.005186299999934
            ],
            [
              110.42847770000009,
              -7.005186
            ],
            [
              110.42803390000006,
              -7.005185499999925
            ],
            [
              110.42789480000005,
              -7.005185299999937
            ],
            [
              110.42786390000003,
              -7.005255299999931
            ],
            [
              110.42774180000004,
              -7.005255199999965
            ],
            [
              110.42720520000006,
              -7.004741
            ],
            [
              110.42686670000006,
              -7.004518899999937
            ],
            [
              110.42670360000005,
              -7.004227
            ],
            [
              110.42652770000007,
              -7.004019399999947
            ],
            [
              110.42624920000009,
              -7.003776
            ],
            [
              110.42577460000007,
              -7.00328339999993
            ],
            [
              110.42530010000007,
              -7.002782299999978
            ],
            [
              110.424705,
              -7.002004699999929
            ],
            [
              110.42427,
              -7.001392899999928
            ],
            [
              110.42429250000004,
              -7.001373699999931
            ],
            [
              110.42368520000008,
              -7.000711499999966
            ],
            [
              110.42365270000005,
              -7.000691499999959
            ],
            [
              110.42347160000008,
              -7.000449599999968
            ],
            [
              110.42311350000006,
              -7.000116899999966
            ],
            [
              110.42262160000007,
              -6.999693399999956
            ],
            [
              110.42237150000005,
              -6.999373699999978
            ],
            [
              110.422087,
              -6.998907299999928
            ],
            [
              110.42173340000005,
              -6.998458
            ],
            [
              110.42135370000005,
              -6.998146799999972
            ],
            [
              110.42077530000006,
              -6.997844
            ],
            [
              110.42022270000007,
              -6.997610299999963
            ],
            [
              110.41988630000009,
              -6.997477799999956
            ],
            [
              110.41950150000008,
              -6.997374499999978
            ],
            [
              110.41942610000007,
              -6.997354299999927
            ],
            [
              110.41938410000006,
              -6.997455699999932
            ],
            [
              110.41935320000005,
              -6.997670299999925
            ],
            [
              110.41937340000004,
              -6.997864499999935
            ],
            [
              110.41940390000008,
              -6.998058699999945
            ],
            [
              110.41952640000005,
              -6.99824289999998
            ],
            [
              110.41956120000009,
              -6.998271099999954
            ],
            [
              110.41958260000007,
              -6.99831729999994
            ],
            [
              110.41982420000005,
              -6.99855059999993
            ],
            [
              110.420057,
              -6.998827099999971
            ],
            [
              110.42024670000006,
              -6.999112199999956
            ],
            [
              110.42039330000006,
              -6.99937129999995
            ],
            [
              110.42044470000008,
              -6.999699299999975
            ],
            [
              110.42044420000008,
              -7.000087699999938
            ],
            [
              110.42037480000005,
              -7.000346599999943
            ],
            [
              110.42011520000005,
              -7.00073459999993
            ],
            [
              110.41989890000008,
              -7.000958799999978
            ],
            [
              110.41963960000004,
              -7.001079299999958
            ],
            [
              110.41959570000006,
              -7.001079199999936
            ],
            [
              110.41952,
              -7.00112
            ],
            [
              110.41936,
              -7.00113
            ],
            [
              110.41919,
              -7.00109
            ],
            [
              110.41901,
              -7.00101
            ],
            [
              110.41882,
              -7.00094
            ],
            [
              110.41859,
              -7.00093
            ],
            [
              110.41834,
              -7.00098
            ],
            [
              110.41789,
              -7.00111
            ],
            [
              110.41754,
              -7.00121
            ],
            [
              110.41702820000006,
              -7.001331899999968
            ],
            [
              110.41671070000007,
              -7.001464099999964
            ],
            [
              110.41648590000005,
              -7.001593299999968
            ],
            [
              110.416261,
              -7.001800099999969
            ],
            [
              110.41624350000006,
              -7.002015899999947
            ],
            [
              110.41626050000008,
              -7.002248899999927
            ],
            [
              110.41645010000008,
              -7.002577199999962
            ],
            [
              110.41670010000007,
              -7.003026299999931
            ],
            [
              110.41682070000007,
              -7.003302599999927
            ],
            [
              110.416924,
              -7.003604899999971
            ],
            [
              110.41700990000004,
              -7.003976099999932
            ],
            [
              110.41712990000008,
              -7.004735799999935
            ],
            [
              110.41725430000008,
              -7.005456599999945
            ],
            [
              110.41749070000009,
              -7.006367499999953
            ],
            [
              110.417568,
              -7.006712799999946
            ],
            [
              110.417559,
              -7.007014899999945
            ],
            [
              110.41755,
              -7.007334299999968
            ],
            [
              110.41753860000006,
              -7.007468099999926
            ],
            [
              110.41742640000007,
              -7.007433099999957
            ],
            [
              110.41736350000008,
              -7.00744039999995
            ],
            [
              110.41613530000006,
              -7.008000299999935
            ],
            [
              110.41623160000006,
              -7.008193299999959
            ],
            [
              110.41626190000005,
              -7.008242899999971
            ],
            [
              110.41627280000006,
              -7.008292499999925
            ],
            [
              110.41625,
              -7.008847499999945
            ],
            [
              110.41621330000004,
              -7.00921649999998
            ],
            [
              110.41609690000007,
              -7.009614399999975
            ],
            [
              110.41592980000007,
              -7.010033899999939
            ],
            [
              110.41579520000005,
              -7.010500499999978
            ],
            [
              110.41578030000005,
              -7.010811699999977
            ]
          ]
        ]
      }
    },
    {
      "type": "Feature",
      "properties": {
        "id": "KEC_SMG_15",
        "nama": "Gunungpati",
        "kode_bps": "3374020",
        "level": "kecamatan",
        "total_kelurahan": 16
      },
      "geometry": {
        "type": "Polygon",
        "coordinates": [
          [
            [
              110.33885810000004,
              -7.062721199999942
            ],
            [
              110.33886660000007,
              -7.062887
            ],
            [
              110.33898440000007,
              -7.062974499999939
            ],
            [
              110.33914160000006,
              -7.062983399999951
            ],
            [
              110.33930330000004,
              -7.062953099999959
            ],
            [
              110.33937290000006,
              -7.062929499999939
            ],
            [
              110.33937540000005,
              -7.062938
            ],
            [
              110.33943,
              -7.062896599999931
            ],
            [
              110.33960490000004,
              -7.062813899999981
            ],
            [
              110.33981470000003,
              -7.062744399999929
            ],
            [
              110.33991950000006,
              -7.062740199999951
            ],
            [
              110.34005040000005,
              -7.062832
            ],
            [
              110.34015510000006,
              -7.062936899999954
            ],
            [
              110.340185,
              -7.062992599999973
            ],
            [
              110.34019220000005,
              -7.062990699999943
            ],
            [
              110.34021170000005,
              -7.063054799999975
            ],
            [
              110.34038170000008,
              -7.063325599999928
            ],
            [
              110.34063020000008,
              -7.063661899999943
            ],
            [
              110.34071290000009,
              -7.06391519999994
            ],
            [
              110.34086540000004,
              -7.064120499999945
            ],
            [
              110.34110960000004,
              -7.064448099999936
            ],
            [
              110.34125780000005,
              -7.064657799999964
            ],
            [
              110.34138190000004,
              -7.064922
            ],
            [
              110.34126360000005,
              -7.065174899999931
            ],
            [
              110.34110610000005,
              -7.06535359999998
            ],
            [
              110.34098360000007,
              -7.06548429999998
            ],
            [
              110.34096590000007,
              -7.065702499999929
            ],
            [
              110.34091760000007,
              -7.065863899999954
            ],
            [
              110.34095840000003,
              -7.066324399999928
            ],
            [
              110.34111530000007,
              -7.066608199999962
            ],
            [
              110.34126770000006,
              -7.066944499999977
            ],
            [
              110.34135050000003,
              -7.067058
            ],
            [
              110.34157060000007,
              -7.067405299999962
            ],
            [
              110.34180190000006,
              -7.067597599999942
            ],
            [
              110.34205490000005,
              -7.067868499999975
            ],
            [
              110.34222050000005,
              -7.068148
            ],
            [
              110.34231640000007,
              -7.068261599999971
            ],
            [
              110.34235770000004,
              -7.068416599999978
            ],
            [
              110.34230940000003,
              -7.068556199999932
            ],
            [
              110.342095,
              -7.068848299999956
            ],
            [
              110.34200730000003,
              -7.069040099999938
            ],
            [
              110.34193280000005,
              -7.069236399999966
            ],
            [
              110.34191940000005,
              -7.069419699999969
            ],
            [
              110.341882,
              -7.069653099999925
            ],
            [
              110.34176830000007,
              -7.069744599999979
            ],
            [
              110.34173770000007,
              -7.06975239999997
            ],
            [
              110.34170440000008,
              -7.069739
            ],
            [
              110.34160660000003,
              -7.069780099999946
            ],
            [
              110.34144670000006,
              -7.069768499999952
            ],
            [
              110.34113850000006,
              -7.069642499999929
            ],
            [
              110.34095410000003,
              -7.069522
            ],
            [
              110.340907,
              -7.069537699999955
            ],
            [
              110.34075040000005,
              -7.069448
            ],
            [
              110.34039630000007,
              -7.069481699999926
            ],
            [
              110.34033890000006,
              -7.06963
            ],
            [
              110.34044160000008,
              -7.069767099999979
            ],
            [
              110.34066970000003,
              -7.06995
            ],
            [
              110.34095510000009,
              -7.070075899999949
            ],
            [
              110.34121760000005,
              -7.070270299999947
            ],
            [
              110.34140020000007,
              -7.070396
            ],
            [
              110.34162840000005,
              -7.07057889999993
            ],
            [
              110.34168510000006,
              -7.070818599999939
            ],
            [
              110.34168810000006,
              -7.070854699999927
            ],
            [
              110.34165590000003,
              -7.071375399999965
            ],
            [
              110.34165570000005,
              -7.071379099999945
            ],
            [
              110.341751,
              -7.071399099999951
            ],
            [
              110.34184230000005,
              -7.071486599999957
            ],
            [
              110.34191260000006,
              -7.071549299999958
            ],
            [
              110.342185,
              -7.071758799999941
            ],
            [
              110.34243360000005,
              -7.071914099999958
            ],
            [
              110.34248650000006,
              -7.071968199999958
            ],
            [
              110.34250710000003,
              -7.07199559999998
            ],
            [
              110.34253250000006,
              -7.072030699999971
            ],
            [
              110.34285940000007,
              -7.072406399999977
            ],
            [
              110.34313280000003,
              -7.072954599999946
            ],
            [
              110.34336030000009,
              -7.073662399999932
            ],
            [
              110.34371310000006,
              -7.074530099999947
            ],
            [
              110.34400940000006,
              -7.07505539999994
            ],
            [
              110.34430560000004,
              -7.075580799999955
            ],
            [
              110.34445370000009,
              -7.075889099999927
            ],
            [
              110.34441920000006,
              -7.076037399999962
            ],
            [
              110.34422480000006,
              -7.076185399999929
            ],
            [
              110.344236,
              -7.076345199999935
            ],
            [
              110.34443,
              -7.076482399999975
            ],
            [
              110.34469260000009,
              -7.076551199999926
            ],
            [
              110.34493240000006,
              -7.076677099999927
            ],
            [
              110.345082,
              -7.07664
            ],
            [
              110.345172,
              -7.076631099999929
            ],
            [
              110.34535030000006,
              -7.076638199999934
            ],
            [
              110.34551470000008,
              -7.076782299999934
            ],
            [
              110.34548,
              -7.077090599999963
            ],
            [
              110.34526260000007,
              -7.07751959999996
            ],
            [
              110.34494520000004,
              -7.078035299999954
            ],
            [
              110.34457780000008,
              -7.078517699999963
            ],
            [
              110.34446050000008,
              -7.078983799999946
            ],
            [
              110.34450980000008,
              -7.079433399999971
            ],
            [
              110.34465940000007,
              -7.07975
            ],
            [
              110.34488270000008,
              -7.079922899999929
            ],
            [
              110.34521090000004,
              -7.079963
            ],
            [
              110.34532170000006,
              -7.079920099999981
            ],
            [
              110.34550350000006,
              -7.079889499999979
            ],
            [
              110.34568190000005,
              -7.079797299999939
            ],
            [
              110.34595620000005,
              -7.079821599999946
            ],
            [
              110.34608650000007,
              -7.079902199999935
            ],
            [
              110.34617890000004,
              -7.080010399999935
            ],
            [
              110.34628130000004,
              -7.080349699999942
            ],
            [
              110.34620620000004,
              -7.080869699999937
            ],
            [
              110.34601120000008,
              -7.081301399999973
            ],
            [
              110.34584010000009,
              -7.081733199999974
            ],
            [
              110.34560940000006,
              -7.082069799999942
            ],
            [
              110.34558950000007,
              -7.082099099999937
            ],
            [
              110.34543930000007,
              -7.082265399999926
            ],
            [
              110.34495530000004,
              -7.082697699999926
            ],
            [
              110.344438,
              -7.08311329999998
            ],
            [
              110.34393750000004,
              -7.083379
            ],
            [
              110.34361550000006,
              -7.083589
            ],
            [
              110.34360730000009,
              -7.083759399999963
            ],
            [
              110.34378160000006,
              -7.083918199999971
            ],
            [
              110.34380920000007,
              -7.084064799999965
            ],
            [
              110.343646,
              -7.084437199999968
            ],
            [
              110.34333220000008,
              -7.084702299999947
            ],
            [
              110.34314550000005,
              -7.084820899999954
            ],
            [
              110.34305180000007,
              -7.084992899999975
            ],
            [
              110.34300150000007,
              -7.085209299999974
            ],
            [
              110.34295490000005,
              -7.085427599999946
            ],
            [
              110.34295580000008,
              -7.085447899999963
            ],
            [
              110.34281720000007,
              -7.085875099999953
            ],
            [
              110.34263220000008,
              -7.086215099999947
            ],
            [
              110.34231750000004,
              -7.086700399999927
            ],
            [
              110.34221540000004,
              -7.087089799999944
            ],
            [
              110.342265,
              -7.08733959999995
            ],
            [
              110.34246460000008,
              -7.087639599999932
            ],
            [
              110.34253020000006,
              -7.087882599999944
            ],
            [
              110.34254530000004,
              -7.088077699999928
            ],
            [
              110.34232270000007,
              -7.088436899999977
            ],
            [
              110.34201590000004,
              -7.088807499999973
            ],
            [
              110.34193150000004,
              -7.088903
            ],
            [
              110.341779,
              -7.089203899999973
            ],
            [
              110.34176190000005,
              -7.089470299999959
            ],
            [
              110.34192810000008,
              -7.089820199999963
            ],
            [
              110.34212750000006,
              -7.090253399999938
            ],
            [
              110.34231050000005,
              -7.090536699999973
            ],
            [
              110.34259340000006,
              -7.090870099999961
            ],
            [
              110.34269310000008,
              -7.091120099999955
            ],
            [
              110.34279280000004,
              -7.091303399999958
            ],
            [
              110.34302610000009,
              -7.091370299999937
            ],
            [
              110.34310920000007,
              -7.091536899999937
            ],
            [
              110.34314220000005,
              -7.091786699999943
            ],
            [
              110.34315850000007,
              -7.092019899999968
            ],
            [
              110.343325,
              -7.09215329999995
            ],
            [
              110.34365840000004,
              -7.092170399999929
            ],
            [
              110.34386010000009,
              -7.092033
            ],
            [
              110.34365080000003,
              -7.091938
            ],
            [
              110.34328460000006,
              -7.091552199999967
            ],
            [
              110.34317780000003,
              -7.091338099999973
            ],
            [
              110.34299470000008,
              -7.091030599999954
            ],
            [
              110.34270310000005,
              -7.090580099999954
            ],
            [
              110.34278450000005,
              -7.090353599999958
            ],
            [
              110.34287220000004,
              -7.090146299999958
            ],
            [
              110.34296,
              -7.089851799999963
            ],
            [
              110.34314590000008,
              -7.089721099999963
            ],
            [
              110.34332070000005,
              -7.08974319999993
            ],
            [
              110.34348440000008,
              -7.089863499999979
            ],
            [
              110.34360440000006,
              -7.089972799999941
            ],
            [
              110.34369170000008,
              -7.090060199999925
            ],
            [
              110.34384460000007,
              -7.090038599999957
            ],
            [
              110.34391050000005,
              -7.089820399999951
            ],
            [
              110.34384520000003,
              -7.089667499999962
            ],
            [
              110.34371440000007,
              -7.08946
            ],
            [
              110.34363830000007,
              -7.089187099999947
            ],
            [
              110.34367120000007,
              -7.089067099999966
            ],
            [
              110.34362770000007,
              -7.088947
            ],
            [
              110.34357320000004,
              -7.088816
            ],
            [
              110.34356260000004,
              -7.088586799999973
            ],
            [
              110.34366120000004,
              -7.088401399999952
            ],
            [
              110.34358510000004,
              -7.088172099999952
            ],
            [
              110.34359620000004,
              -7.088041199999964
            ],
            [
              110.34369460000005,
              -7.088008599999966
            ],
            [
              110.34384730000005,
              -7.088172499999928
            ],
            [
              110.34392370000006,
              -7.088227099999926
            ],
            [
              110.34405480000004,
              -7.088172799999938
            ],
            [
              110.34404420000004,
              -7.08798719999993
            ],
            [
              110.34414260000005,
              -7.087878199999977
            ],
            [
              110.34433940000008,
              -7.08779119999997
            ],
            [
              110.34452510000006,
              -7.08780239999993
            ],
            [
              110.344831,
              -7.087824599999976
            ],
            [
              110.34503840000008,
              -7.087923199999977
            ],
            [
              110.34539860000007,
              -7.088174699999968
            ],
            [
              110.34567180000005,
              -7.088076799999953
            ],
            [
              110.34586860000007,
              -7.087978899999939
            ],
            [
              110.34612020000009,
              -7.087706399999945
            ],
            [
              110.34630650000008,
              -7.08733559999996
            ],
            [
              110.34637240000006,
              -7.087084699999934
            ],
            [
              110.34632880000004,
              -7.086997399999973
            ],
            [
              110.34621950000007,
              -7.087008099999935
            ],
            [
              110.346154,
              -7.086986199999956
            ],
            [
              110.34611040000004,
              -7.086898799999972
            ],
            [
              110.34617610000004,
              -7.086789799999963
            ],
            [
              110.34615450000007,
              -7.086637
            ],
            [
              110.346286,
              -7.086386199999936
            ],
            [
              110.34627530000006,
              -7.086233399999969
            ],
            [
              110.34618810000006,
              -7.08609139999993
            ],
            [
              110.34607910000005,
              -7.085894799999949
            ],
            [
              110.34606730000007,
              -7.08578179999995
            ],
            [
              110.34605750000009,
              -7.085687399999927
            ],
            [
              110.34611240000004,
              -7.085512899999969
            ],
            [
              110.34617820000005,
              -7.08530559999997
            ],
            [
              110.34624350000007,
              -7.085491199999979
            ],
            [
              110.34631970000004,
              -7.085666
            ],
            [
              110.34633390000005,
              -7.085689199999933
            ],
            [
              110.34643960000005,
              -7.085862599999928
            ],
            [
              110.34654880000005,
              -7.085917299999949
            ],
            [
              110.34659460000006,
              -7.085910799999965
            ],
            [
              110.34677830000004,
              -7.08588489999994
            ],
            [
              110.34687650000006,
              -7.085950499999967
            ],
            [
              110.34686530000005,
              -7.086136
            ],
            [
              110.34675540000006,
              -7.086605099999929
            ],
            [
              110.34678780000007,
              -7.086867
            ],
            [
              110.346886,
              -7.086976299999947
            ],
            [
              110.34700580000003,
              -7.08720569999997
            ],
            [
              110.34711490000007,
              -7.087347699999953
            ],
            [
              110.34718020000008,
              -7.087489599999969
            ],
            [
              110.34732180000009,
              -7.087773599999935
            ],
            [
              110.34738720000007,
              -7.08793739999993
            ],
            [
              110.34749620000008,
              -7.088057599999956
            ],
            [
              110.34769260000007,
              -7.088221499999975
            ],
            [
              110.34779080000004,
              -7.088341699999944
            ],
            [
              110.34785610000006,
              -7.088516399999946
            ],
            [
              110.34784490000004,
              -7.088712799999939
            ],
            [
              110.34780430000006,
              -7.088896899999952
            ],
            [
              110.34770970000005,
              -7.089016399999934
            ],
            [
              110.347496,
              -7.09000919999994
            ],
            [
              110.34744260000008,
              -7.090272899999945
            ],
            [
              110.34746550000006,
              -7.090441699999928
            ],
            [
              110.34756470000008,
              -7.09068149999996
            ],
            [
              110.34767150000005,
              -7.090960499999937
            ],
            [
              110.34774780000004,
              -7.091169299999933
            ],
            [
              110.34780890000008,
              -7.091357199999948
            ],
            [
              110.34792330000005,
              -7.09161469999998
            ],
            [
              110.347934,
              -7.091638799999942
            ],
            [
              110.34815220000007,
              -7.092130199999929
            ],
            [
              110.34824370000007,
              -7.092385199999967
            ],
            [
              110.34829710000008,
              -7.09276959999994
            ],
            [
              110.34832,
              -7.092933599999981
            ],
            [
              110.34843450000005,
              -7.093157699999949
            ],
            [
              110.34875490000007,
              -7.093731899999966
            ],
            [
              110.34921270000007,
              -7.094201599999963
            ],
            [
              110.34921540000005,
              -7.094204299999944
            ],
            [
              110.34937290000005,
              -7.094360799999947
            ],
            [
              110.349556,
              -7.094562499999938
            ],
            [
              110.34969330000007,
              -7.094765199999927
            ],
            [
              110.349762,
              -7.094942099999969
            ],
            [
              110.34976960000006,
              -7.095236299999954
            ],
            [
              110.34977720000006,
              -7.095406
            ],
            [
              110.34986120000008,
              -7.095624899999962
            ],
            [
              110.34996030000008,
              -7.095763199999965
            ],
            [
              110.35022740000005,
              -7.095946799999979
            ],
            [
              110.350396,
              -7.096040399999936
            ],
            [
              110.35041810000007,
              -7.09605259999995
            ],
            [
              110.35054020000007,
              -7.096180899999979
            ],
            [
              110.35063940000003,
              -7.096406399999978
            ],
            [
              110.35071730000004,
              -7.096804799999973
            ],
            [
              110.35068580000006,
              -7.096912199999963
            ],
            [
              110.35058480000004,
              -7.097102099999972
            ],
            [
              110.35062930000004,
              -7.097281
            ],
            [
              110.35075220000004,
              -7.097437699999944
            ],
            [
              110.35081210000004,
              -7.097480599999926
            ],
            [
              110.35090870000005,
              -7.097549699999945
            ],
            [
              110.35102060000008,
              -7.097561
            ],
            [
              110.35111,
              -7.097650599999952
            ],
            [
              110.35103140000007,
              -7.097851699999978
            ],
            [
              110.35088570000005,
              -7.098008
            ],
            [
              110.350863,
              -7.098198
            ],
            [
              110.350941,
              -7.098444
            ],
            [
              110.35092960000009,
              -7.098645199999964
            ],
            [
              110.35082870000008,
              -7.098768099999972
            ],
            [
              110.35079480000007,
              -7.098969199999942
            ],
            [
              110.35083940000004,
              -7.099103399999933
            ],
            [
              110.35085940000005,
              -7.099139099999945
            ],
            [
              110.35093990000007,
              -7.099282399999936
            ],
            [
              110.35104030000008,
              -7.099461399999939
            ],
            [
              110.35118560000006,
              -7.099607
            ],
            [
              110.351286,
              -7.099864199999956
            ],
            [
              110.35124080000008,
              -7.100166
            ],
            [
              110.35128520000006,
              -7.100412
            ],
            [
              110.35144150000008,
              -7.100714
            ],
            [
              110.35163120000004,
              -7.101072
            ],
            [
              110.35178740000003,
              -7.10137409999993
            ],
            [
              110.35177660000005,
              -7.101481299999932
            ],
            [
              110.351773,
              -7.101516299999957
            ],
            [
              110.35176480000007,
              -7.101597599999934
            ],
            [
              110.35197710000006,
              -7.101821499999971
            ],
            [
              110.35222310000006,
              -7.101911299999927
            ],
            [
              110.35249080000006,
              -7.102050799999972
            ],
            [
              110.35251910000005,
              -7.102093899999943
            ],
            [
              110.35277110000004,
              -7.102169099999969
            ],
            [
              110.35303980000003,
              -7.102113599999939
            ],
            [
              110.35319640000006,
              -7.102158599999939
            ],
            [
              110.35327460000008,
              -7.102270399999952
            ],
            [
              110.35330790000006,
              -7.102427
            ],
            [
              110.35337470000007,
              -7.102695399999959
            ],
            [
              110.35341920000008,
              -7.102885499999957
            ],
            [
              110.35332940000006,
              -7.103075399999966
            ],
            [
              110.35339040000008,
              -7.103466699999956
            ],
            [
              110.35351310000004,
              -7.10377989999995
            ],
            [
              110.35362450000008,
              -7.104115399999955
            ],
            [
              110.35379190000003,
              -7.104451
            ],
            [
              110.35403770000005,
              -7.104764399999965
            ],
            [
              110.35420520000008,
              -7.105010599999957
            ],
            [
              110.35432820000005,
              -7.105122499999936
            ],
            [
              110.35437270000006,
              -7.105290299999979
            ],
            [
              110.35443950000007,
              -7.105525099999966
            ],
            [
              110.35447290000008,
              -7.105625799999927
            ],
            [
              110.354596,
              -7.105693
            ],
            [
              110.35470790000005,
              -7.105670799999928
            ],
            [
              110.35485340000008,
              -7.105648699999961
            ],
            [
              110.35495410000004,
              -7.10566
            ],
            [
              110.35503240000008,
              -7.105716
            ],
            [
              110.35510390000007,
              -7.10580559999994
            ],
            [
              110.35525510000008,
              -7.105845
            ],
            [
              110.35540770000006,
              -7.105937499999925
            ],
            [
              110.35549950000006,
              -7.106046499999934
            ],
            [
              110.35562490000007,
              -7.106119199999966
            ],
            [
              110.35570320000005,
              -7.106164099999944
            ],
            [
              110.35587090000007,
              -7.106287299999963
            ],
            [
              110.35601620000006,
              -7.106432799999936
            ],
            [
              110.35612470000007,
              -7.106565699999976
            ],
            [
              110.35633510000008,
              -7.106296899999961
            ],
            [
              110.35669210000009,
              -7.106062699999939
            ],
            [
              110.35703090000004,
              -7.105936699999972
            ],
            [
              110.35744830000004,
              -7.106188799999927
            ],
            [
              110.35818040000004,
              -7.106008699999961
            ],
            [
              110.35844050000009,
              -7.105372299999942
            ],
            [
              110.35903340000004,
              -7.105366299999957
            ],
            [
              110.35931170000003,
              -7.105102099999954
            ],
            [
              110.359705,
              -7.105012099999954
            ],
            [
              110.36004380000008,
              -7.104711899999927
            ],
            [
              110.36076430000008,
              -7.10466219999995
            ],
            [
              110.36156290000008,
              -7.104452
            ],
            [
              110.36177470000007,
              -7.104446
            ],
            [
              110.36242810000005,
              -7.104434
            ],
            [
              110.36300890000007,
              -7.104554099999973
            ],
            [
              110.36331140000004,
              -7.104698099999951
            ],
            [
              110.36345640000008,
              -7.104707299999973
            ],
            [
              110.36359580000004,
              -7.104716099999962
            ],
            [
              110.36463410000005,
              -7.105791
            ],
            [
              110.36485260000006,
              -7.106370799999979
            ],
            [
              110.36488340000005,
              -7.106385199999977
            ],
            [
              110.36488090000006,
              -7.10640589999997
            ],
            [
              110.36514560000006,
              -7.106494399999974
            ],
            [
              110.36572480000007,
              -7.106663
            ],
            [
              110.36583480000007,
              -7.106692799999962
            ],
            [
              110.36589810000004,
              -7.106690899999933
            ],
            [
              110.36605070000007,
              -7.106697499999939
            ],
            [
              110.36716560000008,
              -7.106935199999953
            ],
            [
              110.368018,
              -7.10626179999997
            ],
            [
              110.36857460000004,
              -7.106537899999978
            ],
            [
              110.368738,
              -7.106820099999936
            ],
            [
              110.36866670000006,
              -7.10725519999994
            ],
            [
              110.36866760000004,
              -7.107255399999929
            ],
            [
              110.36896520000005,
              -7.10738269999996
            ],
            [
              110.36912540000009,
              -7.107486199999926
            ],
            [
              110.36922460000005,
              -7.10763019999996
            ],
            [
              110.36928560000007,
              -7.107688399999972
            ],
            [
              110.36946110000008,
              -7.107903399999941
            ],
            [
              110.36961370000006,
              -7.108086599999979
            ],
            [
              110.36978150000004,
              -7.108324
            ],
            [
              110.370018,
              -7.108660699999973
            ],
            [
              110.37004390000004,
              -7.108690099999933
            ],
            [
              110.370059,
              -7.108659
            ],
            [
              110.37025260000007,
              -7.108358799999962
            ],
            [
              110.370059,
              -7.108088599999974
            ],
            [
              110.36964150000006,
              -7.107776399999977
            ],
            [
              110.36951450000004,
              -7.107434199999943
            ],
            [
              110.36967420000008,
              -7.107117399999936
            ],
            [
              110.36988590000004,
              -7.10679319999997
            ],
            [
              110.370382,
              -7.106631099999959
            ],
            [
              110.37107910000009,
              -7.107507599999963
            ],
            [
              110.37160550000004,
              -7.107309499999928
            ],
            [
              110.37200480000007,
              -7.106667099999981
            ],
            [
              110.37252510000008,
              -7.10631879999994
            ],
            [
              110.37302110000007,
              -7.105802499999925
            ],
            [
              110.37370610000005,
              -7.10481649999997
            ],
            [
              110.37364560000009,
              -7.104360199999974
            ],
            [
              110.37333880000006,
              -7.104136299999936
            ],
            [
              110.37338110000007,
              -7.102983599999959
            ],
            [
              110.37285470000006,
              -7.102707499999951
            ],
            [
              110.37316320000008,
              -7.101698799999951
            ],
            [
              110.37325930000009,
              -7.100771599999973
            ],
            [
              110.37271480000004,
              -7.100531499999931
            ],
            [
              110.37304760000006,
              -7.099817
            ],
            [
              110.373344,
              -7.099438799999973
            ],
            [
              110.37370090000007,
              -7.099330699999939
            ],
            [
              110.37365860000006,
              -7.098868399999958
            ],
            [
              110.37373250000007,
              -7.098495599999978
            ],
            [
              110.37303680000008,
              -7.097979299999963
            ],
            [
              110.37314560000004,
              -7.097613099999933
            ],
            [
              110.37358120000005,
              -7.096682499999929
            ],
            [
              110.37412570000004,
              -7.096394299999929
            ],
            [
              110.374971,
              -7.096428499999945
            ],
            [
              110.37529160000008,
              -7.095792099999926
            ],
            [
              110.37560010000004,
              -7.095305799999949
            ],
            [
              110.37581190000009,
              -7.09494559999996
            ],
            [
              110.37613250000004,
              -7.094561399999975
            ],
            [
              110.37641680000007,
              -7.09442329999996
            ],
            [
              110.37650760000008,
              -7.094537299999956
            ],
            [
              110.376562,
              -7.094675399999971
            ],
            [
              110.37669510000006,
              -7.094933499999968
            ],
            [
              110.37627170000007,
              -7.095161699999949
            ],
            [
              110.37602970000006,
              -7.095329799999945
            ],
            [
              110.37614460000009,
              -7.095485899999971
            ],
            [
              110.37615680000005,
              -7.095936199999926
            ],
            [
              110.37628990000007,
              -7.096230399999968
            ],
            [
              110.37635640000008,
              -7.096458499999926
            ],
            [
              110.37641690000004,
              -7.09665659999996
            ],
            [
              110.37643510000004,
              -7.096740599999976
            ],
            [
              110.37644120000004,
              -7.096920799999964
            ],
            [
              110.37624760000006,
              -7.097635199999957
            ],
            [
              110.37594220000005,
              -7.097883699999954
            ],
            [
              110.37599060000008,
              -7.098099799999943
            ],
            [
              110.37629310000005,
              -7.097817599999928
            ],
            [
              110.37648070000006,
              -7.097979699999939
            ],
            [
              110.37684980000006,
              -7.098664099999951
            ],
            [
              110.37707970000008,
              -7.098754199999973
            ],
            [
              110.37740030000003,
              -7.098670099999936
            ],
            [
              110.37771490000006,
              -7.098279799999943
            ],
            [
              110.37790850000005,
              -7.098423899999943
            ],
            [
              110.37775730000004,
              -7.098622
            ],
            [
              110.37777540000008,
              -7.098772099999962
            ],
            [
              110.37777540000008,
              -7.098928199999932
            ],
            [
              110.37775730000004,
              -7.099144399999943
            ],
            [
              110.37761820000009,
              -7.099396499999955
            ],
            [
              110.37763630000006,
              -7.099480599999936
            ],
            [
              110.37776940000003,
              -7.099810799999943
            ],
            [
              110.37793280000005,
              -7.099996899999951
            ],
            [
              110.37816880000008,
              -7.100098899999978
            ],
            [
              110.37846520000005,
              -7.100423099999944
            ],
            [
              110.37847130000006,
              -7.10057919999997
            ],
            [
              110.37865,
              -7.100582499999973
            ],
            [
              110.37875890000004,
              -7.100684499999943
            ],
            [
              110.37903110000008,
              -7.100684499999943
            ],
            [
              110.37916420000005,
              -7.100726499999951
            ],
            [
              110.37918240000005,
              -7.100852599999939
            ],
            [
              110.37941840000008,
              -7.101014699999951
            ],
            [
              110.37943650000005,
              -7.101182799999947
            ],
            [
              110.37958170000007,
              -7.101332899999932
            ],
            [
              110.37950910000006,
              -7.101513
            ],
            [
              110.37936390000004,
              -7.101519
            ],
            [
              110.37912190000009,
              -7.101314899999977
            ],
            [
              110.37886780000008,
              -7.101302899999951
            ],
            [
              110.37874080000006,
              -7.101603099999977
            ],
            [
              110.37873470000005,
              -7.101747199999977
            ],
            [
              110.37874690000007,
              -7.101963299999966
            ],
            [
              110.37877710000004,
              -7.102191499999947
            ],
            [
              110.378765,
              -7.102383599999939
            ],
            [
              110.37874080000006,
              -7.102719799999932
            ],
            [
              110.37872270000008,
              -7.10298389999997
            ],
            [
              110.37852030000005,
              -7.103307899999947
            ],
            [
              110.37848470000006,
              -7.103364899999974
            ],
            [
              110.37846050000007,
              -7.103533
            ],
            [
              110.37837580000007,
              -7.10367709999997
            ],
            [
              110.37837580000007,
              -7.10376709999997
            ],
            [
              110.37829110000007,
              -7.103953199999978
            ],
            [
              110.37833950000004,
              -7.104031299999974
            ],
            [
              110.37835160000009,
              -7.104271399999959
            ],
            [
              110.37832140000006,
              -7.104409499999974
            ],
            [
              110.37823060000005,
              -7.104475599999944
            ],
            [
              110.37812170000007,
              -7.104511599999967
            ],
            [
              110.37806120000005,
              -7.104511599999967
            ],
            [
              110.37806120000005,
              -7.104553599999974
            ],
            [
              110.37806730000005,
              -7.104763799999944
            ],
            [
              110.37806730000005,
              -7.104895799999952
            ],
            [
              110.37796450000008,
              -7.104913899999929
            ],
            [
              110.37796450000008,
              -7.105033899999967
            ],
            [
              110.37789190000007,
              -7.10513
            ],
            [
              110.37756520000005,
              -7.105736399999955
            ],
            [
              110.37722040000006,
              -7.105838399999925
            ],
            [
              110.37709330000007,
              -7.106156599999963
            ],
            [
              110.37707590000008,
              -7.106528699999956
            ],
            [
              110.37706980000007,
              -7.106834899999967
            ],
            [
              110.37716660000007,
              -7.106991
            ],
            [
              110.37691250000006,
              -7.107231099999979
            ],
            [
              110.376787,
              -7.107218099999955
            ],
            [
              110.37662210000008,
              -7.107201099999941
            ],
            [
              110.37661080000004,
              -7.107206599999927
            ],
            [
              110.37641040000005,
              -7.107303199999933
            ],
            [
              110.37647090000007,
              -7.107759499999929
            ],
            [
              110.37664030000008,
              -7.107939599999952
            ],
            [
              110.37674760000004,
              -7.108071699999925
            ],
            [
              110.37668210000004,
              -7.108141
            ],
            [
              110.37670330000009,
              -7.108253
            ],
            [
              110.37669740000007,
              -7.108356699999945
            ],
            [
              110.37678,
              -7.10869
            ],
            [
              110.37671690000008,
              -7.108877899999925
            ],
            [
              110.37676850000008,
              -7.10903339999993
            ],
            [
              110.37675680000007,
              -7.109165899999937
            ],
            [
              110.37678550000004,
              -7.109309899999971
            ],
            [
              110.37689830000005,
              -7.109367499999962
            ],
            [
              110.376899,
              -7.109372199999939
            ],
            [
              110.37711630000007,
              -7.10984469999994
            ],
            [
              110.37722460000003,
              -7.109944499999926
            ],
            [
              110.37734840000007,
              -7.110167199999978
            ],
            [
              110.37744130000004,
              -7.110320699999932
            ],
            [
              110.37737120000008,
              -7.110465599999941
            ],
            [
              110.37743730000005,
              -7.110446199999956
            ],
            [
              110.37744140000007,
              -7.110445
            ],
            [
              110.37748720000008,
              -7.11043449999994
            ],
            [
              110.377922,
              -7.110542299999963
            ],
            [
              110.37855530000007,
              -7.110586799999965
            ],
            [
              110.37865450000004,
              -7.110593799999947
            ],
            [
              110.37892150000005,
              -7.110625199999959
            ],
            [
              110.37926820000007,
              -7.110655
            ],
            [
              110.37928770000008,
              -7.110656699999936
            ],
            [
              110.37944790000006,
              -7.110642399999961
            ],
            [
              110.37946060000007,
              -7.110651399999938
            ],
            [
              110.37969550000008,
              -7.110818699999925
            ],
            [
              110.37973740000007,
              -7.110848499999975
            ],
            [
              110.37979890000008,
              -7.110892299999932
            ],
            [
              110.37990570000005,
              -7.110964299999978
            ],
            [
              110.38021090000007,
              -7.11087509999993
            ],
            [
              110.380394,
              -7.110803099999941
            ],
            [
              110.38048380000004,
              -7.110823099999948
            ],
            [
              110.38056950000004,
              -7.110842199999979
            ],
            [
              110.38067630000006,
              -7.110878
            ],
            [
              110.380722,
              -7.110892299999932
            ],
            [
              110.38083650000004,
              -7.110864099999958
            ],
            [
              110.38092620000003,
              -7.110800599999948
            ],
            [
              110.38102720000006,
              -7.11072919999998
            ],
            [
              110.38127140000006,
              -7.11070529999995
            ],
            [
              110.38138790000005,
              -7.110670299999981
            ],
            [
              110.38171190000008,
              -7.110687799999937
            ],
            [
              110.38189120000004,
              -7.110790399999928
            ],
            [
              110.38203190000007,
              -7.111021099999959
            ],
            [
              110.38209960000006,
              -7.111179399999969
            ],
            [
              110.38218520000004,
              -7.111379799999952
            ],
            [
              110.38239730000004,
              -7.111729799999978
            ],
            [
              110.38242040000006,
              -7.111812499999928
            ],
            [
              110.382431,
              -7.111850699999934
            ],
            [
              110.382698,
              -7.112162099999978
            ],
            [
              110.38316350000008,
              -7.112727599999971
            ],
            [
              110.38333130000007,
              -7.113091
            ],
            [
              110.38347260000006,
              -7.113354199999947
            ],
            [
              110.38361360000005,
              -7.113616899999954
            ],
            [
              110.38386540000005,
              -7.113920199999939
            ],
            [
              110.38407140000004,
              -7.114009399999929
            ],
            [
              110.38423160000008,
              -7.114063699999974
            ],
            [
              110.38466640000007,
              -7.113768099999959
            ],
            [
              110.384758,
              -7.113636499999927
            ],
            [
              110.38491060000007,
              -7.113514399999929
            ],
            [
              110.38528440000005,
              -7.113451
            ],
            [
              110.38559720000006,
              -7.113531599999931
            ],
            [
              110.38671870000007,
              -7.113627899999926
            ],
            [
              110.38704150000007,
              -7.113662199999965
            ],
            [
              110.387256,
              -7.11356509999996
            ],
            [
              110.387593,
              -7.113505099999941
            ],
            [
              110.38781750000004,
              -7.11336579999994
            ],
            [
              110.38801280000007,
              -7.113191399999948
            ],
            [
              110.38818850000007,
              -7.113036399999942
            ],
            [
              110.38825690000004,
              -7.112784499999975
            ],
            [
              110.38840330000005,
              -7.112542299999973
            ],
            [
              110.38851070000004,
              -7.112668199999973
            ],
            [
              110.38876460000006,
              -7.112794199999939
            ],
            [
              110.38911610000008,
              -7.112871699999971
            ],
            [
              110.38930160000007,
              -7.112619799999948
            ],
            [
              110.38947740000003,
              -7.112406699999951
            ],
            [
              110.38946760000005,
              -7.112009399999977
            ],
            [
              110.38963360000008,
              -7.111844699999949
            ],
            [
              110.38984590000007,
              -7.111875399999974
            ],
            [
              110.38989470000007,
              -7.112020799999925
            ],
            [
              110.38990440000003,
              -7.112253299999963
            ],
            [
              110.38993370000009,
              -7.112476199999946
            ],
            [
              110.39011920000007,
              -7.112689299999943
            ],
            [
              110.39041220000007,
              -7.112825
            ],
            [
              110.39072460000006,
              -7.11278619999996
            ],
            [
              110.39107610000008,
              -7.112544
            ],
            [
              110.39119330000005,
              -7.112582799999927
            ],
            [
              110.39133,
              -7.11272809999997
            ],
            [
              110.39130070000004,
              -7.112902499999961
            ],
            [
              110.391203,
              -7.113076899999953
            ],
            [
              110.39132020000005,
              -7.113299799999936
            ],
            [
              110.39165210000004,
              -7.11327069999993
            ],
            [
              110.39196460000005,
              -7.113202899999976
            ],
            [
              110.39228680000008,
              -7.11317379999997
            ],
            [
              110.39262850000006,
              -7.113154499999951
            ],
            [
              110.39292150000006,
              -7.11327069999993
            ],
            [
              110.39312040000004,
              -7.11342209999998
            ],
            [
              110.39354020000007,
              -7.113373699999954
            ],
            [
              110.39373550000005,
              -7.113470599999971
            ],
            [
              110.39381360000004,
              -7.113625599999978
            ],
            [
              110.39413580000007,
              -7.113451199999929
            ],
            [
              110.39454590000008,
              -7.113209
            ],
            [
              110.39460450000007,
              -7.112976499999945
            ],
            [
              110.39478020000007,
              -7.112899
            ],
            [
              110.39503410000009,
              -7.112869899999964
            ],
            [
              110.39514150000008,
              -7.112986199999966
            ],
            [
              110.395161,
              -7.113141199999973
            ],
            [
              110.39530750000006,
              -7.113257499999975
            ],
            [
              110.39548320000006,
              -7.113422199999945
            ],
            [
              110.395698,
              -7.113519099999962
            ],
            [
              110.39575780000007,
              -7.113555599999927
            ],
            [
              110.39575450000007,
              -7.11356139999998
            ],
            [
              110.39565210000006,
              -7.113710799999978
            ],
            [
              110.39564440000004,
              -7.113722099999961
            ],
            [
              110.39564440000004,
              -7.113723799999946
            ],
            [
              110.39565150000004,
              -7.114110799999935
            ],
            [
              110.39566150000007,
              -7.114277299999969
            ],
            [
              110.39567020000004,
              -7.114420799999948
            ],
            [
              110.39567090000008,
              -7.114432199999953
            ],
            [
              110.39533420000004,
              -7.114457899999934
            ],
            [
              110.395334,
              -7.114458099999979
            ],
            [
              110.39570790000005,
              -7.114440599999966
            ],
            [
              110.39601660000005,
              -7.114441
            ],
            [
              110.39613320000007,
              -7.114444399999968
            ],
            [
              110.39622150000008,
              -7.114446499999929
            ],
            [
              110.39639480000005,
              -7.114477699999952
            ],
            [
              110.39689980000009,
              -7.114568
            ],
            [
              110.39724770000004,
              -7.114579699999979
            ],
            [
              110.39728210000004,
              -7.114019199999973
            ],
            [
              110.39727990000006,
              -7.113983099999928
            ],
            [
              110.39727510000006,
              -7.113953799999933
            ],
            [
              110.39724330000007,
              -7.113940799999966
            ],
            [
              110.39705830000008,
              -7.113884199999973
            ],
            [
              110.397002,
              -7.113671199999942
            ],
            [
              110.39702460000007,
              -7.113503099999946
            ],
            [
              110.39726060000004,
              -7.113301599999943
            ],
            [
              110.39738420000003,
              -7.113212099999942
            ],
            [
              110.39755270000006,
              -7.113100199999963
            ],
            [
              110.397811,
              -7.112988399999949
            ],
            [
              110.39801330000006,
              -7.112798099999964
            ],
            [
              110.39819320000004,
              -7.112551699999926
            ],
            [
              110.39840670000007,
              -7.112316499999963
            ],
            [
              110.39874390000006,
              -7.111958199999947
            ],
            [
              110.39900240000009,
              -7.111678199999972
            ],
            [
              110.39940690000009,
              -7.111353599999973
            ],
            [
              110.39972140000003,
              -7.11117459999997
            ],
            [
              110.399865,
              -7.111031599999933
            ],
            [
              110.39987870000004,
              -7.111017899999979
            ],
            [
              110.40012590000003,
              -7.110861199999931
            ],
            [
              110.40048530000007,
              -7.110659899999973
            ],
            [
              110.40067630000004,
              -7.110469599999931
            ],
            [
              110.40091220000005,
              -7.11030169999998
            ],
            [
              110.40127170000005,
              -7.110077899999965
            ],
            [
              110.40150760000006,
              -7.109887599999979
            ],
            [
              110.40155330000005,
              -7.10971509999996
            ],
            [
              110.40147560000008,
              -7.109455199999957
            ],
            [
              110.40129420000005,
              -7.109142099999929
            ],
            [
              110.40115330000003,
              -7.108687699999962
            ],
            [
              110.40075020000006,
              -7.107869699999981
            ],
            [
              110.40041740000004,
              -7.107394899999974
            ],
            [
              110.40021560000008,
              -7.107202899999947
            ],
            [
              110.39989250000008,
              -7.107030899999927
            ],
            [
              110.39964010000006,
              -7.106909499999972
            ],
            [
              110.39941780000004,
              -7.106868799999972
            ],
            [
              110.39924550000006,
              -7.10685239999998
            ],
            [
              110.39910460000004,
              -7.106888599999934
            ],
            [
              110.39886210000009,
              -7.106868099999929
            ],
            [
              110.39867030000005,
              -7.106746699999974
            ],
            [
              110.398327,
              -7.106564599999956
            ],
            [
              110.39794340000009,
              -7.106321899999955
            ],
            [
              110.39749920000008,
              -7.106058899999937
            ],
            [
              110.39723680000009,
              -7.105776
            ],
            [
              110.397126,
              -7.105543699999942
            ],
            [
              110.39710620000005,
              -7.105240899999956
            ],
            [
              110.39714710000004,
              -7.104877599999952
            ],
            [
              110.39721820000005,
              -7.104574899999932
            ],
            [
              110.39742050000007,
              -7.104413699999952
            ],
            [
              110.39770350000003,
              -7.104282799999964
            ],
            [
              110.39793590000005,
              -7.104283099999975
            ],
            [
              110.39801610000006,
              -7.104355399999974
            ],
            [
              110.39803040000004,
              -7.104345199999955
            ],
            [
              110.39808730000004,
              -7.104444799999953
            ],
            [
              110.39814780000006,
              -7.104535699999929
            ],
            [
              110.39838,
              -7.104687399999932
            ],
            [
              110.39859210000009,
              -7.104687699999943
            ],
            [
              110.39871920000007,
              -7.10458639999996
            ],
            [
              110.39874790000005,
              -7.104604599999959
            ],
            [
              110.39879440000004,
              -7.104546699999958
            ],
            [
              110.398815,
              -7.104264099999966
            ],
            [
              110.39863350000007,
              -7.103940899999941
            ],
            [
              110.39854320000006,
              -7.103456299999948
            ],
            [
              110.39854370000006,
              -7.103093
            ],
            [
              110.39859630000007,
              -7.102728799999966
            ],
            [
              110.39860080000005,
              -7.102742399999954
            ],
            [
              110.39870610000008,
              -7.102497699999958
            ],
            [
              110.39906010000004,
              -7.102276199999949
            ],
            [
              110.39933310000004,
              -7.102074699999946
            ],
            [
              110.39949510000008,
              -7.101852799999961
            ],
            [
              110.39968270000008,
              -7.101282799999979
            ],
            [
              110.40006730000005,
              -7.100748399999929
            ],
            [
              110.40044170000004,
              -7.100325
            ],
            [
              110.40063430000004,
              -7.099891299999967
            ],
            [
              110.40067510000006,
              -7.099598599999979
            ],
            [
              110.40051940000006,
              -7.098856599999976
            ],
            [
              110.40043890000004,
              -7.098614299999952
            ],
            [
              110.40043930000007,
              -7.09833169999996
            ],
            [
              110.40049010000007,
              -7.098059299999932
            ],
            [
              110.40070260000005,
              -7.097857699999963
            ],
            [
              110.40083420000008,
              -7.097635799999978
            ],
            [
              110.40083460000005,
              -7.097322899999938
            ],
            [
              110.40076430000005,
              -7.096969599999966
            ],
            [
              110.40064340000004,
              -7.096707
            ],
            [
              110.40058310000006,
              -7.096464699999956
            ],
            [
              110.401033,
              -7.096288699999945
            ],
            [
              110.40154860000007,
              -7.09602689999997
            ],
            [
              110.40166990000006,
              -7.095946399999946
            ],
            [
              110.40163990000008,
              -7.095744499999967
            ],
            [
              110.40144820000006,
              -7.095532299999945
            ],
            [
              110.40126660000004,
              -7.09531
            ],
            [
              110.40096380000006,
              -7.095067399999948
            ],
            [
              110.40081260000005,
              -7.094845199999952
            ],
            [
              110.40070180000004,
              -7.094552299999975
            ],
            [
              110.40070210000005,
              -7.094330299999967
            ],
            [
              110.40088430000009,
              -7.094047899999964
            ],
            [
              110.40131420000006,
              -7.093639699999926
            ],
            [
              110.40214370000007,
              -7.092893899999979
            ],
            [
              110.40246740000003,
              -7.092581499999937
            ],
            [
              110.40265980000004,
              -7.092228499999976
            ],
            [
              110.40277130000004,
              -7.091925799999956
            ],
            [
              110.40277170000007,
              -7.091623099999936
            ],
            [
              110.40273160000004,
              -7.091421199999957
            ],
            [
              110.40259540000005,
              -7.091254499999934
            ],
            [
              110.40240370000004,
              -7.091072499999939
            ],
            [
              110.40222210000007,
              -7.090830099999948
            ],
            [
              110.40219210000004,
              -7.090608
            ],
            [
              110.40226310000008,
              -7.090396099999964
            ],
            [
              110.40242520000004,
              -7.09006329999994
            ],
            [
              110.40268850000007,
              -7.089569099999949
            ],
            [
              110.403099,
              -7.088585599999931
            ],
            [
              110.40322050000009,
              -7.088353599999948
            ],
            [
              110.40344320000008,
              -7.088030899999978
            ],
            [
              110.403595,
              -7.087849399999925
            ],
            [
              110.40358510000004,
              -7.087688
            ],
            [
              110.40355520000008,
              -7.087324599999931
            ],
            [
              110.40354550000006,
              -7.087031899999943
            ],
            [
              110.40351550000008,
              -7.086759299999926
            ],
            [
              110.40334410000008,
              -7.086516899999936
            ],
            [
              110.40303130000007,
              -7.086223799999971
            ],
            [
              110.40286490000005,
              -7.08592589999995
            ],
            [
              110.40286530000009,
              -7.085673499999928
            ],
            [
              110.40296670000004,
              -7.085381
            ],
            [
              110.40328020000004,
              -7.085098799999969
            ],
            [
              110.40352310000009,
              -7.084826599999928
            ],
            [
              110.40370540000004,
              -7.084453399999973
            ],
            [
              110.40375630000005,
              -7.084150699999952
            ],
            [
              110.40376690000005,
              -7.083787399999949
            ],
            [
              110.40372690000004,
              -7.083494599999938
            ],
            [
              110.40372760000008,
              -7.082879
            ],
            [
              110.40370790000009,
              -7.082556
            ],
            [
              110.40361740000009,
              -7.082182399999965
            ],
            [
              110.40344410000006,
              -7.082000199999925
            ],
            [
              110.40339180000007,
              -7.082009199999959
            ],
            [
              110.40331460000004,
              -7.081980199999975
            ],
            [
              110.403163,
              -7.081990099999928
            ],
            [
              110.40290030000006,
              -7.081989699999951
            ],
            [
              110.40257690000004,
              -7.082070099999953
            ],
            [
              110.40235610000008,
              -7.082143299999927
            ],
            [
              110.40235260000009,
              -7.082128
            ],
            [
              110.402203,
              -7.082170499999961
            ],
            [
              110.40203120000007,
              -7.08218039999997
            ],
            [
              110.40191,
              -7.082119699999964
            ],
            [
              110.40178890000004,
              -7.082008499999972
            ],
            [
              110.40175890000006,
              -7.081826799999931
            ],
            [
              110.40179960000006,
              -7.08160479999998
            ],
            [
              110.40185060000005,
              -7.081181
            ],
            [
              110.401861,
              -7.080938799999956
            ],
            [
              110.40183090000005,
              -7.080837799999927
            ],
            [
              110.40176050000008,
              -7.080545
            ],
            [
              110.40173050000004,
              -7.08030279999997
            ],
            [
              110.40176110000004,
              -7.080070699999965
            ],
            [
              110.40184220000003,
              -7.079868899999951
            ],
            [
              110.40203440000005,
              -7.079697599999974
            ],
            [
              110.40220630000005,
              -7.07954639999997
            ],
            [
              110.40233820000009,
              -7.079407299999957
            ],
            [
              110.40237830000007,
              -7.079365
            ],
            [
              110.40255030000009,
              -7.079213799999934
            ],
            [
              110.40268190000006,
              -7.07902219999994
            ],
            [
              110.40279840000005,
              -7.078832899999952
            ],
            [
              110.40285710000006,
              -7.078737499999932
            ],
            [
              110.40288740000005,
              -7.078747599999929
            ],
            [
              110.40291460000009,
              -7.078709599999968
            ],
            [
              110.40306630000003,
              -7.078598799999952
            ],
            [
              110.40337960000005,
              -7.078579
            ],
            [
              110.403622,
              -7.078609599999936
            ],
            [
              110.40393270000004,
              -7.07869809999994
            ],
            [
              110.40397630000007,
              -7.078586399999949
            ],
            [
              110.40393550000005,
              -7.078377899999964
            ],
            [
              110.40385940000004,
              -7.078120099999978
            ],
            [
              110.40367340000006,
              -7.077943599999969
            ],
            [
              110.40345140000005,
              -7.077741399999979
            ],
            [
              110.40344150000004,
              -7.077559699999938
            ],
            [
              110.40344180000005,
              -7.07733769999993
            ],
            [
              110.40331740000005,
              -7.077188199999966
            ],
            [
              110.40313890000004,
              -7.077145599999938
            ],
            [
              110.402957,
              -7.077165499999978
            ],
            [
              110.40274480000005,
              -7.077205599999957
            ],
            [
              110.40255270000006,
              -7.077356699999939
            ],
            [
              110.40231840000007,
              -7.077564199999927
            ],
            [
              110.40231020000004,
              -7.077560099999971
            ],
            [
              110.40213810000006,
              -7.077659
            ],
            [
              110.40188550000005,
              -7.077628399999981
            ],
            [
              110.40166340000007,
              -7.077527199999963
            ],
            [
              110.40153240000006,
              -7.077244399999927
            ],
            [
              110.40157320000009,
              -7.076931599999966
            ],
            [
              110.40176550000007,
              -7.076639199999931
            ],
            [
              110.40204870000008,
              -7.076447799999926
            ],
            [
              110.40252380000004,
              -7.076236399999971
            ],
            [
              110.40313010000006,
              -7.076126199999976
            ],
            [
              110.40333230000005,
              -7.076076
            ],
            [
              110.40344350000004,
              -7.075965099999962
            ],
            [
              110.40340350000008,
              -7.075692499999946
            ],
            [
              110.40325230000008,
              -7.075419799999963
            ],
            [
              110.40296970000009,
              -7.07517729999995
            ],
            [
              110.40258610000006,
              -7.074944599999981
            ],
            [
              110.40237420000005,
              -7.074752599999954
            ],
            [
              110.40243510000005,
              -7.074470099999928
            ],
            [
              110.40259710000004,
              -7.074248199999943
            ],
            [
              110.402961,
              -7.074057
            ],
            [
              110.40319350000004,
              -7.073986599999955
            ],
            [
              110.40336550000006,
              -7.074104099999943
            ],
            [
              110.403383,
              -7.07409279999996
            ],
            [
              110.40350650000005,
              -7.074148499999978
            ],
            [
              110.40359720000004,
              -7.074279799999942
            ],
            [
              110.403698,
              -7.074502
            ],
            [
              110.40381910000008,
              -7.074603099999933
            ],
            [
              110.40405140000007,
              -7.07463359999997
            ],
            [
              110.40422160000008,
              -7.074604299999976
            ],
            [
              110.404224,
              -7.074608699999942
            ],
            [
              110.40429390000008,
              -7.074613799999952
            ],
            [
              110.40452630000004,
              -7.074614099999962
            ],
            [
              110.40479920000007,
              -7.074533699999961
            ],
            [
              110.40504170000008,
              -7.074483499999928
            ],
            [
              110.405345,
              -7.074372899999958
            ],
            [
              110.40548670000004,
              -7.074151
            ],
            [
              110.40549710000005,
              -7.073898699999972
            ],
            [
              110.40539640000009,
              -7.073666499999945
            ],
            [
              110.40530570000004,
              -7.073464499999943
            ],
            [
              110.40506850000008,
              -7.073287599999958
            ],
            [
              110.40451310000009,
              -7.073054699999943
            ],
            [
              110.40410930000007,
              -7.072852299999965
            ],
            [
              110.40389820000007,
              -7.072681199999977
            ],
            [
              110.40389730000004,
              -7.072680499999933
            ],
            [
              110.40387760000004,
              -7.072347399999956
            ],
            [
              110.403881,
              -7.072335499999951
            ],
            [
              110.40399930000007,
              -7.071923699999957
            ],
            [
              110.40412040000007,
              -7.071682599999974
            ],
            [
              110.404171,
              -7.071581699999967
            ],
            [
              110.404212,
              -7.07150009999998
            ],
            [
              110.40445490000008,
              -7.071207699999945
            ],
            [
              110.404627,
              -7.070945499999937
            ],
            [
              110.40463220000004,
              -7.070809199999928
            ],
            [
              110.40454140000008,
              -7.070688
            ],
            [
              110.40442050000007,
              -7.070475899999963
            ],
            [
              110.40428610000004,
              -7.070291699999927
            ],
            [
              110.40422880000006,
              -7.070213299999978
            ],
            [
              110.40419890000004,
              -7.069940699999961
            ],
            [
              110.40422940000008,
              -7.069749
            ],
            [
              110.40434090000008,
              -7.069527099999959
            ],
            [
              110.40445230000006,
              -7.069264799999928
            ],
            [
              110.40450850000008,
              -7.068825899999979
            ],
            [
              110.40447850000004,
              -7.068513
            ],
            [
              110.40453960000008,
              -7.068200199999978
            ],
            [
              110.40473190000006,
              -7.067907699999978
            ],
            [
              110.40504550000009,
              -7.067554899999948
            ],
            [
              110.40545010000005,
              -7.067242499999963
            ],
            [
              110.40558150000004,
              -7.067172
            ],
            [
              110.40563210000005,
              -7.06707119999993
            ],
            [
              110.40562220000004,
              -7.066929899999934
            ],
            [
              110.40553660000006,
              -7.066743
            ],
            [
              110.405345,
              -7.066429899999946
            ],
            [
              110.40518380000009,
              -7.066116799999975
            ],
            [
              110.40519420000004,
              -7.065874599999972
            ],
            [
              110.40524510000006,
              -7.065571899999952
            ],
            [
              110.40539710000007,
              -7.065218899999934
            ],
            [
              110.40554420000007,
              -7.06470939999997
            ],
            [
              110.40566590000009,
              -7.064366399999926
            ],
            [
              110.40576750000008,
              -7.063942599999962
            ],
            [
              110.405788,
              -7.063690299999962
            ],
            [
              110.40575810000007,
              -7.063377399999979
            ],
            [
              110.40565760000004,
              -7.062923099999978
            ],
            [
              110.40550650000006,
              -7.062559599999929
            ],
            [
              110.40528480000006,
              -7.062125299999934
            ],
            [
              110.40496220000006,
              -7.061600099999964
            ],
            [
              110.40467980000005,
              -7.06122629999993
            ],
            [
              110.40452850000008,
              -7.06103429999996
            ],
            [
              110.40446820000005,
              -7.060792
            ],
            [
              110.40448880000008,
              -7.060529599999938
            ],
            [
              110.40462030000003,
              -7.060358199999939
            ],
            [
              110.40470870000007,
              -7.060230199999978
            ],
            [
              110.40473040000006,
              -7.060234699999967
            ],
            [
              110.40492370000004,
              -7.060106299999973
            ],
            [
              110.40511580000003,
              -7.059995499999957
            ],
            [
              110.40531810000004,
              -7.059834299999977
            ],
            [
              110.40547,
              -7.05953169999998
            ],
            [
              110.40553090000009,
              -7.059309699999972
            ],
            [
              110.40553120000004,
              -7.059067499999969
            ],
            [
              110.40563260000005,
              -7.058795099999941
            ],
            [
              110.40576930000009,
              -7.058568199999968
            ],
            [
              110.40587050000005,
              -7.058386699999971
            ],
            [
              110.40596160000007,
              -7.058245499999941
            ],
            [
              110.405962,
              -7.057983099999944
            ],
            [
              110.40599280000004,
              -7.05754909999996
            ],
            [
              110.406034,
              -7.056973899999946
            ],
            [
              110.40610520000007,
              -7.056600599999967
            ],
            [
              110.40604060000004,
              -7.055757799999981
            ],
            [
              110.40604080000008,
              -7.055586199999937
            ],
            [
              110.40589980000004,
              -7.055232799999942
            ],
            [
              110.40581950000006,
              -7.054808799999932
            ],
            [
              110.40581990000004,
              -7.054516099999944
            ],
            [
              110.40572930000008,
              -7.054253499999959
            ],
            [
              110.40562840000007,
              -7.054122199999938
            ],
            [
              110.40543690000004,
              -7.053829299999961
            ],
            [
              110.40527540000005,
              -7.053667599999926
            ],
            [
              110.40517470000009,
              -7.053475699999979
            ],
            [
              110.40518510000004,
              -7.05319309999993
            ],
            [
              110.40529140000007,
              -7.052996399999927
            ],
            [
              110.40536230000004,
              -7.052895599999943
            ],
            [
              110.40553410000007,
              -7.05283529999997
            ],
            [
              110.40573620000004,
              -7.052825399999961
            ],
            [
              110.40595840000009,
              -7.052825699999971
            ],
            [
              110.40617070000008,
              -7.052765399999942
            ],
            [
              110.40634250000005,
              -7.052674799999977
            ],
            [
              110.406464,
              -7.052513499999975
            ],
            [
              110.40648440000007,
              -7.052352
            ],
            [
              110.40639370000008,
              -7.052170199999978
            ],
            [
              110.40614130000006,
              -7.052028599999971
            ],
            [
              110.40600020000005,
              -7.051796299999978
            ],
            [
              110.40588950000006,
              -7.051392499999963
            ],
            [
              110.40576890000006,
              -7.050958299999934
            ],
            [
              110.405658,
              -7.050756299999932
            ],
            [
              110.40551670000008,
              -7.050665299999935
            ],
            [
              110.40531490000006,
              -7.050463199999967
            ],
            [
              110.40527470000006,
              -7.050301699999977
            ],
            [
              110.40530010000003,
              -7.050135199999943
            ],
            [
              110.40538140000007,
              -7.04983249999998
            ],
            [
              110.40545250000008,
              -7.049459099999979
            ],
            [
              110.40551360000006,
              -7.049095899999941
            ],
            [
              110.40558460000005,
              -7.048858499999938
            ],
            [
              110.40562520000009,
              -7.048722599999962
            ],
            [
              110.40570650000006,
              -7.048399699999948
            ],
            [
              110.405717,
              -7.048026299999947
            ],
            [
              110.40567190000007,
              -7.047809299999926
            ],
            [
              110.40552070000007,
              -7.047496199999955
            ],
            [
              110.40514740000003,
              -7.047092
            ],
            [
              110.40473380000009,
              -7.046677699999975
            ],
            [
              110.404532,
              -7.046445299999959
            ],
            [
              110.40447170000004,
              -7.046213099999932
            ],
            [
              110.40450230000005,
              -7.045991099999981
            ],
            [
              110.40456320000004,
              -7.045738799999981
            ],
            [
              110.40468480000004,
              -7.045486699999969
            ],
            [
              110.40473050000008,
              -7.045269699999949
            ],
            [
              110.40471070000007,
              -7.044936699999937
            ],
            [
              110.40462030000003,
              -7.044553
            ],
            [
              110.40455,
              -7.044240099999968
            ],
            [
              110.40446970000005,
              -7.043806
            ],
            [
              110.40432870000006,
              -7.043452499999944
            ],
            [
              110.40427860000005,
              -7.043190099999947
            ],
            [
              110.404289,
              -7.042937799999947
            ],
            [
              110.40439030000005,
              -7.042736
            ],
            [
              110.40450170000008,
              -7.042524199999946
            ],
            [
              110.40461510000006,
              -7.042289699999969
            ],
            [
              110.40460550000006,
              -7.042259299999955
            ],
            [
              110.40469410000009,
              -7.042130899999961
            ],
            [
              110.40474480000006,
              -7.041979499999968
            ],
            [
              110.40475520000007,
              -7.041737299999966
            ],
            [
              110.40468470000008,
              -7.041575799999976
            ],
            [
              110.404604,
              -7.041484799999978
            ],
            [
              110.40452140000008,
              -7.041454299999941
            ],
            [
              110.40448,
              -7.0414
            ],
            [
              110.40447770000009,
              -7.041395
            ],
            [
              110.40435160000004,
              -7.041363399999966
            ],
            [
              110.40403850000007,
              -7.041272099999958
            ],
            [
              110.40383670000006,
              -7.041150799999969
            ],
            [
              110.40369560000005,
              -7.040827599999943
            ],
            [
              110.40372630000007,
              -7.040565299999969
            ],
            [
              110.40395890000008,
              -7.040333399999952
            ],
            [
              110.40422280000007,
              -7.040108
            ],
            [
              110.40422130000007,
              -7.040082
            ],
            [
              110.40433320000005,
              -7.039970599999947
            ],
            [
              110.40433340000004,
              -7.039799
            ],
            [
              110.40429330000006,
              -7.039678399999957
            ],
            [
              110.40433270000005,
              -7.039591099999939
            ],
            [
              110.40429360000007,
              -7.039334699999927
            ],
            [
              110.40426370000006,
              -7.039011699999946
            ],
            [
              110.40410250000008,
              -7.03861779999994
            ],
            [
              110.40397170000006,
              -7.038203899999928
            ],
            [
              110.40396220000008,
              -7.037800199999936
            ],
            [
              110.40403840000005,
              -7.037442
            ],
            [
              110.40409920000008,
              -7.037300699999946
            ],
            [
              110.40419040000006,
              -7.037058599999966
            ],
            [
              110.40437240000006,
              -7.036957899999948
            ],
            [
              110.40459470000008,
              -7.036867399999949
            ],
            [
              110.40470890000006,
              -7.036843099999942
            ],
            [
              110.40473620000006,
              -7.036837299999945
            ],
            [
              110.40483760000006,
              -7.036585099999968
            ],
            [
              110.40496930000006,
              -7.036292599999967
            ],
            [
              110.40492940000007,
              -7.035818199999937
            ],
            [
              110.40472780000005,
              -7.035535299999935
            ],
            [
              110.40452580000004,
              -7.035444199999972
            ],
            [
              110.40434420000008,
              -7.035262299999943
            ],
            [
              110.40434440000007,
              -7.035100799999952
            ],
            [
              110.404375,
              -7.034909099999936
            ],
            [
              110.40417350000007,
              -7.034474899999964
            ],
            [
              110.40381870000004,
              -7.033960499999978
            ],
            [
              110.40381170000006,
              -7.033963299999925
            ],
            [
              110.40370590000003,
              -7.033802099999946
            ],
            [
              110.403697,
              -7.033788499999957
            ],
            [
              110.40372520000005,
              -7.033780099999944
            ],
            [
              110.40361860000007,
              -7.033644099999947
            ],
            [
              110.40340220000007,
              -7.033337
            ],
            [
              110.40316780000006,
              -7.032939499999941
            ],
            [
              110.40322250000008,
              -7.032506399999932
            ],
            [
              110.40334960000007,
              -7.032073299999979
            ],
            [
              110.403621,
              -7.031712599999935
            ],
            [
              110.40396080000005,
              -7.031436
            ],
            [
              110.40419380000009,
              -7.031221799999969
            ],
            [
              110.40430160000005,
              -7.030917899999963
            ],
            [
              110.40423,
              -7.03056
            ],
            [
              110.40420590000008,
              -7.03040059999995
            ],
            [
              110.40401610000004,
              -7.030202299999928
            ],
            [
              110.40360480000004,
              -7.029897799999958
            ],
            [
              110.40308620000008,
              -7.029575299999976
            ],
            [
              110.40292560000006,
              -7.029199499999947
            ],
            [
              110.40288520000007,
              -7.028873
            ],
            [
              110.40262240000004,
              -7.028358699999956
            ],
            [
              110.40233620000004,
              -7.028197399999954
            ],
            [
              110.402107,
              -7.028119899999979
            ],
            [
              110.40177530000005,
              -7.027984799999956
            ],
            [
              110.40166180000006,
              -7.027841399999943
            ],
            [
              110.40153720000006,
              -7.027684
            ],
            [
              110.40079670000006,
              -7.026869699999963
            ],
            [
              110.40042370000003,
              -7.026620499999979
            ],
            [
              110.39994710000008,
              -7.026205499999946
            ],
            [
              110.39953270000007,
              -7.025925199999961
            ],
            [
              110.399201,
              -7.025759
            ],
            [
              110.39902490000009,
              -7.025561899999957
            ],
            [
              110.39892150000009,
              -7.02534419999995
            ],
            [
              110.39892180000004,
              -7.025116199999957
            ],
            [
              110.39904670000004,
              -7.024753699999962
            ],
            [
              110.39926520000006,
              -7.024215199999958
            ],
            [
              110.39933,
              -7.023964099999944
            ],
            [
              110.39933,
              -7.023720199999957
            ],
            [
              110.39920360000008,
              -7.023707399999978
            ],
            [
              110.39890310000004,
              -7.023541299999977
            ],
            [
              110.39859230000008,
              -7.023323299999959
            ],
            [
              110.398377,
              -7.02318669999994
            ],
            [
              110.39836840000004,
              -7.023186199999941
            ],
            [
              110.39812580000006,
              -7.023105099999952
            ],
            [
              110.39782510000003,
              -7.023063299999933
            ],
            [
              110.397514,
              -7.02308359999995
            ],
            [
              110.39728060000004,
              -7.023118599999975
            ],
            [
              110.39721610000004,
              -7.023098199999936
            ],
            [
              110.397068,
              -7.023103699999979
            ],
            [
              110.39686070000005,
              -7.023010199999931
            ],
            [
              110.39649820000005,
              -7.022709299999974
            ],
            [
              110.39611480000008,
              -7.022398
            ],
            [
              110.39586640000005,
              -7.022076399999946
            ],
            [
              110.39575280000008,
              -7.021630799999969
            ],
            [
              110.39544220000005,
              -7.021236599999952
            ],
            [
              110.39518330000004,
              -7.020966899999962
            ],
            [
              110.39470680000005,
              -7.020551799999964
            ],
            [
              110.394334,
              -7.020168
            ],
            [
              110.39380580000005,
              -7.019618199999968
            ],
            [
              110.39364160000008,
              -7.019508499999972
            ],
            [
              110.39363930000007,
              -7.01950949999997
            ],
            [
              110.39355710000007,
              -7.019462399999952
            ],
            [
              110.39339120000005,
              -7.019451799999956
            ],
            [
              110.393111,
              -7.019524
            ],
            [
              110.39286180000005,
              -7.019793099999958
            ],
            [
              110.39264350000008,
              -7.020196899999974
            ],
            [
              110.39237350000008,
              -7.020497
            ],
            [
              110.39179240000004,
              -7.020744899999954
            ],
            [
              110.39131520000007,
              -7.020879
            ],
            [
              110.39108680000004,
              -7.020903399999952
            ],
            [
              110.39106,
              -7.02089
            ],
            [
              110.39105310000008,
              -7.020878699999969
            ],
            [
              110.39094180000006,
              -7.020878499999981
            ],
            [
              110.39070340000006,
              -7.020764199999974
            ],
            [
              110.39053780000006,
              -7.020556799999952
            ],
            [
              110.39052770000006,
              -7.020349599999975
            ],
            [
              110.39046580000007,
              -7.020069699999965
            ],
            [
              110.39034160000006,
              -7.019903799999952
            ],
            [
              110.38997890000007,
              -7.019706399999961
            ],
            [
              110.38968860000006,
              -7.019623199999955
            ],
            [
              110.38926350000008,
              -7.019581199999948
            ],
            [
              110.38876580000004,
              -7.019456199999979
            ],
            [
              110.38830970000004,
              -7.01931049999996
            ],
            [
              110.387719,
              -7.018978199999935
            ],
            [
              110.38734630000005,
              -7.018490799999938
            ],
            [
              110.38708760000009,
              -7.018055199999935
            ],
            [
              110.38702580000006,
              -7.017713199999946
            ],
            [
              110.38706280000008,
              -7.017473299999949
            ],
            [
              110.38707290000008,
              -7.01741119999997
            ],
            [
              110.38707950000008,
              -7.017385699999977
            ],
            [
              110.38666710000007,
              -7.017424199999937
            ],
            [
              110.38616650000006,
              -7.017396899999937
            ],
            [
              110.38569250000006,
              -7.017389599999944
            ],
            [
              110.38535880000006,
              -7.017349099999933
            ],
            [
              110.38504160000008,
              -7.01736539999996
            ],
            [
              110.38472110000004,
              -7.017431699999975
            ],
            [
              110.38432050000006,
              -7.017517799999951
            ],
            [
              110.38392650000009,
              -7.017557299999964
            ],
            [
              110.38348590000004,
              -7.01759009999995
            ],
            [
              110.38325210000005,
              -7.017696499999943
            ],
            [
              110.383008,
              -7.018039699999974
            ],
            [
              110.38290720000003,
              -7.018499799999972
            ],
            [
              110.38286,
              -7.018853199999967
            ],
            [
              110.38254520000004,
              -7.019673199999943
            ],
            [
              110.38239090000008,
              -7.020213199999944
            ],
            [
              110.38217710000004,
              -7.020393
            ],
            [
              110.38208370000007,
              -7.020444
            ],
            [
              110.38206650000006,
              -7.020436899999936
            ],
            [
              110.38193660000007,
              -7.020486099999971
            ],
            [
              110.38160290000008,
              -7.020432299999925
            ],
            [
              110.38128960000006,
              -7.020091699999966
            ],
            [
              110.38103310000008,
              -7.01968119999998
            ],
            [
              110.38078010000004,
              -7.019214
            ],
            [
              110.38035350000007,
              -7.01865319999996
            ],
            [
              110.38004720000004,
              -7.018099199999938
            ],
            [
              110.37982740000007,
              -7.017745399999967
            ],
            [
              110.37971970000007,
              -7.01766
            ],
            [
              110.37968670000004,
              -7.01766
            ],
            [
              110.37958050000009,
              -7.017605
            ],
            [
              110.37939370000004,
              -7.017558
            ],
            [
              110.37914670000004,
              -7.017551
            ],
            [
              110.37895290000006,
              -7.017730899999947
            ],
            [
              110.37885240000008,
              -7.01800419999995
            ],
            [
              110.37875170000007,
              -7.018410899999935
            ],
            [
              110.37864730000007,
              -7.019087799999966
            ],
            [
              110.37860010000009,
              -7.019447899999932
            ],
            [
              110.37860620000004,
              -7.019854699999939
            ],
            [
              110.378619,
              -7.020261599999969
            ],
            [
              110.37848810000008,
              -7.020831699999974
            ],
            [
              110.37839420000006,
              -7.021151699999962
            ],
            [
              110.37824,
              -7.021691799999928
            ],
            [
              110.37812590000004,
              -7.022091799999941
            ],
            [
              110.37813880000004,
              -7.022485299999971
            ],
            [
              110.37815360000008,
              -7.022608199999979
            ],
            [
              110.378152,
              -7.022605399999975
            ],
            [
              110.37815830000005,
              -7.02285889999996
            ],
            [
              110.37812470000006,
              -7.023025599999926
            ],
            [
              110.37805060000005,
              -7.023087099999941
            ],
            [
              110.37804970000008,
              -7.023086499999977
            ],
            [
              110.37797920000008,
              -7.023113099999932
            ],
            [
              110.37796440000005,
              -7.023118699999941
            ],
            [
              110.37781750000005,
              -7.023105199999975
            ],
            [
              110.37753080000005,
              -7.022871399999929
            ],
            [
              110.37697730000008,
              -7.022423799999956
            ],
            [
              110.37625030000004,
              -7.021909199999925
            ],
            [
              110.37603010000004,
              -7.02180889999994
            ],
            [
              110.37506320000006,
              -7.021020599999929
            ],
            [
              110.37469970000006,
              -7.020736599999964
            ],
            [
              110.37468830000006,
              -7.020757799999956
            ],
            [
              110.374661,
              -7.020732199999941
            ],
            [
              110.37452240000005,
              -7.020602099999962
            ],
            [
              110.37427370000006,
              -7.020363299999929
            ],
            [
              110.37392330000006,
              -7.020123099999978
            ],
            [
              110.37384870000005,
              -7.020072499999969
            ],
            [
              110.37379050000004,
              -7.020004599999936
            ],
            [
              110.37363110000007,
              -7.019864899999959
            ],
            [
              110.37341330000004,
              -7.019792
            ],
            [
              110.373216,
              -7.019864299999938
            ],
            [
              110.37303930000007,
              -7.020133599999951
            ],
            [
              110.37277950000004,
              -7.020361299999934
            ],
            [
              110.37253020000009,
              -7.02057869999993
            ],
            [
              110.37234320000005,
              -7.02079619999995
            ],
            [
              110.37227020000006,
              -7.021003399999927
            ],
            [
              110.37226990000005,
              -7.021241799999927
            ],
            [
              110.37219540000007,
              -7.021384599999976
            ],
            [
              110.37214,
              -7.02144
            ],
            [
              110.37207,
              -7.02157
            ],
            [
              110.37205240000009,
              -7.021609299999966
            ],
            [
              110.37187490000008,
              -7.021811499999956
            ],
            [
              110.37154260000005,
              -7.021966599999928
            ],
            [
              110.37122080000006,
              -7.022049099999947
            ],
            [
              110.37098030000004,
              -7.022023
            ],
            [
              110.37089720000006,
              -7.02199029999997
            ],
            [
              110.37068140000008,
              -7.021965399999942
            ],
            [
              110.37041170000003,
              -7.021871699999963
            ],
            [
              110.37015250000007,
              -7.021726299999955
            ],
            [
              110.36998670000008,
              -7.021580899999947
            ],
            [
              110.36982060000008,
              -7.021622099999945
            ],
            [
              110.36941570000005,
              -7.021756399999958
            ],
            [
              110.369208,
              -7.021922
            ],
            [
              110.36904180000005,
              -7.022025399999961
            ],
            [
              110.36888640000006,
              -7.021890399999961
            ],
            [
              110.368669,
              -7.021475499999951
            ],
            [
              110.3684,
              -7.020873799999947
            ],
            [
              110.36820540000008,
              -7.020563099999947
            ],
            [
              110.36796,
              -7.02028
            ],
            [
              110.36784,
              -7.02012
            ],
            [
              110.36783110000005,
              -7.020093299999928
            ],
            [
              110.36771640000006,
              -7.020002099999942
            ],
            [
              110.367364,
              -7.019732099999942
            ],
            [
              110.36672140000007,
              -7.019192099999941
            ],
            [
              110.36627550000009,
              -7.018953099999976
            ],
            [
              110.36595340000008,
              -7.018889699999932
            ],
            [
              110.36589450000008,
              -7.018911099999968
            ],
            [
              110.36560110000005,
              -7.018910699999935
            ],
            [
              110.36511330000008,
              -7.019024099999967
            ],
            [
              110.36468740000004,
              -7.019324099999949
            ],
            [
              110.364272,
              -7.019634599999961
            ],
            [
              110.36420750000008,
              -7.019713099999933
            ],
            [
              110.36420360000005,
              -7.01970179999995
            ],
            [
              110.36393940000005,
              -7.020017699999926
            ],
            [
              110.363482,
              -7.020670199999927
            ],
            [
              110.36317,
              -7.021136299999966
            ],
            [
              110.36279590000004,
              -7.021571199999926
            ],
            [
              110.36255680000005,
              -7.021871499999975
            ],
            [
              110.36220360000004,
              -7.022161299999937
            ],
            [
              110.36189210000003,
              -7.022347499999967
            ],
            [
              110.36179830000009,
              -7.022616899999946
            ],
            [
              110.36195360000005,
              -7.022917699999937
            ],
            [
              110.36221270000004,
              -7.023115099999927
            ],
            [
              110.36247210000005,
              -7.023156899999947
            ],
            [
              110.36270210000004,
              -7.023078199999929
            ],
            [
              110.36282220000004,
              -7.023060599999951
            ],
            [
              110.36310540000005,
              -7.022888199999954
            ],
            [
              110.36327180000006,
              -7.022618899999941
            ],
            [
              110.36349,
              -7.022411799999929
            ],
            [
              110.36371820000005,
              -7.022474299999942
            ],
            [
              110.36390450000005,
              -7.022754499999962
            ],
            [
              110.36395570000008,
              -7.022913699999947
            ],
            [
              110.363972,
              -7.02292
            ],
            [
              110.36399,
              -7.023213399999975
            ],
            [
              110.36405820000004,
              -7.023904199999947
            ],
            [
              110.36402950000007,
              -7.02466389999995
            ],
            [
              110.36386280000005,
              -7.025216199999932
            ],
            [
              110.36354410000007,
              -7.025782199999981
            ],
            [
              110.36312850000007,
              -7.026375599999938
            ],
            [
              110.362616,
              -7.027024099999949
            ],
            [
              110.36228350000005,
              -7.027493299999946
            ],
            [
              110.36206760000005,
              -7.027609799999937
            ],
            [
              110.36194580000006,
              -7.027613899999949
            ],
            [
              110.36187970000009,
              -7.027613799999926
            ],
            [
              110.361675,
              -7.027603
            ],
            [
              110.36130190000006,
              -7.027450599999952
            ],
            [
              110.36083220000006,
              -7.027159799999936
            ],
            [
              110.36052660000007,
              -7.026948599999969
            ],
            [
              110.36049630000008,
              -7.026961599999936
            ],
            [
              110.36034870000009,
              -7.026869099999942
            ],
            [
              110.36001680000004,
              -7.026882399999977
            ],
            [
              110.359823,
              -7.027089399999966
            ],
            [
              110.35987810000006,
              -7.02724139999998
            ],
            [
              110.36008520000007,
              -7.027448899999968
            ],
            [
              110.36023690000007,
              -7.027766799999938
            ],
            [
              110.36027770000004,
              -7.028222699999958
            ],
            [
              110.36021450000004,
              -7.028947799999969
            ],
            [
              110.36015870000006,
              -7.029293099999961
            ],
            [
              110.35995120000007,
              -7.029417099999932
            ],
            [
              110.35967470000008,
              -7.029403
            ],
            [
              110.35948090000005,
              -7.02954079999995
            ],
            [
              110.35939750000006,
              -7.029886099999942
            ],
            [
              110.35920340000007,
              -7.030217299999947
            ],
            [
              110.35892670000004,
              -7.030355099999952
            ],
            [
              110.35893170000008,
              -7.030369499999949
            ],
            [
              110.35871920000005,
              -7.030437699999936
            ],
            [
              110.35844250000008,
              -7.030561599999942
            ],
            [
              110.35816570000009,
              -7.030768399999943
            ],
            [
              110.35803820000007,
              -7.030834399999947
            ],
            [
              110.35800010000008,
              -7.030828799999938
            ],
            [
              110.35782560000007,
              -7.030848
            ],
            [
              110.35755030000007,
              -7.030831099999943
            ],
            [
              110.35740180000005,
              -7.030753899999979
            ],
            [
              110.35722570000007,
              -7.030665599999963
            ],
            [
              110.35715970000007,
              -7.03064349999994
            ],
            [
              110.35706930000003,
              -7.030615399999931
            ],
            [
              110.357044,
              -7.030628
            ],
            [
              110.35689,
              -7.030538599999943
            ],
            [
              110.35669180000008,
              -7.030521799999974
            ],
            [
              110.35658160000008,
              -7.030587699999955
            ],
            [
              110.35657040000007,
              -7.030692199999976
            ],
            [
              110.35657030000004,
              -7.030774699999938
            ],
            [
              110.35668570000007,
              -7.030989399999953
            ],
            [
              110.35677360000005,
              -7.031083099999933
            ],
            [
              110.35694410000008,
              -7.031253799999945
            ],
            [
              110.35708150000005,
              -7.031391499999927
            ],
            [
              110.35716390000005,
              -7.031578699999955
            ],
            [
              110.35721320000005,
              -7.031721799999957
            ],
            [
              110.35725710000008,
              -7.031848399999944
            ],
            [
              110.35730110000009,
              -7.03192
            ],
            [
              110.35730640000008,
              -7.032063
            ],
            [
              110.35731170000008,
              -7.032178499999929
            ],
            [
              110.35729510000004,
              -7.032239
            ],
            [
              110.35710760000006,
              -7.032458799999972
            ],
            [
              110.35707450000007,
              -7.032519299999933
            ],
            [
              110.35696980000006,
              -7.032579599999963
            ],
            [
              110.35643240000007,
              -7.032977699999947
            ],
            [
              110.35625610000005,
              -7.033049
            ],
            [
              110.35604110000008,
              -7.033197199999961
            ],
            [
              110.35584290000008,
              -7.033219
            ],
            [
              110.35563910000008,
              -7.033240699999965
            ],
            [
              110.355551,
              -7.033262599999944
            ],
            [
              110.35547940000004,
              -7.033262499999978
            ],
            [
              110.355441,
              -7.033270799999968
            ],
            [
              110.355432,
              -7.033261399999958
            ],
            [
              110.35535820000007,
              -7.033295299999963
            ],
            [
              110.35522060000005,
              -7.033284099999946
            ],
            [
              110.35512710000006,
              -7.033207
            ],
            [
              110.35501160000007,
              -7.033102299999939
            ],
            [
              110.35490710000005,
              -7.033019599999932
            ],
            [
              110.35478070000005,
              -7.032865399999935
            ],
            [
              110.35468720000006,
              -7.032733299999961
            ],
            [
              110.35459930000007,
              -7.032645099999968
            ],
            [
              110.35420610000006,
              -7.032234799999969
            ],
            [
              110.35394770000005,
              -7.031959399999948
            ],
            [
              110.35380470000007,
              -7.031871099999933
            ],
            [
              110.35376060000004,
              -7.031857299999956
            ],
            [
              110.35371110000006,
              -7.031816
            ],
            [
              110.35357350000004,
              -7.03178829999996
            ],
            [
              110.35341940000006,
              -7.031788099999972
            ],
            [
              110.35334210000008,
              -7.03188149999994
            ],
            [
              110.35326480000003,
              -7.032029899999941
            ],
            [
              110.35316560000007,
              -7.032139799999925
            ],
            [
              110.35304970000004,
              -7.032326699999942
            ],
            [
              110.352978,
              -7.032409099999938
            ],
            [
              110.35287330000006,
              -7.032497
            ],
            [
              110.35277410000003,
              -7.032546299999979
            ],
            [
              110.35269140000008,
              -7.032573699999944
            ],
            [
              110.35256480000004,
              -7.032590099999936
            ],
            [
              110.35245460000004,
              -7.03264489999998
            ],
            [
              110.35236090000006,
              -7.032683299999974
            ],
            [
              110.35228370000004,
              -7.032760199999927
            ],
            [
              110.352154,
              -7.032960799999955
            ],
            [
              110.352071,
              -7.033290799999975
            ],
            [
              110.35193860000004,
              -7.033494099999928
            ],
            [
              110.35184490000006,
              -7.033565499999952
            ],
            [
              110.35169050000007,
              -7.03367529999997
            ],
            [
              110.35155280000004,
              -7.033724599999971
            ],
            [
              110.35128280000004,
              -7.033834299999967
            ],
            [
              110.35120570000004,
              -7.033878199999947
            ],
            [
              110.351101,
              -7.033944099999928
            ],
            [
              110.35097670000005,
              -7.034249199999977
            ],
            [
              110.35078340000007,
              -7.034639499999969
            ],
            [
              110.35068930000006,
              -7.035019
            ],
            [
              110.350623,
              -7.035172899999964
            ],
            [
              110.35054570000005,
              -7.035332299999936
            ],
            [
              110.35037140000009,
              -7.035917899999959
            ],
            [
              110.35021130000007,
              -7.036242299999969
            ],
            [
              110.35007320000005,
              -7.036572199999966
            ],
            [
              110.34992970000008,
              -7.036781
            ],
            [
              110.34941940000004,
              -7.037514699999974
            ],
            [
              110.34915460000008,
              -7.037811399999953
            ],
            [
              110.34894520000006,
              -7.03797609999998
            ],
            [
              110.34877990000007,
              -7.038009
            ],
            [
              110.34865230000008,
              -7.037962599999958
            ],
            [
              110.34840560000004,
              -7.037958899999978
            ],
            [
              110.34825150000006,
              -7.037881599999935
            ],
            [
              110.34814710000006,
              -7.037744
            ],
            [
              110.34814720000008,
              -7.037650499999927
            ],
            [
              110.34816940000007,
              -7.037535
            ],
            [
              110.34821910000005,
              -7.037419499999942
            ],
            [
              110.348346,
              -7.03727669999995
            ],
            [
              110.34853890000005,
              -7.037089899999955
            ],
            [
              110.34859960000006,
              -7.037040499999932
            ],
            [
              110.34869330000004,
              -7.036958099999936
            ],
            [
              110.34890270000005,
              -7.036809799999958
            ],
            [
              110.34891390000007,
              -7.036721799999953
            ],
            [
              110.348892,
              -7.036644799999976
            ],
            [
              110.34871590000006,
              -7.036556499999961
            ],
            [
              110.34856730000007,
              -7.036528799999928
            ],
            [
              110.34833060000005,
              -7.036473499999943
            ],
            [
              110.34816,
              -7.036396199999956
            ],
            [
              110.34801140000008,
              -7.036324499999978
            ],
            [
              110.34775830000007,
              -7.036225099999967
            ],
            [
              110.34759320000006,
              -7.036125899999945
            ],
            [
              110.34737590000009,
              -7.035952299999963
            ],
            [
              110.34730450000006,
              -7.035886199999936
            ],
            [
              110.34722,
              -7.03579
            ],
            [
              110.34703,
              -7.0357
            ],
            [
              110.34696140000005,
              -7.035693799999933
            ],
            [
              110.34686980000004,
              -7.035649
            ],
            [
              110.34668810000005,
              -7.035654299999976
            ],
            [
              110.34659990000006,
              -7.035703699999942
            ],
            [
              110.34651170000006,
              -7.035786099999939
            ],
            [
              110.34644540000005,
              -7.03594
            ],
            [
              110.34634580000005,
              -7.036297399999967
            ],
            [
              110.34632890000006,
              -7.036567
            ],
            [
              110.34627350000005,
              -7.036819899999955
            ],
            [
              110.34622920000004,
              -7.036984899999936
            ],
            [
              110.34619590000005,
              -7.037177399999962
            ],
            [
              110.34619010000006,
              -7.037347899999929
            ],
            [
              110.34591730000005,
              -7.037581299999943
            ],
            [
              110.34579570000005,
              -7.037845199999936
            ],
            [
              110.34579,
              -7.038021199999946
            ],
            [
              110.34578430000005,
              -7.038180799999964
            ],
            [
              110.34581160000005,
              -7.038301799999942
            ],
            [
              110.34591050000006,
              -7.038445
            ],
            [
              110.34598740000007,
              -7.038582599999927
            ],
            [
              110.34610840000005,
              -7.038709299999937
            ],
            [
              110.34650170000003,
              -7.038976699999978
            ],
            [
              110.34660780000007,
              -7.039028599999938
            ],
            [
              110.34662020000007,
              -7.039061199999935
            ],
            [
              110.34671080000004,
              -7.039109
            ],
            [
              110.34683720000004,
              -7.039252199999964
            ],
            [
              110.34690860000006,
              -7.03936779999998
            ],
            [
              110.346914,
              -7.039499899999953
            ],
            [
              110.34689720000006,
              -7.039659399999948
            ],
            [
              110.34688610000006,
              -7.039747399999953
            ],
            [
              110.34686770000008,
              -7.039803899999981
            ],
            [
              110.34680870000005,
              -7.039967299999944
            ],
            [
              110.34678090000006,
              -7.040143299999954
            ],
            [
              110.34672010000008,
              -7.040335699999957
            ],
            [
              110.34669790000004,
              -7.04045119999995
            ],
            [
              110.34659860000005,
              -7.04059959999995
            ],
            [
              110.34652120000004,
              -7.040764599999932
            ],
            [
              110.34650570000008,
              -7.040978399999972
            ],
            [
              110.34650790000006,
              -7.041017799999963
            ],
            [
              110.34650920000007,
              -7.041039499999954
            ],
            [
              110.34646990000005,
              -7.041165699999965
            ],
            [
              110.346394,
              -7.041221
            ],
            [
              110.34619570000007,
              -7.041231699999969
            ],
            [
              110.345981,
              -7.041220399999929
            ],
            [
              110.34581590000005,
              -7.041121099999941
            ],
            [
              110.34574440000006,
              -7.041060499999958
            ],
            [
              110.345707,
              -7.040990399999941
            ],
            [
              110.34568750000005,
              -7.040987299999927
            ],
            [
              110.34550690000009,
              -7.040661299999954
            ],
            [
              110.34550740000009,
              -7.04029689999993
            ],
            [
              110.34534980000006,
              -7.039944299999945
            ],
            [
              110.34504590000006,
              -7.039834499999927
            ],
            [
              110.34476620000004,
              -7.039822
            ],
            [
              110.34463220000004,
              -7.039991899999961
            ],
            [
              110.34454640000007,
              -7.040453499999956
            ],
            [
              110.34448480000009,
              -7.041048699999976
            ],
            [
              110.34461760000005,
              -7.041765699999928
            ],
            [
              110.34472270000003,
              -7.042294499999969
            ],
            [
              110.34474840000007,
              -7.042620899999974
            ],
            [
              110.34476980000005,
              -7.042961299999945
            ],
            [
              110.34483070000005,
              -7.043175299999973
            ],
            [
              110.34484350000008,
              -7.043367299999943
            ],
            [
              110.34486930000008,
              -7.043637899999965
            ],
            [
              110.34484290000006,
              -7.043803699999955
            ],
            [
              110.34471770000005,
              -7.044290099999955
            ],
            [
              110.34453370000006,
              -7.044678199999964
            ],
            [
              110.34440230000007,
              -7.044952899999942
            ],
            [
              110.34414150000003,
              -7.045574399999964
            ],
            [
              110.34394870000006,
              -7.046001799999942
            ],
            [
              110.34383490000005,
              -7.046171799999968
            ],
            [
              110.34340820000006,
              -7.046732
            ],
            [
              110.34314590000008,
              -7.04694109999997
            ],
            [
              110.34285730000005,
              -7.047123899999974
            ],
            [
              110.34232170000007,
              -7.047461399999975
            ],
            [
              110.34208570000004,
              -7.047570199999939
            ],
            [
              110.34176240000005,
              -7.047617699999932
            ],
            [
              110.34163570000004,
              -7.047613199999944
            ],
            [
              110.34139750000008,
              -7.047724099999925
            ],
            [
              110.34119220000008,
              -7.047767399999941
            ],
            [
              110.34089950000003,
              -7.047745199999952
            ],
            [
              110.340703,
              -7.047727499999951
            ],
            [
              110.34051950000008,
              -7.04774029999993
            ],
            [
              110.34034030000004,
              -7.047805499999981
            ],
            [
              110.34007380000008,
              -7.047892399999967
            ],
            [
              110.33997760000005,
              -7.047940299999937
            ],
            [
              110.33988140000008,
              -7.048014299999977
            ],
            [
              110.33956890000007,
              -7.048160099999961
            ],
            [
              110.33948130000005,
              -7.048286499999961
            ],
            [
              110.33952920000007,
              -7.048395699999958
            ],
            [
              110.33972990000007,
              -7.048583599999972
            ],
            [
              110.33996550000006,
              -7.048767199999929
            ],
            [
              110.340079,
              -7.048832799999957
            ],
            [
              110.34020550000008,
              -7.04891159999994
            ],
            [
              110.34069630000005,
              -7.049363899999946
            ],
            [
              110.34087070000004,
              -7.049573599999974
            ],
            [
              110.34094030000006,
              -7.049796299999969
            ],
            [
              110.34099690000005,
              -7.049966599999948
            ],
            [
              110.34104230000008,
              -7.050296099999969
            ],
            [
              110.34106810000009,
              -7.050588499999947
            ],
            [
              110.34102810000007,
              -7.05075979999998
            ],
            [
              110.34096340000008,
              -7.050856499999952
            ],
            [
              110.34090410000005,
              -7.050915599999939
            ],
            [
              110.34056260000006,
              -7.050957899999958
            ],
            [
              110.340486,
              -7.050943199999949
            ],
            [
              110.34033350000004,
              -7.050909399999966
            ],
            [
              110.34025820000005,
              -7.050909299999944
            ],
            [
              110.34018090000006,
              -7.050897099999929
            ],
            [
              110.34004110000006,
              -7.050901199999942
            ],
            [
              110.33993610000005,
              -7.050997099999961
            ],
            [
              110.33985060000003,
              -7.051278399999944
            ],
            [
              110.33984150000003,
              -7.05150539999994
            ],
            [
              110.33985870000004,
              -7.051666799999964
            ],
            [
              110.33994160000009,
              -7.051802199999941
            ],
            [
              110.34015970000007,
              -7.051985799999954
            ],
            [
              110.34031680000004,
              -7.052103899999963
            ],
            [
              110.340655,
              -7.052320399999928
            ],
            [
              110.34088640000004,
              -7.052386099999978
            ],
            [
              110.34100860000007,
              -7.052407199999948
            ],
            [
              110.34118,
              -7.05249
            ],
            [
              110.34143620000009,
              -7.052632299999971
            ],
            [
              110.34151490000005,
              -7.052771
            ],
            [
              110.34158880000007,
              -7.052980599999955
            ],
            [
              110.34157990000006,
              -7.053133299999956
            ],
            [
              110.34151420000006,
              -7.053233599999942
            ],
            [
              110.34140940000009,
              -7.053246599999966
            ],
            [
              110.34105120000004,
              -7.053211099999942
            ],
            [
              110.34090720000006,
              -7.053110599999968
            ],
            [
              110.34076320000008,
              -7.053031799999928
            ],
            [
              110.34044010000008,
              -7.05295719999998
            ],
            [
              110.34027850000007,
              -7.052926399999933
            ],
            [
              110.34012120000006,
              -7.052930499999945
            ],
            [
              110.34002490000006,
              -7.053061299999968
            ],
            [
              110.34002910000004,
              -7.053196599999978
            ],
            [
              110.34003770000004,
              -7.053288299999963
            ],
            [
              110.340127,
              -7.053513099999975
            ],
            [
              110.34034480000008,
              -7.053893099999925
            ],
            [
              110.34057570000004,
              -7.054325399999925
            ],
            [
              110.34070220000007,
              -7.054474
            ],
            [
              110.34109690000008,
              -7.054873799999939
            ],
            [
              110.34141130000006,
              -7.055013899999949
            ],
            [
              110.34162950000007,
              -7.055105899999944
            ],
            [
              110.34186080000006,
              -7.055263299999979
            ],
            [
              110.34208760000007,
              -7.055486199999962
            ],
            [
              110.34215740000008,
              -7.055582299999969
            ],
            [
              110.34220730000004,
              -7.055828899999938
            ],
            [
              110.34218080000005,
              -7.056038299999955
            ],
            [
              110.34208880000006,
              -7.056186599999933
            ],
            [
              110.34197520000004,
              -7.05626929999994
            ],
            [
              110.34182220000008,
              -7.056290899999965
            ],
            [
              110.34151640000005,
              -7.056303599999978
            ],
            [
              110.34124130000004,
              -7.056294499999979
            ],
            [
              110.340988,
              -7.056237399999929
            ],
            [
              110.34075440000004,
              -7.0562
            ],
            [
              110.34050970000004,
              -7.056199599999957
            ],
            [
              110.34036550000008,
              -7.056291
            ],
            [
              110.34022530000004,
              -7.056552699999941
            ],
            [
              110.34014190000005,
              -7.056836199999964
            ],
            [
              110.34000190000006,
              -7.057019299999979
            ],
            [
              110.33973720000006,
              -7.05730479999994
            ],
            [
              110.33966690000005,
              -7.05759269999993
            ],
            [
              110.33959210000006,
              -7.057950399999982
            ],
            [
              110.33959180000005,
              -7.058146799999975
            ],
            [
              110.33955420000007,
              -7.058484899999939
            ],
            [
              110.339471,
              -7.058663699999954
            ],
            [
              110.33930910000004,
              -7.058838
            ],
            [
              110.33926520000006,
              -7.059038699999974
            ],
            [
              110.33929110000008,
              -7.059195799999941
            ],
            [
              110.33938470000004,
              -7.059464399999968
            ],
            [
              110.33948040000007,
              -7.059713199999976
            ],
            [
              110.33948450000008,
              -7.059909599999969
            ],
            [
              110.33945370000004,
              -7.06010589999994
            ],
            [
              110.33938350000005,
              -7.060289099999977
            ],
            [
              110.33923640000006,
              -7.060806
            ],
            [
              110.33913560000008,
              -7.06108949999998
            ],
            [
              110.33907840000006,
              -7.061342599999932
            ],
            [
              110.33906280000008,
              -7.061597799999959
            ],
            [
              110.33911050000006,
              -7.061811699999964
            ],
            [
              110.33912760000004,
              -7.062069199999939
            ],
            [
              110.33905740000006,
              -7.062274199999933
            ],
            [
              110.33896990000005,
              -7.062426799999969
            ],
            [
              110.33885810000004,
              -7.062721199999942
            ]
          ]
        ]
      }
    },
    {
      "type": "Feature",
      "properties": {
        "id": "KEC_SMG_10",
        "nama": "Gayamsari",
        "kode_bps": "3374100",
        "level": "kecamatan",
        "total_kelurahan": 7
      },
      "geometry": {
        "type": "Polygon",
        "coordinates": [
          [
            [
              110.43850490000005,
              -6.998074899999949
            ],
            [
              110.43853560000008,
              -6.998429699999974
            ],
            [
              110.43860090000004,
              -6.998557399999981
            ],
            [
              110.43864130000009,
              -6.998610299999939
            ],
            [
              110.438688,
              -6.998644599999977
            ],
            [
              110.43894,
              -6.998893899999928
            ],
            [
              110.43914530000006,
              -6.999074599999972
            ],
            [
              110.43940360000005,
              -6.999258499999939
            ],
            [
              110.43968990000008,
              -6.999486
            ],
            [
              110.43993890000007,
              -6.999666799999943
            ],
            [
              110.44023920000006,
              -6.999902099999929
            ],
            [
              110.44042280000008,
              -7.000026799999944
            ],
            [
              110.44063130000006,
              -7.000213799999926
            ],
            [
              110.44066860000004,
              -7.000282299999981
            ],
            [
              110.440673,
              -7.000289099999975
            ],
            [
              110.440712,
              -7.000303
            ],
            [
              110.44117180000006,
              -7.000466699999947
            ],
            [
              110.44195990000009,
              -7.000780099999929
            ],
            [
              110.44253160000005,
              -7.00099709999995
            ],
            [
              110.442847,
              -7.001064199999973
            ],
            [
              110.44310610000008,
              -7.001160599999935
            ],
            [
              110.44337060000004,
              -7.001291799999933
            ],
            [
              110.44356020000004,
              -7.001422899999966
            ],
            [
              110.44391810000008,
              -7.001679699999954
            ],
            [
              110.44435,
              -7.00191
            ],
            [
              110.44439620000009,
              -7.001942
            ],
            [
              110.4445,
              -7.00201
            ],
            [
              110.44474,
              -7.00213
            ],
            [
              110.44514,
              -7.00226
            ],
            [
              110.44541540000006,
              -7.002364199999931
            ],
            [
              110.44551,
              -7.0024
            ],
            [
              110.44581,
              -7.00254
            ],
            [
              110.44647,
              -7.00274
            ],
            [
              110.44679,
              -7.00283
            ],
            [
              110.44822,
              -7.00343
            ],
            [
              110.44842,
              -7.00356
            ],
            [
              110.44866,
              -7.00374
            ],
            [
              110.44872,
              -7.0038
            ],
            [
              110.44896,
              -7.00405
            ],
            [
              110.44902,
              -7.00418
            ],
            [
              110.44905,
              -7.00439
            ],
            [
              110.44905,
              -7.00481
            ],
            [
              110.44908,
              -7.00521
            ],
            [
              110.44912,
              -7.0053
            ],
            [
              110.44915,
              -7.00537
            ],
            [
              110.44954010000004,
              -7.006129299999941
            ],
            [
              110.45168160000009,
              -7.004061899999954
            ],
            [
              110.45168950000004,
              -7.00406849999996
            ],
            [
              110.45261060000007,
              -7.003120799999976
            ],
            [
              110.45302620000007,
              -7.00251819999994
            ],
            [
              110.45326070000004,
              -7.002043699999945
            ],
            [
              110.45359730000007,
              -7.001271499999973
            ],
            [
              110.45376380000005,
              -7.000789299999951
            ],
            [
              110.45384740000009,
              -7.000239099999931
            ],
            [
              110.45390460000004,
              -6.999700299999972
            ],
            [
              110.45391280000007,
              -6.999202799999978
            ],
            [
              110.45389070000004,
              -6.99873539999993
            ],
            [
              110.45383840000005,
              -6.998237899999936
            ],
            [
              110.45367760000005,
              -6.997103299999935
            ],
            [
              110.45363160000005,
              -6.996732499999951
            ],
            [
              110.45339,
              -6.99549
            ],
            [
              110.45321,
              -6.99399
            ],
            [
              110.45299,
              -6.99201
            ],
            [
              110.45297,
              -6.99167
            ],
            [
              110.45274950000004,
              -6.990153699999951
            ],
            [
              110.45271490000005,
              -6.989899599999944
            ],
            [
              110.45226480000008,
              -6.986597699999948
            ],
            [
              110.45185750000007,
              -6.983617799999934
            ],
            [
              110.45165690000005,
              -6.98215
            ],
            [
              110.45165290000006,
              -6.982120599999973
            ],
            [
              110.451637,
              -6.981952499999977
            ],
            [
              110.45156560000004,
              -6.981391799999926
            ],
            [
              110.451502,
              -6.980911299999946
            ],
            [
              110.45147820000005,
              -6.980711099999951
            ],
            [
              110.45146240000008,
              -6.980502899999976
            ],
            [
              110.45135890000006,
              -6.979894099999967
            ],
            [
              110.45127130000009,
              -6.979157099999952
            ],
            [
              110.451283,
              -6.979164799999978
            ],
            [
              110.450892,
              -6.97644669999994
            ],
            [
              110.45090960000005,
              -6.976451099999963
            ],
            [
              110.45090560000006,
              -6.976421599999981
            ],
            [
              110.450596,
              -6.974100599999929
            ],
            [
              110.45056980000004,
              -6.974093599999946
            ],
            [
              110.45034020000008,
              -6.972354699999926
            ],
            [
              110.44995660000006,
              -6.969793
            ],
            [
              110.44982860000005,
              -6.969034499999964
            ],
            [
              110.44975770000008,
              -6.968433399999981
            ],
            [
              110.44977280000006,
              -6.967760899999973
            ],
            [
              110.44972990000008,
              -6.967761899999971
            ],
            [
              110.44998760000004,
              -6.967088199999978
            ],
            [
              110.45063590000007,
              -6.96528109999997
            ],
            [
              110.45168210000008,
              -6.962887399999943
            ],
            [
              110.45172110000004,
              -6.962825499999951
            ],
            [
              110.451785,
              -6.96264009999993
            ],
            [
              110.45179480000007,
              -6.96261149999998
            ],
            [
              110.45112940000007,
              -6.962021599999957
            ],
            [
              110.45024220000005,
              -6.96121729999993
            ],
            [
              110.44944680000003,
              -6.960504899999933
            ],
            [
              110.44852150000008,
              -6.959539899999925
            ],
            [
              110.44832040000006,
              -6.959327299999927
            ],
            [
              110.44832450000007,
              -6.959303
            ],
            [
              110.44828390000004,
              -6.959252699999979
            ],
            [
              110.44794050000007,
              -6.958876099999941
            ],
            [
              110.44750680000004,
              -6.958287
            ],
            [
              110.44848480000007,
              -6.957980599999928
            ],
            [
              110.44854920000006,
              -6.957955
            ],
            [
              110.44859940000003,
              -6.957908399999951
            ],
            [
              110.44896070000004,
              -6.957781899999929
            ],
            [
              110.44956580000007,
              -6.957606299999952
            ],
            [
              110.45064660000008,
              -6.957325899999944
            ],
            [
              110.45189160000007,
              -6.95721
            ],
            [
              110.45194480000004,
              -6.95720659999995
            ],
            [
              110.45224470000005,
              -6.95718729999993
            ],
            [
              110.45227740000007,
              -6.955440899999928
            ],
            [
              110.45229720000009,
              -6.954577399999948
            ],
            [
              110.45205390000007,
              -6.953807599999948
            ],
            [
              110.45145380000008,
              -6.952887099999941
            ],
            [
              110.45109540000004,
              -6.952489699999944
            ],
            [
              110.45096930000005,
              -6.952287599999977
            ],
            [
              110.44989510000005,
              -6.951563599999929
            ],
            [
              110.448752,
              -6.951042799999925
            ],
            [
              110.44868160000004,
              -6.950944199999981
            ],
            [
              110.44841530000008,
              -6.950811199999976
            ],
            [
              110.448118,
              -6.95065139999997
            ],
            [
              110.44708950000006,
              -6.950147399999935
            ],
            [
              110.44596960000007,
              -6.94952909999995
            ],
            [
              110.44539810000003,
              -6.949299899999971
            ],
            [
              110.44480360000006,
              -6.949207799999954
            ],
            [
              110.44400320000005,
              -6.949184
            ],
            [
              110.44308810000007,
              -6.94943429999995
            ],
            [
              110.442496,
              -6.949709499999926
            ],
            [
              110.44248,
              -6.94971
            ],
            [
              110.44235280000004,
              -6.949723699999936
            ],
            [
              110.44174990000005,
              -6.949972499999944
            ],
            [
              110.44139970000003,
              -6.950813699999969
            ],
            [
              110.440952,
              -6.951939799999934
            ],
            [
              110.44088090000008,
              -6.952503
            ],
            [
              110.44095050000004,
              -6.953230699999949
            ],
            [
              110.44130110000009,
              -6.954733199999964
            ],
            [
              110.44174580000004,
              -6.956048099999975
            ],
            [
              110.442401,
              -6.958137799999975
            ],
            [
              110.442961,
              -6.959931499999925
            ],
            [
              110.44296260000004,
              -6.959931
            ],
            [
              110.44296260000004,
              -6.95993679999998
            ],
            [
              110.442962,
              -6.960509
            ],
            [
              110.44303180000009,
              -6.961072399999978
            ],
            [
              110.44324270000004,
              -6.961495099999979
            ],
            [
              110.44371180000007,
              -6.962012
            ],
            [
              110.44420440000005,
              -6.96264629999996
            ],
            [
              110.44441510000007,
              -6.963256799999954
            ],
            [
              110.44460220000008,
              -6.963937599999952
            ],
            [
              110.44460130000004,
              -6.964665199999956
            ],
            [
              110.44453,
              -6.965392699999938
            ],
            [
              110.44433540000006,
              -6.966493399999933
            ],
            [
              110.44431250000008,
              -6.966622799999925
            ],
            [
              110.44430550000004,
              -6.966621199999963
            ],
            [
              110.44424530000003,
              -6.967053399999941
            ],
            [
              110.44404320000007,
              -6.968534599999941
            ],
            [
              110.444043,
              -6.968734799999936
            ],
            [
              110.44396240000009,
              -6.969127
            ],
            [
              110.443801,
              -6.970039699999973
            ],
            [
              110.44364410000009,
              -6.970612099999926
            ],
            [
              110.44353130000007,
              -6.971092399999975
            ],
            [
              110.44346660000008,
              -6.971588899999972
            ],
            [
              110.443418,
              -6.972021199999972
            ],
            [
              110.443375,
              -6.972601399999974
            ],
            [
              110.44335070000005,
              -6.972592099999929
            ],
            [
              110.44327690000006,
              -6.972753799999964
            ],
            [
              110.44321570000005,
              -6.972856899999954
            ],
            [
              110.44320770000007,
              -6.972870399999977
            ],
            [
              110.44317250000006,
              -6.972929799999974
            ],
            [
              110.443076,
              -6.973202
            ],
            [
              110.44292310000009,
              -6.973778299999935
            ],
            [
              110.44289860000004,
              -6.974098599999934
            ],
            [
              110.44289820000006,
              -6.974483
            ],
            [
              110.44288970000008,
              -6.97489939999997
            ],
            [
              110.44290520000004,
              -6.975363899999934
            ],
            [
              110.44288870000008,
              -6.97559549999994
            ],
            [
              110.44288520000003,
              -6.975645499999928
            ],
            [
              110.44288070000005,
              -6.975708199999929
            ],
            [
              110.44279580000006,
              -6.976312599999972
            ],
            [
              110.44269120000007,
              -6.976704899999959
            ],
            [
              110.44254650000005,
              -6.977081099999964
            ],
            [
              110.44238570000005,
              -6.977521299999978
            ],
            [
              110.44221270000008,
              -6.978069699999935
            ],
            [
              110.44218030000008,
              -6.978357899999935
            ],
            [
              110.44213190000005,
              -6.978678199999933
            ],
            [
              110.44213140000005,
              -6.979102599999976
            ],
            [
              110.44206650000007,
              -6.979695099999958
            ],
            [
              110.44186840000003,
              -6.981172299999969
            ],
            [
              110.44177150000007,
              -6.981852799999956
            ],
            [
              110.44160620000008,
              -6.982649399999957
            ],
            [
              110.44146940000007,
              -6.98312169999997
            ],
            [
              110.44132460000009,
              -6.983561899999927
            ],
            [
              110.44125570000006,
              -6.98421449999995
            ],
            [
              110.44125530000008,
              -6.984574799999962
            ],
            [
              110.441295,
              -6.984943199999975
            ],
            [
              110.44125450000007,
              -6.98529549999995
            ],
            [
              110.441198,
              -6.985607799999968
            ],
            [
              110.44113970000006,
              -6.985905099999968
            ],
            [
              110.44084720000006,
              -6.987397099999953
            ],
            [
              110.44082820000006,
              -6.987578799999937
            ],
            [
              110.44081640000007,
              -6.987577
            ],
            [
              110.44075490000006,
              -6.987893399999962
            ],
            [
              110.44068920000007,
              -6.988142299999936
            ],
            [
              110.44062030000003,
              -6.988465899999937
            ],
            [
              110.44058580000006,
              -6.988661899999954
            ],
            [
              110.44049350000006,
              -6.989027499999963
            ],
            [
              110.44046520000006,
              -6.989235899999926
            ],
            [
              110.44045260000007,
              -6.989413299999967
            ],
            [
              110.44043190000008,
              -6.989791399999945
            ],
            [
              110.44040970000009,
              -6.990102599999943
            ],
            [
              110.44041390000007,
              -6.990514899999937
            ],
            [
              110.44039010000006,
              -6.99084629999993
            ],
            [
              110.44036810000006,
              -6.99099259999997
            ],
            [
              110.44030730000009,
              -6.991096699999957
            ],
            [
              110.44020130000007,
              -6.991196199999933
            ],
            [
              110.44003050000003,
              -6.991327099999978
            ],
            [
              110.44003,
              -6.99133
            ],
            [
              110.44002740000008,
              -6.991338499999927
            ],
            [
              110.43997830000006,
              -6.991387299999928
            ],
            [
              110.43985670000006,
              -6.991536599999961
            ],
            [
              110.43975680000005,
              -6.991738699999928
            ],
            [
              110.43969410000005,
              -6.992031199999929
            ],
            [
              110.43969710000005,
              -6.992127699999969
            ],
            [
              110.43970690000003,
              -6.992190799999946
            ],
            [
              110.43970730000007,
              -6.992193
            ],
            [
              110.43970740000009,
              -6.992193699999973
            ],
            [
              110.43970770000004,
              -6.992195699999968
            ],
            [
              110.43971190000008,
              -6.992222699999957
            ],
            [
              110.43971320000009,
              -6.992227499999956
            ],
            [
              110.43971810000005,
              -6.992245399999945
            ],
            [
              110.43978430000004,
              -6.992560099999935
            ],
            [
              110.43988030000008,
              -6.992852599999935
            ],
            [
              110.43995230000007,
              -6.993058
            ],
            [
              110.44002240000009,
              -6.993287599999974
            ],
            [
              110.44004080000008,
              -6.993413399999952
            ],
            [
              110.44002950000004,
              -6.993513299999961
            ],
            [
              110.43998850000008,
              -6.993764899999974
            ],
            [
              110.43991940000006,
              -6.994236699999931
            ],
            [
              110.43989680000004,
              -6.994551299999955
            ],
            [
              110.43984470000004,
              -6.994739899999956
            ],
            [
              110.43980120000003,
              -6.995047499999941
            ],
            [
              110.43979530000007,
              -6.995359599999972
            ],
            [
              110.43974480000008,
              -6.995549099999948
            ],
            [
              110.43964410000007,
              -6.995783099999926
            ],
            [
              110.43948210000008,
              -6.996000299999935
            ],
            [
              110.43935910000005,
              -6.996217599999966
            ],
            [
              110.43920260000004,
              -6.996418099999971
            ],
            [
              110.438979,
              -6.996785699999975
            ],
            [
              110.43888390000006,
              -6.997008599999958
            ],
            [
              110.43882380000008,
              -6.997082499999976
            ],
            [
              110.43880820000004,
              -6.997116699999935
            ],
            [
              110.43877070000008,
              -6.99716959999995
            ],
            [
              110.43872710000005,
              -6.997225599999979
            ],
            [
              110.43866460000004,
              -6.997331299999928
            ],
            [
              110.43858350000005,
              -6.997424599999931
            ],
            [
              110.438524,
              -6.997745
            ],
            [
              110.43850510000004,
              -6.997897499999965
            ],
            [
              110.43850490000005,
              -6.998074899999949
            ]
          ]
        ]
      }
    },
    {
      "type": "Feature",
      "properties": {
        "id": "KEC_SMG_03",
        "nama": "Pedurungan",
        "kode_bps": "3374080",
        "level": "kecamatan",
        "total_kelurahan": 12
      },
      "geometry": {
        "type": "Polygon",
        "coordinates": [
          [
            [
              110.44954010000004,
              -7.006129299999941
            ],
            [
              110.44954980000006,
              -7.006148099999962
            ],
            [
              110.44957910000005,
              -7.006205299999976
            ],
            [
              110.44971,
              -7.00646
            ],
            [
              110.44978,
              -7.0066
            ],
            [
              110.45004,
              -7.00684
            ],
            [
              110.45028,
              -7.007
            ],
            [
              110.45144,
              -7.00768
            ],
            [
              110.45165,
              -7.0078
            ],
            [
              110.45168890000008,
              -7.007820899999956
            ],
            [
              110.45187650000008,
              -7.007849499999963
            ],
            [
              110.45222080000008,
              -7.007805499999961
            ],
            [
              110.45250380000004,
              -7.00781139999998
            ],
            [
              110.45270370000009,
              -7.007839299999944
            ],
            [
              110.452859,
              -7.007883899999968
            ],
            [
              110.45292150000006,
              -7.007908899999961
            ],
            [
              110.45301,
              -7.00791
            ],
            [
              110.45318,
              -7.00798
            ],
            [
              110.45337,
              -7.00811
            ],
            [
              110.45337940000007,
              -7.008116399999949
            ],
            [
              110.45350250000007,
              -7.008256199999948
            ],
            [
              110.45358550000009,
              -7.008472599999948
            ],
            [
              110.45369640000007,
              -7.008644699999934
            ],
            [
              110.45387940000006,
              -7.008750299999974
            ],
            [
              110.45410140000007,
              -7.008811499999979
            ],
            [
              110.45431790000004,
              -7.00882839999997
            ],
            [
              110.45447410000008,
              -7.008867599999974
            ],
            [
              110.45468990000006,
              -7.008885599999928
            ],
            [
              110.45505530000008,
              -7.008930299999975
            ],
            [
              110.45535420000004,
              -7.009019199999955
            ],
            [
              110.45547130000006,
              -7.009089099999926
            ],
            [
              110.45567,
              -7.00917
            ],
            [
              110.45594,
              -7.0093
            ],
            [
              110.456209,
              -7.00938
            ],
            [
              110.45639140000009,
              -7.009482499999933
            ],
            [
              110.456622,
              -7.009671099999935
            ],
            [
              110.45683380000008,
              -7.009892599999944
            ],
            [
              110.45699860000008,
              -7.010001099999954
            ],
            [
              110.457154,
              -7.010076599999934
            ],
            [
              110.45719160000004,
              -7.01008719999993
            ],
            [
              110.45719520000006,
              -7.010096099999942
            ],
            [
              110.45729530000006,
              -7.010128599999973
            ],
            [
              110.45778520000005,
              -7.010284499999955
            ],
            [
              110.45808660000006,
              -7.010407199999975
            ],
            [
              110.45839760000007,
              -7.010426399999972
            ],
            [
              110.45863780000008,
              -7.010464399999933
            ],
            [
              110.45881680000008,
              -7.010539899999969
            ],
            [
              110.45883520000007,
              -7.010551699999951
            ],
            [
              110.45885250000003,
              -7.010549099999935
            ],
            [
              110.45891570000003,
              -7.010587099999952
            ],
            [
              110.45915120000006,
              -7.010681499999976
            ],
            [
              110.45939140000007,
              -7.010738299999957
            ],
            [
              110.45944130000004,
              -7.010749499999974
            ],
            [
              110.45952380000006,
              -7.010797
            ],
            [
              110.45964570000007,
              -7.01083269999998
            ],
            [
              110.45985770000004,
              -7.010927099999947
            ],
            [
              110.46011660000005,
              -7.01109219999995
            ],
            [
              110.46016670000006,
              -7.011145699999929
            ],
            [
              110.46039240000005,
              -7.011234
            ],
            [
              110.460517,
              -7.011252699999943
            ],
            [
              110.460809,
              -7.011342499999955
            ],
            [
              110.46113870000005,
              -7.011441699999978
            ],
            [
              110.46130360000006,
              -7.011517199999957
            ],
            [
              110.46144470000007,
              -7.011663299999952
            ],
            [
              110.46149130000003,
              -7.011761299999932
            ],
            [
              110.46155,
              -7.01182
            ],
            [
              110.46158660000009,
              -7.01185659999993
            ],
            [
              110.46171760000004,
              -7.012045
            ],
            [
              110.461854,
              -7.012294699999927
            ],
            [
              110.46187720000006,
              -7.012539499999946
            ],
            [
              110.46185810000009,
              -7.012826599999926
            ],
            [
              110.46187660000004,
              -7.013090299999931
            ],
            [
              110.46198930000008,
              -7.013396399999976
            ],
            [
              110.46211640000007,
              -7.013566
            ],
            [
              110.46227390000007,
              -7.013860499999964
            ],
            [
              110.46230680000008,
              -7.013964099999953
            ],
            [
              110.46256110000007,
              -7.01406789999993
            ],
            [
              110.46297090000007,
              -7.01415309999993
            ],
            [
              110.46322530000003,
              -7.014224
            ],
            [
              110.46329240000006,
              -7.014224099999979
            ],
            [
              110.46337,
              -7.01425
            ],
            [
              110.4636,
              -7.01432
            ],
            [
              110.46381,
              -7.01432
            ],
            [
              110.46383640000005,
              -7.014329299999929
            ],
            [
              110.46398840000006,
              -7.014408499999945
            ],
            [
              110.46426620000005,
              -7.01463949999993
            ],
            [
              110.46454870000008,
              -7.014818699999978
            ],
            [
              110.46484540000006,
              -7.014941499999964
            ],
            [
              110.46497970000007,
              -7.014964299999974
            ],
            [
              110.46502,
              -7.01498
            ],
            [
              110.46521,
              -7.01505
            ],
            [
              110.46543,
              -7.01512
            ],
            [
              110.46555,
              -7.01517
            ],
            [
              110.46575,
              -7.01519
            ],
            [
              110.46608,
              -7.01532
            ],
            [
              110.46621,
              -7.01537
            ],
            [
              110.46666,
              -7.01557
            ],
            [
              110.46670730000005,
              -7.015589699999964
            ],
            [
              110.46678,
              -7.01562
            ],
            [
              110.46689,
              -7.01566
            ],
            [
              110.46714,
              -7.01573
            ],
            [
              110.46746,
              -7.01583
            ],
            [
              110.46772,
              -7.01592
            ],
            [
              110.46942,
              -7.01654
            ],
            [
              110.47003,
              -7.01669
            ],
            [
              110.47015,
              -7.01682
            ],
            [
              110.47023,
              -7.01698
            ],
            [
              110.4706,
              -7.01744
            ],
            [
              110.47089,
              -7.01775
            ],
            [
              110.47138750000005,
              -7.018123099999968
            ],
            [
              110.47145,
              -7.01817
            ],
            [
              110.47213,
              -7.01864
            ],
            [
              110.4723,
              -7.01871
            ],
            [
              110.4727,
              -7.01888
            ],
            [
              110.47276,
              -7.0189
            ],
            [
              110.47282,
              -7.01893
            ],
            [
              110.4732,
              -7.01915
            ],
            [
              110.47326,
              -7.0192
            ],
            [
              110.47332240000009,
              -7.019289699999945
            ],
            [
              110.47339830000004,
              -7.01949129999997
            ],
            [
              110.47350410000007,
              -7.019710099999941
            ],
            [
              110.47366970000007,
              -7.019902399999978
            ],
            [
              110.47380230000005,
              -7.020008599999926
            ],
            [
              110.47384540000007,
              -7.020023899999956
            ],
            [
              110.47395,
              -7.0201
            ],
            [
              110.47414,
              -7.02014
            ],
            [
              110.47419410000003,
              -7.020145199999945
            ],
            [
              110.47423010000006,
              -7.020193099999972
            ],
            [
              110.47425830000009,
              -7.020212
            ],
            [
              110.47437240000005,
              -7.020247799999936
            ],
            [
              110.47457790000004,
              -7.020354
            ],
            [
              110.47479,
              -7.020453599999939
            ],
            [
              110.47483370000003,
              -7.02048439999993
            ],
            [
              110.47486940000005,
              -7.020489599999962
            ],
            [
              110.47492670000008,
              -7.020518299999935
            ],
            [
              110.47501250000005,
              -7.020613799999978
            ],
            [
              110.47511740000004,
              -7.020728299999973
            ],
            [
              110.47520320000007,
              -7.020833399999958
            ],
            [
              110.47524140000007,
              -7.020890599999973
            ],
            [
              110.47524130000005,
              -7.020967
            ],
            [
              110.47524110000006,
              -7.021129099999939
            ],
            [
              110.47523150000006,
              -7.021176799999978
            ],
            [
              110.47521230000007,
              -7.02122449999996
            ],
            [
              110.47513580000009,
              -7.021338899999932
            ],
            [
              110.47513570000007,
              -7.021443799999929
            ],
            [
              110.47512610000007,
              -7.021472399999936
            ],
            [
              110.475126,
              -7.021558299999981
            ],
            [
              110.47514510000008,
              -7.021606
            ],
            [
              110.47526910000005,
              -7.021711099999948
            ],
            [
              110.47532640000009,
              -7.021730199999979
            ],
            [
              110.47540270000007,
              -7.021778
            ],
            [
              110.47546,
              -7.021797099999958
            ],
            [
              110.47549810000004,
              -7.02179719999998
            ],
            [
              110.47551720000007,
              -7.021825799999931
            ],
            [
              110.47555540000008,
              -7.021835399999929
            ],
            [
              110.47563180000009,
              -7.021845
            ],
            [
              110.47565910000009,
              -7.021845
            ],
            [
              110.47582,
              -7.02196
            ],
            [
              110.47599790000004,
              -7.022041599999966
            ],
            [
              110.47608970000005,
              -7.02217939999997
            ],
            [
              110.47625690000007,
              -7.02256239999997
            ],
            [
              110.476259,
              -7.022567299999935
            ],
            [
              110.47627480000006,
              -7.022603299999957
            ],
            [
              110.47627520000009,
              -7.022604699999931
            ],
            [
              110.47648240000007,
              -7.023326099999963
            ],
            [
              110.47663920000008,
              -7.023715699999968
            ],
            [
              110.476796,
              -7.024043699999936
            ],
            [
              110.47694630000007,
              -7.024180499999943
            ],
            [
              110.47710350000006,
              -7.024214799999982
            ],
            [
              110.47717190000009,
              -7.024214899999947
            ],
            [
              110.47727440000006,
              -7.024290099999973
            ],
            [
              110.47739730000006,
              -7.024358599999971
            ],
            [
              110.477445,
              -7.024522599999955
            ],
            [
              110.47770420000006,
              -7.025048799999979
            ],
            [
              110.47787820000008,
              -7.025400799999943
            ],
            [
              110.47790520000007,
              -7.02566719999993
            ],
            [
              110.47792210000006,
              -7.02569619999997
            ],
            [
              110.47804850000006,
              -7.025913299999957
            ],
            [
              110.47820540000004,
              -7.026241299999981
            ],
            [
              110.47838970000004,
              -7.026494199999945
            ],
            [
              110.47866610000005,
              -7.026948799999957
            ],
            [
              110.47868640000007,
              -7.027146899999934
            ],
            [
              110.478774,
              -7.028253599999971
            ],
            [
              110.47876340000005,
              -7.028584799999976
            ],
            [
              110.47874280000008,
              -7.028714599999944
            ],
            [
              110.47882460000005,
              -7.028864899999974
            ],
            [
              110.47890650000005,
              -7.02907
            ],
            [
              110.47891990000005,
              -7.029281699999956
            ],
            [
              110.47899480000007,
              -7.029541399999971
            ],
            [
              110.47913820000008,
              -7.029753299999925
            ],
            [
              110.47927470000008,
              -7.029883199999972
            ],
            [
              110.47934620000007,
              -7.030180399999949
            ],
            [
              110.479346,
              -7.030358
            ],
            [
              110.47933890000007,
              -7.030583399999955
            ],
            [
              110.47947540000007,
              -7.030836299999976
            ],
            [
              110.47951620000003,
              -7.03100029999996
            ],
            [
              110.47957050000008,
              -7.031328199999962
            ],
            [
              110.47959770000006,
              -7.03147169999994
            ],
            [
              110.47972350000003,
              -7.03213779999993
            ],
            [
              110.47983930000004,
              -7.032472599999949
            ],
            [
              110.47992780000004,
              -7.032834699999967
            ],
            [
              110.48006410000005,
              -7.033258399999966
            ],
            [
              110.48019010000007,
              -7.033705899999973
            ],
            [
              110.48029930000007,
              -7.033856299999968
            ],
            [
              110.48034690000009,
              -7.034088599999961
            ],
            [
              110.48033970000006,
              -7.034443799999963
            ],
            [
              110.48038040000006,
              -7.03471019999995
            ],
            [
              110.48042440000006,
              -7.035130399999957
            ],
            [
              110.48056760000009,
              -7.035431099999926
            ],
            [
              110.48080660000005,
              -7.035704599999974
            ],
            [
              110.48097730000006,
              -7.035937
            ],
            [
              110.481001,
              -7.036111199999937
            ],
            [
              110.480953,
              -7.036275099999955
            ],
            [
              110.48079540000003,
              -7.036589099999958
            ],
            [
              110.48078830000009,
              -7.036759899999936
            ],
            [
              110.48086330000007,
              -7.036978499999975
            ],
            [
              110.48098620000007,
              -7.037101599999971
            ],
            [
              110.48117410000003,
              -7.037207699999954
            ],
            [
              110.48138590000008,
              -7.037351399999977
            ],
            [
              110.48161130000005,
              -7.037529199999938
            ],
            [
              110.48170680000004,
              -7.037747899999943
            ],
            [
              110.48175450000008,
              -7.037884599999927
            ],
            [
              110.481751,
              -7.03796989999995
            ],
            [
              110.48164820000005,
              -7.038202099999978
            ],
            [
              110.48140840000008,
              -7.038645799999927
            ],
            [
              110.48118930000004,
              -7.03895979999993
            ],
            [
              110.48102120000004,
              -7.039475299999935
            ],
            [
              110.48098680000004,
              -7.039680199999964
            ],
            [
              110.48104810000007,
              -7.039830499999937
            ],
            [
              110.48116420000008,
              -7.040015099999948
            ],
            [
              110.48145110000007,
              -7.040206599999976
            ],
            [
              110.48202170000008,
              -7.040449799999976
            ],
            [
              110.48237030000007,
              -7.040573099999961
            ],
            [
              110.48272570000006,
              -7.04064859999994
            ],
            [
              110.482924,
              -7.04063519999994
            ],
            [
              110.48297510000003,
              -7.04063009999993
            ],
            [
              110.4831,
              -7.04064
            ],
            [
              110.48333,
              -7.04061
            ],
            [
              110.48361720000008,
              -7.040630799999974
            ],
            [
              110.48366250000004,
              -7.040540399999941
            ],
            [
              110.48379270000004,
              -7.040308299999936
            ],
            [
              110.48390850000004,
              -7.039879699999972
            ],
            [
              110.48399830000005,
              -7.039898699999981
            ],
            [
              110.48420330000005,
              -7.039926199999968
            ],
            [
              110.48422050000005,
              -7.039920499999937
            ],
            [
              110.48423,
              -7.03993
            ],
            [
              110.48423130000003,
              -7.039931299999978
            ],
            [
              110.48427490000006,
              -7.039934099999925
            ],
            [
              110.48438120000009,
              -7.039878599999952
            ],
            [
              110.48449080000006,
              -7.03963959999993
            ],
            [
              110.48461430000003,
              -7.039298199999962
            ],
            [
              110.48478240000009,
              -7.038700799999958
            ],
            [
              110.48500840000008,
              -7.038427799999965
            ],
            [
              110.48515910000003,
              -7.038127399999951
            ],
            [
              110.48517290000007,
              -7.037997599999926
            ],
            [
              110.48507070000005,
              -7.037669699999981
            ],
            [
              110.48499570000007,
              -7.03752609999998
            ],
            [
              110.48501290000007,
              -7.03736559999993
            ],
            [
              110.48511590000004,
              -7.037051499999961
            ],
            [
              110.48542390000006,
              -7.036669399999937
            ],
            [
              110.48575250000005,
              -7.036328199999957
            ],
            [
              110.48580050000004,
              -7.036271799999952
            ],
            [
              110.485891,
              -7.03611849999993
            ],
            [
              110.486053,
              -7.035760599999946
            ],
            [
              110.48613070000005,
              -7.035423699999967
            ],
            [
              110.48615640000008,
              -7.03531339999995
            ],
            [
              110.48618950000008,
              -7.034978499999966
            ],
            [
              110.48621970000005,
              -7.034813699999972
            ],
            [
              110.48630490000005,
              -7.034614
            ],
            [
              110.48641030000005,
              -7.034259499999962
            ],
            [
              110.48653560000008,
              -7.03395
            ],
            [
              110.486595,
              -7.033777
            ],
            [
              110.48665270000004,
              -7.033564
            ],
            [
              110.48673730000007,
              -7.033304299999941
            ],
            [
              110.48679720000007,
              -7.033181499999955
            ],
            [
              110.48665680000005,
              -7.033005899999978
            ],
            [
              110.48666410000004,
              -7.03280929999994
            ],
            [
              110.48669250000006,
              -7.032563599999946
            ],
            [
              110.48678410000008,
              -7.032247799999936
            ],
            [
              110.48688290000007,
              -7.031939
            ],
            [
              110.48707290000004,
              -7.031644399999948
            ],
            [
              110.48743540000004,
              -7.031058599999938
            ],
            [
              110.48749190000007,
              -7.030784899999958
            ],
            [
              110.48753450000004,
              -7.030462
            ],
            [
              110.48749970000006,
              -7.030082899999968
            ],
            [
              110.48737730000005,
              -7.029580799999962
            ],
            [
              110.48739170000005,
              -7.0293
            ],
            [
              110.48741310000008,
              -7.029005199999972
            ],
            [
              110.48749710000004,
              -7.029035
            ],
            [
              110.48773370000004,
              -7.029064799999958
            ],
            [
              110.48774720000006,
              -7.029064099999971
            ],
            [
              110.48798370000009,
              -7.029087499999946
            ],
            [
              110.48813630000006,
              -7.029125699999952
            ],
            [
              110.48823550000009,
              -7.029150899999934
            ],
            [
              110.48876190000004,
              -7.029264399999931
            ],
            [
              110.48899840000007,
              -7.029298799999935
            ],
            [
              110.489296,
              -7.029390799999931
            ],
            [
              110.48986820000005,
              -7.029569099999947
            ],
            [
              110.49046330000004,
              -7.029750799999931
            ],
            [
              110.49052730000005,
              -7.029763699999933
            ],
            [
              110.49070080000007,
              -7.029759899999931
            ],
            [
              110.49090450000006,
              -7.029753099999937
            ],
            [
              110.49105210000005,
              -7.029739199999938
            ],
            [
              110.49122080000006,
              -7.029732399999943
            ],
            [
              110.49130070000007,
              -7.02976179999996
            ],
            [
              110.49131010000008,
              -7.029760299999964
            ],
            [
              110.49150850000007,
              -7.029784699999936
            ],
            [
              110.491745,
              -7.029817099999946
            ],
            [
              110.49195680000008,
              -7.029829
            ],
            [
              110.49198150000007,
              -7.02983039999998
            ],
            [
              110.49203490000008,
              -7.029834299999948
            ],
            [
              110.49239350000005,
              -7.029858099999956
            ],
            [
              110.49245450000006,
              -7.029729299999929
            ],
            [
              110.49249270000007,
              -7.029629199999931
            ],
            [
              110.49308780000007,
              -7.029880499999933
            ],
            [
              110.49337770000005,
              -7.029974399999958
            ],
            [
              110.493515,
              -7.030049799999972
            ],
            [
              110.49404140000007,
              -7.030235699999935
            ],
            [
              110.494194,
              -7.02998249999996
            ],
            [
              110.49423790000009,
              -7.029957799999977
            ],
            [
              110.49425210000004,
              -7.02994979999994
            ],
            [
              110.49430910000007,
              -7.029772899999955
            ],
            [
              110.49436430000009,
              -7.029603099999974
            ],
            [
              110.49442430000005,
              -7.029563199999927
            ],
            [
              110.49459420000005,
              -7.02961339999996
            ],
            [
              110.49480580000005,
              -7.029710899999941
            ],
            [
              110.49514010000007,
              -7.02968119999997
            ],
            [
              110.49539080000005,
              -7.029759599999977
            ],
            [
              110.49578060000005,
              -7.028595499999938
            ],
            [
              110.49572220000005,
              -7.028527199999928
            ],
            [
              110.49567360000009,
              -7.028410299999962
            ],
            [
              110.49563470000004,
              -7.028244699999959
            ],
            [
              110.49555680000009,
              -7.028156899999942
            ],
            [
              110.49572310000008,
              -7.027709
            ],
            [
              110.49584030000005,
              -7.027446099999963
            ],
            [
              110.49593580000004,
              -7.027480299999979
            ],
            [
              110.49594120000006,
              -7.02746529999996
            ],
            [
              110.49598690000005,
              -7.027432899999951
            ],
            [
              110.49663910000004,
              -7.027520699999968
            ],
            [
              110.49665460000006,
              -7.027344699999958
            ],
            [
              110.49675220000006,
              -7.02720839999995
            ],
            [
              110.49693760000008,
              -7.027052799999979
            ],
            [
              110.49715210000005,
              -7.027072499999974
            ],
            [
              110.49738610000009,
              -7.027102
            ],
            [
              110.49773710000005,
              -7.027121799999975
            ],
            [
              110.49799260000009,
              -7.027122099999929
            ],
            [
              110.49821470000006,
              -7.026985099999933
            ],
            [
              110.49822030000007,
              -7.026811399999929
            ],
            [
              110.49818430000005,
              -7.026630699999941
            ],
            [
              110.49823620000006,
              -7.026419099999941
            ],
            [
              110.49833680000006,
              -7.026251799999955
            ],
            [
              110.49834290000007,
              -7.026214899999957
            ],
            [
              110.49835210000003,
              -7.026160199999936
            ],
            [
              110.49838260000007,
              -7.026161699999932
            ],
            [
              110.49847410000007,
              -7.02617209999994
            ],
            [
              110.49848940000004,
              -7.026128799999981
            ],
            [
              110.49848940000004,
              -7.025924699999962
            ],
            [
              110.49851990000008,
              -7.025930399999936
            ],
            [
              110.49900820000005,
              -7.02599859999998
            ],
            [
              110.49914950000004,
              -7.026018299999976
            ],
            [
              110.49915870000007,
              -7.026019599999927
            ],
            [
              110.49914610000008,
              -7.025888399999928
            ],
            [
              110.49914110000009,
              -7.025790299999926
            ],
            [
              110.499167,
              -7.025651
            ],
            [
              110.499152,
              -7.025544899999943
            ],
            [
              110.49909210000004,
              -7.02552129999998
            ],
            [
              110.49893950000006,
              -7.025558
            ],
            [
              110.49877170000008,
              -7.02566719999993
            ],
            [
              110.49864960000008,
              -7.025709099999972
            ],
            [
              110.49852750000008,
              -7.025681499999962
            ],
            [
              110.49848180000004,
              -7.025654299999928
            ],
            [
              110.49844860000007,
              -7.025614099999927
            ],
            [
              110.49809270000009,
              -7.025183199999958
            ],
            [
              110.49791720000007,
              -7.025002899999947
            ],
            [
              110.497879,
              -7.024973399999965
            ],
            [
              110.49788040000004,
              -7.024954299999933
            ],
            [
              110.49784520000009,
              -7.024921799999959
            ],
            [
              110.49772140000005,
              -7.024756499999967
            ],
            [
              110.49771630000004,
              -7.024632599999961
            ],
            [
              110.49775780000004,
              -7.024477799999943
            ],
            [
              110.49785610000004,
              -7.024343699999974
            ],
            [
              110.49802160000007,
              -7.02422
            ],
            [
              110.49818480000005,
              -7.02419139999995
            ],
            [
              110.498198,
              -7.02416089999997
            ],
            [
              110.49826050000007,
              -7.02401679999997
            ],
            [
              110.49826460000008,
              -7.02400769999997
            ],
            [
              110.49824980000005,
              -7.023933399999976
            ],
            [
              110.498215,
              -7.023808499999973
            ],
            [
              110.49822010000008,
              -7.023648599999945
            ],
            [
              110.49823060000006,
              -7.023517699999957
            ],
            [
              110.49824420000004,
              -7.023457899999926
            ],
            [
              110.49844120000006,
              -7.023154599999941
            ],
            [
              110.49863580000005,
              -7.022737
            ],
            [
              110.49858090000004,
              -7.022386499999925
            ],
            [
              110.49861910000004,
              -7.021490099999937
            ],
            [
              110.49874880000004,
              -7.021308899999951
            ],
            [
              110.49883270000004,
              -7.021217299999932
            ],
            [
              110.49888610000005,
              -7.021123399999965
            ],
            [
              110.49888690000006,
              -7.021122
            ],
            [
              110.49890610000006,
              -7.021086599999933
            ],
            [
              110.49879320000008,
              -7.021095199999934
            ],
            [
              110.49862890000009,
              -7.021107599999937
            ],
            [
              110.49783020000007,
              -7.020787499999926
            ],
            [
              110.49784040000009,
              -7.020757699999933
            ],
            [
              110.49871190000005,
              -7.018207099999927
            ],
            [
              110.49948630000006,
              -7.016398399999957
            ],
            [
              110.50079080000006,
              -7.016985299999931
            ],
            [
              110.50374950000008,
              -7.014859499999943
            ],
            [
              110.50289770000006,
              -7.014406199999939
            ],
            [
              110.50343130000005,
              -7.013475399999948
            ],
            [
              110.502952,
              -7.013341799999978
            ],
            [
              110.50327230000005,
              -7.01270349999993
            ],
            [
              110.50289960000003,
              -7.012570099999948
            ],
            [
              110.50387980000005,
              -7.010730399999943
            ],
            [
              110.503883,
              -7.010724499999981
            ],
            [
              110.49853920000004,
              -7.007648899999936
            ],
            [
              110.49882190000005,
              -7.00632429999996
            ],
            [
              110.49809890000006,
              -7.006002299999977
            ],
            [
              110.49741530000006,
              -7.006483399999979
            ],
            [
              110.49717350000009,
              -7.007045199999936
            ],
            [
              110.49576730000007,
              -7.006843
            ],
            [
              110.49468290000004,
              -7.006239599999958
            ],
            [
              110.49395970000006,
              -7.00615849999997
            ],
            [
              110.49387960000007,
              -7.005877399999974
            ],
            [
              110.49384010000006,
              -7.005275099999949
            ],
            [
              110.49315740000009,
              -7.00487279999993
            ],
            [
              110.49283560000003,
              -7.005153499999949
            ],
            [
              110.49247380000008,
              -7.005233399999952
            ],
            [
              110.49179060000006,
              -7.005272899999966
            ],
            [
              110.49155010000004,
              -7.005179099999964
            ],
            [
              110.49106760000006,
              -7.004991
            ],
            [
              110.49078660000004,
              -7.004709699999978
            ],
            [
              110.49038520000005,
              -7.004347899999971
            ],
            [
              110.49127080000005,
              -7.002903499999945
            ],
            [
              110.49187380000006,
              -7.002743499999951
            ],
            [
              110.49259860000006,
              -7.001339
            ],
            [
              110.49288090000005,
              -7.00041589999995
            ],
            [
              110.49324460000008,
              -6.999872099999948
            ],
            [
              110.49239,
              -6.99912
            ],
            [
              110.49222,
              -6.99897
            ],
            [
              110.49153,
              -6.99834
            ],
            [
              110.49120620000008,
              -6.998061199999938
            ],
            [
              110.49117,
              -6.99803
            ],
            [
              110.491,
              -6.99787
            ],
            [
              110.49076,
              -6.99769
            ],
            [
              110.49053,
              -6.99743
            ],
            [
              110.49038,
              -6.99731
            ],
            [
              110.49018,
              -6.99713
            ],
            [
              110.48986,
              -6.99685
            ],
            [
              110.48882,
              -6.99595
            ],
            [
              110.4876,
              -6.99485
            ],
            [
              110.48716,
              -6.99445
            ],
            [
              110.48708,
              -6.99437
            ],
            [
              110.48698,
              -6.99429
            ],
            [
              110.4869,
              -6.99422
            ],
            [
              110.48634,
              -6.99377
            ],
            [
              110.48589,
              -6.99335
            ],
            [
              110.48581,
              -6.99326
            ],
            [
              110.48563,
              -6.99306
            ],
            [
              110.48523,
              -6.99268
            ],
            [
              110.48387,
              -6.99149
            ],
            [
              110.48374,
              -6.99137
            ],
            [
              110.48356,
              -6.99116
            ],
            [
              110.48349,
              -6.9911
            ],
            [
              110.48311,
              -6.99081
            ],
            [
              110.48292,
              -6.99065
            ],
            [
              110.48262,
              -6.99034
            ],
            [
              110.4825,
              -6.99024
            ],
            [
              110.48217,
              -6.98996
            ],
            [
              110.48173,
              -6.98957
            ],
            [
              110.48155,
              -6.98941
            ],
            [
              110.48074,
              -6.9887
            ],
            [
              110.48051,
              -6.98849
            ],
            [
              110.47999,
              -6.98804
            ],
            [
              110.47989,
              -6.98795
            ],
            [
              110.47916,
              -6.98731
            ],
            [
              110.47873,
              -6.98686
            ],
            [
              110.47829,
              -6.98641
            ],
            [
              110.47825,
              -6.98636
            ],
            [
              110.47790740000005,
              -6.985997899999973
            ],
            [
              110.47776170000009,
              -6.985820599999954
            ],
            [
              110.47761920000005,
              -6.985668499999974
            ],
            [
              110.47748760000007,
              -6.985539899999935
            ],
            [
              110.47734720000005,
              -6.985396399999956
            ],
            [
              110.47638940000007,
              -6.984540099999947
            ],
            [
              110.47544990000006,
              -6.983709499999975
            ],
            [
              110.47536790000004,
              -6.983639599999947
            ],
            [
              110.47530620000003,
              -6.983586899999978
            ],
            [
              110.47438730000005,
              -6.982802499999934
            ],
            [
              110.47439820000005,
              -6.98279
            ],
            [
              110.47410030000009,
              -6.982569499999954
            ],
            [
              110.473883,
              -6.98238809999998
            ],
            [
              110.47355,
              -6.98218
            ],
            [
              110.47313,
              -6.98185
            ],
            [
              110.47284,
              -6.98163
            ],
            [
              110.47189,
              -6.98078
            ],
            [
              110.4715,
              -6.98043
            ],
            [
              110.47078,
              -6.97981
            ],
            [
              110.47061,
              -6.97967
            ],
            [
              110.47046,
              -6.97952
            ],
            [
              110.47019,
              -6.97928
            ],
            [
              110.46979,
              -6.97893
            ],
            [
              110.46952980000009,
              -6.978702899999973
            ],
            [
              110.46924,
              -6.97845
            ],
            [
              110.46919,
              -6.97841
            ],
            [
              110.46826,
              -6.97757
            ],
            [
              110.4676,
              -6.97697
            ],
            [
              110.46701,
              -6.97647
            ],
            [
              110.46687,
              -6.97635
            ],
            [
              110.46631,
              -6.97583
            ],
            [
              110.46591,
              -6.97547
            ],
            [
              110.46561,
              -6.97518
            ],
            [
              110.46464,
              -6.97434
            ],
            [
              110.46426,
              -6.974
            ],
            [
              110.46406,
              -6.97383
            ],
            [
              110.46321,
              -6.97307
            ],
            [
              110.46301,
              -6.97289
            ],
            [
              110.46285,
              -6.97276
            ],
            [
              110.46271,
              -6.97264
            ],
            [
              110.46267,
              -6.97259
            ],
            [
              110.46259,
              -6.97253
            ],
            [
              110.4625,
              -6.97245
            ],
            [
              110.46244520000005,
              -6.972399899999971
            ],
            [
              110.462534,
              -6.972273599999937
            ],
            [
              110.45949990000008,
              -6.969535
            ],
            [
              110.45629510000003,
              -6.966612199999929
            ],
            [
              110.45455240000007,
              -6.965046199999961
            ],
            [
              110.451785,
              -6.96264009999993
            ],
            [
              110.45172110000004,
              -6.962825499999951
            ],
            [
              110.45168210000008,
              -6.962887399999943
            ],
            [
              110.45063590000007,
              -6.96528109999997
            ],
            [
              110.44998760000004,
              -6.967088199999978
            ],
            [
              110.44972990000008,
              -6.967761899999971
            ],
            [
              110.44977280000006,
              -6.967760899999973
            ],
            [
              110.44975770000008,
              -6.968433399999981
            ],
            [
              110.44982860000005,
              -6.969034499999964
            ],
            [
              110.44995660000006,
              -6.969793
            ],
            [
              110.45034020000008,
              -6.972354699999926
            ],
            [
              110.45056980000004,
              -6.974093599999946
            ],
            [
              110.450596,
              -6.974100599999929
            ],
            [
              110.45090560000006,
              -6.976421599999981
            ],
            [
              110.45090960000005,
              -6.976451099999963
            ],
            [
              110.450892,
              -6.97644669999994
            ],
            [
              110.451283,
              -6.979164799999978
            ],
            [
              110.45127130000009,
              -6.979157099999952
            ],
            [
              110.45135890000006,
              -6.979894099999967
            ],
            [
              110.45146240000008,
              -6.980502899999976
            ],
            [
              110.45147820000005,
              -6.980711099999951
            ],
            [
              110.451502,
              -6.980911299999946
            ],
            [
              110.45156560000004,
              -6.981391799999926
            ],
            [
              110.451637,
              -6.981952499999977
            ],
            [
              110.45165290000006,
              -6.982120599999973
            ],
            [
              110.45165690000005,
              -6.98215
            ],
            [
              110.45185750000007,
              -6.983617799999934
            ],
            [
              110.45226480000008,
              -6.986597699999948
            ],
            [
              110.45271490000005,
              -6.989899599999944
            ],
            [
              110.45274950000004,
              -6.990153699999951
            ],
            [
              110.45297,
              -6.99167
            ],
            [
              110.45299,
              -6.99201
            ],
            [
              110.45321,
              -6.99399
            ],
            [
              110.45339,
              -6.99549
            ],
            [
              110.45363160000005,
              -6.996732499999951
            ],
            [
              110.45367760000005,
              -6.997103299999935
            ],
            [
              110.45383840000005,
              -6.998237899999936
            ],
            [
              110.45389070000004,
              -6.99873539999993
            ],
            [
              110.45391280000007,
              -6.999202799999978
            ],
            [
              110.45390460000004,
              -6.999700299999972
            ],
            [
              110.45384740000009,
              -7.000239099999931
            ],
            [
              110.45376380000005,
              -7.000789299999951
            ],
            [
              110.45359730000007,
              -7.001271499999973
            ],
            [
              110.45326070000004,
              -7.002043699999945
            ],
            [
              110.45302620000007,
              -7.00251819999994
            ],
            [
              110.45261060000007,
              -7.003120799999976
            ],
            [
              110.45168950000004,
              -7.00406849999996
            ],
            [
              110.45168160000009,
              -7.004061899999954
            ],
            [
              110.44954010000004,
              -7.006129299999941
            ]
          ]
        ]
      }
    },
    {
      "type": "Feature",
      "properties": {
        "id": "KEC_SMG_08",
        "nama": "Tugu",
        "kode_bps": "3374150",
        "level": "kecamatan",
        "total_kelurahan": 7
      },
      "geometry": {
        "type": "Polygon",
        "coordinates": [
          [
            [
              110.28729560000005,
              -6.967333899999971
            ],
            [
              110.28761280000003,
              -6.967511799999954
            ],
            [
              110.28791750000005,
              -6.967652099999952
            ],
            [
              110.28802240000005,
              -6.967697199999975
            ],
            [
              110.28783690000006,
              -6.968056599999954
            ],
            [
              110.28773650000005,
              -6.968361099999981
            ],
            [
              110.28768120000007,
              -6.968570799999952
            ],
            [
              110.28766020000006,
              -6.968732
            ],
            [
              110.28775020000006,
              -6.96874889999998
            ],
            [
              110.28775020000006,
              -6.96876
            ],
            [
              110.28795,
              -6.9688
            ],
            [
              110.28803,
              -6.96887
            ],
            [
              110.28835,
              -6.96895
            ],
            [
              110.28915,
              -6.96934
            ],
            [
              110.28924110000008,
              -6.96939459999993
            ],
            [
              110.28945160000006,
              -6.969491499999947
            ],
            [
              110.29012,
              -6.969852899999978
            ],
            [
              110.29139120000008,
              -6.970588799999973
            ],
            [
              110.29226260000007,
              -6.97110779999997
            ],
            [
              110.29279990000003,
              -6.971455899999967
            ],
            [
              110.29355020000008,
              -6.97186
            ],
            [
              110.29440220000004,
              -6.972241399999973
            ],
            [
              110.29507090000004,
              -6.972445499999935
            ],
            [
              110.29586730000005,
              -6.972718599999951
            ],
            [
              110.29671950000005,
              -6.972995099999935
            ],
            [
              110.29752570000005,
              -6.973278099999959
            ],
            [
              110.29800760000006,
              -6.97336729999995
            ],
            [
              110.298009,
              -6.973355499999968
            ],
            [
              110.29821740000006,
              -6.973426599999925
            ],
            [
              110.29873540000006,
              -6.973519099999976
            ],
            [
              110.29943710000003,
              -6.973546399999975
            ],
            [
              110.300047,
              -6.97356689999998
            ],
            [
              110.30072910000007,
              -6.973541699999942
            ],
            [
              110.30148990000004,
              -6.973497
            ],
            [
              110.301995,
              -6.973425599999928
            ],
            [
              110.30270680000007,
              -6.973318599999971
            ],
            [
              110.303389,
              -6.973214699999971
            ],
            [
              110.30364840000004,
              -6.973188299999947
            ],
            [
              110.30364890000004,
              -6.973198699999955
            ],
            [
              110.30374980000005,
              -6.973175899999944
            ],
            [
              110.304209,
              -6.973104499999977
            ],
            [
              110.30530440000007,
              -6.972955399999933
            ],
            [
              110.30606530000006,
              -6.972884499999964
            ],
            [
              110.30697710000004,
              -6.972767799999929
            ],
            [
              110.30758050000009,
              -6.972703199999955
            ],
            [
              110.30837090000006,
              -6.972622399999977
            ],
            [
              110.30910560000007,
              -6.972558
            ],
            [
              110.30974830000008,
              -6.972552399999927
            ],
            [
              110.31022710000008,
              -6.972553099999971
            ],
            [
              110.311024,
              -6.972478899999942
            ],
            [
              110.31181110000006,
              -6.972414499999957
            ],
            [
              110.31244070000008,
              -6.972389199999952
            ],
            [
              110.31272270000005,
              -6.972409299999981
            ],
            [
              110.31309310000006,
              -6.972504799999967
            ],
            [
              110.31349290000009,
              -6.972721699999965
            ],
            [
              110.31378770000003,
              -6.97291869999998
            ],
            [
              110.31391690000004,
              -6.973074799999949
            ],
            [
              110.31391760000008,
              -6.973063899999943
            ],
            [
              110.31397750000008,
              -6.973168
            ],
            [
              110.31422640000005,
              -6.973423899999943
            ],
            [
              110.31450130000007,
              -6.973784699999953
            ],
            [
              110.31481570000005,
              -6.974073499999975
            ],
            [
              110.315163,
              -6.97430989999998
            ],
            [
              110.31568720000007,
              -6.974579399999925
            ],
            [
              110.31612960000007,
              -6.974819199999956
            ],
            [
              110.316595,
              -6.974990199999979
            ],
            [
              110.31737510000005,
              -6.975233799999955
            ],
            [
              110.31787990000004,
              -6.975359099999935
            ],
            [
              110.31821430000008,
              -6.975412
            ],
            [
              110.31903910000005,
              -6.975529399999971
            ],
            [
              110.31934,
              -6.97555
            ],
            [
              110.3197,
              -6.97564
            ],
            [
              110.31981090000005,
              -6.975653499999964
            ],
            [
              110.32044050000007,
              -6.975706799999955
            ],
            [
              110.32105030000008,
              -6.975766699999951
            ],
            [
              110.32147660000004,
              -6.975786899999946
            ],
            [
              110.32187650000009,
              -6.975853
            ],
            [
              110.32246010000006,
              -6.975926
            ],
            [
              110.32280770000006,
              -6.975965799999926
            ],
            [
              110.32304380000005,
              -6.975966099999937
            ],
            [
              110.32355690000009,
              -6.975993099999926
            ],
            [
              110.32399140000007,
              -6.975990399999944
            ],
            [
              110.32471290000007,
              -6.975984899999958
            ],
            [
              110.32546060000004,
              -6.975953199999935
            ],
            [
              110.32616230000008,
              -6.975973899999929
            ],
            [
              110.327064,
              -6.976037399999939
            ],
            [
              110.32792310000008,
              -6.976064799999961
            ],
            [
              110.32860510000006,
              -6.97612479999998
            ],
            [
              110.32951330000009,
              -6.976234199999965
            ],
            [
              110.32963370000004,
              -6.976252099999954
            ],
            [
              110.32962720000006,
              -6.976266199999941
            ],
            [
              110.32971,
              -6.976273799999944
            ],
            [
              110.33005090000006,
              -6.976339799999948
            ],
            [
              110.33048360000004,
              -6.976497699999925
            ],
            [
              110.33084390000005,
              -6.976786499999946
            ],
            [
              110.33135470000008,
              -6.977291899999955
            ],
            [
              110.33136560000008,
              -6.97730329999996
            ],
            [
              110.33191,
              -6.97794
            ],
            [
              110.33208,
              -6.97811
            ],
            [
              110.33219,
              -6.9782
            ],
            [
              110.3325,
              -6.97849
            ],
            [
              110.33325,
              -6.97918
            ],
            [
              110.33395,
              -6.98004
            ],
            [
              110.33408,
              -6.9802
            ],
            [
              110.33433,
              -6.98049
            ],
            [
              110.33438,
              -6.98055
            ],
            [
              110.33452,
              -6.98071
            ],
            [
              110.33552,
              -6.98193
            ],
            [
              110.33605,
              -6.98256
            ],
            [
              110.33624,
              -6.98279
            ],
            [
              110.33641,
              -6.98301
            ],
            [
              110.33646,
              -6.98308
            ],
            [
              110.33664,
              -6.98325
            ],
            [
              110.33671,
              -6.98336
            ],
            [
              110.33705,
              -6.98373
            ],
            [
              110.3373,
              -6.98399
            ],
            [
              110.33758,
              -6.98428
            ],
            [
              110.33782,
              -6.98446
            ],
            [
              110.3382,
              -6.98467
            ],
            [
              110.33868,
              -6.98493
            ],
            [
              110.33902,
              -6.98505
            ],
            [
              110.33961,
              -6.98526
            ],
            [
              110.3404,
              -6.98552
            ],
            [
              110.34044960000006,
              -6.985536099999933
            ],
            [
              110.34074,
              -6.98563
            ],
            [
              110.34118,
              -6.98577
            ],
            [
              110.34171,
              -6.98591
            ],
            [
              110.34214,
              -6.98598
            ],
            [
              110.3424,
              -6.98603
            ],
            [
              110.34289,
              -6.986
            ],
            [
              110.34409,
              -6.98594
            ],
            [
              110.34444,
              -6.98591
            ],
            [
              110.34453,
              -6.9859
            ],
            [
              110.34476,
              -6.98587
            ],
            [
              110.34498,
              -6.98583
            ],
            [
              110.34522,
              -6.98578
            ],
            [
              110.34563,
              -6.98575
            ],
            [
              110.3459,
              -6.98575
            ],
            [
              110.34641,
              -6.98573
            ],
            [
              110.34668,
              -6.98569
            ],
            [
              110.34688,
              -6.98566
            ],
            [
              110.34712,
              -6.98562
            ],
            [
              110.34759,
              -6.98548
            ],
            [
              110.34781,
              -6.98539
            ],
            [
              110.34796,
              -6.98532
            ],
            [
              110.34804,
              -6.98529
            ],
            [
              110.34828,
              -6.98518
            ],
            [
              110.34861,
              -6.985
            ],
            [
              110.34883,
              -6.98482
            ],
            [
              110.34898,
              -6.98467
            ],
            [
              110.34922,
              -6.98442
            ],
            [
              110.34975,
              -6.98359
            ],
            [
              110.34983,
              -6.98345
            ],
            [
              110.34997,
              -6.98326
            ],
            [
              110.35038,
              -6.9827
            ],
            [
              110.35056,
              -6.98257
            ],
            [
              110.35071,
              -6.98251
            ],
            [
              110.35094,
              -6.9824
            ],
            [
              110.35109,
              -6.98238
            ],
            [
              110.35132,
              -6.9824
            ],
            [
              110.3516,
              -6.98241
            ],
            [
              110.35194,
              -6.98248
            ],
            [
              110.35288,
              -6.98274
            ],
            [
              110.35325,
              -6.98284
            ],
            [
              110.35334,
              -6.98288
            ],
            [
              110.35376,
              -6.98307
            ],
            [
              110.35387,
              -6.98311
            ],
            [
              110.35414,
              -6.9832
            ],
            [
              110.35435,
              -6.9833
            ],
            [
              110.35474,
              -6.98348
            ],
            [
              110.35493,
              -6.98358
            ],
            [
              110.35556,
              -6.98385
            ],
            [
              110.35618,
              -6.98416
            ],
            [
              110.35655,
              -6.98438
            ],
            [
              110.35664,
              -6.98446
            ],
            [
              110.35674,
              -6.98453
            ],
            [
              110.35705,
              -6.98487
            ],
            [
              110.35719,
              -6.98503
            ],
            [
              110.35757950000004,
              -6.985727899999972
            ],
            [
              110.35767,
              -6.98589
            ],
            [
              110.35768440000004,
              -6.985904399999981
            ],
            [
              110.35786,
              -6.98608
            ],
            [
              110.35809,
              -6.98619
            ],
            [
              110.35816,
              -6.98621
            ],
            [
              110.35845,
              -6.9863
            ],
            [
              110.35851,
              -6.98631
            ],
            [
              110.35946,
              -6.98647
            ],
            [
              110.36018,
              -6.98659
            ],
            [
              110.3607,
              -6.98665
            ],
            [
              110.36102,
              -6.98668
            ],
            [
              110.36115,
              -6.98669
            ],
            [
              110.36146,
              -6.98672
            ],
            [
              110.36168210000005,
              -6.986742199999981
            ],
            [
              110.36191970000004,
              -6.986755699999947
            ],
            [
              110.36230440000008,
              -6.986791199999971
            ],
            [
              110.36285510000005,
              -6.986896799999954
            ],
            [
              110.36311030000007,
              -6.986949299999935
            ],
            [
              110.36311180000007,
              -6.986941199999933
            ],
            [
              110.36316160000007,
              -6.986674799999946
            ],
            [
              110.36321720000007,
              -6.986476599999946
            ],
            [
              110.363223,
              -6.986459399999944
            ],
            [
              110.363223,
              -6.986420199999941
            ],
            [
              110.36332370000008,
              -6.986201599999958
            ],
            [
              110.36338320000004,
              -6.986005699999964
            ],
            [
              110.36347930000005,
              -6.985782499999971
            ],
            [
              110.36349760000007,
              -6.985782599999936
            ],
            [
              110.36372530000006,
              -6.985766299999966
            ],
            [
              110.36378660000008,
              -6.985624
            ],
            [
              110.36387140000005,
              -6.985340399999927
            ],
            [
              110.36387370000006,
              -6.98529869999993
            ],
            [
              110.36406,
              -6.9847
            ],
            [
              110.36413,
              -6.9845
            ],
            [
              110.36415,
              -6.98443
            ],
            [
              110.36415930000004,
              -6.98442689999996
            ],
            [
              110.36415850000009,
              -6.984423199999981
            ],
            [
              110.36410840000008,
              -6.984304599999973
            ],
            [
              110.36409040000007,
              -6.984163299999977
            ],
            [
              110.36410430000006,
              -6.983985599999926
            ],
            [
              110.36416390000005,
              -6.983735
            ],
            [
              110.36420520000007,
              -6.983580199999949
            ],
            [
              110.36420070000008,
              -6.983502699999974
            ],
            [
              110.36415070000004,
              -6.983420599999931
            ],
            [
              110.36410520000004,
              -6.983347599999945
            ],
            [
              110.36409160000005,
              -6.983251899999971
            ],
            [
              110.36413740000006,
              -6.983151699999951
            ],
            [
              110.36419130000007,
              -6.983095899999967
            ],
            [
              110.36418430000003,
              -6.983017599999926
            ],
            [
              110.36420580000004,
              -6.982946399999946
            ],
            [
              110.36426310000007,
              -6.98274
            ],
            [
              110.36445530000009,
              -6.98284
            ],
            [
              110.36451260000007,
              -6.98267629999998
            ],
            [
              110.36454850000007,
              -6.982476899999938
            ],
            [
              110.36460580000005,
              -6.98227049999997
            ],
            [
              110.36467730000004,
              -6.98207119999995
            ],
            [
              110.36473470000004,
              -6.981743799999947
            ],
            [
              110.36493320000005,
              -6.981105799999966
            ],
            [
              110.36435,
              -6.98096
            ],
            [
              110.36417910000006,
              -6.980908699999929
            ],
            [
              110.36443490000005,
              -6.980023699999947
            ],
            [
              110.36458130000005,
              -6.979594499999962
            ],
            [
              110.36481230000004,
              -6.979019699999981
            ],
            [
              110.36519350000009,
              -6.977988899999957
            ],
            [
              110.36534760000006,
              -6.977567399999941
            ],
            [
              110.36550150000005,
              -6.977207199999953
            ],
            [
              110.36570180000007,
              -6.976670699999943
            ],
            [
              110.36595210000007,
              -6.97601549999996
            ],
            [
              110.36619850000005,
              -6.975348699999927
            ],
            [
              110.366245,
              -6.975072799999964
            ],
            [
              110.36624530000006,
              -6.974819699999955
            ],
            [
              110.36640680000005,
              -6.974528599999928
            ],
            [
              110.36655310000003,
              -6.974153099999967
            ],
            [
              110.36646110000004,
              -6.973850699999957
            ],
            [
              110.36640440000008,
              -6.973458899999969
            ],
            [
              110.36651980000005,
              -6.973290399999939
            ],
            [
              110.36655070000006,
              -6.97308339999995
            ],
            [
              110.36648960000008,
              -6.972914599999967
            ],
            [
              110.36646690000003,
              -6.972638599999925
            ],
            [
              110.36649040000009,
              -6.972316599999942
            ],
            [
              110.36651040000004,
              -6.97171469999995
            ],
            [
              110.36651070000005,
              -6.971507599999939
            ],
            [
              110.36663410000006,
              -6.971001699999931
            ],
            [
              110.36681150000004,
              -6.970373199999926
            ],
            [
              110.36693450000007,
              -6.970166399999925
            ],
            [
              110.36726490000007,
              -6.969844799999976
            ],
            [
              110.36758770000006,
              -6.969469499999946
            ],
            [
              110.36805650000008,
              -6.968979399999967
            ],
            [
              110.36805820000006,
              -6.968980399999964
            ],
            [
              110.36817440000004,
              -6.968818899999974
            ],
            [
              110.36652750000007,
              -6.967570299999977
            ],
            [
              110.36527030000008,
              -6.966556499999967
            ],
            [
              110.36446160000008,
              -6.965938199999925
            ],
            [
              110.364316,
              -6.965792299999976
            ],
            [
              110.36446260000008,
              -6.965202099999942
            ],
            [
              110.36467830000004,
              -6.96452759999994
            ],
            [
              110.36509780000006,
              -6.963604199999963
            ],
            [
              110.36523680000005,
              -6.962945
            ],
            [
              110.36530640000007,
              -6.962561699999981
            ],
            [
              110.36544480000003,
              -6.962354799999957
            ],
            [
              110.36562090000007,
              -6.962105899999926
            ],
            [
              110.36583990000008,
              -6.961932299999944
            ],
            [
              110.36591420000008,
              -6.961710599999947
            ],
            [
              110.36589820000006,
              -6.961382
            ],
            [
              110.36601380000008,
              -6.961004299999956
            ],
            [
              110.36621250000007,
              -6.959969499999943
            ],
            [
              110.36652670000007,
              -6.958606299999929
            ],
            [
              110.36664270000006,
              -6.957949299999939
            ],
            [
              110.36675880000007,
              -6.957193699999948
            ],
            [
              110.36703910000006,
              -6.956586199999947
            ],
            [
              110.36735210000006,
              -6.956143
            ],
            [
              110.36758330000004,
              -6.955371199999945
            ],
            [
              110.36771950000008,
              -6.954820799999936
            ],
            [
              110.36495410000003,
              -6.95443419999998
            ],
            [
              110.36284450000005,
              -6.954399
            ],
            [
              110.36171,
              -6.95438
            ],
            [
              110.36105,
              -6.95429
            ],
            [
              110.36072,
              -6.95427
            ],
            [
              110.35971,
              -6.95409
            ],
            [
              110.35927,
              -6.95402
            ],
            [
              110.35906690000007,
              -6.954013399999951
            ],
            [
              110.35644750000006,
              -6.954166499999928
            ],
            [
              110.35426480000007,
              -6.954084799999976
            ],
            [
              110.35319950000007,
              -6.953983299999948
            ],
            [
              110.35177180000005,
              -6.953812
            ],
            [
              110.35108660000009,
              -6.952898299999958
            ],
            [
              110.35005860000007,
              -6.951984599999946
            ],
            [
              110.347603,
              -6.95129929999996
            ],
            [
              110.34617540000005,
              -6.951070899999934
            ],
            [
              110.34354840000009,
              -6.950157099999956
            ],
            [
              110.34217,
              -6.94932
            ],
            [
              110.33875140000004,
              -6.948843699999941
            ],
            [
              110.33606740000005,
              -6.948101299999962
            ],
            [
              110.334853,
              -6.947708399999954
            ],
            [
              110.33024250000005,
              -6.946216799999945
            ],
            [
              110.32637810000006,
              -6.944229
            ],
            [
              110.32281860000006,
              -6.941819499999951
            ],
            [
              110.32104820000006,
              -6.94067739999997
            ],
            [
              110.318764,
              -6.940049199999976
            ],
            [
              110.31687940000006,
              -6.939363899999933
            ],
            [
              110.31428230000006,
              -6.938129099999969
            ],
            [
              110.31362780000006,
              -6.937555499999974
            ],
            [
              110.313306,
              -6.937507799999935
            ],
            [
              110.31262840000005,
              -6.937407499999949
            ],
            [
              110.31208230000004,
              -6.937260099999946
            ],
            [
              110.31178070000004,
              -6.937202599999978
            ],
            [
              110.31145460000005,
              -6.937136899999928
            ],
            [
              110.31112150000007,
              -6.937040299999978
            ],
            [
              110.31096380000008,
              -6.937391
            ],
            [
              110.31076930000006,
              -6.937364099999968
            ],
            [
              110.31004380000007,
              -6.937240799999927
            ],
            [
              110.30956270000007,
              -6.93719939999994
            ],
            [
              110.30931810000004,
              -6.937166399999967
            ],
            [
              110.30900010000005,
              -6.937182299999961
            ],
            [
              110.30873910000008,
              -6.937198199999955
            ],
            [
              110.30848630000008,
              -6.937246699999946
            ],
            [
              110.308005,
              -6.937376399999948
            ],
            [
              110.30759720000009,
              -6.937465399999951
            ],
            [
              110.307279,
              -6.937530099999947
            ],
            [
              110.307089,
              -6.937597699999969
            ],
            [
              110.30709080000008,
              -6.937603899999942
            ],
            [
              110.30703670000008,
              -6.937703099999965
            ],
            [
              110.30673750000005,
              -6.937641499999927
            ],
            [
              110.30659390000005,
              -6.937635099999966
            ],
            [
              110.30647170000009,
              -6.937586
            ],
            [
              110.30632490000005,
              -6.937569499999938
            ],
            [
              110.30620260000006,
              -6.937561099999925
            ],
            [
              110.30608040000004,
              -6.937520199999938
            ],
            [
              110.30591730000003,
              -6.937503699999979
            ],
            [
              110.30582740000006,
              -6.937642099999948
            ],
            [
              110.30567220000006,
              -6.93787
            ],
            [
              110.30539450000003,
              -6.938171099999977
            ],
            [
              110.30506770000005,
              -6.938618799999972
            ],
            [
              110.30486350000007,
              -6.938814
            ],
            [
              110.30456990000005,
              -6.938829899999973
            ],
            [
              110.30431720000007,
              -6.93877249999997
            ],
            [
              110.30406460000006,
              -6.938674299999946
            ],
            [
              110.30374660000007,
              -6.938641299999972
            ],
            [
              110.303559,
              -6.938665399999934
            ],
            [
              110.303347,
              -6.938722199999972
            ],
            [
              110.30317560000009,
              -6.938779
            ],
            [
              110.302686,
              -6.939047099999925
            ],
            [
              110.30222910000003,
              -6.939225699999952
            ],
            [
              110.30185370000004,
              -6.939388099999974
            ],
            [
              110.30163340000007,
              -6.939501899999925
            ],
            [
              110.30148640000004,
              -6.939664599999958
            ],
            [
              110.30137190000005,
              -6.939868199999978
            ],
            [
              110.30126560000008,
              -6.940104299999973
            ],
            [
              110.301151,
              -6.940364899999963
            ],
            [
              110.301004,
              -6.940519499999937
            ],
            [
              110.30079210000008,
              -6.940486599999929
            ],
            [
              110.30062090000007,
              -6.940461899999946
            ],
            [
              110.30045780000006,
              -6.94044539999993
            ],
            [
              110.30009090000004,
              -6.940444799999966
            ],
            [
              110.29969910000005,
              -6.940680499999928
            ],
            [
              110.29941350000007,
              -6.94085119999994
            ],
            [
              110.29919310000008,
              -6.941005699999948
            ],
            [
              110.29902960000004,
              -6.941241799999943
            ],
            [
              110.29888240000008,
              -6.941534899999965
            ],
            [
              110.29862090000006,
              -6.941958199999931
            ],
            [
              110.298261,
              -6.942691
            ],
            [
              110.29802370000004,
              -6.943244799999945
            ],
            [
              110.29782750000004,
              -6.943594899999937
            ],
            [
              110.29735360000006,
              -6.944205299999965
            ],
            [
              110.29718220000007,
              -6.944327199999975
            ],
            [
              110.29696160000009,
              -6.944571399999973
            ],
            [
              110.29656980000004,
              -6.944847799999934
            ],
            [
              110.29640960000006,
              -6.945079299999975
            ],
            [
              110.29609680000004,
              -6.945482199999958
            ],
            [
              110.29585270000007,
              -6.945711599999981
            ],
            [
              110.29524230000004,
              -6.946253299999967
            ],
            [
              110.29505160000008,
              -6.946451599999932
            ],
            [
              110.29493720000005,
              -6.946568899999932
            ],
            [
              110.29470060000006,
              -6.946852199999967
            ],
            [
              110.29459380000009,
              -6.946973299999968
            ],
            [
              110.29427340000007,
              -6.947106299999973
            ],
            [
              110.29404450000004,
              -6.947144499999979
            ],
            [
              110.29395290000008,
              -6.947165499999926
            ],
            [
              110.29383090000005,
              -6.947383399999978
            ],
            [
              110.29357150000004,
              -6.947896499999956
            ],
            [
              110.29340360000003,
              -6.948215
            ],
            [
              110.29338840000008,
              -6.948255499999959
            ],
            [
              110.29336550000005,
              -6.948315099999945
            ],
            [
              110.29310610000005,
              -6.948714199999927
            ],
            [
              110.292848,
              -6.949050199999931
            ],
            [
              110.29261020000007,
              -6.94929019999995
            ],
            [
              110.292038,
              -6.949866699999973
            ],
            [
              110.29170990000006,
              -6.95019579999996
            ],
            [
              110.29167460000008,
              -6.950296799999933
            ],
            [
              110.29167810000007,
              -6.950304599999981
            ],
            [
              110.29172560000006,
              -6.950411899999949
            ],
            [
              110.29198110000004,
              -6.950527199999954
            ],
            [
              110.29222380000004,
              -6.950732
            ],
            [
              110.29247910000004,
              -6.95096239999998
            ],
            [
              110.29276010000007,
              -6.951192799999944
            ],
            [
              110.29306650000007,
              -6.95152539999998
            ],
            [
              110.29284880000006,
              -6.951742299999978
            ],
            [
              110.29284250000006,
              -6.951746299999968
            ],
            [
              110.29288490000005,
              -6.95178889999994
            ],
            [
              110.29301450000008,
              -6.95194
            ],
            [
              110.29305270000003,
              -6.952027799999939
            ],
            [
              110.29268650000006,
              -6.952374899999938
            ],
            [
              110.29198710000009,
              -6.95294819999998
            ],
            [
              110.29238630000009,
              -6.953185399999938
            ],
            [
              110.29221290000004,
              -6.953601599999956
            ],
            [
              110.29234320000006,
              -6.953754899999979
            ],
            [
              110.292244,
              -6.953952799999968
            ],
            [
              110.29185480000007,
              -6.954662299999939
            ],
            [
              110.29187010000004,
              -6.955469099999959
            ],
            [
              110.29216,
              -6.955610699999966
            ],
            [
              110.29241180000008,
              -6.955717499999935
            ],
            [
              110.29267120000009,
              -6.955892499999948
            ],
            [
              110.29363250000006,
              -6.956141899999977
            ],
            [
              110.29327980000005,
              -6.956975299999954
            ],
            [
              110.29340350000007,
              -6.95702
            ],
            [
              110.29386360000007,
              -6.95714849999996
            ],
            [
              110.29423430000008,
              -6.957289599999967
            ],
            [
              110.29447710000005,
              -6.957379399999979
            ],
            [
              110.29474550000003,
              -6.957456499999978
            ],
            [
              110.29512890000007,
              -6.95758479999995
            ],
            [
              110.29560170000008,
              -6.957764399999974
            ],
            [
              110.29635590000004,
              -6.957944399999974
            ],
            [
              110.296816,
              -6.958111199999962
            ],
            [
              110.29730170000005,
              -6.958252399999935
            ],
            [
              110.29780010000007,
              -6.958444799999938
            ],
            [
              110.29863080000007,
              -6.958701599999927
            ],
            [
              110.29933370000003,
              -6.958945399999948
            ],
            [
              110.29972090000007,
              -6.959075
            ],
            [
              110.29934750000007,
              -6.959823699999959
            ],
            [
              110.299408,
              -6.959845099999939
            ],
            [
              110.29965970000006,
              -6.959940399999937
            ],
            [
              110.299614,
              -6.960021899999958
            ],
            [
              110.29924010000008,
              -6.96079009999994
            ],
            [
              110.29885870000004,
              -6.961602599999935
            ],
            [
              110.29849240000004,
              -6.962390899999946
            ],
            [
              110.29815670000005,
              -6.963104699999974
            ],
            [
              110.29738620000006,
              -6.964721699999927
            ],
            [
              110.297142,
              -6.965263299999947
            ],
            [
              110.29641720000006,
              -6.966832599999975
            ],
            [
              110.29618070000004,
              -6.967384799999934
            ],
            [
              110.295929,
              -6.967958899999928
            ],
            [
              110.29573060000007,
              -6.968442399999958
            ],
            [
              110.295433,
              -6.968399499999975
            ],
            [
              110.29483030000006,
              -6.968249799999967
            ],
            [
              110.29445650000008,
              -6.968110099999933
            ],
            [
              110.29409030000005,
              -6.967948399999955
            ],
            [
              110.292923,
              -6.967456299999981
            ],
            [
              110.29129030000007,
              -6.966709599999945
            ],
            [
              110.29103090000007,
              -6.966583199999945
            ],
            [
              110.29087830000009,
              -6.966460199999972
            ],
            [
              110.290535,
              -6.966184599999963
            ],
            [
              110.28972630000004,
              -6.965791199999956
            ],
            [
              110.289299,
              -6.965634299999977
            ],
            [
              110.28820040000005,
              -6.965428799999927
            ],
            [
              110.28819760000005,
              -6.965435199999945
            ],
            [
              110.28811330000008,
              -6.965417
            ],
            [
              110.28787260000007,
              -6.965946199999962
            ],
            [
              110.28765670000007,
              -6.966560199999947
            ],
            [
              110.28747110000006,
              -6.966979599999945
            ],
            [
              110.28729560000005,
              -6.967333899999971
            ]
          ]
        ]
      }
    }
  ]
}